#pragma once
static unsigned char ComfortaaLight[135420] = {
0x00, 0x01, 0x00, 0x00, 0x00, 0x12, 0x01, 0x00, 0x00, 0x04, 0x00, 0x20, 0x44, 0x53, 0x49, 0x47, 
0x00, 0x00, 0x00, 0x01, 0x00, 0x02, 0x10, 0xF4, 0x00, 0x00, 0x00, 0x08, 0x47, 0x44, 0x45, 0x46, 
0x9F, 0x93, 0xA1, 0xA5, 0x00, 0x00, 0x01, 0x2C, 0x00, 0x00, 0x01, 0xDC, 0x47, 0x50, 0x4F, 0x53, 
0xD8, 0x2B, 0xAD, 0x4F, 0x00, 0x00, 0x03, 0x08, 0x00, 0x00, 0x5C, 0x52, 0x47, 0x53, 0x55, 0x42, 
0xE7, 0xAF, 0xC1, 0xDA, 0x00, 0x00, 0x5F, 0x5C, 0x00, 0x00, 0x0A, 0x70, 0x4F, 0x53, 0x2F, 0x32, 
0x66, 0xF2, 0x91, 0x23, 0x00, 0x00, 0x69, 0xCC, 0x00, 0x00, 0x00, 0x60, 0x63, 0x6D, 0x61, 0x70, 
0x5E, 0x88, 0xA0, 0xA9, 0x00, 0x00, 0x6A, 0x2C, 0x00, 0x00, 0x0B, 0x6C, 0x63, 0x76, 0x74, 0x20, 
0x0A, 0xED, 0x4C, 0xD4, 0x00, 0x02, 0x02, 0x64, 0x00, 0x00, 0x00, 0xC2, 0x66, 0x70, 0x67, 0x6D, 
0x76, 0x64, 0x80, 0x7C, 0x00, 0x02, 0x03, 0x28, 0x00, 0x00, 0x0D, 0x16, 0x67, 0x61, 0x73, 0x70, 
0x00, 0x00, 0x00, 0x10, 0x00, 0x02, 0x02, 0x5C, 0x00, 0x00, 0x00, 0x08, 0x67, 0x6C, 0x79, 0x66, 
0x0A, 0x39, 0x37, 0x2B, 0x00, 0x00, 0x75, 0x98, 0x00, 0x01, 0x56, 0xB6, 0x68, 0x65, 0x61, 0x64, 
0x09, 0xA2, 0xC2, 0x2D, 0x00, 0x01, 0xCC, 0x50, 0x00, 0x00, 0x00, 0x36, 0x68, 0x68, 0x65, 0x61, 
0x05, 0x23, 0x07, 0x2A, 0x00, 0x01, 0xCC, 0x88, 0x00, 0x00, 0x00, 0x24, 0x68, 0x6D, 0x74, 0x78, 
0xF7, 0x7C, 0x7F, 0x9E, 0x00, 0x01, 0xCC, 0xAC, 0x00, 0x00, 0x0D, 0x5C, 0x6C, 0x6F, 0x63, 0x61, 
0x72, 0x59, 0xC7, 0x6D, 0x00, 0x01, 0xDA, 0x08, 0x00, 0x00, 0x06, 0xB8, 0x6D, 0x61, 0x78, 0x70, 
0x04, 0xA1, 0x0E, 0x36, 0x00, 0x01, 0xE0, 0xC0, 0x00, 0x00, 0x00, 0x20, 0x6E, 0x61, 0x6D, 0x65, 
0x04, 0x31, 0xED, 0x4A, 0x00, 0x01, 0xE0, 0xE0, 0x00, 0x00, 0x06, 0xB3, 0x70, 0x6F, 0x73, 0x74, 
0x06, 0xC1, 0xE9, 0xCB, 0x00, 0x01, 0xE7, 0x94, 0x00, 0x00, 0x1A, 0xC6, 0x70, 0x72, 0x65, 0x70, 
0x95, 0x09, 0x9E, 0xCA, 0x00, 0x02, 0x10, 0x40, 0x00, 0x00, 0x00, 0xB1, 0x00, 0x01, 0x00, 0x00, 
0x00, 0x0C, 0x00, 0x00, 0x00, 0x00, 0x01, 0xA8, 0x00, 0x02, 0x00, 0x44, 0x00, 0x04, 0x00, 0x48, 
0x00, 0x01, 0x00, 0x4A, 0x00, 0x5F, 0x00, 0x01, 0x00, 0x61, 0x00, 0x65, 0x00, 0x01, 0x00, 0x67, 
0x00, 0x85, 0x00, 0x01, 0x00, 0x87, 0x00, 0x87, 0x00, 0x01, 0x00, 0x89, 0x00, 0x95, 0x00, 0x01, 
0x00, 0x98, 0x00, 0xE8, 0x00, 0x01, 0x00, 0xEA, 0x01, 0x1F, 0x00, 0x01, 0x01, 0x21, 0x01, 0x21, 
0x00, 0x01, 0x01, 0x23, 0x01, 0x25, 0x00, 0x01, 0x01, 0x27, 0x01, 0x2B, 0x00, 0x01, 0x01, 0x2D, 
0x01, 0x4B, 0x00, 0x01, 0x01, 0x4D, 0x01, 0x4D, 0x00, 0x01, 0x01, 0x4F, 0x01, 0x5B, 0x00, 0x01, 
0x01, 0x5E, 0x01, 0x8B, 0x00, 0x01, 0x01, 0x93, 0x01, 0x93, 0x00, 0x01, 0x01, 0x95, 0x01, 0x97, 
0x00, 0x01, 0x01, 0x9A, 0x01, 0xA3, 0x00, 0x01, 0x01, 0xA5, 0x01, 0xA7, 0x00, 0x01, 0x01, 0xA9, 
0x01, 0xAD, 0x00, 0x01, 0x01, 0xAF, 0x01, 0xB0, 0x00, 0x01, 0x01, 0xB7, 0x01, 0xB7, 0x00, 0x01, 
0x01, 0xBA, 0x01, 0xBF, 0x00, 0x01, 0x01, 0xC6, 0x01, 0xC6, 0x00, 0x01, 0x01, 0xC8, 0x01, 0xC8, 
0x00, 0x01, 0x01, 0xCB, 0x01, 0xCB, 0x00, 0x01, 0x01, 0xCD, 0x01, 0xCF, 0x00, 0x01, 0x01, 0xD1, 
0x01, 0xED, 0x00, 0x01, 0x01, 0xF0, 0x01, 0xF1, 0x00, 0x01, 0x01, 0xF3, 0x01, 0xFD, 0x00, 0x01, 
0x02, 0x01, 0x02, 0x07, 0x00, 0x01, 0x02, 0x09, 0x02, 0x0A, 0x00, 0x01, 0x02, 0x11, 0x02, 0x11, 
0x00, 0x01, 0x02, 0x14, 0x02, 0x19, 0x00, 0x01, 0x02, 0x1B, 0x02, 0x1B, 0x00, 0x01, 0x02, 0x20, 
0x02, 0x20, 0x00, 0x01, 0x02, 0x22, 0x02, 0x23, 0x00, 0x01, 0x02, 0x25, 0x02, 0x25, 0x00, 0x01, 
0x02, 0x28, 0x02, 0x28, 0x00, 0x01, 0x02, 0x2B, 0x02, 0x2C, 0x00, 0x01, 0x02, 0x2E, 0x02, 0x49, 
0x00, 0x01, 0x02, 0x4C, 0x02, 0x51, 0x00, 0x01, 0x02, 0x53, 0x02, 0x54, 0x00, 0x01, 0x02, 0x56, 
0x02, 0x56, 0x00, 0x01, 0x02, 0x58, 0x02, 0x58, 0x00, 0x01, 0x02, 0x5A, 0x02, 0x5B, 0x00, 0x01, 
0x02, 0x5D, 0x02, 0x5D, 0x00, 0x01, 0x02, 0x5F, 0x02, 0x69, 0x00, 0x01, 0x02, 0x6D, 0x02, 0x6D, 
0x00, 0x01, 0x02, 0x6F, 0x02, 0x6F, 0x00, 0x01, 0x02, 0x71, 0x02, 0x71, 0x00, 0x01, 0x02, 0x74, 
0x02, 0x75, 0x00, 0x01, 0x02, 0x77, 0x02, 0x77, 0x00, 0x01, 0x02, 0x79, 0x02, 0x79, 0x00, 0x01, 
0x02, 0x7B, 0x02, 0x7B, 0x00, 0x01, 0x02, 0x7D, 0x02, 0x7D, 0x00, 0x01, 0x02, 0x81, 0x02, 0x8C, 
0x00, 0x01, 0x02, 0xD4, 0x02, 0xD6, 0x00, 0x01, 0x02, 0xD8, 0x02, 0xD8, 0x00, 0x01, 0x02, 0xDD, 
0x02, 0xDD, 0x00, 0x01, 0x02, 0xDF, 0x02, 0xDF, 0x00, 0x01, 0x02, 0xE3, 0x02, 0xE6, 0x00, 0x01, 
0x02, 0xEA, 0x02, 0xEA, 0x00, 0x01, 0x02, 0xEC, 0x02, 0xEC, 0x00, 0x01, 0x03, 0x00, 0x03, 0x00, 
0x00, 0x01, 0x03, 0x02, 0x03, 0x02, 0x00, 0x01, 0x03, 0x26, 0x03, 0x40, 0x00, 0x03, 0x03, 0x52, 
0x03, 0x5A, 0x00, 0x03, 0x00, 0x02, 0x00, 0x08, 0x03, 0x26, 0x03, 0x2A, 0x00, 0x02, 0x03, 0x2B, 
0x03, 0x2B, 0x00, 0x03, 0x03, 0x2C, 0x03, 0x35, 0x00, 0x02, 0x03, 0x36, 0x03, 0x36, 0x00, 0x03, 
0x03, 0x37, 0x03, 0x3A, 0x00, 0x01, 0x03, 0x3C, 0x03, 0x3D, 0x00, 0x01, 0x03, 0x40, 0x03, 0x40, 
0x00, 0x02, 0x03, 0x52, 0x03, 0x5A, 0x00, 0x02, 0x00, 0x01, 0x00, 0x00, 0x00, 0x0A, 0x00, 0xC8, 
0x02, 0xBE, 0x00, 0x02, 0x44, 0x46, 0x4C, 0x54, 0x00, 0x0E, 0x6C, 0x61, 0x74, 0x6E, 0x00, 0x1E, 
0x00, 0x04, 0x00, 0x00, 0x00, 0x00, 0xFF, 0xFF, 0x00, 0x03, 0x00, 0x00, 0x00, 0x0A, 0x00, 0x14, 
0x00, 0x34, 0x00, 0x08, 0x41, 0x5A, 0x45, 0x20, 0x00, 0x40, 0x43, 0x41, 0x54, 0x20, 0x00, 0x4C, 
0x43, 0x52, 0x54, 0x20, 0x00, 0x58, 0x4B, 0x41, 0x5A, 0x20, 0x00, 0x64, 0x4D, 0x4F, 0x4C, 0x20, 
0x00, 0x70, 0x52, 0x4F, 0x4D, 0x20, 0x00, 0x7C, 0x54, 0x41, 0x54, 0x20, 0x00, 0x88, 0x54, 0x52, 
0x4B, 0x20, 0x00, 0x94, 0x00, 0x00, 0xFF, 0xFF, 0x00, 0x03, 0x00, 0x01, 0x00, 0x0B, 0x00, 0x15, 
0x00, 0x00, 0xFF, 0xFF, 0x00, 0x03, 0x00, 0x02, 0x00, 0x0C, 0x00, 0x16, 0x00, 0x00, 0xFF, 0xFF, 
0x00, 0x03, 0x00, 0x03, 0x00, 0x0D, 0x00, 0x17, 0x00, 0x00, 0xFF, 0xFF, 0x00, 0x03, 0x00, 0x04, 
0x00, 0x0E, 0x00, 0x18, 0x00, 0x00, 0xFF, 0xFF, 0x00, 0x03, 0x00, 0x05, 0x00, 0x0F, 0x00, 0x19, 
0x00, 0x00, 0xFF, 0xFF, 0x00, 0x03, 0x00, 0x06, 0x00, 0x10, 0x00, 0x1A, 0x00, 0x00, 0xFF, 0xFF, 
0x00, 0x03, 0x00, 0x07, 0x00, 0x11, 0x00, 0x1B, 0x00, 0x00, 0xFF, 0xFF, 0x00, 0x03, 0x00, 0x08, 
0x00, 0x12, 0x00, 0x1C, 0x00, 0x00, 0xFF, 0xFF, 0x00, 0x03, 0x00, 0x09, 0x00, 0x13, 0x00, 0x1D, 
0x00, 0x1E, 0x6B, 0x65, 0x72, 0x6E, 0x00, 0xB6, 0x6B, 0x65, 0x72, 0x6E, 0x00, 0xBE, 0x6B, 0x65, 
0x72, 0x6E, 0x00, 0xC6, 0x6B, 0x65, 0x72, 0x6E, 0x00, 0xCE, 0x6B, 0x65, 0x72, 0x6E, 0x00, 0xD6, 
0x6B, 0x65, 0x72, 0x6E, 0x00, 0xDE, 0x6B, 0x65, 0x72, 0x6E, 0x00, 0xE6, 0x6B, 0x65, 0x72, 0x6E, 
0x00, 0xEE, 0x6B, 0x65, 0x72, 0x6E, 0x00, 0xF6, 0x6B, 0x65, 0x72, 0x6E, 0x00, 0xFE, 0x6D, 0x61, 
0x72, 0x6B, 0x01, 0x06, 0x6D, 0x61, 0x72, 0x6B, 0x01, 0x12, 0x6D, 0x61, 0x72, 0x6B, 0x01, 0x1E, 
0x6D, 0x61, 0x72, 0x6B, 0x01, 0x2A, 0x6D, 0x61, 0x72, 0x6B, 0x01, 0x36, 0x6D, 0x61, 0x72, 0x6B, 
0x01, 0x42, 0x6D, 0x61, 0x72, 0x6B, 0x01, 0x4E, 0x6D, 0x61, 0x72, 0x6B, 0x01, 0x5A, 0x6D, 0x61, 
0x72, 0x6B, 0x01, 0x66, 0x6D, 0x61, 0x72, 0x6B, 0x01, 0x72, 0x6D, 0x6B, 0x6D, 0x6B, 0x01, 0x7E, 
0x6D, 0x6B, 0x6D, 0x6B, 0x01, 0x8A, 0x6D, 0x6B, 0x6D, 0x6B, 0x01, 0x96, 0x6D, 0x6B, 0x6D, 0x6B, 
0x01, 0xA2, 0x6D, 0x6B, 0x6D, 0x6B, 0x01, 0xAE, 0x6D, 0x6B, 0x6D, 0x6B, 0x01, 0xBA, 0x6D, 0x6B, 
0x6D, 0x6B, 0x01, 0xC6, 0x6D, 0x6B, 0x6D, 0x6B, 0x01, 0xD2, 0x6D, 0x6B, 0x6D, 0x6B, 0x01, 0xDE, 
0x6D, 0x6B, 0x6D, 0x6B, 0x01, 0xEA, 0x00, 0x00, 0x00, 0x02, 0x00, 0x00, 0x00, 0x01, 0x00, 0x00, 
0x00, 0x02, 0x00, 0x00, 0x00, 0x01, 0x00, 0x00, 0x00, 0x02, 0x00, 0x00, 0x00, 0x01, 0x00, 0x00, 
0x00, 0x02, 0x00, 0x00, 0x00, 0x01, 0x00, 0x00, 0x00, 0x02, 0x00, 0x00, 0x00, 0x01, 0x00, 0x00, 
0x00, 0x02, 0x00, 0x00, 0x00, 0x01, 0x00, 0x00, 0x00, 0x02, 0x00, 0x00, 0x00, 0x01, 0x00, 0x00, 
0x00, 0x02, 0x00, 0x00, 0x00, 0x01, 0x00, 0x00, 0x00, 0x02, 0x00, 0x00, 0x00, 0x01, 0x00, 0x00, 
0x00, 0x02, 0x00, 0x00, 0x00, 0x01, 0x00, 0x00, 0x00, 0x04, 0x00, 0x02, 0x00, 0x03, 0x00, 0x04, 
0x00, 0x05, 0x00, 0x00, 0x00, 0x04, 0x00, 0x02, 0x00, 0x03, 0x00, 0x04, 0x00, 0x05, 0x00, 0x00, 
0x00, 0x04, 0x00, 0x02, 0x00, 0x03, 0x00, 0x04, 0x00, 0x05, 0x00, 0x00, 0x00, 0x04, 0x00, 0x02, 
0x00, 0x03, 0x00, 0x04, 0x00, 0x05, 0x00, 0x00, 0x00, 0x04, 0x00, 0x02, 0x00, 0x03, 0x00, 0x04, 
0x00, 0x05, 0x00, 0x00, 0x00, 0x04, 0x00, 0x02, 0x00, 0x03, 0x00, 0x04, 0x00, 0x05, 0x00, 0x00, 
0x00, 0x04, 0x00, 0x02, 0x00, 0x03, 0x00, 0x04, 0x00, 0x05, 0x00, 0x00, 0x00, 0x04, 0x00, 0x02, 
0x00, 0x03, 0x00, 0x04, 0x00, 0x05, 0x00, 0x00, 0x00, 0x04, 0x00, 0x02, 0x00, 0x03, 0x00, 0x04, 
0x00, 0x05, 0x00, 0x00, 0x00, 0x04, 0x00, 0x02, 0x00, 0x03, 0x00, 0x04, 0x00, 0x05, 0x00, 0x00, 
0x00, 0x04, 0x00, 0x06, 0x00, 0x07, 0x00, 0x08, 0x00, 0x09, 0x00, 0x00, 0x00, 0x04, 0x00, 0x06, 
0x00, 0x07, 0x00, 0x08, 0x00, 0x09, 0x00, 0x00, 0x00, 0x04, 0x00, 0x06, 0x00, 0x07, 0x00, 0x08, 
0x00, 0x09, 0x00, 0x00, 0x00, 0x04, 0x00, 0x06, 0x00, 0x07, 0x00, 0x08, 0x00, 0x09, 0x00, 0x00, 
0x00, 0x04, 0x00, 0x06, 0x00, 0x07, 0x00, 0x08, 0x00, 0x09, 0x00, 0x00, 0x00, 0x04, 0x00, 0x06, 
0x00, 0x07, 0x00, 0x08, 0x00, 0x09, 0x00, 0x00, 0x00, 0x04, 0x00, 0x06, 0x00, 0x07, 0x00, 0x08, 
0x00, 0x09, 0x00, 0x00, 0x00, 0x04, 0x00, 0x06, 0x00, 0x07, 0x00, 0x08, 0x00, 0x09, 0x00, 0x00, 
0x00, 0x04, 0x00, 0x06, 0x00, 0x07, 0x00, 0x08, 0x00, 0x09, 0x00, 0x00, 0x00, 0x04, 0x00, 0x06, 
0x00, 0x07, 0x00, 0x08, 0x00, 0x09, 0x00, 0x0A, 0x00, 0x16, 0x00, 0x22, 0x00, 0x3E, 0x00, 0x46, 
0x00, 0x4E, 0x00, 0x56, 0x00, 0x5E, 0x00, 0x66, 0x00, 0x6E, 0x00, 0x76, 0x00, 0x02, 0x00, 0x08, 
0x00, 0x03, 0x00, 0x68, 0x01, 0x20, 0x01, 0x36, 0x00, 0x02, 0x00, 0x08, 0x00, 0x0B, 0x01, 0x3E, 
0x02, 0xD8, 0x03, 0x62, 0x03, 0x94, 0x09, 0x16, 0x09, 0x80, 0x0C, 0x9E, 0x0C, 0xC0, 0x0D, 0xF0, 
0x0E, 0xC8, 0x0E, 0xF8, 0x00, 0x04, 0x00, 0x00, 0x00, 0x01, 0x0F, 0x08, 0x00, 0x04, 0x00, 0x00, 
0x00, 0x01, 0x11, 0x2E, 0x00, 0x04, 0x00, 0x00, 0x00, 0x01, 0x1B, 0x3E, 0x00, 0x04, 0x00, 0x00, 
0x00, 0x01, 0x20, 0x34, 0x00, 0x06, 0x01, 0x00, 0x00, 0x01, 0x38, 0xEE, 0x00, 0x06, 0x02, 0x00, 
0x00, 0x01, 0x39, 0x5C, 0x00, 0x06, 0x03, 0x00, 0x00, 0x01, 0x3A, 0xB4, 0x00, 0x06, 0x02, 0x00, 
0x00, 0x01, 0x3A, 0xD8, 0x00, 0x02, 0x3B, 0xF0, 0x00, 0x04, 0x00, 0x00, 0x41, 0x12, 0x41, 0x2C, 
0x00, 0x07, 0x00, 0x0C, 0x00, 0x00, 0xFF, 0xF6, 0xFF, 0xE2, 0x00, 0x00, 0x00, 0x00, 0x00, 0x00, 
0x00, 0x00, 0x00, 0x00, 0x00, 0x00, 0x00, 0x00, 0x00, 0x00, 0x00, 0x00, 0x00, 0x00, 0x00, 0x00, 
0x00, 0x00, 0xFF, 0xE2, 0x00, 0x00, 0x00, 0x00, 0x00, 0x00, 0x00, 0x00, 0x00, 0x00, 0x00, 0x00, 
0x00, 0x00, 0x00, 0x00, 0x00, 0x00, 0x00, 0x00, 0x00, 0x00, 0x00, 0x00, 0xFF, 0xD8, 0xFF, 0x88, 
0x00, 0x00, 0x00, 0x00, 0x00, 0x00, 0x00, 0x00, 0x00, 0x00, 0x00, 0x00, 0x00, 0x00, 0x00, 0x00, 
0x00, 0x00, 0x00, 0x00, 0xFF, 0xC4, 0xFF, 0x74, 0xFF, 0xE2, 0xFF, 0xB0, 0xFF, 0xB0, 0xFF, 0xD8, 
0x00, 0x00, 0x00, 0x00, 0x00, 0x00, 0x00, 0x00, 0xFF, 0xE2, 0x00, 0x00, 0x00, 0x00, 0x00, 0x00, 
0x00, 0x00, 0x00, 0x00, 0x00, 0x00, 0x00, 0x00, 0xFF, 0xE2, 0x00, 0x00, 0x00, 0x00, 0x00, 0x00, 
0xFF, 0xE2, 0x00, 0x00, 0x00, 0x00, 0x00, 0x00, 0x00, 0x00, 0x00, 0x00, 0x00, 0x00, 0x00, 0x00, 
0x00, 0x00, 0x00, 0x00, 0x00, 0x00, 0x00, 0x00, 0xFF, 0xD8, 0x00, 0x00, 0x00, 0x00, 0xFF, 0xEC, 
0x00, 0x00, 0x00, 0x00, 0x00, 0x00, 0x00, 0x00, 0xFF, 0xF6, 0xFF, 0xEC, 0x00, 0x02, 0x3B, 0x4A, 
0x00, 0x04, 0x00, 0x00, 0x40, 0xE4, 0x40, 0xE8, 0x00, 0x01, 0x00, 0x03, 0x00, 0x00, 0xFF, 0xCE, 
0xFF, 0xEC, 0x00, 0x02, 0x3B, 0x46, 0x00, 0x04, 0x00, 0x00, 0x40, 0xCE, 0x40, 0xE2, 0x00, 0x01, 
0x00, 0x02, 0x00, 0x00, 0x00, 0x0A, 0x00, 0x01, 0x3B, 0x3A, 0x00, 0x04, 0x00, 0x00, 0x00, 0x32, 
0x00, 0x6E, 0x00, 0x74, 0x00, 0x7A, 0x00, 0x80, 0x00, 0x86, 0x00, 0x8C, 0x00, 0x92, 0x00, 0x98, 
0x00, 0x9E, 0x00, 0xA4, 0x00, 0xAA, 0x00, 0xB0, 0x00, 0xB6, 0x00, 0xBC, 0x00, 0xC2, 0x00, 0xC8, 
0x00, 0xCE, 0x00, 0xD4, 0x00, 0xDA, 0x00, 0xE0, 0x00, 0xE6, 0x00, 0xEC, 0x00, 0xF2, 0x00, 0xF8, 
0x00, 0xFE, 0x01, 0x04, 0x01, 0x0A, 0x01, 0x10, 0x01, 0x16, 0x01, 0x1C, 0x01, 0x22, 0x01, 0x28, 
0x01, 0x2E, 0x01, 0x34, 0x01, 0x3A, 0x01, 0x40, 0x01, 0x46, 0x01, 0x4C, 0x01, 0x52, 0x01, 0x58, 
0x01, 0x5E, 0x01, 0x64, 0x01, 0x6A, 0x01, 0x70, 0x01, 0x76, 0x01, 0x7C, 0x01, 0x82, 0x01, 0x88, 
0x01, 0x8E, 0x01, 0x94, 0x00, 0x01, 0x02, 0xB2, 0xFF, 0x9C, 0x00, 0x01, 0x02, 0xB2, 0xFF, 0x9C, 
0x00, 0x01, 0x02, 0xB2, 0xFF, 0x9C, 0x00, 0x01, 0x02, 0xB2, 0xFF, 0x9C, 0x00, 0x01, 0x02, 0xB2, 
0xFF, 0x9C, 0x00, 0x01, 0x02, 0xB2, 0xFF, 0x9C, 0x00, 0x01, 0x02, 0xB2, 0xFF, 0x9C, 0x00, 0x01, 
0x02, 0xB2, 0xFF, 0x9C, 0x00, 0x01, 0x02, 0xB2, 0xFF, 0x9C, 0x00, 0x01, 0x02, 0xB2, 0xFF, 0x9C, 
0x00, 0x01, 0x02, 0xB2, 0xFF, 0x9C, 0x00, 0x01, 0x02, 0xB2, 0xFF, 0x9C, 0x00, 0x01, 0x02, 0xB2, 
0xFF, 0x9C, 0x00, 0x01, 0x02, 0xB2, 0xFF, 0x9C, 0x00, 0x01, 0x02, 0xB2, 0xFF, 0x9C, 0x00, 0x01, 
0x02, 0xB2, 0xFF, 0x9C, 0x00, 0x01, 0x02, 0xB2, 0xFF, 0x9C, 0x00, 0x01, 0x02, 0xB2, 0xFF, 0x9C, 
0x00, 0x01, 0x02, 0xB2, 0xFF, 0x9C, 0x00, 0x01, 0x02, 0xB2, 0xFF, 0x9C, 0x00, 0x01, 0x02, 0xB2, 
0xFF, 0x9C, 0x00, 0x01, 0x02, 0xB2, 0xFF, 0x9C, 0x00, 0x01, 0x02, 0xB2, 0xFF, 0x9C, 0x00, 0x01, 
0x02, 0xB2, 0xFF, 0x9C, 0x00, 0x01, 0x02, 0xB2, 0xFF, 0x9C, 0x00, 0x01, 0x02, 0xB2, 0xFF, 0x9C, 
0x00, 0x01, 0x02, 0xB2, 0xFF, 0x9C, 0x00, 0x01, 0x02, 0xB2, 0xFF, 0x9C, 0x00, 0x01, 0x02, 0xB2, 
0xFF, 0x9C, 0x00, 0x01, 0x02, 0xB2, 0xFF, 0x9C, 0x00, 0x01, 0x02, 0xB2, 0xFF, 0x9C, 0x00, 0x01, 
0x02, 0xB2, 0xFF, 0x9C, 0x00, 0x01, 0x02, 0xB2, 0xFF, 0x9C, 0x00, 0x01, 0x02, 0xB2, 0xFF, 0x9C, 
0x00, 0x01, 0x01, 0x58, 0xFF, 0xA5, 0x00, 0x01, 0x01, 0x58, 0xFF, 0xA5, 0x00, 0x01, 0x01, 0x58, 
0xFF, 0xA5, 0x00, 0x01, 0x01, 0x58, 0xFF, 0xA5, 0x00, 0x01, 0x01, 0x58, 0xFF, 0xA5, 0x00, 0x01, 
0x01, 0x58, 0xFF, 0xA5, 0x00, 0x01, 0x01, 0x58, 0xFF, 0xA5, 0x00, 0x01, 0x01, 0x58, 0xFF, 0xA5, 
0x00, 0x01, 0x01, 0x58, 0xFF, 0xA5, 0x00, 0x01, 0x02, 0xB2, 0xFF, 0x92, 0x00, 0x01, 0x02, 0xB2, 
0xFF, 0x92, 0x00, 0x01, 0x02, 0xB2, 0xFF, 0x92, 0x00, 0x01, 0x02, 0xB2, 0xFF, 0x92, 0x00, 0x01, 
0x02, 0xB2, 0xFF, 0x92, 0x00, 0x01, 0x02, 0xB2, 0xFF, 0x92, 0x00, 0x01, 0x01, 0x58, 0xFF, 0xA5, 
0x00, 0x01, 0x39, 0xD4, 0x00, 0x04, 0x00, 0x00, 0x00, 0x0F, 0x00, 0x28, 0x00, 0x2E, 0x00, 0x34, 
0x00, 0x3A, 0x00, 0x40, 0x00, 0x4E, 0x00, 0x54, 0x00, 0x5A, 0x00, 0x60, 0x00, 0x66, 0x00, 0x6C, 
0x00, 0x72, 0x00, 0x78, 0x00, 0x7E, 0x00, 0x84, 0x00, 0x01, 0x01, 0xFA, 0xFF, 0xBA, 0x00, 0x01, 
0x01, 0xFA, 0xFF, 0xBA, 0x00, 0x01, 0x01, 0xFA, 0xFF, 0xBA, 0x00, 0x01, 0x02, 0xB2, 0xFF, 0x9C, 
0x00, 0x03, 0x01, 0xF6, 0xFF, 0x88, 0x01, 0xFA, 0xFF, 0x9C, 0x02, 0x07, 0xFF, 0xBA, 0x00, 0x01, 
0x02, 0xB2, 0xFF, 0x9C, 0x00, 0x01, 0x02, 0xB2, 0xFF, 0x9C, 0x00, 0x01, 0x02, 0xB2, 0xFF, 0x9C, 
0x00, 0x01, 0x01, 0xFA, 0xFF, 0xBA, 0x00, 0x01, 0x01, 0xFA, 0xFF, 0xBA, 0x00, 0x01, 0x02, 0xB2, 
0xFF, 0x9C, 0x00, 0x01, 0x02, 0xB2, 0xFF, 0x9C, 0x00, 0x01, 0x02, 0xB2, 0xFF, 0x9C, 0x00, 0x01, 
0x01, 0xFA, 0xFF, 0xBA, 0x00, 0x01, 0x02, 0xB2, 0xFF, 0x9C, 0x00, 0x01, 0x39, 0x6C, 0x00, 0x04, 
0x00, 0x00, 0x00, 0x05, 0x00, 0x14, 0x00, 0x1A, 0x00, 0x20, 0x00, 0x26, 0x00, 0x2C, 0x00, 0x01, 
0x02, 0xB2, 0xFF, 0x9C, 0x00, 0x01, 0x02, 0xB2, 0xFF, 0x9C, 0x00, 0x01, 0x02, 0xB2, 0xFF, 0x9C, 
0x00, 0x01, 0x02, 0xB2, 0xFF, 0x9C, 0x00, 0x01, 0x02, 0xB2, 0xFF, 0x9C, 0x00, 0x02, 0x39, 0x48, 
0x00, 0x04, 0x00, 0x00, 0x3E, 0x80, 0x40, 0x76, 0x00, 0x11, 0x00, 0x29, 0x00, 0x00, 0xFF, 0xCE, 
0xFF, 0xEC, 0xFF, 0xD8, 0xFF, 0xF6, 0xFF, 0xD8, 0xFF, 0xC4, 0xFF, 0xC4, 0xFF, 0xEC, 0xFF, 0xEC, 
0xFF, 0xE2, 0xFF, 0xA6, 0xFF, 0xD8, 0x00, 0x00, 0x00, 0x00, 0x00, 0x00, 0x00, 0x00, 0x00, 0x00, 
0x00, 0x00, 0x00, 0x00, 0x00, 0x00, 0x00, 0x00, 0x00, 0x00, 0x00, 0x00, 0x00, 0x00, 0x00, 0x00, 
0x00, 0x00, 0x00, 0x00, 0x00, 0x00, 0x00, 0x00, 0x00, 0x00, 0x00, 0x00, 0x00, 0x00, 0x00, 0x00, 
0x00, 0x00, 0x00, 0x00, 0x00, 0x00, 0x00, 0x00, 0x00, 0x00, 0x00, 0x00, 0x00, 0x00, 0x00, 0x00, 
0x00, 0x00, 0xFF, 0xE2, 0xFF, 0xF6, 0x00, 0x00, 0x00, 0x00, 0xFF, 0xE2, 0x00, 0x00, 0x00, 0x00, 
0x00, 0x00, 0x00, 0x00, 0x00, 0x00, 0x00, 0x00, 0xFF, 0xF6, 0xFF, 0xE2, 0xFF, 0xF6, 0xFF, 0xEC, 
0xFF, 0xE2, 0xFF, 0xF6, 0x00, 0x00, 0x00, 0x00, 0x00, 0x00, 0x00, 0x00, 0x00, 0x00, 0x00, 0x00, 
0x00, 0x00, 0x00, 0x00, 0x00, 0x00, 0x00, 0x00, 0x00, 0x00, 0x00, 0x00, 0x00, 0x00, 0x00, 0x00, 
0x00, 0x00, 0x00, 0x00, 0x00, 0x00, 0x00, 0x00, 0x00, 0x00, 0x00, 0x00, 0x00, 0x00, 0x00, 0x00, 
0x00, 0x00, 0x00, 0x00, 0x00, 0x00, 0x00, 0x00, 0x00, 0x00, 0x00, 0x00, 0x00, 0x00, 0x00, 0x00, 
0x00, 0x00, 0x00, 0x00, 0x00, 0x00, 0x00, 0x00, 0xFF, 0xCE, 0x00, 0x00, 0x00, 0x00, 0x00, 0x00, 
0x00, 0x00, 0x00, 0x00, 0x00, 0x00, 0xFF, 0xEC, 0x00, 0x00, 0x00, 0x00, 0x00, 0x00, 0x00, 0x00, 
0x00, 0x00, 0x00, 0x00, 0x00, 0x00, 0x00, 0x00, 0x00, 0x00, 0x00, 0x00, 0x00, 0x00, 0x00, 0x00, 
0x00, 0x00, 0x00, 0x00, 0x00, 0x00, 0x00, 0x00, 0x00, 0x00, 0x00, 0x00, 0x00, 0x00, 0x00, 0x00, 
0x00, 0x00, 0x00, 0x00, 0x00, 0x00, 0x00, 0x00, 0x00, 0x00, 0x00, 0x00, 0x00, 0x00, 0x00, 0x00, 
0x00, 0x00, 0x00, 0x00, 0x00, 0x00, 0x00, 0x00, 0x00, 0x00, 0x00, 0x00, 0x00, 0x00, 0x00, 0x00, 
0x00, 0x00, 0x00, 0x00, 0x00, 0x00, 0x00, 0x00, 0x00, 0x00, 0xFF, 0xF6, 0x00, 0x00, 0x00, 0x00, 
0x00, 0x00, 0x00, 0x00, 0x00, 0x00, 0x00, 0x00, 0x00, 0x00, 0x00, 0x00, 0x00, 0x00, 0x00, 0x00, 
0x00, 0x00, 0x00, 0x00, 0x00, 0x00, 0x00, 0x00, 0x00, 0x00, 0x00, 0x00, 0x00, 0x00, 0x00, 0x00, 
0x00, 0x00, 0x00, 0x00, 0x00, 0x00, 0x00, 0x00, 0x00, 0x00, 0x00, 0x00, 0x00, 0x00, 0x00, 0x00, 
0x00, 0x00, 0x00, 0x00, 0x00, 0x00, 0x00, 0x00, 0x00, 0x00, 0x00, 0x00, 0x00, 0x00, 0xFF, 0x7E, 
0x00, 0x00, 0x00, 0x00, 0x00, 0x00, 0x00, 0x00, 0x00, 0x00, 0x00, 0x00, 0x00, 0x00, 0xFF, 0x42, 
0x00, 0x00, 0x00, 0x00, 0x00, 0x00, 0x00, 0x00, 0x00, 0x00, 0x00, 0x00, 0x00, 0x00, 0x00, 0x00, 
0x00, 0x00, 0x00, 0x00, 0x00, 0x00, 0x00, 0x00, 0x00, 0x00, 0x00, 0x00, 0x00, 0x00, 0x00, 0x00, 
0x00, 0x00, 0x00, 0x00, 0x00, 0x00, 0x00, 0x00, 0xFF, 0xF6, 0xFF, 0xCE, 0xFF, 0xF6, 0x00, 0x00, 
0x00, 0x00, 0x00, 0x00, 0x00, 0x00, 0xFF, 0xCE, 0xFF, 0xD8, 0x00, 0x00, 0x00, 0x00, 0xFF, 0xEC, 
0x00, 0x00, 0x00, 0x00, 0x00, 0x00, 0x00, 0x00, 0x00, 0x00, 0x00, 0x00, 0xFF, 0xC4, 0x00, 0x00, 
0x00, 0x00, 0xFF, 0xEC, 0xFF, 0xEC, 0xFF, 0xE2, 0xFF, 0xF6, 0xFF, 0xF6, 0x00, 0x00, 0x00, 0x00, 
0x00, 0x00, 0x00, 0x00, 0x00, 0x00, 0x00, 0x00, 0x00, 0x00, 0x00, 0x00, 0x00, 0x00, 0x00, 0x00, 
0x00, 0x00, 0x00, 0x00, 0x00, 0x00, 0x00, 0x00, 0x00, 0x00, 0x00, 0x00, 0xFF, 0xCE, 0xFF, 0x92, 
0x00, 0x00, 0xFF, 0x88, 0xFF, 0x7E, 0x00, 0x00, 0x00, 0x00, 0x00, 0x00, 0xFF, 0x92, 0xFF, 0x92, 
0x00, 0x00, 0x00, 0x00, 0x00, 0x00, 0x00, 0x00, 0x00, 0x00, 0x00, 0x00, 0x00, 0x00, 0x00, 0x00, 
0x00, 0x00, 0x00, 0x00, 0x00, 0x00, 0x00, 0x00, 0x00, 0x00, 0x00, 0x00, 0x00, 0x00, 0x00, 0x00, 
0x00, 0x00, 0x00, 0x00, 0x00, 0x00, 0x00, 0x00, 0x00, 0x00, 0x00, 0x00, 0x00, 0x00, 0x00, 0x00, 
0x00, 0x00, 0x00, 0x00, 0x00, 0x00, 0x00, 0x00, 0x00, 0x00, 0x00, 0x00, 0x00, 0x00, 0x00, 0x00, 
0xFF, 0xBA, 0x00, 0x00, 0xFF, 0xD8, 0xFF, 0xD8, 0x00, 0x00, 0x00, 0x00, 0x00, 0x00, 0x00, 0x00, 
0xFF, 0xD8, 0x00, 0x00, 0xFF, 0xD8, 0xFF, 0xCE, 0xFF, 0xF6, 0xFF, 0xCE, 0x00, 0x00, 0x00, 0x00, 
0x00, 0x00, 0xFF, 0xE2, 0xFF, 0xEC, 0x00, 0x00, 0xFF, 0xF6, 0x00, 0x00, 0x00, 0x00, 0x00, 0x00, 
0xFF, 0xEC, 0xFF, 0xE2, 0xFF, 0xD8, 0x00, 0x00, 0x00, 0x00, 0x00, 0x00, 0x00, 0x00, 0x00, 0x00, 
0x00, 0x00, 0x00, 0x00, 0x00, 0x00, 0x00, 0x00, 0x00, 0x00, 0x00, 0x00, 0x00, 0x00, 0x00, 0x00, 
0x00, 0x00, 0x00, 0x00, 0x00, 0x00, 0x00, 0x00, 0x00, 0x00, 0x00, 0x00, 0x00, 0x00, 0x00, 0x00, 
0x00, 0x00, 0x00, 0x00, 0x00, 0x00, 0xFF, 0xCE, 0xFF, 0xBA, 0x00, 0x00, 0xFF, 0xEC, 0x00, 0x00, 
0x00, 0x00, 0xFF, 0xE2, 0x00, 0x00, 0xFF, 0x88, 0x00, 0x00, 0x00, 0x00, 0x00, 0x00, 0x00, 0x00, 
0x00, 0x00, 0x00, 0x00, 0x00, 0x00, 0x00, 0x00, 0x00, 0x00, 0x00, 0x00, 0x00, 0x00, 0x00, 0x00, 
0x00, 0x00, 0x00, 0x00, 0x00, 0x00, 0x00, 0x00, 0x00, 0x00, 0x00, 0x00, 0x00, 0x00, 0x00, 0x00, 
0x00, 0x00, 0x00, 0x00, 0x00, 0x00, 0x00, 0x00, 0x00, 0x00, 0x00, 0x00, 0x00, 0x00, 0x00, 0x00, 
0x00, 0x00, 0x00, 0x00, 0x00, 0x00, 0x00, 0x14, 0x00, 0x00, 0x00, 0x00, 0x00, 0x00, 0x00, 0x00, 
0x00, 0x00, 0x00, 0x00, 0x00, 0x00, 0x00, 0x00, 0x00, 0x00, 0x00, 0x00, 0x00, 0x00, 0x00, 0x00, 
0x00, 0x00, 0x00, 0x00, 0x00, 0x00, 0x00, 0x00, 0x00, 0x00, 0x00, 0x00, 0x00, 0x00, 0x00, 0x00, 
0x00, 0x00, 0x00, 0x00, 0x00, 0x00, 0x00, 0x00, 0x00, 0x00, 0x00, 0x00, 0x00, 0x00, 0x00, 0x00, 
0x00, 0x00, 0x00, 0x00, 0x00, 0x00, 0xFF, 0xEC, 0x00, 0x00, 0xFF, 0xD8, 0xFF, 0xEC, 0x00, 0x00, 
0x00, 0x00, 0x00, 0x00, 0x00, 0x00, 0x00, 0x00, 0x00, 0x00, 0x00, 0x00, 0x00, 0x00, 0x00, 0x00, 
0x00, 0x00, 0x00, 0x00, 0x00, 0x00, 0x00, 0x00, 0x00, 0x00, 0x00, 0x00, 0x00, 0x00, 0x00, 0x00, 
0x00, 0x00, 0x00, 0x00, 0x00, 0x00, 0x00, 0x00, 0x00, 0x00, 0x00, 0x00, 0x00, 0x00, 0x00, 0x00, 
0x00, 0x00, 0x00, 0x00, 0x00, 0x00, 0x00, 0x00, 0x00, 0x00, 0x00, 0x00, 0x00, 0x00, 0x00, 0x00, 
0x00, 0x00, 0x00, 0x00, 0x00, 0x00, 0xFF, 0x9C, 0x00, 0x00, 0x00, 0x00, 0x00, 0x00, 0x00, 0x00, 
0x00, 0x00, 0xFF, 0xB0, 0xFF, 0x88, 0x00, 0x00, 0x00, 0x00, 0xFF, 0xA6, 0xFF, 0x92, 0xFF, 0x88, 
0x00, 0x00, 0xFF, 0xF6, 0xFF, 0x74, 0x00, 0x00, 0xFF, 0x74, 0xFF, 0x88, 0xFF, 0xA6, 0xFF, 0xF6, 
0xFF, 0xF6, 0xFF, 0x92, 0xFF, 0x88, 0xFF, 0x7E, 0x00, 0x00, 0xFF, 0x74, 0x00, 0x00, 0xFF, 0x7E, 
0xFF, 0x7E, 0xFF, 0xD8, 0xFF, 0xE2, 0xFF, 0x7E, 0xFF, 0xD8, 0xFF, 0xA6, 0xFF, 0x7E, 0xFF, 0x56, 
0x00, 0x00, 0x00, 0x00, 0x00, 0x00, 0x00, 0x00, 0x00, 0x00, 0x00, 0x00, 0x00, 0x00, 0x00, 0x00, 
0x00, 0x00, 0x00, 0x00, 0x00, 0x00, 0x00, 0x00, 0x00, 0x00, 0x00, 0x00, 0x00, 0x00, 0xFF, 0xEC, 
0x00, 0x00, 0x00, 0x00, 0x00, 0x00, 0x00, 0x00, 0x00, 0x00, 0x00, 0x00, 0x00, 0x00, 0xFF, 0xD8, 
0x00, 0x00, 0x00, 0x00, 0x00, 0x00, 0x00, 0x00, 0x00, 0x00, 0x00, 0x00, 0x00, 0x00, 0x00, 0x00, 
0x00, 0x00, 0x00, 0x00, 0x00, 0x00, 0x00, 0x00, 0x00, 0x00, 0x00, 0x00, 0x00, 0x00, 0x00, 0x00, 
0x00, 0x00, 0x00, 0x00, 0x00, 0x00, 0x00, 0x00, 0x00, 0x00, 0xFF, 0xCE, 0x00, 0x00, 0x00, 0x00, 
0x00, 0x00, 0x00, 0x00, 0x00, 0x00, 0xFF, 0xBA, 0xFF, 0xF6, 0x00, 0x00, 0x00, 0x00, 0xFF, 0xD8, 
0xFF, 0xB0, 0xFF, 0x92, 0x00, 0x00, 0x00, 0x00, 0xFF, 0xB0, 0x00, 0x00, 0xFF, 0x9C, 0xFF, 0xC4, 
0xFF, 0xBA, 0x00, 0x00, 0xFF, 0xEC, 0xFF, 0xD8, 0xFF, 0xC4, 0xFF, 0xCE, 0x00, 0x00, 0xFF, 0x7E, 
0x00, 0x00, 0x00, 0x00, 0xFF, 0xBA, 0xFF, 0xF6, 0x00, 0x00, 0xFF, 0xB0, 0x00, 0x00, 0xFF, 0xEC, 
0xFF, 0xBA, 0xFF, 0x88, 0xFF, 0xE2, 0x00, 0x00, 0x00, 0x00, 0x00, 0x00, 0xFF, 0xC4, 0x00, 0x00, 
0x00, 0x00, 0x00, 0x00, 0x00, 0x00, 0x00, 0x00, 0xFF, 0xC4, 0x00, 0x00, 0x00, 0x00, 0x00, 0x00, 
0xFF, 0xCE, 0x00, 0x00, 0x00, 0x00, 0x00, 0x00, 0x00, 0x00, 0x00, 0x00, 0x00, 0x00, 0xFF, 0xCE, 
0x00, 0x00, 0x00, 0x00, 0x00, 0x00, 0x00, 0x00, 0xFF, 0xE2, 0x00, 0x00, 0x00, 0x00, 0x00, 0x00, 
0x00, 0x00, 0x00, 0x00, 0x00, 0x00, 0x00, 0x00, 0x00, 0x00, 0x00, 0x00, 0x00, 0x00, 0x00, 0x00, 
0x00, 0x00, 0x00, 0x00, 0x00, 0x00, 0x00, 0x00, 0x00, 0x00, 0x00, 0x00, 0x00, 0x00, 0xFF, 0xCE, 
0x00, 0x00, 0x00, 0x00, 0x00, 0x00, 0x00, 0x00, 0x00, 0x00, 0x00, 0x00, 0x00, 0x00, 0x00, 0x00, 
0x00, 0x00, 0xFF, 0xD8, 0xFF, 0xA6, 0x00, 0x00, 0x00, 0x00, 0x00, 0x00, 0x00, 0x00, 0x00, 0x00, 
0xFF, 0x92, 0xFF, 0xBA, 0xFF, 0xC4, 0x00, 0x00, 0x00, 0x00, 0xFF, 0xB0, 0xFF, 0xD8, 0xFF, 0xC4, 
0x00, 0x00, 0x00, 0x00, 0x00, 0x00, 0xFF, 0x9C, 0x00, 0x00, 0xFF, 0xE2, 0x00, 0x00, 0xFF, 0x91, 
0x00, 0x00, 0xFF, 0xCE, 0xFF, 0xA6, 0x00, 0x00, 0x00, 0x00, 0xFF, 0xBA, 0x00, 0x00, 0x00, 0x00, 
0xFF, 0xEC, 0x00, 0x00, 0x00, 0x00, 0x00, 0x00, 0x00, 0x00, 0x00, 0x00, 0x00, 0x00, 0x00, 0x00, 
0x00, 0x00, 0x00, 0x00, 0x00, 0x00, 0x00, 0x00, 0x00, 0x00, 0x00, 0x00, 0x00, 0x00, 0x00, 0x00, 
0x00, 0x00, 0xFF, 0xBA, 0x00, 0x00, 0x00, 0x00, 0x00, 0x00, 0x00, 0x00, 0xFF, 0xBA, 0x00, 0x00, 
0x00, 0x00, 0x00, 0x00, 0x00, 0x00, 0x00, 0x00, 0x00, 0x00, 0x00, 0x00, 0x00, 0x00, 0x00, 0x00, 
0x00, 0x00, 0x00, 0x00, 0x00, 0x00, 0x00, 0x00, 0x00, 0x00, 0x00, 0x00, 0x00, 0x00, 0x00, 0x02, 
0x34, 0xD8, 0x00, 0x04, 0x00, 0x00, 0x3F, 0x12, 0x3F, 0x4C, 0x00, 0x05, 0x00, 0x09, 0x00, 0x00, 
0xFF, 0x92, 0x00, 0x00, 0x00, 0x00, 0x00, 0x00, 0x00, 0x00, 0x00, 0x00, 0x00, 0x00, 0x00, 0x00, 
0x00, 0x00, 0x00, 0x00, 0xFF, 0xF6, 0xFF, 0xBA, 0x00, 0x00, 0x00, 0x00, 0x00, 0x00, 0x00, 0x00, 
0x00, 0x00, 0x00, 0x00, 0x00, 0x00, 0x00, 0x00, 0x00, 0x00, 0x00, 0x1E, 0x00, 0x00, 0x00, 0x00, 
0x00, 0x00, 0x00, 0x00, 0x00, 0x00, 0xFF, 0xBA, 0x00, 0x00, 0x00, 0x00, 0x00, 0x00, 0x00, 0x00, 
0x00, 0x00, 0x00, 0x00, 0x00, 0x00, 0x00, 0x00, 0xFF, 0x92, 0xFF, 0xEC, 0x00, 0x00, 0x00, 0x00, 
0xFF, 0xE2, 0xFF, 0xA6, 0xFF, 0xD8, 0xFF, 0xE2, 0x00, 0x02, 0x34, 0x8E, 0x00, 0x04, 0x00, 0x00, 
0x40, 0xFC, 0x43, 0x04, 0x00, 0x11, 0x00, 0x17, 0x00, 0x00, 0xFF, 0xF6, 0xFF, 0xB0, 0xFF, 0xE2, 
0xFF, 0xF6, 0x00, 0x00, 0x00, 0x00, 0x00, 0x00, 0x00, 0x00, 0x00, 0x00, 0x00, 0x00, 0x00, 0x00, 
0x00, 0x00, 0x00, 0x00, 0x00, 0x00, 0x00, 0x00, 0x00, 0x00, 0x00, 0x00, 0x00, 0x00, 0x00, 0x00, 
0x00, 0x00, 0x00, 0x00, 0x00, 0x00, 0x00, 0x00, 0x00, 0x00, 0xFF, 0x56, 0xFF, 0xCE, 0xFF, 0xCE, 
0xFF, 0xF6, 0xFF, 0xEC, 0xFF, 0xF6, 0xFF, 0xC4, 0xFF, 0xEC, 0xFF, 0xF6, 0x00, 0x00, 0x00, 0x00, 
0x00, 0x00, 0x00, 0x00, 0x00, 0x00, 0x00, 0x00, 0x00, 0x00, 0x00, 0x00, 0x00, 0x00, 0x00, 0x00, 
0x00, 0x00, 0x00, 0x00, 0x00, 0x00, 0x00, 0x00, 0x00, 0x00, 0x00, 0x00, 0x00, 0x00, 0x00, 0x00, 
0x00, 0x00, 0x00, 0x00, 0x00, 0x00, 0x00, 0x00, 0x00, 0x00, 0xFF, 0xD8, 0x00, 0x00, 0x00, 0x00, 
0x00, 0x00, 0x00, 0x00, 0x00, 0x00, 0x00, 0x00, 0x00, 0x00, 0x00, 0x00, 0x00, 0x00, 0x00, 0x00, 
0x00, 0x00, 0x00, 0x00, 0x00, 0x00, 0x00, 0x00, 0xFF, 0xE2, 0x00, 0x00, 0x00, 0x14, 0x00, 0x00, 
0x00, 0x00, 0x00, 0x00, 0x00, 0x00, 0x00, 0x00, 0x00, 0x00, 0x00, 0x00, 0x00, 0x00, 0x00, 0x00, 
0x00, 0x00, 0x00, 0x00, 0x00, 0x00, 0x00, 0x00, 0x00, 0x00, 0x00, 0x00, 0x00, 0x00, 0x00, 0x00, 
0x00, 0x00, 0x00, 0x00, 0x00, 0x00, 0x00, 0x00, 0x00, 0x00, 0x00, 0x00, 0xFF, 0xEC, 0x00, 0x00, 
0x00, 0x00, 0x00, 0x00, 0x00, 0x00, 0x00, 0x00, 0x00, 0x00, 0x00, 0x00, 0x00, 0x00, 0x00, 0x00, 
0x00, 0x00, 0x00, 0x00, 0x00, 0x00, 0x00, 0x00, 0x00, 0x00, 0x00, 0x00, 0x00, 0x00, 0x00, 0x00, 
0x00, 0x00, 0xFF, 0xA6, 0xFF, 0xE2, 0x00, 0x00, 0x00, 0x00, 0xFF, 0xEC, 0x00, 0x00, 0x00, 0x00, 
0xFF, 0xF6, 0x00, 0x00, 0x00, 0x00, 0x00, 0x0A, 0x00, 0x00, 0x00, 0x00, 0x00, 0x00, 0x00, 0x00, 
0x00, 0x00, 0x00, 0x00, 0x00, 0x00, 0x00, 0x00, 0x00, 0x00, 0x00, 0x00, 0x00, 0x00, 0x00, 0x00, 
0x00, 0x00, 0x00, 0x00, 0x00, 0x00, 0x00, 0x00, 0xFF, 0xF6, 0xFF, 0xE2, 0x00, 0x00, 0xFF, 0xF6, 
0x00, 0x00, 0x00, 0x00, 0x00, 0x00, 0x00, 0x00, 0x00, 0x00, 0x00, 0x00, 0x00, 0x00, 0x00, 0x00, 
0x00, 0x00, 0x00, 0x00, 0x00, 0x00, 0x00, 0x00, 0x00, 0x00, 0x00, 0x00, 0x00, 0x00, 0xFF, 0x9C, 
0xFF, 0xE2, 0x00, 0x00, 0x00, 0x00, 0x00, 0x00, 0xFF, 0xEC, 0xFF, 0xD8, 0xFF, 0xEC, 0x00, 0x00, 
0x00, 0x00, 0x00, 0x00, 0x00, 0x00, 0x00, 0x00, 0x00, 0x00, 0x00, 0x00, 0x00, 0x00, 0x00, 0x00, 
0x00, 0x00, 0x00, 0x00, 0x00, 0x00, 0x00, 0x00, 0x00, 0x00, 0x00, 0x00, 0xFF, 0x7E, 0xFF, 0xCE, 
0xFF, 0xE2, 0x00, 0x00, 0x00, 0x00, 0xFF, 0xE2, 0xFF, 0xCE, 0xFF, 0xEC, 0xFF, 0xCE, 0x00, 0x00, 
0x00, 0x00, 0xFF, 0xE2, 0xFF, 0xEC, 0xFF, 0xF6, 0xFF, 0xD8, 0xFF, 0xEC, 0x00, 0x00, 0x00, 0x00, 
0x00, 0x00, 0x00, 0x00, 0x00, 0x00, 0x00, 0x00, 0x00, 0x00, 0x00, 0x00, 0x00, 0x00, 0x00, 0x00, 
0x00, 0x00, 0xFF, 0xC4, 0x00, 0x00, 0x00, 0x00, 0x00, 0x00, 0x00, 0x00, 0xFF, 0x7E, 0x00, 0x00, 
0x00, 0x00, 0x00, 0x00, 0x00, 0x00, 0x00, 0x00, 0x00, 0x00, 0x00, 0x00, 0x00, 0x00, 0x00, 0x00, 
0x00, 0x00, 0x00, 0x00, 0x00, 0x00, 0x00, 0x00, 0xFF, 0x9C, 0xFF, 0xEC, 0x00, 0x00, 0x00, 0x00, 
0x00, 0x00, 0x00, 0x00, 0x00, 0x00, 0x00, 0x00, 0x00, 0x00, 0x00, 0x00, 0x00, 0x00, 0x00, 0x00, 
0x00, 0x00, 0x00, 0x00, 0x00, 0x00, 0x00, 0x00, 0x00, 0x00, 0x00, 0x00, 0x00, 0x00, 0x00, 0x00, 
0x00, 0x00, 0x00, 0x00, 0x00, 0x00, 0x00, 0x00, 0x00, 0x00, 0x00, 0x00, 0x00, 0x00, 0x00, 0x00, 
0x00, 0x00, 0xFF, 0xCE, 0x00, 0x00, 0x00, 0x00, 0x00, 0x00, 0x00, 0x00, 0x00, 0x00, 0x00, 0x00, 
0x00, 0x00, 0x00, 0x00, 0x00, 0x00, 0x00, 0x00, 0x00, 0x00, 0x00, 0x00, 0x00, 0x00, 0x00, 0x00, 
0x00, 0x00, 0x00, 0x00, 0xFF, 0x7E, 0xFF, 0xEC, 0x00, 0x00, 0x00, 0x00, 0x00, 0x00, 0xFF, 0xD8, 
0xFF, 0xD8, 0xFF, 0xEC, 0xFF, 0xF6, 0x00, 0x00, 0x00, 0x00, 0x00, 0x00, 0x00, 0x00, 0x00, 0x00, 
0x00, 0x00, 0xFF, 0xF6, 0xFF, 0xC4, 0x00, 0x00, 0x00, 0x00, 0x00, 0x00, 0x00, 0x00, 0x00, 0x00, 
0x00, 0x00, 0xFF, 0xB0, 0x00, 0x0A, 0xFF, 0xCE, 0x00, 0x00, 0xFF, 0xE2, 0x00, 0x00, 0x00, 0x00, 
0x00, 0x00, 0x00, 0x00, 0xFF, 0x9C, 0x00, 0x0A, 0xFF, 0xB0, 0xFF, 0xE2, 0x00, 0x00, 0x00, 0x00, 
0xFF, 0xEC, 0x00, 0x00, 0x00, 0x00, 0x00, 0x00, 0x00, 0x00, 0x00, 0x00, 0x00, 0x00, 0xFF, 0xF6, 
0xFF, 0xBA, 0xFF, 0xEC, 0x00, 0x00, 0x00, 0x00, 0xFF, 0xD8, 0x00, 0x00, 0x00, 0x00, 0x00, 0x00, 
0x00, 0x00, 0x00, 0x00, 0xFF, 0xF6, 0x00, 0x00, 0x00, 0x00, 0x00, 0x00, 0x00, 0x00, 0xFF, 0xF6, 
0x00, 0x00, 0xFF, 0xE2, 0xFF, 0xE2, 0x00, 0x0A, 0xFF, 0xF6, 0x00, 0x00, 0xFF, 0xF6, 0xFF, 0xA6, 
0x00, 0x00, 0x00, 0x00, 0x00, 0x00, 0xFF, 0xE2, 0x00, 0x00, 0x00, 0x00, 0x00, 0x00, 0x00, 0x00, 
0x00, 0x00, 0x00, 0x00, 0x00, 0x00, 0xFF, 0xEC, 0x00, 0x00, 0x00, 0x00, 0x00, 0x00, 0x00, 0x00, 
0x00, 0x00, 0x00, 0x00, 0x00, 0x00, 0x00, 0x00, 0x00, 0x00, 0x00, 0x00, 0x00, 0x00, 0x00, 0x00, 
0x00, 0x00, 0x00, 0x00, 0xFF, 0xEC, 0x00, 0x00, 0x00, 0x00, 0x00, 0x00, 0x00, 0x00, 0x00, 0x00, 
0x00, 0x00, 0x00, 0x00, 0x00, 0x00, 0x00, 0x00, 0x00, 0x00, 0x00, 0x00, 0x00, 0x00, 0x00, 0x00, 
0x00, 0x00, 0x00, 0x00, 0x00, 0x00, 0x00, 0x02, 0x32, 0x40, 0x00, 0x04, 0x00, 0x00, 0x42, 0x96, 
0x42, 0xA6, 0x00, 0x03, 0x00, 0x03, 0x00, 0x00, 0xFF, 0xE2, 0x00, 0x00, 0x00, 0x00, 0xFF, 0xC4, 
0xFF, 0xA6, 0x00, 0x00, 0x00, 0x00, 0xFF, 0xEC, 0x00, 0x02, 0x32, 0x28, 0x00, 0x04, 0x00, 0x00, 
0x43, 0x84, 0x43, 0xD6, 0x00, 0x06, 0x00, 0x18, 0x00, 0x00, 0xFF, 0xE2, 0xFF, 0xE2, 0xFF, 0xEC, 
0x00, 0x00, 0x00, 0x00, 0x00, 0x00, 0x00, 0x00, 0x00, 0x00, 0x00, 0x00, 0x00, 0x00, 0x00, 0x00, 
0x00, 0x00, 0x00, 0x00, 0x00, 0x00, 0x00, 0x00, 0x00, 0x00, 0x00, 0x00, 0x00, 0x00, 0x00, 0x00, 
0x00, 0x00, 0x00, 0x00, 0x00, 0x00, 0x00, 0x00, 0x00, 0x00, 0x00, 0x00, 0x00, 0x00, 0x00, 0x00, 
0xFF, 0x92, 0xFF, 0xBA, 0xFF, 0x92, 0xFF, 0xE2, 0xFF, 0xEC, 0xFF, 0xE2, 0xFF, 0xE2, 0xFF, 0xA6, 
0xFF, 0xBA, 0x00, 0x00, 0x00, 0x00, 0x00, 0x00, 0x00, 0x00, 0x00, 0x00, 0x00, 0x00, 0x00, 0x00, 
0x00, 0x00, 0x00, 0x00, 0x00, 0x00, 0x00, 0x00, 0x00, 0x00, 0xFF, 0x6A, 0xFF, 0xEC, 0x00, 0x00, 
0x00, 0x00, 0xFF, 0xEC, 0x00, 0x1E, 0x00, 0x0A, 0xFF, 0xEC, 0x00, 0x00, 0xFF, 0x24, 0x00, 0x00, 
0xFF, 0x60, 0xFF, 0x7E, 0xFF, 0xB0, 0xFF, 0x6A, 0xFF, 0x2E, 0xFF, 0x42, 0xFF, 0x24, 0xFF, 0x56, 
0xFF, 0x42, 0xFF, 0xCE, 0xFF, 0x55, 0xFF, 0x42, 0x00, 0x00, 0xFF, 0xE2, 0x00, 0x00, 0xFF, 0xEC, 
0x00, 0x00, 0x00, 0x00, 0xFF, 0x60, 0xFF, 0xCE, 0xFF, 0xE2, 0x00, 0x00, 0x00, 0x00, 0x00, 0x00, 
0x00, 0x00, 0xFF, 0xF6, 0x00, 0x00, 0x00, 0x00, 0x00, 0x00, 0x00, 0x00, 0x00, 0x00, 0x00, 0x00, 
0x00, 0x00, 0x00, 0x00, 0x00, 0x00, 0x00, 0x00, 0x00, 0x00, 0x00, 0x00, 0x00, 0x00, 0x00, 0x00, 
0x00, 0x00, 0x00, 0x00, 0xFF, 0xEC, 0x00, 0x0A, 0x00, 0x00, 0x00, 0x00, 0x00, 0x00, 0x00, 0x00, 
0x00, 0x00, 0x00, 0x00, 0x00, 0x00, 0x00, 0x00, 0x00, 0x00, 0x00, 0x00, 0xFF, 0xF6, 0x00, 0x00, 
0x00, 0x00, 0x00, 0x00, 0x00, 0x00, 0x00, 0x00, 0x00, 0x00, 0x00, 0x00, 0x00, 0x00, 0x00, 0x00, 
0x00, 0x00, 0xFF, 0xBA, 0x00, 0x00, 0x00, 0x00, 0x00, 0x00, 0x00, 0x00, 0x00, 0x00, 0x00, 0x00, 
0x00, 0x00, 0x00, 0x00, 0x00, 0x00, 0x00, 0x00, 0x00, 0x00, 0x00, 0x00, 0x00, 0x00, 0xFF, 0xA6, 
0xFF, 0x7E, 0xFF, 0xB0, 0x00, 0x00, 0x00, 0x00, 0x00, 0x02, 0x31, 0x26, 0x00, 0x04, 0x00, 0x00, 
0x45, 0xE0, 0x46, 0x32, 0x00, 0x05, 0x00, 0x14, 0x00, 0x00, 0xFF, 0xC4, 0xFF, 0x56, 0xFF, 0xC4, 
0xFF, 0xC4, 0xFF, 0xCE, 0xFF, 0xF6, 0xFF, 0xD8, 0xFF, 0x88, 0xFF, 0xC4, 0x00, 0x00, 0x00, 0x00, 
0x00, 0x00, 0x00, 0x00, 0x00, 0x00, 0x00, 0x00, 0x00, 0x00, 0x00, 0x00, 0x00, 0x00, 0x00, 0x00, 
0x00, 0x00, 0xFF, 0xD8, 0xFF, 0x7E, 0xFF, 0xD8, 0x00, 0x00, 0xFF, 0xF6, 0x00, 0x00, 0xFF, 0xEC, 
0x00, 0x00, 0xFF, 0xE2, 0xFF, 0xC4, 0xFF, 0xE2, 0xFF, 0xE2, 0xFF, 0xEC, 0xFF, 0xE2, 0xFF, 0xF6, 
0xFF, 0xEC, 0xFF, 0xEC, 0x00, 0x00, 0x00, 0x00, 0x00, 0x00, 0xFF, 0xEC, 0xFF, 0x74, 0xFF, 0xCE, 
0x00, 0x00, 0x00, 0x00, 0x00, 0x00, 0xFF, 0xF6, 0xFF, 0x88, 0xFF, 0xD8, 0x00, 0x00, 0x00, 0x00, 
0x00, 0x00, 0x00, 0x00, 0x00, 0x00, 0x00, 0x00, 0xFF, 0xF6, 0x00, 0x00, 0xFF, 0x74, 0xFF, 0xB0, 
0x00, 0x00, 0xFF, 0xD8, 0xFF, 0xC4, 0xFF, 0xEC, 0x00, 0x00, 0x00, 0x00, 0x00, 0x00, 0xFF, 0xEC, 
0xFF, 0xE2, 0xFF, 0xEC, 0x00, 0x00, 0x00, 0x00, 0x00, 0x00, 0x00, 0x00, 0x00, 0x00, 0x00, 0x00, 
0x00, 0x00, 0x00, 0x00, 0xFF, 0xC4, 0xFF, 0xEC, 0x00, 0x00, 0x00, 0x00, 0xFF, 0x88, 0xFF, 0xE2, 
0x00, 0x00, 0x00, 0x00, 0x00, 0x00, 0xFF, 0xF6, 0xFF, 0xD8, 0x00, 0x00, 0x00, 0x00, 0x00, 0x00, 
0x00, 0x00, 0x00, 0x00, 0x00, 0x00, 0x00, 0x00, 0x00, 0x00, 0x00, 0x00, 0x00, 0x00, 0x00, 0x00, 
0x00, 0x02, 0x30, 0x74, 0x00, 0x04, 0x00, 0x00, 0x48, 0x34, 0x48, 0x3E, 0x00, 0x02, 0x00, 0x08, 
0x00, 0x00, 0xFF, 0xB0, 0x00, 0x00, 0x00, 0x00, 0x00, 0x00, 0x00, 0x00, 0x00, 0x00, 0x00, 0x00, 
0x00, 0x00, 0xFF, 0xE2, 0xFF, 0x92, 0xFF, 0xEC, 0xFF, 0x88, 0xFF, 0xC4, 0xFF, 0xA6, 0xFF, 0xEC, 
0x00, 0x02, 0x30, 0x5A, 0x00, 0x04, 0x00, 0x00, 0x33, 0x00, 0x48, 0x6C, 0x00, 0x01, 0x00, 0x0E, 
0x00, 0x00, 0xFF, 0xF6, 0xFF, 0xCE, 0xFF, 0xD8, 0xFF, 0xF6, 0xFF, 0xA6, 0xFF, 0xD8, 0xFF, 0xBA, 
0xFF, 0xCE, 0xFF, 0xCE, 0x00, 0x0A, 0xFF, 0xD8, 0xFF, 0xD8, 0xFF, 0xE2, 0x00, 0x01, 0x30, 0x44, 
0x30, 0x60, 0x00, 0x04, 0x00, 0x0C, 0x00, 0x96, 0x00, 0x22, 0x00, 0x01, 0x01, 0x1A, 0x00, 0x01, 
0x01, 0x20, 0x00, 0x01, 0x01, 0x26, 0x00, 0x01, 0x01, 0x2C, 0x00, 0x01, 0x01, 0x32, 0x00, 0x01, 
0x01, 0x38, 0x00, 0x01, 0x01, 0x38, 0x00, 0x01, 0x01, 0x3E, 0x00, 0x01, 0x01, 0x44, 0x00, 0x01, 
0x01, 0x4A, 0x00, 0x01, 0x01, 0x50, 0x00, 0x01, 0x01, 0x56, 0x00, 0x01, 0x01, 0x5C, 0x00, 0x01, 
0x01, 0x62, 0x00, 0x01, 0x01, 0x68, 0x00, 0x00, 0x00, 0xFC, 0x00, 0x00, 0x01, 0x02, 0x00, 0x00, 
0x01, 0x08, 0x00, 0x00, 0x01, 0x08, 0x00, 0x03, 0x01, 0x92, 0x00, 0x00, 0x01, 0x0E, 0x00, 0x00, 
0x01, 0x14, 0x00, 0x02, 0x01, 0x86, 0x00, 0x02, 0x01, 0x8C, 0x00, 0x01, 0x01, 0x6E, 0x00, 0x01, 
0x01, 0x74, 0x00, 0x01, 0x01, 0x62, 0x00, 0x01, 0x01, 0x62, 0x00, 0x01, 0x01, 0x62, 0x00, 0x01, 
0x01, 0x62, 0x00, 0x01, 0x01, 0x7A, 0x00, 0x01, 0x01, 0x62, 0x00, 0x01, 0x01, 0x80, 0x00, 0x01, 
0x01, 0x62, 0x00, 0x0E, 0x01, 0x0E, 0x01, 0x14, 0x01, 0x92, 0x01, 0x92, 0x01, 0x1A, 0x01, 0x20, 
0x01, 0x92, 0x01, 0x92, 0x01, 0x0E, 0x01, 0x14, 0x01, 0x92, 0x01, 0x92, 0x01, 0x92, 0x01, 0x26, 
0x01, 0x92, 0x01, 0x92, 0x01, 0x2C, 0x01, 0x32, 0x01, 0x92, 0x01, 0x92, 0x01, 0x38, 0x01, 0x3E, 
0x01, 0x92, 0x01, 0x92, 0x01, 0x44, 0x01, 0x4A, 0x01, 0x92, 0x01, 0x92, 0x01, 0x50, 0x01, 0x56, 
0x01, 0x92, 0x01, 0x92, 0x01, 0x50, 0x01, 0x56, 0x01, 0x92, 0x01, 0x92, 0x01, 0x50, 0x01, 0x56, 
0x01, 0x92, 0x01, 0x92, 0x01, 0x5C, 0x01, 0x68, 0x01, 0x62, 0x01, 0x92, 0x01, 0x6E, 0x01, 0x74, 
0x01, 0x92, 0x01, 0x92, 0x01, 0x7A, 0x01, 0x86, 0x01, 0x92, 0x01, 0x80, 0x01, 0x8C, 0x01, 0x92, 
0x01, 0x92, 0x01, 0x92, 0x00, 0x01, 0xFF, 0xA0, 0x00, 0x00, 0x00, 0x01, 0xFF, 0x37, 0x00, 0x00, 
0x00, 0x01, 0xFF, 0x61, 0x00, 0x00, 0x00, 0x01, 0xFF, 0x3B, 0x00, 0x00, 0x00, 0x01, 0xFF, 0x2C, 
0x00, 0x00, 0x00, 0x01, 0xFF, 0x05, 0x02, 0x23, 0x00, 0x01, 0xFF, 0x74, 0x02, 0x23, 0x00, 0x01, 
0xFF, 0xB6, 0x02, 0x23, 0x00, 0x01, 0xFF, 0x47, 0x02, 0x23, 0x00, 0x01, 0xFF, 0x30, 0x02, 0x23, 
0x00, 0x01, 0xFF, 0x3A, 0x02, 0x23, 0x00, 0x01, 0xFF, 0x3B, 0x02, 0x23, 0x00, 0x01, 0xFF, 0x75, 
0x02, 0x23, 0x00, 0x01, 0xFF, 0x08, 0x02, 0x23, 0x00, 0x01, 0xFE, 0xEE, 0x02, 0x23, 0x00, 0x01, 
0xFF, 0x57, 0x02, 0x23, 0x00, 0x01, 0xFF, 0x4E, 0x02, 0x23, 0x00, 0x01, 0xFF, 0x36, 0x02, 0x23, 
0x00, 0x01, 0xFF, 0x96, 0x02, 0x23, 0x00, 0x01, 0xFF, 0x35, 0x02, 0x23, 0x00, 0x01, 0xFF, 0x1E, 
0x02, 0x23, 0x00, 0x01, 0xFE, 0xEA, 0x02, 0x23, 0x00, 0x01, 0xFE, 0xFB, 0x02, 0x23, 0x00, 0x01, 
0xFF, 0x0F, 0x01, 0x36, 0x00, 0x01, 0xFE, 0x47, 0x01, 0x36, 0x00, 0x01, 0xFF, 0x60, 0x00, 0x1F, 
0x00, 0x01, 0x01, 0xBB, 0x00, 0x00, 0x00, 0x01, 0x01, 0xBC, 0x03, 0x0D, 0x00, 0x01, 0x01, 0x33, 
0x00, 0x00, 0x00, 0x01, 0x01, 0x3E, 0x02, 0x23, 0x00, 0x01, 0x01, 0x1E, 0x02, 0xFE, 0x00, 0x01, 
0x01, 0xB2, 0x00, 0x00, 0x00, 0x01, 0x01, 0xB2, 0x03, 0x0D, 0x00, 0x01, 0x01, 0x44, 0x00, 0x00, 
0x00, 0x01, 0x01, 0x44, 0x03, 0x0D, 0x00, 0x01, 0x01, 0x9B, 0x00, 0x00, 0x00, 0x01, 0x01, 0x9B, 
0x03, 0x0D, 0x00, 0x01, 0x00, 0x82, 0x00, 0x00, 0x00, 0x01, 0x01, 0x2F, 0x03, 0x0D, 0x00, 0x01, 
0x01, 0x45, 0x00, 0x00, 0x00, 0x01, 0x01, 0x45, 0x01, 0x87, 0x00, 0x01, 0x01, 0x45, 0x03, 0x0D, 
0x00, 0x01, 0x01, 0x3D, 0x00, 0x00, 0x00, 0x01, 0x01, 0x3D, 0x03, 0x0D, 0x00, 0x01, 0x01, 0x90, 
0x00, 0x00, 0x00, 0x01, 0x01, 0x2B, 0x02, 0xDB, 0x00, 0x01, 0x01, 0x90, 0x03, 0x0D, 0x00, 0x01, 
0x01, 0xC3, 0x00, 0x00, 0x00, 0x01, 0x00, 0x00, 0x00, 0x00, 0x00, 0x01, 0x2E, 0x52, 0x2E, 0x62, 
0x00, 0x05, 0x00, 0x0C, 0x00, 0x9E, 0x00, 0x24, 0x00, 0x02, 0x05, 0xC2, 0x00, 0x02, 0x05, 0xC8, 
0x00, 0x02, 0x05, 0xCE, 0x00, 0x02, 0x05, 0xD4, 0x00, 0x02, 0x05, 0xDA, 0x00, 0x04, 0x06, 0x3A, 
0x00, 0x02, 0x05, 0xE0, 0x00, 0x02, 0x05, 0xE0, 0x00, 0x02, 0x05, 0xE6, 0x00, 0x02, 0x05, 0xEC, 
0x00, 0x02, 0x05, 0xF2, 0x00, 0x02, 0x05, 0xF8, 0x00, 0x02, 0x05, 0xFE, 0x00, 0x02, 0x06, 0x04, 
0x00, 0x02, 0x06, 0x0A, 0x00, 0x02, 0x06, 0x10, 0x00, 0x04, 0x06, 0x40, 0x00, 0x00, 0x05, 0x9E, 
0x00, 0x00, 0x05, 0xA4, 0x00, 0x00, 0x05, 0xAA, 0x00, 0x00, 0x05, 0xAA, 0x00, 0x01, 0x05, 0xBC, 
0x00, 0x00, 0x05, 0xB0, 0x00, 0x00, 0x05, 0xB6, 0x00, 0x03, 0x06, 0x2E, 0x00, 0x03, 0x06, 0x34, 
0x00, 0x02, 0x06, 0x16, 0x00, 0x02, 0x06, 0x1C, 0x00, 0x02, 0x06, 0x0A, 0x00, 0x02, 0x06, 0x0A, 
0x00, 0x02, 0x06, 0x0A, 0x00, 0x02, 0x06, 0x0A, 0x00, 0x02, 0x06, 0x22, 0x00, 0x02, 0x06, 0x0A, 
0x00, 0x02, 0x06, 0x28, 0x00, 0x02, 0x06, 0x0A, 0x00, 0x81, 0x05, 0xB4, 0x05, 0xBA, 0x05, 0xC0, 
0x09, 0x74, 0x09, 0x74, 0x05, 0xC6, 0x09, 0x74, 0x05, 0xCC, 0x09, 0x74, 0x09, 0x74, 0x09, 0x74, 
0x09, 0x74, 0x05, 0xD8, 0x05, 0xD2, 0x09, 0x74, 0x09, 0x74, 0x09, 0x74, 0x05, 0xDE, 0x05, 0xD2, 
0x09, 0x74, 0x05, 0xE4, 0x05, 0xEA, 0x05, 0xF0, 0x09, 0x74, 0x09, 0x74, 0x05, 0xE4, 0x05, 0xEA, 
0x05, 0xF6, 0x09, 0x74, 0x09, 0x74, 0x05, 0xE4, 0x05, 0xEA, 0x05, 0xFC, 0x09, 0x74, 0x09, 0x74, 
0x09, 0x74, 0x09, 0x74, 0x06, 0x02, 0x09, 0x74, 0x09, 0x74, 0x06, 0x08, 0x09, 0x74, 0x06, 0x0E, 
0x09, 0x74, 0x09, 0x74, 0x09, 0x74, 0x09, 0x74, 0x06, 0x14, 0x09, 0x74, 0x09, 0x74, 0x09, 0x74, 
0x09, 0x74, 0x06, 0x14, 0x09, 0x74, 0x09, 0x74, 0x09, 0x74, 0x09, 0x74, 0x06, 0x1A, 0x09, 0x74, 
0x09, 0x74, 0x09, 0x74, 0x09, 0x74, 0x06, 0x26, 0x06, 0x20, 0x09, 0x74, 0x09, 0x74, 0x09, 0x74, 
0x06, 0x2C, 0x06, 0x20, 0x09, 0x74, 0x06, 0x32, 0x09, 0x74, 0x06, 0x38, 0x09, 0x74, 0x09, 0x74, 
0x06, 0x3E, 0x09, 0x74, 0x06, 0x14, 0x06, 0x44, 0x09, 0x74, 0x06, 0x4A, 0x06, 0x56, 0x06, 0x5C, 
0x06, 0x50, 0x06, 0x62, 0x06, 0x68, 0x09, 0x74, 0x06, 0x6E, 0x09, 0x74, 0x09, 0x74, 0x06, 0x74, 
0x09, 0x74, 0x06, 0x7A, 0x09, 0x74, 0x09, 0x74, 0x06, 0x80, 0x09, 0x74, 0x06, 0x8C, 0x06, 0x86, 
0x09, 0x74, 0x09, 0x74, 0x09, 0x74, 0x06, 0x92, 0x09, 0x74, 0x09, 0x74, 0x09, 0x74, 0x09, 0x74, 
0x06, 0x92, 0x09, 0x74, 0x09, 0x74, 0x06, 0x98, 0x09, 0x74, 0x06, 0x92, 0x09, 0x74, 0x09, 0x74, 
0x06, 0x9E, 0x06, 0xAA, 0x06, 0xB0, 0x06, 0xA4, 0x09, 0x74, 0x09, 0x74, 0x09, 0x74, 0x06, 0x5C, 
0x09, 0x74, 0x09, 0x74, 0x06, 0xB6, 0x09, 0x74, 0x06, 0xBC, 0x09, 0x74, 0x09, 0x74, 0x06, 0x74, 
0x09, 0x74, 0x06, 0x7A, 0x09, 0x74, 0x09, 0x74, 0x06, 0xC2, 0x09, 0x74, 0x06, 0x26, 0x09, 0x74, 
0x09, 0x74, 0x06, 0x68, 0x06, 0xC8, 0x06, 0xCE, 0x09, 0x74, 0x09, 0x74, 0x06, 0x68, 0x06, 0xC8, 
0x06, 0xD4, 0x09, 0x74, 0x09, 0x74, 0x06, 0xDA, 0x09, 0x74, 0x06, 0xE0, 0x09, 0x74, 0x09, 0x74, 
0x06, 0x4A, 0x06, 0x56, 0x06, 0x5C, 0x06, 0x50, 0x06, 0x62, 0x09, 0x74, 0x09, 0x74, 0x05, 0xD8, 
0x05, 0xD2, 0x09, 0x74, 0x06, 0x08, 0x09, 0x74, 0x06, 0x0E, 0x09, 0x74, 0x09, 0x74, 0x09, 0x74, 
0x09, 0x74, 0x06, 0x26, 0x06, 0x20, 0x09, 0x74, 0x09, 0x74, 0x09, 0x74, 0x06, 0xEC, 0x06, 0xE6, 
0x09, 0x74, 0x06, 0x3E, 0x09, 0x74, 0x06, 0x14, 0x06, 0x44, 0x09, 0x74, 0x06, 0x74, 0x09, 0x74, 
0x06, 0x7A, 0x09, 0x74, 0x09, 0x74, 0x06, 0xF2, 0x09, 0x74, 0x06, 0xFE, 0x06, 0xF8, 0x09, 0x74, 
0x06, 0xF2, 0x09, 0x74, 0x06, 0xFE, 0x06, 0xF8, 0x09, 0x74, 0x06, 0x9E, 0x06, 0xAA, 0x06, 0xB0, 
0x06, 0xA4, 0x09, 0x74, 0x06, 0x9E, 0x06, 0xAA, 0x06, 0xB0, 0x06, 0xA4, 0x09, 0x74, 0x07, 0x04, 
0x07, 0x10, 0x06, 0xCE, 0x07, 0x0A, 0x09, 0x74, 0x06, 0x68, 0x06, 0xC8, 0x06, 0xCE, 0x09, 0x74, 
0x09, 0x74, 0x09, 0x74, 0x09, 0x74, 0x06, 0x02, 0x09, 0x74, 0x09, 0x74, 0x06, 0x9E, 0x06, 0xAA, 
0x06, 0xB0, 0x06, 0xA4, 0x09, 0x74, 0x05, 0xB4, 0x05, 0xBA, 0x05, 0xC0, 0x09, 0x74, 0x09, 0x74, 
0x05, 0xB4, 0x05, 0xBA, 0x07, 0x16, 0x09, 0x74, 0x09, 0x74, 0x07, 0x1C, 0x09, 0x74, 0x07, 0x22, 
0x09, 0x74, 0x09, 0x74, 0x05, 0xE4, 0x05, 0xEA, 0x05, 0xF0, 0x09, 0x74, 0x09, 0x74, 0x09, 0x74, 
0x09, 0x74, 0x07, 0x28, 0x09, 0x74, 0x09, 0x74, 0x09, 0x74, 0x09, 0x74, 0x07, 0x2E, 0x09, 0x74, 
0x09, 0x74, 0x06, 0x08, 0x09, 0x74, 0x07, 0x34, 0x09, 0x74, 0x09, 0x74, 0x09, 0x74, 0x09, 0x74, 
0x07, 0x3A, 0x09, 0x74, 0x09, 0x74, 0x09, 0x74, 0x09, 0x74, 0x07, 0x40, 0x09, 0x74, 0x09, 0x74, 
0x06, 0x4A, 0x06, 0x56, 0x07, 0x46, 0x06, 0x50, 0x06, 0x62, 0x06, 0x4A, 0x06, 0x56, 0x06, 0x5C, 
0x06, 0x50, 0x06, 0x62, 0x09, 0x74, 0x09, 0x74, 0x07, 0x4C, 0x09, 0x74, 0x09, 0x74, 0x09, 0x74, 
0x09, 0x74, 0x07, 0x52, 0x09, 0x74, 0x09, 0x74, 0x09, 0x74, 0x09, 0x74, 0x07, 0x58, 0x09, 0x74, 
0x09, 0x74, 0x06, 0x9E, 0x06, 0xAA, 0x07, 0x5E, 0x06, 0xA4, 0x09, 0x74, 0x09, 0x74, 0x09, 0x74, 
0x05, 0xD8, 0x05, 0xD2, 0x09, 0x74, 0x09, 0x74, 0x09, 0x74, 0x07, 0x46, 0x09, 0x74, 0x09, 0x74, 
0x06, 0x4A, 0x06, 0x56, 0x06, 0x5C, 0x06, 0x50, 0x06, 0x62, 0x07, 0x64, 0x09, 0x74, 0x07, 0x6A, 
0x09, 0x74, 0x09, 0x74, 0x07, 0x70, 0x07, 0x76, 0x07, 0x7C, 0x09, 0x74, 0x09, 0x74, 0x09, 0x74, 
0x09, 0x74, 0x07, 0x88, 0x07, 0x82, 0x09, 0x74, 0x09, 0x74, 0x09, 0x74, 0x07, 0x8E, 0x07, 0x82, 
0x09, 0x74, 0x07, 0x94, 0x09, 0x74, 0x07, 0x7C, 0x09, 0x74, 0x09, 0x74, 0x06, 0x08, 0x07, 0x9A, 
0x07, 0xA0, 0x09, 0x74, 0x09, 0x74, 0x06, 0x08, 0x07, 0x9A, 0x07, 0xA6, 0x09, 0x74, 0x09, 0x74, 
0x06, 0x08, 0x07, 0x9A, 0x07, 0xAC, 0x09, 0x74, 0x09, 0x74, 0x09, 0x74, 0x09, 0x74, 0x07, 0xB2, 
0x09, 0x74, 0x09, 0x74, 0x07, 0xB8, 0x09, 0x74, 0x07, 0xBE, 0x09, 0x74, 0x09, 0x74, 0x07, 0xC4, 
0x07, 0xCA, 0x07, 0xD0, 0x09, 0x74, 0x07, 0xD6, 0x07, 0xC4, 0x07, 0xCA, 0x07, 0xD0, 0x09, 0x74, 
0x07, 0xD6, 0x07, 0xC4, 0x07, 0xCA, 0x07, 0xDC, 0x09, 0x74, 0x07, 0xD6, 0x09, 0x74, 0x09, 0x74, 
0x07, 0x88, 0x07, 0xE2, 0x09, 0x74, 0x09, 0x74, 0x09, 0x74, 0x07, 0x8E, 0x07, 0xE2, 0x09, 0x74, 
0x07, 0x70, 0x07, 0xEE, 0x07, 0x7C, 0x07, 0xE8, 0x07, 0xF4, 0x07, 0xC4, 0x09, 0x74, 0x07, 0xD0, 
0x09, 0x74, 0x09, 0x74, 0x07, 0xFA, 0x08, 0x06, 0x08, 0x0C, 0x08, 0x00, 0x09, 0x74, 0x08, 0x12, 
0x09, 0x74, 0x08, 0x18, 0x09, 0x74, 0x09, 0x74, 0x08, 0x1E, 0x09, 0x74, 0x08, 0x24, 0x09, 0x74, 
0x09, 0x74, 0x09, 0x74, 0x09, 0x74, 0x08, 0x2A, 0x09, 0x74, 0x09, 0x74, 0x09, 0x74, 0x09, 0x74, 
0x08, 0x2A, 0x09, 0x74, 0x09, 0x74, 0x08, 0x30, 0x09, 0x74, 0x08, 0x36, 0x09, 0x74, 0x09, 0x74, 
0x09, 0x74, 0x09, 0x74, 0x08, 0x42, 0x08, 0x3C, 0x09, 0x74, 0x09, 0x74, 0x09, 0x74, 0x08, 0x48, 
0x09, 0x74, 0x09, 0x74, 0x08, 0x4E, 0x09, 0x74, 0x08, 0x54, 0x09, 0x74, 0x09, 0x74, 0x08, 0x12, 
0x09, 0x74, 0x08, 0x18, 0x09, 0x74, 0x09, 0x74, 0x08, 0x5A, 0x09, 0x74, 0x08, 0x60, 0x09, 0x74, 
0x09, 0x74, 0x08, 0x66, 0x08, 0x6C, 0x08, 0x72, 0x09, 0x74, 0x09, 0x74, 0x08, 0x66, 0x08, 0x6C, 
0x08, 0x78, 0x09, 0x74, 0x09, 0x74, 0x08, 0x7E, 0x09, 0x74, 0x08, 0x84, 0x09, 0x74, 0x09, 0x74, 
0x08, 0x8A, 0x08, 0x96, 0x08, 0x9C, 0x08, 0x90, 0x08, 0xA2, 0x07, 0x70, 0x07, 0xEE, 0x07, 0x7C, 
0x07, 0xE8, 0x07, 0xF4, 0x09, 0x74, 0x09, 0x74, 0x08, 0xAE, 0x08, 0xA8, 0x09, 0x74, 0x09, 0x74, 
0x09, 0x74, 0x08, 0xBA, 0x08, 0xB4, 0x09, 0x74, 0x07, 0xB8, 0x09, 0x74, 0x07, 0xBE, 0x09, 0x74, 
0x09, 0x74, 0x09, 0x74, 0x09, 0x74, 0x08, 0xC6, 0x08, 0xC0, 0x09, 0x74, 0x08, 0x12, 0x09, 0x74, 
0x08, 0x18, 0x09, 0x74, 0x09, 0x74, 0x09, 0x74, 0x09, 0x74, 0x09, 0x74, 0x08, 0xCC, 0x09, 0x74, 
0x09, 0x74, 0x09, 0x74, 0x08, 0x42, 0x08, 0x3C, 0x09, 0x74, 0x09, 0x74, 0x09, 0x74, 0x08, 0x42, 
0x08, 0x3C, 0x09, 0x74, 0x07, 0xC4, 0x09, 0x74, 0x08, 0xD8, 0x08, 0xD2, 0x09, 0x74, 0x08, 0xDE, 
0x09, 0x74, 0x08, 0xEA, 0x08, 0xE4, 0x08, 0xF0, 0x09, 0x74, 0x09, 0x74, 0x07, 0xB2, 0x09, 0x74, 
0x09, 0x74, 0x09, 0x74, 0x09, 0x74, 0x08, 0x42, 0x08, 0x3C, 0x09, 0x74, 0x07, 0x70, 0x07, 0x76, 
0x07, 0x7C, 0x09, 0x74, 0x09, 0x74, 0x07, 0x70, 0x07, 0x76, 0x08, 0xF6, 0x09, 0x74, 0x09, 0x74, 
0x08, 0xFC, 0x07, 0x76, 0x09, 0x02, 0x09, 0x74, 0x09, 0x74, 0x06, 0x08, 0x07, 0x9A, 0x07, 0xA0, 
0x09, 0x74, 0x09, 0x74, 0x09, 0x08, 0x09, 0x0E, 0x09, 0x14, 0x09, 0x74, 0x09, 0x74, 0x09, 0x74, 
0x09, 0x74, 0x09, 0x1A, 0x09, 0x74, 0x09, 0x74, 0x07, 0xB8, 0x09, 0x74, 0x09, 0x20, 0x09, 0x74, 
0x09, 0x74, 0x07, 0xC4, 0x07, 0xCA, 0x09, 0x26, 0x09, 0x74, 0x07, 0xD6, 0x07, 0xC4, 0x07, 0xCA, 
0x09, 0x2C, 0x09, 0x74, 0x07, 0xD6, 0x07, 0x70, 0x07, 0xEE, 0x08, 0xF6, 0x07, 0xE8, 0x07, 0xF4, 
0x07, 0x70, 0x07, 0xEE, 0x07, 0x7C, 0x07, 0xE8, 0x07, 0xF4, 0x09, 0x74, 0x09, 0x74, 0x09, 0x32, 
0x09, 0x74, 0x09, 0x74, 0x09, 0x74, 0x09, 0x74, 0x09, 0x38, 0x09, 0x74, 0x09, 0x74, 0x09, 0x74, 
0x09, 0x74, 0x09, 0x3E, 0x09, 0x74, 0x09, 0x74, 0x09, 0x74, 0x09, 0x74, 0x09, 0x44, 0x08, 0x3C, 
0x09, 0x74, 0x09, 0x74, 0x09, 0x74, 0x07, 0x88, 0x07, 0x82, 0x09, 0x74, 0x09, 0x74, 0x09, 0x74, 
0x09, 0x4A, 0x09, 0x74, 0x09, 0x74, 0x09, 0x50, 0x07, 0x76, 0x09, 0x5C, 0x09, 0x56, 0x09, 0x62, 
0x09, 0x68, 0x09, 0x74, 0x09, 0x6E, 0x09, 0x74, 0x09, 0x74, 0x09, 0x74, 0x09, 0x74, 0x08, 0xBA, 
0x08, 0xB4, 0x09, 0x74, 0x00, 0x01, 0xFF, 0xA0, 0x00, 0x00, 0x00, 0x01, 0xFF, 0x37, 0x00, 0x00, 
0x00, 0x01, 0xFF, 0x61, 0x00, 0x00, 0x00, 0x01, 0xFF, 0x3B, 0x00, 0x00, 0x00, 0x01, 0xFF, 0x2C, 
0x00, 0x00, 0x00, 0x01, 0xFF, 0x60, 0x00, 0x1F, 0x00, 0x01, 0xFF, 0x05, 0x02, 0x23, 0x00, 0x01, 
0xFF, 0x74, 0x02, 0x23, 0x00, 0x01, 0xFF, 0xB6, 0x02, 0x23, 0x00, 0x01, 0xFF, 0x47, 0x02, 0x23, 
0x00, 0x01, 0xFF, 0x30, 0x02, 0x23, 0x00, 0x01, 0xFF, 0x3A, 0x02, 0x23, 0x00, 0x01, 0xFF, 0x3B, 
0x02, 0x23, 0x00, 0x01, 0xFF, 0x75, 0x02, 0x23, 0x00, 0x01, 0xFF, 0x08, 0x02, 0x23, 0x00, 0x01, 
0xFE, 0xEE, 0x02, 0x23, 0x00, 0x01, 0xFF, 0x57, 0x02, 0x23, 0x00, 0x01, 0xFF, 0x4E, 0x02, 0x23, 
0x00, 0x01, 0xFF, 0x36, 0x02, 0x23, 0x00, 0x01, 0xFF, 0x96, 0x02, 0x23, 0x00, 0x01, 0xFF, 0x35, 
0x02, 0x23, 0x00, 0x01, 0xFF, 0x1E, 0x02, 0x23, 0x00, 0x01, 0xFE, 0xEA, 0x02, 0x23, 0x00, 0x01, 
0xFE, 0xFB, 0x02, 0x23, 0x00, 0x01, 0xFF, 0x0F, 0x01, 0x36, 0x00, 0x01, 0xFE, 0x47, 0x01, 0x36, 
0x00, 0x01, 0xFF, 0x4B, 0x03, 0x0D, 0x00, 0x01, 0xFF, 0x41, 0x02, 0x23, 0x00, 0x01, 0x01, 0x60, 
0x00, 0x00, 0x00, 0x01, 0x02, 0x92, 0x00, 0x1D, 0x00, 0x01, 0x01, 0x60, 0x03, 0x0D, 0x00, 0x01, 
0x01, 0x52, 0x00, 0x00, 0x00, 0x01, 0x01, 0x52, 0x03, 0x0D, 0x00, 0x01, 0x00, 0xAA, 0x01, 0x87, 
0x00, 0x01, 0x01, 0x51, 0x03, 0x0D, 0x00, 0x01, 0x01, 0x7F, 0x03, 0xB1, 0x00, 0x01, 0x01, 0x62, 
0x00, 0x00, 0x00, 0x01, 0x02, 0x6F, 0x00, 0x0A, 0x00, 0x01, 0x01, 0x75, 0x03, 0x0D, 0x00, 0x01, 
0x01, 0x39, 0x03, 0xF8, 0x00, 0x01, 0x01, 0x75, 0x03, 0xC4, 0x00, 0x01, 0x01, 0xF2, 0x03, 0x0D, 
0x00, 0x01, 0x01, 0x3B, 0x00, 0x00, 0x00, 0x01, 0x01, 0x3B, 0x03, 0x0D, 0x00, 0x01, 0x01, 0x9D, 
0x03, 0x0D, 0x00, 0x01, 0x01, 0x61, 0x03, 0xF8, 0x00, 0x01, 0x00, 0xFF, 0x01, 0x85, 0x00, 0x01, 
0x01, 0x48, 0x03, 0x0D, 0x00, 0x01, 0x01, 0x76, 0x03, 0xB1, 0x00, 0x01, 0x01, 0xEB, 0x00, 0x00, 
0x00, 0x01, 0x01, 0xEB, 0x03, 0x0D, 0x00, 0x01, 0x01, 0x9D, 0x00, 0x00, 0x00, 0x01, 0x01, 0x9D, 
0x02, 0x77, 0x00, 0x01, 0x01, 0xCD, 0x00, 0x00, 0x00, 0x01, 0x01, 0xCD, 0x01, 0x87, 0x00, 0x01, 
0x01, 0xCD, 0x00, 0x0A, 0x00, 0x01, 0x01, 0xCD, 0x03, 0x0D, 0x00, 0x01, 0x02, 0x82, 0x02, 0xED, 
0x00, 0x01, 0x00, 0x82, 0x00, 0x00, 0x00, 0x01, 0x01, 0x2F, 0x03, 0x0D, 0x00, 0x01, 0x01, 0xBB, 
0x00, 0x00, 0x00, 0x01, 0x01, 0xBC, 0x03, 0x0D, 0x00, 0x01, 0x01, 0x45, 0x00, 0x00, 0x00, 0x01, 
0x01, 0x45, 0x01, 0x87, 0x00, 0x01, 0x01, 0x45, 0x03, 0x0D, 0x00, 0x01, 0x01, 0x5F, 0x03, 0x0D, 
0x00, 0x01, 0x01, 0x5F, 0x00, 0x00, 0x00, 0x01, 0x02, 0x66, 0x00, 0x00, 0x00, 0x01, 0x01, 0x6B, 
0x01, 0x41, 0x00, 0x01, 0x02, 0x66, 0x00, 0x0A, 0x00, 0x01, 0x01, 0x6A, 0x03, 0x0D, 0x00, 0x01, 
0x01, 0x42, 0x00, 0x00, 0x00, 0x01, 0x01, 0x42, 0x03, 0x0D, 0x00, 0x01, 0x01, 0x44, 0x00, 0x00, 
0x00, 0x01, 0x00, 0x82, 0x00, 0x0A, 0x00, 0x01, 0x00, 0x82, 0x03, 0x0D, 0x00, 0x01, 0x00, 0x82, 
0x03, 0xC4, 0x00, 0x01, 0x01, 0x2F, 0x00, 0x00, 0x00, 0x01, 0x01, 0xDC, 0x03, 0x0D, 0x00, 0x01, 
0x01, 0x8F, 0x01, 0x85, 0x00, 0x01, 0x01, 0xD8, 0x03, 0x0D, 0x00, 0x01, 0x01, 0x3D, 0x00, 0x00, 
0x00, 0x01, 0x01, 0x3D, 0x01, 0x20, 0x00, 0x01, 0x01, 0x3D, 0x03, 0x0D, 0x00, 0x01, 0x01, 0x7E, 
0x00, 0x00, 0x00, 0x01, 0x01, 0x7D, 0x01, 0xCC, 0x00, 0x01, 0x00, 0x82, 0x03, 0x03, 0x00, 0x01, 
0x01, 0x60, 0x03, 0xC4, 0x00, 0x01, 0x01, 0xD2, 0x00, 0x00, 0x00, 0x01, 0x02, 0x36, 0x03, 0x0D, 
0x00, 0x01, 0x01, 0x94, 0x03, 0x0D, 0x00, 0x01, 0x01, 0xF2, 0x03, 0xC4, 0x00, 0x01, 0x01, 0x3B, 
0x03, 0xC4, 0x00, 0x01, 0x01, 0x9D, 0x03, 0xBC, 0x00, 0x01, 0x01, 0x9D, 0x03, 0xC4, 0x00, 0x01, 
0x01, 0xCD, 0x03, 0xC4, 0x00, 0x01, 0x01, 0x5F, 0x03, 0xBC, 0x00, 0x01, 0x01, 0x5F, 0x03, 0xC4, 
0x00, 0x01, 0x01, 0x91, 0x03, 0xDF, 0x00, 0x01, 0x01, 0x6A, 0x03, 0xC4, 0x00, 0x01, 0x01, 0xD5, 
0x00, 0x00, 0x00, 0x01, 0x01, 0xD5, 0x03, 0x0D, 0x00, 0x01, 0x01, 0x54, 0x00, 0x00, 0x00, 0x01, 
0x02, 0x63, 0x00, 0x0A, 0x00, 0x01, 0x01, 0x54, 0x02, 0x23, 0x00, 0x01, 0x01, 0x07, 0x01, 0x12, 
0x00, 0x01, 0x01, 0x07, 0x02, 0x23, 0x00, 0x01, 0x01, 0x35, 0x02, 0xC7, 0x00, 0x01, 0x01, 0x52, 
0xFF, 0x2E, 0x00, 0x01, 0x01, 0x91, 0x00, 0x3C, 0x00, 0x01, 0x01, 0x42, 0x02, 0x23, 0x00, 0x01, 
0x01, 0x06, 0x03, 0x0E, 0x00, 0x01, 0x01, 0x42, 0x02, 0xDA, 0x00, 0x01, 0x01, 0x8C, 0x02, 0x23, 
0x00, 0x01, 0x01, 0x15, 0x00, 0x00, 0x00, 0x01, 0x01, 0x15, 0x02, 0x23, 0x00, 0x01, 0x01, 0x51, 
0x00, 0x00, 0x00, 0x01, 0x02, 0x28, 0x00, 0x0A, 0x00, 0x01, 0x01, 0x51, 0x02, 0x23, 0x00, 0x01, 
0x02, 0x29, 0x02, 0x23, 0x00, 0x01, 0x01, 0x15, 0x03, 0x0E, 0x00, 0x01, 0x00, 0xE4, 0x01, 0x10, 
0x00, 0x01, 0x01, 0x54, 0x01, 0x12, 0x00, 0x01, 0x01, 0xAE, 0x00, 0x28, 0x00, 0x01, 0x01, 0xD5, 
0x02, 0x09, 0x00, 0x01, 0x01, 0x6D, 0x00, 0x00, 0x00, 0x01, 0x00, 0xB9, 0xFF, 0x92, 0x00, 0x01, 
0x00, 0x62, 0x00, 0x0A, 0x00, 0x01, 0x01, 0x6D, 0x02, 0x23, 0x00, 0x01, 0x01, 0x33, 0x00, 0x00, 
0x00, 0x01, 0x01, 0x3E, 0x02, 0x23, 0x00, 0x01, 0x01, 0xDD, 0x00, 0x00, 0x00, 0x01, 0x01, 0xDD, 
0x02, 0x23, 0x00, 0x01, 0x01, 0x1D, 0x02, 0x23, 0x00, 0x01, 0x01, 0x0A, 0x00, 0x00, 0x00, 0x01, 
0x01, 0x0A, 0x02, 0x23, 0x00, 0x01, 0x01, 0x16, 0x00, 0xD7, 0x00, 0x01, 0x01, 0x0D, 0x02, 0x23, 
0x00, 0x01, 0x01, 0x68, 0x02, 0x23, 0x00, 0x01, 0x01, 0x16, 0x00, 0x00, 0x00, 0x01, 0x01, 0x16, 
0x02, 0x23, 0x00, 0x01, 0x01, 0x1E, 0x00, 0x00, 0x00, 0x01, 0x01, 0x29, 0x02, 0x23, 0x00, 0x01, 
0x00, 0x8C, 0x00, 0x00, 0x00, 0x01, 0x00, 0x8C, 0x00, 0x0A, 0x00, 0x01, 0x00, 0x8C, 0x02, 0xC1, 
0x00, 0x01, 0x00, 0x8C, 0x02, 0xDA, 0x00, 0x01, 0x00, 0x8F, 0xFF, 0x16, 0x00, 0x01, 0x00, 0x8F, 
0x02, 0xC1, 0x00, 0x01, 0x02, 0x1C, 0x00, 0x00, 0x00, 0x01, 0x02, 0x1C, 0x01, 0x12, 0x00, 0x01, 
0x02, 0x76, 0x00, 0x28, 0x00, 0x01, 0x02, 0x1C, 0x02, 0x23, 0x00, 0x01, 0x02, 0x9D, 0x02, 0x09, 
0x00, 0x01, 0x00, 0x8D, 0x01, 0x1D, 0x00, 0x01, 0x01, 0x0F, 0x02, 0x23, 0x00, 0x01, 0x00, 0x81, 
0x01, 0x1D, 0x00, 0x01, 0x01, 0x03, 0x02, 0x23, 0x00, 0x01, 0x01, 0x48, 0x01, 0x10, 0x00, 0x01, 
0x01, 0x6B, 0x02, 0x23, 0x00, 0x01, 0x01, 0x25, 0x00, 0x0E, 0x00, 0x01, 0x00, 0xB2, 0x02, 0x88, 
0x00, 0x01, 0x00, 0x78, 0x03, 0x0D, 0x00, 0x01, 0x00, 0xC8, 0x00, 0x00, 0x00, 0x01, 0x00, 0x69, 
0x01, 0x12, 0x00, 0x01, 0x00, 0x64, 0x03, 0x0D, 0x00, 0x01, 0x00, 0xD2, 0x03, 0x0D, 0x00, 0x01, 
0x01, 0x54, 0x02, 0xDA, 0x00, 0x01, 0x02, 0x34, 0x00, 0x00, 0x00, 0x01, 0x02, 0x34, 0x02, 0x23, 
0x00, 0x01, 0x01, 0x26, 0x00, 0x00, 0x00, 0x01, 0x00, 0xD0, 0x01, 0xE7, 0x00, 0x01, 0x01, 0x3B, 
0x02, 0x23, 0x00, 0x01, 0x01, 0x8C, 0x02, 0xDA, 0x00, 0x01, 0x01, 0x15, 0x02, 0xDA, 0x00, 0x01, 
0x01, 0x51, 0x02, 0xD2, 0x00, 0x01, 0x01, 0x51, 0x02, 0xDA, 0x00, 0x01, 0x01, 0x1D, 0x02, 0xD2, 
0x00, 0x01, 0x01, 0x1D, 0x02, 0xDA, 0x00, 0x01, 0x01, 0x4F, 0x02, 0xF5, 0x00, 0x01, 0x01, 0x0D, 
0x02, 0xDA, 0x00, 0x01, 0x01, 0x68, 0x02, 0xDA, 0x00, 0x01, 0x01, 0x63, 0x00, 0x00, 0x00, 0x01, 
0x02, 0x0C, 0xFF, 0x92, 0x00, 0x01, 0x01, 0x63, 0x02, 0x23, 0x00, 0x01, 0x02, 0x93, 0xFF, 0x16, 
0x00, 0x01, 0x01, 0x77, 0x00, 0x00, 0x00, 0x01, 0x01, 0x77, 0x02, 0x23, 0x00, 0x01, 0x00, 0x00, 
0x00, 0x00, 0x00, 0x01, 0x24, 0x3A, 0x24, 0xEA, 0x00, 0x05, 0x00, 0x0C, 0x00, 0x9E, 0x00, 0x24, 
0x00, 0x02, 0x02, 0x8E, 0x00, 0x02, 0x02, 0x94, 0x00, 0x02, 0x02, 0x9A, 0x00, 0x02, 0x02, 0xA0, 
0x00, 0x02, 0x02, 0xA6, 0x00, 0x04, 0x03, 0x06, 0x00, 0x02, 0x02, 0xAC, 0x00, 0x02, 0x02, 0xAC, 
0x00, 0x02, 0x02, 0xB2, 0x00, 0x02, 0x02, 0xB8, 0x00, 0x02, 0x02, 0xBE, 0x00, 0x02, 0x02, 0xC4, 
0x00, 0x02, 0x02, 0xCA, 0x00, 0x02, 0x02, 0xD0, 0x00, 0x02, 0x02, 0xD6, 0x00, 0x02, 0x02, 0xDC, 
0x00, 0x04, 0x03, 0x0C, 0x00, 0x00, 0x02, 0x6A, 0x00, 0x00, 0x02, 0x70, 0x00, 0x00, 0x02, 0x76, 
0x00, 0x00, 0x02, 0x76, 0x00, 0x01, 0x02, 0x88, 0x00, 0x00, 0x02, 0x7C, 0x00, 0x00, 0x02, 0x82, 
0x00, 0x03, 0x02, 0xFA, 0x00, 0x03, 0x03, 0x00, 0x00, 0x02, 0x02, 0xE2, 0x00, 0x02, 0x02, 0xE8, 
0x00, 0x02, 0x02, 0xD6, 0x00, 0x02, 0x02, 0xD6, 0x00, 0x02, 0x02, 0xD6, 0x00, 0x02, 0x02, 0xD6, 
0x00, 0x02, 0x02, 0xEE, 0x00, 0x02, 0x02, 0xD6, 0x00, 0x02, 0x02, 0xF4, 0x00, 0x02, 0x02, 0xD6, 
0x00, 0x2F, 0x02, 0x80, 0x02, 0x86, 0x02, 0x8C, 0x04, 0x5A, 0x04, 0x5A, 0x02, 0x92, 0x04, 0x5A, 
0x02, 0x98, 0x04, 0x5A, 0x04, 0x5A, 0x02, 0x9E, 0x02, 0xA4, 0x02, 0xAA, 0x04, 0x5A, 0x04, 0x5A, 
0x02, 0xB0, 0x04, 0x5A, 0x02, 0xB6, 0x04, 0x5A, 0x04, 0x5A, 0x02, 0xBC, 0x04, 0x5A, 0x02, 0xC8, 
0x02, 0xC2, 0x04, 0x5A, 0x02, 0xCE, 0x02, 0xDA, 0x02, 0xE0, 0x02, 0xD4, 0x02, 0xE6, 0x02, 0xEC, 
0x02, 0xF2, 0x02, 0xF8, 0x04, 0x5A, 0x04, 0x5A, 0x02, 0xFE, 0x04, 0x5A, 0x03, 0x04, 0x04, 0x5A, 
0x04, 0x5A, 0x03, 0x0A, 0x04, 0x5A, 0x03, 0x10, 0x04, 0x5A, 0x04, 0x5A, 0x03, 0x16, 0x04, 0x5A, 
0x03, 0x1C, 0x04, 0x5A, 0x04, 0x5A, 0x02, 0xCE, 0x02, 0xDA, 0x02, 0xE0, 0x02, 0xD4, 0x02, 0xE6, 
0x02, 0xEC, 0x04, 0x5A, 0x03, 0x22, 0x04, 0x5A, 0x04, 0x5A, 0x03, 0x28, 0x04, 0x5A, 0x03, 0x34, 
0x03, 0x2E, 0x04, 0x5A, 0x03, 0x3A, 0x04, 0x5A, 0x03, 0x40, 0x04, 0x5A, 0x04, 0x5A, 0x03, 0x46, 
0x04, 0x5A, 0x03, 0x4C, 0x04, 0x5A, 0x04, 0x5A, 0x03, 0x52, 0x04, 0x5A, 0x04, 0x5A, 0x04, 0x5A, 
0x04, 0x5A, 0x02, 0x80, 0x02, 0x86, 0x02, 0x8C, 0x04, 0x5A, 0x04, 0x5A, 0x03, 0x58, 0x03, 0x5E, 
0x03, 0x64, 0x04, 0x5A, 0x04, 0x5A, 0x03, 0x6A, 0x04, 0x5A, 0x03, 0x76, 0x03, 0x70, 0x04, 0x5A, 
0x03, 0x7C, 0x03, 0x82, 0x03, 0x88, 0x04, 0x5A, 0x04, 0x5A, 0x03, 0x8E, 0x03, 0x9A, 0x03, 0xA0, 
0x03, 0x94, 0x03, 0xA6, 0x03, 0xAC, 0x04, 0x5A, 0x03, 0xB2, 0x04, 0x5A, 0x04, 0x5A, 0x03, 0xB8, 
0x04, 0x5A, 0x04, 0x5A, 0x04, 0x5A, 0x04, 0x5A, 0x02, 0xEC, 0x02, 0xF2, 0x03, 0xBE, 0x04, 0x5A, 
0x04, 0x5A, 0x03, 0x3A, 0x04, 0x5A, 0x03, 0xC4, 0x04, 0x5A, 0x04, 0x5A, 0x04, 0x5A, 0x04, 0x5A, 
0x03, 0xCA, 0x04, 0x5A, 0x04, 0x5A, 0x04, 0x5A, 0x04, 0x5A, 0x03, 0xD0, 0x04, 0x5A, 0x04, 0x5A, 
0x04, 0x5A, 0x04, 0x5A, 0x03, 0xD6, 0x04, 0x5A, 0x04, 0x5A, 0x03, 0xDC, 0x03, 0xE2, 0x03, 0xE8, 
0x04, 0x5A, 0x04, 0x5A, 0x03, 0xEE, 0x03, 0xF4, 0x03, 0xFA, 0x04, 0x5A, 0x04, 0x00, 0x04, 0x06, 
0x04, 0x5A, 0x04, 0x0C, 0x04, 0x5A, 0x04, 0x5A, 0x04, 0x12, 0x04, 0x1E, 0x04, 0x24, 0x04, 0x18, 
0x04, 0x2A, 0x04, 0x30, 0x04, 0x3C, 0x04, 0x42, 0x04, 0x36, 0x04, 0x5A, 0x04, 0x12, 0x04, 0x1E, 
0x04, 0x24, 0x04, 0x18, 0x04, 0x2A, 0x04, 0x5A, 0x04, 0x5A, 0x04, 0x48, 0x04, 0x5A, 0x04, 0x5A, 
0x02, 0x80, 0x04, 0x5A, 0x03, 0xCA, 0x04, 0x5A, 0x04, 0x5A, 0x03, 0xDC, 0x03, 0xE2, 0x03, 0xE8, 
0x04, 0x5A, 0x04, 0x5A, 0x03, 0xDC, 0x03, 0xE2, 0x04, 0x4E, 0x04, 0x5A, 0x04, 0x5A, 0x03, 0xDC, 
0x03, 0xE2, 0x03, 0xE8, 0x04, 0x5A, 0x04, 0x5A, 0x04, 0x5A, 0x04, 0x5A, 0x04, 0x48, 0x04, 0x5A, 
0x04, 0x5A, 0x04, 0x5A, 0x04, 0x5A, 0x04, 0x54, 0x04, 0x5A, 0x04, 0x5A, 0x04, 0x5A, 0x04, 0x5A, 
0x04, 0x48, 0x04, 0x5A, 0x04, 0x5A, 0x04, 0x12, 0x04, 0x1E, 0x04, 0x24, 0x04, 0x18, 0x04, 0x2A, 
0x02, 0x80, 0x04, 0x5A, 0x03, 0xCA, 0x04, 0x5A, 0x04, 0x5A, 0x04, 0x5A, 0x04, 0x5A, 0x03, 0xCA, 
0x04, 0x5A, 0x04, 0x5A, 0x04, 0x5A, 0x04, 0x5A, 0x03, 0xD0, 0x04, 0x5A, 0x04, 0x5A, 0x04, 0x5A, 
0x04, 0x5A, 0x03, 0xD6, 0x04, 0x5A, 0x04, 0x5A, 0x00, 0x01, 0xFF, 0xA0, 0x00, 0x00, 0x00, 0x01, 
0xFF, 0x37, 0x00, 0x00, 0x00, 0x01, 0xFF, 0x61, 0x00, 0x00, 0x00, 0x01, 0xFF, 0x3B, 0x00, 0x00, 
0x00, 0x01, 0xFF, 0x2C, 0x00, 0x00, 0x00, 0x01, 0xFF, 0x60, 0x00, 0x1F, 0x00, 0x01, 0xFF, 0x05, 
0x02, 0x23, 0x00, 0x01, 0xFF, 0x74, 0x02, 0x23, 0x00, 0x01, 0xFF, 0xB6, 0x02, 0x23, 0x00, 0x01, 
0xFF, 0x47, 0x02, 0x23, 0x00, 0x01, 0xFF, 0x30, 0x02, 0x23, 0x00, 0x01, 0xFF, 0x3A, 0x02, 0x23, 
0x00, 0x01, 0xFF, 0x3B, 0x02, 0x23, 0x00, 0x01, 0xFF, 0x75, 0x02, 0x23, 0x00, 0x01, 0xFF, 0x08, 
0x02, 0x23, 0x00, 0x01, 0xFE, 0xEE, 0x02, 0x23, 0x00, 0x01, 0xFF, 0x57, 0x02, 0x23, 0x00, 0x01, 
0xFF, 0x4E, 0x02, 0x23, 0x00, 0x01, 0xFF, 0x36, 0x02, 0x23, 0x00, 0x01, 0xFF, 0x96, 0x02, 0x23, 
0x00, 0x01, 0xFF, 0x35, 0x02, 0x23, 0x00, 0x01, 0xFF, 0x1E, 0x02, 0x23, 0x00, 0x01, 0xFE, 0xEA, 
0x02, 0x23, 0x00, 0x01, 0xFE, 0xFB, 0x02, 0x23, 0x00, 0x01, 0xFF, 0x0F, 0x01, 0x36, 0x00, 0x01, 
0xFE, 0x47, 0x01, 0x36, 0x00, 0x01, 0xFF, 0x4B, 0x03, 0x0D, 0x00, 0x01, 0xFF, 0x41, 0x02, 0x23, 
0x00, 0x01, 0x01, 0x60, 0x00, 0x00, 0x00, 0x01, 0x02, 0x92, 0x00, 0x1D, 0x00, 0x01, 0x01, 0x60, 
0x03, 0x0D, 0x00, 0x01, 0x01, 0x52, 0x00, 0x00, 0x00, 0x01, 0x01, 0x52, 0x03, 0x0D, 0x00, 0x01, 
0x01, 0x62, 0x00, 0x00, 0x00, 0x01, 0x02, 0x6F, 0x00, 0x0A, 0x00, 0x01, 0x01, 0x76, 0x03, 0x0D, 
0x00, 0x01, 0x01, 0x64, 0x00, 0x00, 0x00, 0x01, 0x01, 0x64, 0x03, 0x0D, 0x00, 0x01, 0x01, 0x9D, 
0x00, 0x00, 0x00, 0x01, 0x01, 0x9D, 0x02, 0x77, 0x00, 0x01, 0x01, 0x9D, 0x03, 0x0D, 0x00, 0x01, 
0x01, 0xCD, 0x00, 0x00, 0x00, 0x01, 0x01, 0xCD, 0x01, 0x87, 0x00, 0x01, 0x01, 0xCD, 0x00, 0x0A, 
0x00, 0x01, 0x01, 0xCD, 0x03, 0x0D, 0x00, 0x01, 0x02, 0x82, 0x02, 0xED, 0x00, 0x01, 0x00, 0x82, 
0x00, 0x00, 0x00, 0x01, 0x00, 0x82, 0x00, 0x0A, 0x00, 0x01, 0x00, 0x82, 0x03, 0x0D, 0x00, 0x01, 
0x01, 0x44, 0x00, 0x00, 0x00, 0x01, 0x01, 0x44, 0x03, 0x0D, 0x00, 0x01, 0x01, 0xEB, 0x00, 0x00, 
0x00, 0x01, 0x01, 0xEB, 0x03, 0x0D, 0x00, 0x01, 0x01, 0x9B, 0x00, 0x00, 0x00, 0x01, 0x01, 0x9B, 
0x03, 0x0D, 0x00, 0x01, 0x01, 0x2F, 0x03, 0x0D, 0x00, 0x01, 0x01, 0x45, 0x00, 0x00, 0x00, 0x01, 
0x01, 0x45, 0x01, 0x87, 0x00, 0x01, 0x01, 0x45, 0x03, 0x0D, 0x00, 0x01, 0x01, 0x3D, 0x00, 0x00, 
0x00, 0x01, 0x01, 0x3D, 0x03, 0x0D, 0x00, 0x01, 0x01, 0x5F, 0x00, 0x00, 0x00, 0x01, 0x01, 0x5F, 
0x03, 0x0D, 0x00, 0x01, 0x01, 0xC3, 0x00, 0x00, 0x00, 0x01, 0x01, 0xE8, 0x00, 0x00, 0x00, 0x01, 
0x02, 0xF5, 0x00, 0x0A, 0x00, 0x01, 0x01, 0xFC, 0x03, 0x0D, 0x00, 0x01, 0x02, 0x19, 0x00, 0x00, 
0x00, 0x01, 0x02, 0x19, 0x02, 0x77, 0x00, 0x01, 0x02, 0x19, 0x03, 0x0D, 0x00, 0x01, 0x01, 0x08, 
0x00, 0x00, 0x00, 0x01, 0x01, 0x08, 0x00, 0x0A, 0x00, 0x01, 0x01, 0x08, 0x03, 0x0D, 0x00, 0x01, 
0x01, 0xEF, 0x00, 0x00, 0x00, 0x01, 0x01, 0xEF, 0x01, 0x87, 0x00, 0x01, 0x01, 0xEF, 0x00, 0x0A, 
0x00, 0x01, 0x01, 0xEF, 0x03, 0x0D, 0x00, 0x01, 0x02, 0xA4, 0x02, 0xED, 0x00, 0x01, 0x02, 0x09, 
0x00, 0x00, 0x00, 0x01, 0x02, 0x09, 0x03, 0x0D, 0x00, 0x01, 0x01, 0xF8, 0x00, 0x00, 0x00, 0x01, 
0x00, 0x82, 0x03, 0xC4, 0x00, 0x01, 0x01, 0x3D, 0x03, 0xC4, 0x00, 0x01, 0x01, 0x60, 0x02, 0x23, 
0x00, 0x01, 0x00, 0xD7, 0x02, 0x23, 0x00, 0x01, 0x01, 0x5B, 0x02, 0x23, 0x00, 0x01, 0x00, 0x8C, 
0x00, 0x00, 0x00, 0x01, 0x00, 0x8C, 0x00, 0x0A, 0x00, 0x01, 0x00, 0x8C, 0x02, 0x23, 0x00, 0x01, 
0x01, 0x51, 0x00, 0x00, 0x00, 0x01, 0x02, 0x28, 0x00, 0x0A, 0x00, 0x01, 0x01, 0x51, 0x02, 0x23, 
0x00, 0x01, 0x02, 0x29, 0x02, 0x23, 0x00, 0x01, 0x01, 0x17, 0x00, 0x00, 0x00, 0x01, 0x01, 0x17, 
0x02, 0x23, 0x00, 0x01, 0x01, 0x54, 0x00, 0x00, 0x00, 0x01, 0x01, 0x54, 0x01, 0x12, 0x00, 0x01, 
0x01, 0xAE, 0x00, 0x28, 0x00, 0x01, 0x01, 0x54, 0x02, 0x23, 0x00, 0x01, 0x01, 0xD5, 0x02, 0x09, 
0x00, 0x01, 0x01, 0x6D, 0x00, 0x00, 0x00, 0x01, 0x00, 0xB9, 0xFF, 0x92, 0x00, 0x01, 0x00, 0x62, 
0x00, 0x0A, 0x00, 0x01, 0x01, 0x6D, 0x02, 0x23, 0x00, 0x01, 0x01, 0x25, 0x02, 0x23, 0x00, 0x01, 
0x00, 0x8C, 0x02, 0xDA, 0x00, 0x01, 0x01, 0x25, 0x02, 0xDA, 0x00, 0x01, 0x00, 0x00, 0x00, 0x00, 
0x00, 0x01, 0x1F, 0x3C, 0x20, 0x4E, 0x00, 0x05, 0x00, 0x0C, 0x00, 0x9E, 0x00, 0x24, 0x00, 0x02, 
0x0F, 0x68, 0x00, 0x02, 0x0F, 0x6E, 0x00, 0x02, 0x0F, 0x74, 0x00, 0x02, 0x0F, 0x7A, 0x00, 0x02, 
0x0F, 0x80, 0x00, 0x04, 0x0F, 0xE0, 0x00, 0x02, 0x0F, 0x86, 0x00, 0x02, 0x0F, 0x86, 0x00, 0x02, 
0x0F, 0x8C, 0x00, 0x02, 0x0F, 0x92, 0x00, 0x02, 0x0F, 0x98, 0x00, 0x02, 0x0F, 0x9E, 0x00, 0x02, 
0x0F, 0xA4, 0x00, 0x02, 0x0F, 0xAA, 0x00, 0x02, 0x0F, 0xB0, 0x00, 0x02, 0x0F, 0xB6, 0x00, 0x04, 
0x0F, 0xE6, 0x00, 0x00, 0x0F, 0x44, 0x00, 0x00, 0x0F, 0x4A, 0x00, 0x00, 0x0F, 0x50, 0x00, 0x00, 
0x0F, 0x50, 0x00, 0x01, 0x0F, 0x62, 0x00, 0x00, 0x0F, 0x56, 0x00, 0x00, 0x0F, 0x5C, 0x00, 0x03, 
0x0F, 0xD4, 0x00, 0x03, 0x0F, 0xDA, 0x00, 0x02, 0x0F, 0xBC, 0x00, 0x02, 0x0F, 0xC2, 0x00, 0x02, 
0x0F, 0xB0, 0x00, 0x02, 0x0F, 0xB0, 0x00, 0x02, 0x0F, 0xB0, 0x00, 0x02, 0x0F, 0xB0, 0x00, 0x02, 
0x0F, 0xC8, 0x00, 0x02, 0x0F, 0xB0, 0x00, 0x02, 0x0F, 0xCE, 0x00, 0x02, 0x0F, 0xB0, 0x01, 0x78, 
0x0F, 0x5A, 0x0F, 0x60, 0x0F, 0x66, 0x18, 0x1E, 0x18, 0x1E, 0x0F, 0x5A, 0x0F, 0x60, 0x0F, 0x6C, 
0x18, 0x1E, 0x18, 0x1E, 0x0F, 0x5A, 0x0F, 0x60, 0x0F, 0x72, 0x18, 0x1E, 0x18, 0x1E, 0x0F, 0x5A, 
0x0F, 0x60, 0x0F, 0x78, 0x18, 0x1E, 0x18, 0x1E, 0x0F, 0x7E, 0x0F, 0x60, 0x0F, 0x72, 0x18, 0x1E, 
0x18, 0x1E, 0x0F, 0x5A, 0x0F, 0x60, 0x0F, 0x84, 0x18, 0x1E, 0x18, 0x1E, 0x0F, 0x5A, 0x0F, 0x60, 
0x0F, 0x8A, 0x18, 0x1E, 0x18, 0x1E, 0x0F, 0x5A, 0x0F, 0x60, 0x0F, 0x90, 0x18, 0x1E, 0x18, 0x1E, 
0x0F, 0x5A, 0x0F, 0x60, 0x0F, 0x96, 0x18, 0x1E, 0x18, 0x1E, 0x0F, 0x5A, 0x0F, 0x60, 0x0F, 0x9C, 
0x18, 0x1E, 0x18, 0x1E, 0x0F, 0x7E, 0x0F, 0x60, 0x0F, 0x96, 0x18, 0x1E, 0x18, 0x1E, 0x0F, 0x5A, 
0x0F, 0x60, 0x0F, 0xA2, 0x18, 0x1E, 0x18, 0x1E, 0x0F, 0x5A, 0x0F, 0x60, 0x0F, 0xA8, 0x18, 0x1E, 
0x18, 0x1E, 0x0F, 0x5A, 0x0F, 0x60, 0x0F, 0xAE, 0x18, 0x1E, 0x18, 0x1E, 0x0F, 0x5A, 0x0F, 0x60, 
0x0F, 0xB4, 0x18, 0x1E, 0x18, 0x1E, 0x0F, 0x5A, 0x0F, 0x60, 0x0F, 0xBA, 0x18, 0x1E, 0x18, 0x1E, 
0x0F, 0x7E, 0x0F, 0x60, 0x0F, 0x66, 0x18, 0x1E, 0x18, 0x1E, 0x0F, 0x5A, 0x0F, 0x60, 0x0F, 0xC0, 
0x18, 0x1E, 0x18, 0x1E, 0x0F, 0x5A, 0x0F, 0x60, 0x0F, 0xC6, 0x18, 0x1E, 0x18, 0x1E, 0x0F, 0x5A, 
0x0F, 0x60, 0x0F, 0xCC, 0x18, 0x1E, 0x18, 0x1E, 0x0F, 0x5A, 0x0F, 0x60, 0x0F, 0xD2, 0x18, 0x1E, 
0x18, 0x1E, 0x0F, 0x5A, 0x0F, 0x60, 0x0F, 0x66, 0x18, 0x1E, 0x18, 0x1E, 0x0F, 0x5A, 0x0F, 0x60, 
0x0F, 0xD8, 0x18, 0x1E, 0x18, 0x1E, 0x0F, 0x5A, 0x0F, 0x60, 0x0F, 0xDE, 0x18, 0x1E, 0x18, 0x1E, 
0x0F, 0x5A, 0x0F, 0x60, 0x0F, 0xE4, 0x18, 0x1E, 0x18, 0x1E, 0x0F, 0xEA, 0x18, 0x1E, 0x0F, 0xF0, 
0x18, 0x1E, 0x18, 0x1E, 0x0F, 0xEA, 0x18, 0x1E, 0x0F, 0xF6, 0x18, 0x1E, 0x18, 0x1E, 0x0F, 0xFC, 
0x18, 0x1E, 0x10, 0x02, 0x18, 0x1E, 0x18, 0x1E, 0x10, 0x08, 0x18, 0x1E, 0x10, 0x0E, 0x18, 0x1E, 
0x18, 0x1E, 0x10, 0x08, 0x18, 0x1E, 0x10, 0x14, 0x18, 0x1E, 0x18, 0x1E, 0x10, 0x08, 0x18, 0x1E, 
0x10, 0x1A, 0x18, 0x1E, 0x18, 0x1E, 0x10, 0x20, 0x18, 0x1E, 0x10, 0x0E, 0x18, 0x1E, 0x18, 0x1E, 
0x10, 0x08, 0x18, 0x1E, 0x10, 0x26, 0x18, 0x1E, 0x18, 0x1E, 0x10, 0x08, 0x18, 0x1E, 0x10, 0x2C, 
0x18, 0x1E, 0x18, 0x1E, 0x10, 0x32, 0x18, 0x1E, 0x10, 0x3E, 0x10, 0x38, 0x18, 0x1E, 0x10, 0x32, 
0x18, 0x1E, 0x10, 0x3E, 0x10, 0x38, 0x18, 0x1E, 0x10, 0x32, 0x18, 0x1E, 0x10, 0x44, 0x10, 0x38, 
0x18, 0x1E, 0x10, 0x32, 0x18, 0x1E, 0x10, 0x3E, 0x10, 0x38, 0x18, 0x1E, 0x10, 0x4A, 0x10, 0x50, 
0x10, 0x56, 0x18, 0x1E, 0x18, 0x1E, 0x10, 0x4A, 0x10, 0x50, 0x10, 0x5C, 0x18, 0x1E, 0x18, 0x1E, 
0x10, 0x4A, 0x10, 0x50, 0x10, 0x62, 0x18, 0x1E, 0x18, 0x1E, 0x10, 0x4A, 0x10, 0x50, 0x10, 0x68, 
0x18, 0x1E, 0x18, 0x1E, 0x10, 0x4A, 0x10, 0x50, 0x10, 0x6E, 0x18, 0x1E, 0x18, 0x1E, 0x10, 0x4A, 
0x10, 0x50, 0x10, 0x74, 0x18, 0x1E, 0x18, 0x1E, 0x10, 0x7A, 0x10, 0x50, 0x10, 0x6E, 0x18, 0x1E, 
0x18, 0x1E, 0x10, 0x4A, 0x10, 0x50, 0x10, 0x80, 0x18, 0x1E, 0x18, 0x1E, 0x10, 0x4A, 0x10, 0x50, 
0x10, 0x86, 0x18, 0x1E, 0x18, 0x1E, 0x10, 0x4A, 0x10, 0x50, 0x10, 0x8C, 0x18, 0x1E, 0x18, 0x1E, 
0x10, 0x4A, 0x10, 0x50, 0x10, 0x92, 0x18, 0x1E, 0x18, 0x1E, 0x10, 0x4A, 0x10, 0x50, 0x10, 0x98, 
0x18, 0x1E, 0x18, 0x1E, 0x10, 0x4A, 0x10, 0x50, 0x10, 0x9E, 0x18, 0x1E, 0x18, 0x1E, 0x10, 0x7A, 
0x10, 0x50, 0x10, 0x56, 0x18, 0x1E, 0x18, 0x1E, 0x10, 0x4A, 0x10, 0x50, 0x10, 0xA4, 0x18, 0x1E, 
0x18, 0x1E, 0x10, 0x4A, 0x10, 0x50, 0x10, 0xAA, 0x18, 0x1E, 0x18, 0x1E, 0x10, 0x4A, 0x10, 0x50, 
0x10, 0xB0, 0x18, 0x1E, 0x18, 0x1E, 0x10, 0x4A, 0x10, 0x50, 0x10, 0xB6, 0x18, 0x1E, 0x18, 0x1E, 
0x10, 0x4A, 0x10, 0x50, 0x10, 0x56, 0x18, 0x1E, 0x18, 0x1E, 0x10, 0x4A, 0x10, 0x50, 0x10, 0xBC, 
0x18, 0x1E, 0x18, 0x1E, 0x10, 0xC2, 0x18, 0x1E, 0x10, 0xC8, 0x18, 0x1E, 0x18, 0x1E, 0x10, 0xCE, 
0x18, 0x1E, 0x10, 0xD4, 0x18, 0x1E, 0x18, 0x1E, 0x10, 0xCE, 0x18, 0x1E, 0x10, 0xDA, 0x18, 0x1E, 
0x18, 0x1E, 0x10, 0xCE, 0x18, 0x1E, 0x10, 0xE0, 0x18, 0x1E, 0x18, 0x1E, 0x10, 0xCE, 0x18, 0x1E, 
0x10, 0xE6, 0x18, 0x1E, 0x18, 0x1E, 0x10, 0xEC, 0x18, 0x1E, 0x10, 0xD4, 0x18, 0x1E, 0x18, 0x1E, 
0x10, 0xCE, 0x18, 0x1E, 0x10, 0xF2, 0x18, 0x1E, 0x18, 0x1E, 0x10, 0xF8, 0x18, 0x1E, 0x11, 0x04, 
0x10, 0xFE, 0x18, 0x1E, 0x10, 0xF8, 0x18, 0x1E, 0x11, 0x04, 0x10, 0xFE, 0x18, 0x1E, 0x10, 0xF8, 
0x18, 0x1E, 0x11, 0x0A, 0x10, 0xFE, 0x18, 0x1E, 0x11, 0x10, 0x11, 0x16, 0x11, 0x1C, 0x18, 0x1E, 
0x18, 0x1E, 0x11, 0x10, 0x11, 0x16, 0x11, 0x22, 0x18, 0x1E, 0x18, 0x1E, 0x11, 0x10, 0x11, 0x16, 
0x11, 0x28, 0x18, 0x1E, 0x18, 0x1E, 0x11, 0x10, 0x11, 0x16, 0x11, 0x2E, 0x18, 0x1E, 0x18, 0x1E, 
0x11, 0x10, 0x11, 0x16, 0x11, 0x34, 0x18, 0x1E, 0x18, 0x1E, 0x11, 0x10, 0x11, 0x16, 0x11, 0x3A, 
0x18, 0x1E, 0x18, 0x1E, 0x11, 0x10, 0x11, 0x16, 0x11, 0x40, 0x18, 0x1E, 0x18, 0x1E, 0x11, 0x46, 
0x11, 0x16, 0x11, 0x1C, 0x18, 0x1E, 0x18, 0x1E, 0x11, 0x10, 0x11, 0x16, 0x11, 0x4C, 0x18, 0x1E, 
0x18, 0x1E, 0x11, 0x10, 0x11, 0x16, 0x11, 0x52, 0x18, 0x1E, 0x18, 0x1E, 0x11, 0x10, 0x11, 0x16, 
0x11, 0x58, 0x18, 0x1E, 0x18, 0x1E, 0x11, 0x10, 0x11, 0x16, 0x11, 0x5E, 0x18, 0x1E, 0x18, 0x1E, 
0x11, 0x10, 0x11, 0x16, 0x11, 0x1C, 0x18, 0x1E, 0x18, 0x1E, 0x11, 0x10, 0x11, 0x16, 0x11, 0x64, 
0x18, 0x1E, 0x18, 0x1E, 0x11, 0x6A, 0x18, 0x1E, 0x11, 0x70, 0x18, 0x1E, 0x18, 0x1E, 0x11, 0x6A, 
0x18, 0x1E, 0x11, 0x76, 0x18, 0x1E, 0x18, 0x1E, 0x11, 0x7C, 0x18, 0x1E, 0x11, 0x82, 0x18, 0x1E, 
0x18, 0x1E, 0x11, 0x88, 0x18, 0x1E, 0x11, 0x82, 0x18, 0x1E, 0x18, 0x1E, 0x11, 0x8E, 0x18, 0x1E, 
0x11, 0x1C, 0x11, 0x94, 0x11, 0x9A, 0x11, 0x8E, 0x18, 0x1E, 0x11, 0x22, 0x11, 0x94, 0x11, 0x9A, 
0x11, 0x8E, 0x18, 0x1E, 0x11, 0x1C, 0x11, 0x94, 0x11, 0x9A, 0x11, 0xA0, 0x18, 0x1E, 0x11, 0x1C, 
0x11, 0x94, 0x11, 0x9A, 0x11, 0x8E, 0x18, 0x1E, 0x11, 0x1C, 0x11, 0x94, 0x11, 0x9A, 0x11, 0xA6, 
0x18, 0x1E, 0x11, 0xAC, 0x18, 0x1E, 0x18, 0x1E, 0x11, 0xB2, 0x18, 0x1E, 0x11, 0xB8, 0x18, 0x1E, 
0x18, 0x1E, 0x11, 0xB2, 0x18, 0x1E, 0x11, 0xBE, 0x18, 0x1E, 0x18, 0x1E, 0x11, 0xB2, 0x18, 0x1E, 
0x11, 0xC4, 0x18, 0x1E, 0x18, 0x1E, 0x11, 0xCA, 0x18, 0x1E, 0x11, 0xB8, 0x18, 0x1E, 0x18, 0x1E, 
0x11, 0xB2, 0x18, 0x1E, 0x11, 0xD0, 0x18, 0x1E, 0x18, 0x1E, 0x11, 0xD6, 0x11, 0xE2, 0x11, 0xE8, 
0x11, 0xDC, 0x11, 0xEE, 0x11, 0xD6, 0x11, 0xE2, 0x11, 0xF4, 0x11, 0xDC, 0x11, 0xEE, 0x11, 0xD6, 
0x11, 0xE2, 0x11, 0xFA, 0x11, 0xDC, 0x11, 0xEE, 0x11, 0xD6, 0x11, 0xE2, 0x12, 0x00, 0x11, 0xDC, 
0x11, 0xEE, 0x11, 0xD6, 0x11, 0xE2, 0x12, 0x06, 0x11, 0xDC, 0x11, 0xEE, 0x12, 0x0C, 0x11, 0xE2, 
0x12, 0x00, 0x11, 0xDC, 0x11, 0xEE, 0x11, 0xD6, 0x11, 0xE2, 0x12, 0x12, 0x11, 0xDC, 0x11, 0xEE, 
0x11, 0xD6, 0x11, 0xE2, 0x12, 0x18, 0x11, 0xDC, 0x11, 0xEE, 0x11, 0xD6, 0x11, 0xE2, 0x12, 0x1E, 
0x11, 0xDC, 0x11, 0xEE, 0x11, 0xD6, 0x11, 0xE2, 0x12, 0x24, 0x11, 0xDC, 0x11, 0xEE, 0x11, 0xD6, 
0x11, 0xE2, 0x12, 0x2A, 0x11, 0xDC, 0x11, 0xEE, 0x11, 0xD6, 0x11, 0xE2, 0x12, 0x30, 0x11, 0xDC, 
0x11, 0xEE, 0x11, 0xD6, 0x11, 0xE2, 0x12, 0x36, 0x11, 0xDC, 0x11, 0xEE, 0x12, 0x0C, 0x11, 0xE2, 
0x11, 0xE8, 0x11, 0xDC, 0x11, 0xEE, 0x11, 0xD6, 0x11, 0xE2, 0x12, 0x3C, 0x11, 0xDC, 0x11, 0xEE, 
0x11, 0xD6, 0x11, 0xE2, 0x12, 0x42, 0x11, 0xDC, 0x11, 0xEE, 0x11, 0xD6, 0x11, 0xE2, 0x11, 0xE8, 
0x11, 0xDC, 0x11, 0xEE, 0x11, 0xD6, 0x11, 0xE2, 0x11, 0xF4, 0x11, 0xDC, 0x11, 0xEE, 0x12, 0x0C, 
0x11, 0xE2, 0x11, 0xE8, 0x11, 0xDC, 0x11, 0xEE, 0x11, 0xD6, 0x11, 0xE2, 0x12, 0x3C, 0x11, 0xDC, 
0x11, 0xEE, 0x11, 0xD6, 0x11, 0xE2, 0x12, 0x42, 0x11, 0xDC, 0x11, 0xEE, 0x11, 0xD6, 0x11, 0xE2, 
0x12, 0x48, 0x11, 0xDC, 0x11, 0xEE, 0x11, 0xD6, 0x11, 0xE2, 0x12, 0x4E, 0x11, 0xDC, 0x11, 0xEE, 
0x11, 0xD6, 0x11, 0xE2, 0x12, 0x54, 0x11, 0xDC, 0x11, 0xEE, 0x11, 0xD6, 0x11, 0xE2, 0x12, 0x5A, 
0x11, 0xDC, 0x11, 0xEE, 0x11, 0xD6, 0x11, 0xE2, 0x11, 0xE8, 0x11, 0xDC, 0x11, 0xEE, 0x11, 0xD6, 
0x11, 0xE2, 0x11, 0xE8, 0x11, 0xDC, 0x11, 0xEE, 0x11, 0xD6, 0x11, 0xE2, 0x11, 0xF4, 0x11, 0xDC, 
0x11, 0xEE, 0x11, 0xD6, 0x11, 0xE2, 0x12, 0x48, 0x11, 0xDC, 0x11, 0xEE, 0x11, 0xD6, 0x11, 0xE2, 
0x12, 0x60, 0x11, 0xDC, 0x11, 0xEE, 0x11, 0x10, 0x18, 0x1E, 0x12, 0x66, 0x18, 0x1E, 0x18, 0x1E, 
0x11, 0xD6, 0x11, 0xE2, 0x11, 0xE8, 0x11, 0xDC, 0x11, 0xEE, 0x12, 0x6C, 0x18, 0x1E, 0x12, 0x72, 
0x18, 0x1E, 0x18, 0x1E, 0x12, 0x6C, 0x18, 0x1E, 0x12, 0x78, 0x18, 0x1E, 0x18, 0x1E, 0x12, 0x6C, 
0x18, 0x1E, 0x12, 0x7E, 0x18, 0x1E, 0x18, 0x1E, 0x12, 0x84, 0x18, 0x1E, 0x12, 0x72, 0x18, 0x1E, 
0x18, 0x1E, 0x12, 0x6C, 0x18, 0x1E, 0x12, 0x8A, 0x18, 0x1E, 0x18, 0x1E, 0x12, 0x6C, 0x18, 0x1E, 
0x12, 0x90, 0x18, 0x1E, 0x18, 0x1E, 0x12, 0x96, 0x18, 0x1E, 0x12, 0x9C, 0x18, 0x1E, 0x18, 0x1E, 
0x12, 0x96, 0x18, 0x1E, 0x12, 0xA2, 0x18, 0x1E, 0x18, 0x1E, 0x12, 0x96, 0x18, 0x1E, 0x12, 0xA8, 
0x18, 0x1E, 0x18, 0x1E, 0x12, 0xAE, 0x18, 0x1E, 0x12, 0x9C, 0x18, 0x1E, 0x18, 0x1E, 0x12, 0x96, 
0x18, 0x1E, 0x12, 0xB4, 0x18, 0x1E, 0x18, 0x1E, 0x12, 0xBA, 0x18, 0x1E, 0x12, 0x9C, 0x18, 0x1E, 
0x18, 0x1E, 0x12, 0xC0, 0x18, 0x1E, 0x12, 0xCC, 0x12, 0xC6, 0x18, 0x1E, 0x12, 0xC0, 0x18, 0x1E, 
0x12, 0xCC, 0x12, 0xC6, 0x18, 0x1E, 0x12, 0xC0, 0x18, 0x1E, 0x12, 0xD2, 0x12, 0xC6, 0x18, 0x1E, 
0x12, 0xD8, 0x18, 0x1E, 0x12, 0xCC, 0x12, 0xC6, 0x18, 0x1E, 0x12, 0xDE, 0x18, 0x1E, 0x12, 0xCC, 
0x12, 0xC6, 0x18, 0x1E, 0x12, 0xE4, 0x12, 0xEA, 0x12, 0xF0, 0x18, 0x1E, 0x12, 0xF6, 0x12, 0xE4, 
0x12, 0xEA, 0x12, 0xFC, 0x18, 0x1E, 0x12, 0xF6, 0x12, 0xE4, 0x12, 0xEA, 0x13, 0x02, 0x18, 0x1E, 
0x12, 0xF6, 0x12, 0xE4, 0x12, 0xEA, 0x13, 0x08, 0x18, 0x1E, 0x12, 0xF6, 0x12, 0xE4, 0x12, 0xEA, 
0x13, 0x0E, 0x18, 0x1E, 0x12, 0xF6, 0x12, 0xE4, 0x12, 0xEA, 0x13, 0x14, 0x18, 0x1E, 0x12, 0xF6, 
0x13, 0x1A, 0x12, 0xEA, 0x12, 0xF0, 0x18, 0x1E, 0x12, 0xF6, 0x12, 0xE4, 0x12, 0xEA, 0x13, 0x20, 
0x18, 0x1E, 0x12, 0xF6, 0x12, 0xE4, 0x12, 0xEA, 0x13, 0x26, 0x18, 0x1E, 0x12, 0xF6, 0x12, 0xE4, 
0x12, 0xEA, 0x12, 0xF0, 0x18, 0x1E, 0x12, 0xF6, 0x12, 0xE4, 0x12, 0xEA, 0x12, 0xFC, 0x18, 0x1E, 
0x12, 0xF6, 0x13, 0x1A, 0x12, 0xEA, 0x12, 0xF0, 0x18, 0x1E, 0x12, 0xF6, 0x12, 0xE4, 0x12, 0xEA, 
0x13, 0x20, 0x18, 0x1E, 0x12, 0xF6, 0x12, 0xE4, 0x12, 0xEA, 0x13, 0x26, 0x18, 0x1E, 0x12, 0xF6, 
0x12, 0xE4, 0x12, 0xEA, 0x13, 0x2C, 0x18, 0x1E, 0x12, 0xF6, 0x12, 0xE4, 0x12, 0xEA, 0x13, 0x32, 
0x18, 0x1E, 0x12, 0xF6, 0x12, 0xE4, 0x12, 0xEA, 0x13, 0x38, 0x18, 0x1E, 0x12, 0xF6, 0x12, 0xE4, 
0x12, 0xEA, 0x13, 0x3E, 0x18, 0x1E, 0x12, 0xF6, 0x12, 0xE4, 0x12, 0xEA, 0x12, 0xF0, 0x18, 0x1E, 
0x12, 0xF6, 0x12, 0xE4, 0x12, 0xEA, 0x13, 0x44, 0x18, 0x1E, 0x12, 0xF6, 0x12, 0xE4, 0x12, 0xEA, 
0x13, 0x2C, 0x18, 0x1E, 0x12, 0xF6, 0x10, 0x4A, 0x18, 0x1E, 0x13, 0x4A, 0x18, 0x1E, 0x18, 0x1E, 
0x13, 0x50, 0x18, 0x1E, 0x13, 0x56, 0x18, 0x1E, 0x18, 0x1E, 0x13, 0x50, 0x18, 0x1E, 0x13, 0x5C, 
0x18, 0x1E, 0x18, 0x1E, 0x13, 0x50, 0x18, 0x1E, 0x13, 0x62, 0x18, 0x1E, 0x18, 0x1E, 0x13, 0x50, 
0x18, 0x1E, 0x13, 0x68, 0x18, 0x1E, 0x18, 0x1E, 0x13, 0x50, 0x18, 0x1E, 0x13, 0x6E, 0x18, 0x1E, 
0x18, 0x1E, 0x13, 0x74, 0x18, 0x1E, 0x13, 0x7A, 0x18, 0x1E, 0x18, 0x1E, 0x13, 0x80, 0x18, 0x1E, 
0x13, 0x86, 0x18, 0x1E, 0x18, 0x1E, 0x13, 0x80, 0x18, 0x1E, 0x13, 0x8C, 0x18, 0x1E, 0x18, 0x1E, 
0x13, 0x80, 0x18, 0x1E, 0x13, 0x92, 0x18, 0x1E, 0x18, 0x1E, 0x13, 0x80, 0x18, 0x1E, 0x13, 0x98, 
0x18, 0x1E, 0x18, 0x1E, 0x13, 0x9E, 0x18, 0x1E, 0x13, 0x86, 0x18, 0x1E, 0x18, 0x1E, 0x13, 0x80, 
0x18, 0x1E, 0x13, 0xA4, 0x18, 0x1E, 0x18, 0x1E, 0x13, 0x80, 0x18, 0x1E, 0x13, 0xAA, 0x18, 0x1E, 
0x18, 0x1E, 0x13, 0x80, 0x18, 0x1E, 0x13, 0xB0, 0x18, 0x1E, 0x18, 0x1E, 0x13, 0x80, 0x18, 0x1E, 
0x13, 0xB6, 0x18, 0x1E, 0x18, 0x1E, 0x13, 0xBC, 0x18, 0x1E, 0x13, 0xC2, 0x18, 0x1E, 0x18, 0x1E, 
0x13, 0xBC, 0x18, 0x1E, 0x13, 0xC8, 0x18, 0x1E, 0x18, 0x1E, 0x13, 0xBC, 0x18, 0x1E, 0x13, 0xCE, 
0x18, 0x1E, 0x18, 0x1E, 0x13, 0xBC, 0x18, 0x1E, 0x13, 0xD4, 0x18, 0x1E, 0x18, 0x1E, 0x13, 0xDA, 
0x13, 0xE0, 0x13, 0xE6, 0x18, 0x1E, 0x18, 0x1E, 0x13, 0xDA, 0x13, 0xE0, 0x13, 0xEC, 0x18, 0x1E, 
0x18, 0x1E, 0x13, 0xDA, 0x13, 0xE0, 0x13, 0xF2, 0x18, 0x1E, 0x18, 0x1E, 0x13, 0xDA, 0x13, 0xE0, 
0x13, 0xF8, 0x18, 0x1E, 0x18, 0x1E, 0x13, 0xFE, 0x13, 0xE0, 0x13, 0xF2, 0x18, 0x1E, 0x18, 0x1E, 
0x13, 0xDA, 0x13, 0xE0, 0x14, 0x04, 0x18, 0x1E, 0x18, 0x1E, 0x13, 0xDA, 0x13, 0xE0, 0x14, 0x0A, 
0x18, 0x1E, 0x18, 0x1E, 0x13, 0xDA, 0x13, 0xE0, 0x14, 0x10, 0x18, 0x1E, 0x18, 0x1E, 0x13, 0xDA, 
0x13, 0xE0, 0x14, 0x16, 0x18, 0x1E, 0x18, 0x1E, 0x13, 0xDA, 0x13, 0xE0, 0x14, 0x1C, 0x18, 0x1E, 
0x18, 0x1E, 0x13, 0xFE, 0x13, 0xE0, 0x14, 0x16, 0x18, 0x1E, 0x18, 0x1E, 0x13, 0xDA, 0x13, 0xE0, 
0x14, 0x22, 0x18, 0x1E, 0x18, 0x1E, 0x13, 0xDA, 0x13, 0xE0, 0x14, 0x28, 0x18, 0x1E, 0x18, 0x1E, 
0x13, 0xDA, 0x13, 0xE0, 0x14, 0x2E, 0x18, 0x1E, 0x18, 0x1E, 0x13, 0xDA, 0x13, 0xE0, 0x14, 0x34, 
0x18, 0x1E, 0x18, 0x1E, 0x13, 0xDA, 0x13, 0xE0, 0x14, 0x3A, 0x18, 0x1E, 0x18, 0x1E, 0x13, 0xFE, 
0x13, 0xE0, 0x13, 0xE6, 0x18, 0x1E, 0x18, 0x1E, 0x13, 0xDA, 0x13, 0xE0, 0x14, 0x40, 0x18, 0x1E, 
0x18, 0x1E, 0x13, 0xDA, 0x13, 0xE0, 0x14, 0x46, 0x18, 0x1E, 0x18, 0x1E, 0x13, 0xDA, 0x13, 0xE0, 
0x14, 0x4C, 0x18, 0x1E, 0x18, 0x1E, 0x13, 0xDA, 0x13, 0xE0, 0x14, 0x52, 0x18, 0x1E, 0x18, 0x1E, 
0x13, 0xDA, 0x13, 0xE0, 0x13, 0xE6, 0x18, 0x1E, 0x18, 0x1E, 0x13, 0xDA, 0x13, 0xE0, 0x14, 0x58, 
0x18, 0x1E, 0x18, 0x1E, 0x13, 0xDA, 0x13, 0xE0, 0x14, 0x5E, 0x18, 0x1E, 0x18, 0x1E, 0x13, 0xDA, 
0x13, 0xE0, 0x14, 0x64, 0x18, 0x1E, 0x18, 0x1E, 0x14, 0x6A, 0x13, 0xE0, 0x14, 0x70, 0x18, 0x1E, 
0x18, 0x1E, 0x14, 0x6A, 0x13, 0xE0, 0x14, 0x76, 0x18, 0x1E, 0x18, 0x1E, 0x14, 0x7C, 0x14, 0x88, 
0x14, 0x8E, 0x14, 0x82, 0x14, 0x94, 0x14, 0x9A, 0x18, 0x1E, 0x14, 0xA0, 0x18, 0x1E, 0x18, 0x1E, 
0x14, 0x9A, 0x18, 0x1E, 0x14, 0xA6, 0x18, 0x1E, 0x18, 0x1E, 0x14, 0x9A, 0x18, 0x1E, 0x14, 0xAC, 
0x18, 0x1E, 0x18, 0x1E, 0x14, 0xB2, 0x18, 0x1E, 0x14, 0xA0, 0x18, 0x1E, 0x18, 0x1E, 0x14, 0x9A, 
0x18, 0x1E, 0x14, 0xB8, 0x18, 0x1E, 0x18, 0x1E, 0x14, 0x9A, 0x18, 0x1E, 0x14, 0xBE, 0x18, 0x1E, 
0x18, 0x1E, 0x14, 0xC4, 0x14, 0xD0, 0x14, 0xD6, 0x14, 0xCA, 0x14, 0xDC, 0x14, 0xC4, 0x14, 0xD0, 
0x14, 0xD6, 0x14, 0xCA, 0x14, 0xDC, 0x14, 0xC4, 0x14, 0xD0, 0x14, 0xD6, 0x14, 0xCA, 0x14, 0xDC, 
0x14, 0xE2, 0x14, 0xE8, 0x14, 0xEE, 0x18, 0x1E, 0x18, 0x1E, 0x14, 0xE2, 0x14, 0xE8, 0x14, 0xF4, 
0x18, 0x1E, 0x18, 0x1E, 0x14, 0xE2, 0x14, 0xE8, 0x14, 0xFA, 0x18, 0x1E, 0x18, 0x1E, 0x14, 0xE2, 
0x14, 0xE8, 0x15, 0x00, 0x18, 0x1E, 0x18, 0x1E, 0x14, 0xE2, 0x14, 0xE8, 0x15, 0x06, 0x18, 0x1E, 
0x18, 0x1E, 0x14, 0xE2, 0x14, 0xE8, 0x15, 0x0C, 0x18, 0x1E, 0x18, 0x1E, 0x15, 0x12, 0x14, 0xE8, 
0x15, 0x06, 0x18, 0x1E, 0x18, 0x1E, 0x14, 0xE2, 0x14, 0xE8, 0x15, 0x18, 0x18, 0x1E, 0x18, 0x1E, 
0x14, 0xE2, 0x14, 0xE8, 0x15, 0x1E, 0x18, 0x1E, 0x18, 0x1E, 0x14, 0xE2, 0x14, 0xE8, 0x15, 0x24, 
0x18, 0x1E, 0x18, 0x1E, 0x14, 0xE2, 0x14, 0xE8, 0x15, 0x2A, 0x18, 0x1E, 0x18, 0x1E, 0x14, 0xE2, 
0x14, 0xE8, 0x15, 0x30, 0x18, 0x1E, 0x18, 0x1E, 0x14, 0xE2, 0x14, 0xE8, 0x15, 0x36, 0x18, 0x1E, 
0x18, 0x1E, 0x15, 0x12, 0x14, 0xE8, 0x14, 0xEE, 0x18, 0x1E, 0x18, 0x1E, 0x14, 0xE2, 0x14, 0xE8, 
0x15, 0x3C, 0x18, 0x1E, 0x18, 0x1E, 0x14, 0xE2, 0x14, 0xE8, 0x15, 0x42, 0x18, 0x1E, 0x18, 0x1E, 
0x14, 0xE2, 0x14, 0xE8, 0x15, 0x48, 0x18, 0x1E, 0x18, 0x1E, 0x14, 0xE2, 0x14, 0xE8, 0x15, 0x4E, 
0x18, 0x1E, 0x18, 0x1E, 0x14, 0xE2, 0x14, 0xE8, 0x14, 0xEE, 0x18, 0x1E, 0x18, 0x1E, 0x14, 0xE2, 
0x14, 0xE8, 0x15, 0x54, 0x18, 0x1E, 0x18, 0x1E, 0x15, 0x5A, 0x15, 0x60, 0x15, 0x66, 0x18, 0x1E, 
0x18, 0x1E, 0x15, 0x6C, 0x18, 0x1E, 0x15, 0x72, 0x18, 0x1E, 0x18, 0x1E, 0x15, 0x78, 0x18, 0x1E, 
0x13, 0xE6, 0x18, 0x1E, 0x18, 0x1E, 0x15, 0x78, 0x18, 0x1E, 0x13, 0xF2, 0x18, 0x1E, 0x18, 0x1E, 
0x15, 0x78, 0x18, 0x1E, 0x15, 0x7E, 0x18, 0x1E, 0x18, 0x1E, 0x15, 0x78, 0x18, 0x1E, 0x14, 0x16, 
0x18, 0x1E, 0x18, 0x1E, 0x15, 0x78, 0x18, 0x1E, 0x15, 0x84, 0x18, 0x1E, 0x18, 0x1E, 0x15, 0x78, 
0x18, 0x1E, 0x15, 0x8A, 0x18, 0x1E, 0x18, 0x1E, 0x15, 0x90, 0x18, 0x1E, 0x15, 0x9C, 0x15, 0x96, 
0x18, 0x1E, 0x15, 0x90, 0x18, 0x1E, 0x15, 0x9C, 0x15, 0x96, 0x18, 0x1E, 0x15, 0x90, 0x18, 0x1E, 
0x15, 0xA2, 0x15, 0x96, 0x18, 0x1E, 0x15, 0xA8, 0x15, 0xAE, 0x15, 0xB4, 0x18, 0x1E, 0x18, 0x1E, 
0x15, 0xA8, 0x15, 0xAE, 0x15, 0xBA, 0x18, 0x1E, 0x18, 0x1E, 0x15, 0xA8, 0x15, 0xAE, 0x15, 0xC0, 
0x18, 0x1E, 0x18, 0x1E, 0x15, 0xA8, 0x15, 0xAE, 0x15, 0xC6, 0x18, 0x1E, 0x18, 0x1E, 0x15, 0xA8, 
0x15, 0xAE, 0x15, 0xCC, 0x18, 0x1E, 0x18, 0x1E, 0x15, 0xA8, 0x15, 0xAE, 0x15, 0xD2, 0x18, 0x1E, 
0x18, 0x1E, 0x15, 0xA8, 0x15, 0xAE, 0x15, 0xBA, 0x18, 0x1E, 0x18, 0x1E, 0x15, 0xA8, 0x15, 0xAE, 
0x15, 0xB4, 0x18, 0x1E, 0x18, 0x1E, 0x15, 0xD8, 0x15, 0xAE, 0x15, 0xB4, 0x18, 0x1E, 0x18, 0x1E, 
0x15, 0xA8, 0x15, 0xAE, 0x15, 0xDE, 0x18, 0x1E, 0x18, 0x1E, 0x15, 0xA8, 0x15, 0xAE, 0x15, 0xE4, 
0x18, 0x1E, 0x18, 0x1E, 0x15, 0xA8, 0x15, 0xAE, 0x15, 0xEA, 0x18, 0x1E, 0x18, 0x1E, 0x15, 0xF0, 
0x15, 0xAE, 0x15, 0xF6, 0x18, 0x1E, 0x18, 0x1E, 0x15, 0xA8, 0x15, 0xAE, 0x15, 0xFC, 0x18, 0x1E, 
0x18, 0x1E, 0x15, 0xA8, 0x15, 0xAE, 0x15, 0xB4, 0x18, 0x1E, 0x18, 0x1E, 0x15, 0xA8, 0x15, 0xAE, 
0x16, 0x02, 0x18, 0x1E, 0x18, 0x1E, 0x16, 0x08, 0x18, 0x1E, 0x16, 0x0E, 0x18, 0x1E, 0x18, 0x1E, 
0x16, 0x08, 0x18, 0x1E, 0x16, 0x14, 0x18, 0x1E, 0x18, 0x1E, 0x16, 0x08, 0x18, 0x1E, 0x16, 0x1A, 
0x18, 0x1E, 0x18, 0x1E, 0x16, 0x20, 0x18, 0x1E, 0x15, 0x9C, 0x18, 0x1E, 0x18, 0x1E, 0x16, 0x26, 
0x18, 0x1E, 0x15, 0x9C, 0x18, 0x1E, 0x18, 0x1E, 0x16, 0x2C, 0x18, 0x1E, 0x16, 0x38, 0x16, 0x32, 
0x16, 0x3E, 0x16, 0x2C, 0x18, 0x1E, 0x16, 0x38, 0x16, 0x32, 0x16, 0x3E, 0x16, 0x44, 0x18, 0x1E, 
0x16, 0x38, 0x16, 0x32, 0x16, 0x3E, 0x16, 0x2C, 0x18, 0x1E, 0x16, 0x38, 0x16, 0x32, 0x16, 0x3E, 
0x16, 0x4A, 0x18, 0x1E, 0x16, 0x50, 0x18, 0x1E, 0x18, 0x1E, 0x15, 0x90, 0x18, 0x1E, 0x16, 0x56, 
0x18, 0x1E, 0x18, 0x1E, 0x15, 0x90, 0x18, 0x1E, 0x16, 0x5C, 0x18, 0x1E, 0x18, 0x1E, 0x15, 0x90, 
0x18, 0x1E, 0x16, 0x62, 0x18, 0x1E, 0x18, 0x1E, 0x16, 0x68, 0x18, 0x1E, 0x16, 0x56, 0x18, 0x1E, 
0x18, 0x1E, 0x15, 0x90, 0x18, 0x1E, 0x16, 0x6E, 0x18, 0x1E, 0x18, 0x1E, 0x13, 0xDA, 0x16, 0x7A, 
0x13, 0xE6, 0x16, 0x74, 0x16, 0x80, 0x13, 0xDA, 0x16, 0x7A, 0x13, 0xEC, 0x16, 0x74, 0x16, 0x80, 
0x13, 0xDA, 0x16, 0x7A, 0x13, 0xF2, 0x16, 0x74, 0x16, 0x80, 0x13, 0xDA, 0x16, 0x7A, 0x14, 0x16, 
0x16, 0x74, 0x16, 0x80, 0x13, 0xDA, 0x16, 0x7A, 0x14, 0x1C, 0x16, 0x74, 0x16, 0x80, 0x13, 0xFE, 
0x16, 0x7A, 0x14, 0x16, 0x16, 0x74, 0x16, 0x80, 0x13, 0xDA, 0x16, 0x7A, 0x14, 0x22, 0x16, 0x74, 
0x16, 0x80, 0x13, 0xDA, 0x16, 0x7A, 0x14, 0x28, 0x16, 0x74, 0x16, 0x80, 0x13, 0xDA, 0x16, 0x7A, 
0x14, 0x2E, 0x16, 0x74, 0x16, 0x80, 0x13, 0xDA, 0x16, 0x7A, 0x14, 0x34, 0x16, 0x74, 0x16, 0x80, 
0x13, 0xDA, 0x16, 0x7A, 0x14, 0x3A, 0x16, 0x74, 0x16, 0x80, 0x13, 0xDA, 0x16, 0x7A, 0x15, 0x84, 
0x16, 0x74, 0x16, 0x80, 0x13, 0xDA, 0x16, 0x7A, 0x16, 0x86, 0x16, 0x74, 0x16, 0x80, 0x13, 0xFE, 
0x16, 0x7A, 0x13, 0xE6, 0x16, 0x74, 0x16, 0x80, 0x13, 0xDA, 0x16, 0x7A, 0x14, 0x40, 0x16, 0x74, 
0x16, 0x80, 0x13, 0xDA, 0x16, 0x7A, 0x14, 0x46, 0x16, 0x74, 0x16, 0x80, 0x13, 0xDA, 0x16, 0x7A, 
0x13, 0xE6, 0x16, 0x74, 0x16, 0x80, 0x13, 0xDA, 0x16, 0x7A, 0x13, 0xEC, 0x16, 0x74, 0x16, 0x80, 
0x13, 0xFE, 0x16, 0x7A, 0x13, 0xE6, 0x16, 0x74, 0x16, 0x80, 0x13, 0xDA, 0x16, 0x7A, 0x14, 0x40, 
0x16, 0x74, 0x16, 0x80, 0x13, 0xDA, 0x16, 0x7A, 0x14, 0x46, 0x16, 0x74, 0x16, 0x80, 0x13, 0xDA, 
0x16, 0x7A, 0x14, 0x64, 0x16, 0x74, 0x16, 0x80, 0x13, 0xDA, 0x16, 0x7A, 0x16, 0x8C, 0x16, 0x74, 
0x16, 0x80, 0x13, 0xDA, 0x16, 0x7A, 0x14, 0x4C, 0x16, 0x74, 0x16, 0x80, 0x13, 0xDA, 0x16, 0x7A, 
0x14, 0x52, 0x16, 0x74, 0x16, 0x80, 0x13, 0xDA, 0x16, 0x7A, 0x13, 0xE6, 0x16, 0x74, 0x16, 0x80, 
0x14, 0xC4, 0x16, 0x98, 0x14, 0xD6, 0x16, 0x92, 0x16, 0x9E, 0x14, 0xC4, 0x16, 0x98, 0x16, 0xA4, 
0x16, 0x92, 0x16, 0x9E, 0x13, 0xDA, 0x16, 0x7A, 0x14, 0x64, 0x16, 0x74, 0x16, 0x80, 0x13, 0xDA, 
0x16, 0x7A, 0x16, 0xAA, 0x16, 0x74, 0x16, 0x80, 0x16, 0xB0, 0x16, 0xBC, 0x16, 0xC2, 0x16, 0xB6, 
0x18, 0x1E, 0x14, 0xC4, 0x13, 0xE0, 0x14, 0xD6, 0x16, 0xC8, 0x16, 0xCE, 0x16, 0xD4, 0x18, 0x1E, 
0x16, 0xDA, 0x18, 0x1E, 0x18, 0x1E, 0x16, 0xD4, 0x18, 0x1E, 0x16, 0xE0, 0x18, 0x1E, 0x18, 0x1E, 
0x16, 0xD4, 0x18, 0x1E, 0x16, 0xE6, 0x18, 0x1E, 0x18, 0x1E, 0x16, 0xEC, 0x18, 0x1E, 0x16, 0xDA, 
0x18, 0x1E, 0x18, 0x1E, 0x16, 0xD4, 0x18, 0x1E, 0x16, 0xF2, 0x18, 0x1E, 0x18, 0x1E, 0x16, 0xD4, 
0x18, 0x1E, 0x16, 0xF8, 0x18, 0x1E, 0x18, 0x1E, 0x16, 0xFE, 0x18, 0x1E, 0x17, 0x04, 0x18, 0x1E, 
0x18, 0x1E, 0x16, 0xFE, 0x18, 0x1E, 0x17, 0x0A, 0x18, 0x1E, 0x18, 0x1E, 0x16, 0xFE, 0x18, 0x1E, 
0x17, 0x10, 0x18, 0x1E, 0x18, 0x1E, 0x17, 0x16, 0x18, 0x1E, 0x17, 0x04, 0x18, 0x1E, 0x18, 0x1E, 
0x16, 0xFE, 0x18, 0x1E, 0x17, 0x1C, 0x18, 0x1E, 0x18, 0x1E, 0x17, 0x22, 0x18, 0x1E, 0x17, 0x04, 
0x18, 0x1E, 0x18, 0x1E, 0x17, 0x28, 0x18, 0x1E, 0x17, 0x34, 0x17, 0x2E, 0x17, 0x3A, 0x17, 0x28, 
0x18, 0x1E, 0x17, 0x34, 0x17, 0x2E, 0x17, 0x3A, 0x17, 0x28, 0x18, 0x1E, 0x17, 0x34, 0x17, 0x2E, 
0x17, 0x3A, 0x17, 0x40, 0x18, 0x1E, 0x17, 0x34, 0x17, 0x2E, 0x17, 0x3A, 0x17, 0x46, 0x18, 0x1E, 
0x17, 0x34, 0x17, 0x2E, 0x17, 0x3A, 0x15, 0x90, 0x17, 0x4C, 0x16, 0x56, 0x18, 0x1E, 0x17, 0x52, 
0x15, 0x90, 0x17, 0x4C, 0x16, 0x5C, 0x18, 0x1E, 0x17, 0x52, 0x15, 0x90, 0x17, 0x4C, 0x17, 0x58, 
0x18, 0x1E, 0x17, 0x52, 0x15, 0x90, 0x17, 0x4C, 0x17, 0x5E, 0x18, 0x1E, 0x17, 0x52, 0x15, 0x90, 
0x17, 0x4C, 0x17, 0x64, 0x18, 0x1E, 0x17, 0x52, 0x15, 0x90, 0x17, 0x4C, 0x17, 0x6A, 0x18, 0x1E, 
0x17, 0x52, 0x17, 0x70, 0x17, 0x4C, 0x16, 0x56, 0x18, 0x1E, 0x17, 0x52, 0x15, 0x90, 0x17, 0x4C, 
0x17, 0x76, 0x18, 0x1E, 0x17, 0x52, 0x15, 0x90, 0x17, 0x4C, 0x17, 0x7C, 0x18, 0x1E, 0x17, 0x52, 
0x15, 0x90, 0x17, 0x4C, 0x16, 0x56, 0x18, 0x1E, 0x17, 0x52, 0x15, 0x90, 0x17, 0x4C, 0x16, 0x5C, 
0x18, 0x1E, 0x17, 0x52, 0x17, 0x70, 0x17, 0x4C, 0x16, 0x56, 0x18, 0x1E, 0x17, 0x52, 0x15, 0x90, 
0x17, 0x4C, 0x17, 0x76, 0x18, 0x1E, 0x17, 0x52, 0x15, 0x90, 0x17, 0x4C, 0x17, 0x7C, 0x18, 0x1E, 
0x17, 0x52, 0x15, 0x90, 0x17, 0x4C, 0x16, 0x6E, 0x18, 0x1E, 0x17, 0x52, 0x15, 0x90, 0x17, 0x4C, 
0x17, 0x82, 0x18, 0x1E, 0x17, 0x52, 0x15, 0x90, 0x17, 0x4C, 0x17, 0x88, 0x18, 0x1E, 0x17, 0x52, 
0x15, 0x90, 0x17, 0x4C, 0x17, 0x8E, 0x18, 0x1E, 0x17, 0x52, 0x15, 0x90, 0x17, 0x4C, 0x16, 0x56, 
0x18, 0x1E, 0x17, 0x52, 0x15, 0x90, 0x17, 0x4C, 0x17, 0x94, 0x18, 0x1E, 0x17, 0x52, 0x15, 0x90, 
0x17, 0x4C, 0x16, 0x6E, 0x18, 0x1E, 0x17, 0x52, 0x17, 0x9A, 0x18, 0x1E, 0x17, 0xA0, 0x18, 0x1E, 
0x18, 0x1E, 0x14, 0x7C, 0x18, 0x1E, 0x14, 0x8E, 0x18, 0x1E, 0x18, 0x1E, 0x14, 0x7C, 0x18, 0x1E, 
0x17, 0xA6, 0x18, 0x1E, 0x18, 0x1E, 0x14, 0x7C, 0x18, 0x1E, 0x17, 0xAC, 0x18, 0x1E, 0x18, 0x1E, 
0x14, 0x7C, 0x18, 0x1E, 0x17, 0xB2, 0x18, 0x1E, 0x18, 0x1E, 0x14, 0x7C, 0x18, 0x1E, 0x17, 0xB8, 
0x18, 0x1E, 0x18, 0x1E, 0x17, 0xBE, 0x18, 0x1E, 0x17, 0xC4, 0x18, 0x1E, 0x18, 0x1E, 0x14, 0x7C, 
0x18, 0x1E, 0x17, 0xCA, 0x18, 0x1E, 0x18, 0x1E, 0x14, 0x7C, 0x18, 0x1E, 0x17, 0xD0, 0x18, 0x1E, 
0x18, 0x1E, 0x14, 0x7C, 0x18, 0x1E, 0x17, 0xD6, 0x18, 0x1E, 0x18, 0x1E, 0x14, 0x7C, 0x18, 0x1E, 
0x17, 0xDC, 0x18, 0x1E, 0x18, 0x1E, 0x17, 0xE2, 0x18, 0x1E, 0x17, 0xCA, 0x18, 0x1E, 0x18, 0x1E, 
0x14, 0x7C, 0x18, 0x1E, 0x17, 0xE8, 0x18, 0x1E, 0x18, 0x1E, 0x14, 0x7C, 0x18, 0x1E, 0x17, 0xEE, 
0x18, 0x1E, 0x18, 0x1E, 0x14, 0x7C, 0x18, 0x1E, 0x17, 0xF4, 0x18, 0x1E, 0x18, 0x1E, 0x14, 0x7C, 
0x18, 0x1E, 0x17, 0xFA, 0x18, 0x1E, 0x18, 0x1E, 0x18, 0x00, 0x18, 0x1E, 0x18, 0x06, 0x18, 0x1E, 
0x18, 0x1E, 0x18, 0x00, 0x18, 0x1E, 0x18, 0x0C, 0x18, 0x1E, 0x18, 0x1E, 0x18, 0x00, 0x18, 0x1E, 
0x18, 0x12, 0x18, 0x1E, 0x18, 0x1E, 0x18, 0x00, 0x18, 0x1E, 0x18, 0x18, 0x18, 0x1E, 0x18, 0x1E, 
0x00, 0x01, 0xFF, 0xA0, 0x00, 0x00, 0x00, 0x01, 0xFF, 0x37, 0x00, 0x00, 0x00, 0x01, 0xFF, 0x61, 
0x00, 0x00, 0x00, 0x01, 0xFF, 0x3B, 0x00, 0x00, 0x00, 0x01, 0xFF, 0x2C, 0x00, 0x00, 0x00, 0x01, 
0xFF, 0x60, 0x00, 0x1F, 0x00, 0x01, 0xFF, 0x05, 0x02, 0x23, 0x00, 0x01, 0xFF, 0x74, 0x02, 0x23, 
0x00, 0x01, 0xFF, 0xB6, 0x02, 0x23, 0x00, 0x01, 0xFF, 0x47, 0x02, 0x23, 0x00, 0x01, 0xFF, 0x30, 
0x02, 0x23, 0x00, 0x01, 0xFF, 0x3A, 0x02, 0x23, 0x00, 0x01, 0xFF, 0x3B, 0x02, 0x23, 0x00, 0x01, 
0xFF, 0x75, 0x02, 0x23, 0x00, 0x01, 0xFF, 0x08, 0x02, 0x23, 0x00, 0x01, 0xFE, 0xEE, 0x02, 0x23, 
0x00, 0x01, 0xFF, 0x57, 0x02, 0x23, 0x00, 0x01, 0xFF, 0x4E, 0x02, 0x23, 0x00, 0x01, 0xFF, 0x36, 
0x02, 0x23, 0x00, 0x01, 0xFF, 0x96, 0x02, 0x23, 0x00, 0x01, 0xFF, 0x35, 0x02, 0x23, 0x00, 0x01, 
0xFF, 0x1E, 0x02, 0x23, 0x00, 0x01, 0xFE, 0xEA, 0x02, 0x23, 0x00, 0x01, 0xFE, 0xFB, 0x02, 0x23, 
0x00, 0x01, 0xFF, 0x0F, 0x01, 0x36, 0x00, 0x01, 0xFE, 0x47, 0x01, 0x36, 0x00, 0x01, 0xFF, 0x4B, 
0x03, 0x0D, 0x00, 0x01, 0xFF, 0x41, 0x02, 0x23, 0x00, 0x01, 0x01, 0x60, 0x00, 0x00, 0x00, 0x01, 
0x02, 0x92, 0x00, 0x1D, 0x00, 0x01, 0x01, 0x60, 0x03, 0x0D, 0x00, 0x01, 0x01, 0x8E, 0x03, 0xB1, 
0x00, 0x01, 0x01, 0x60, 0x03, 0xB0, 0x00, 0x01, 0x01, 0x60, 0x04, 0x7C, 0x00, 0x01, 0x01, 0x60, 
0xFF, 0x3A, 0x00, 0x01, 0x01, 0x60, 0x04, 0xC3, 0x00, 0x01, 0x01, 0x60, 0x04, 0xD6, 0x00, 0x01, 
0x01, 0x60, 0x04, 0x4D, 0x00, 0x01, 0x01, 0xBB, 0x03, 0xC7, 0x00, 0x01, 0x01, 0x86, 0x04, 0x9D, 
0x00, 0x01, 0x01, 0x60, 0x04, 0x9E, 0x00, 0x01, 0x01, 0x7E, 0x04, 0x89, 0x00, 0x01, 0x01, 0x60, 
0x04, 0x79, 0x00, 0x01, 0x01, 0x60, 0x04, 0x1F, 0x00, 0x01, 0x01, 0x60, 0x03, 0xC4, 0x00, 0x01, 
0x01, 0x24, 0x03, 0xF8, 0x00, 0x01, 0x01, 0x67, 0x03, 0xED, 0x00, 0x01, 0x01, 0x60, 0x04, 0x00, 
0x00, 0x01, 0x01, 0x60, 0x03, 0xBC, 0x00, 0x01, 0x01, 0x60, 0x03, 0xCF, 0x00, 0x01, 0x01, 0x8E, 
0x04, 0x73, 0x00, 0x01, 0x01, 0x58, 0x03, 0xA8, 0x00, 0x01, 0x01, 0xD2, 0x00, 0x00, 0x00, 0x01, 
0x02, 0x36, 0x03, 0x0D, 0x00, 0x01, 0x02, 0x64, 0x03, 0xB1, 0x00, 0x01, 0x01, 0x52, 0x00, 0x00, 
0x00, 0x01, 0x01, 0x52, 0x03, 0x0D, 0x00, 0x01, 0x01, 0xBB, 0x00, 0x00, 0x00, 0x01, 0x01, 0xBC, 
0x03, 0x0D, 0x00, 0x01, 0x01, 0xEA, 0x03, 0xB1, 0x00, 0x01, 0x01, 0xBC, 0x03, 0xEC, 0x00, 0x01, 
0x01, 0xBB, 0xFF, 0x1E, 0x00, 0x01, 0x02, 0x17, 0x03, 0xC7, 0x00, 0x01, 0x01, 0xBC, 0x03, 0xAB, 
0x00, 0x01, 0x01, 0x7D, 0x00, 0x00, 0x00, 0x01, 0x00, 0xB5, 0x01, 0x87, 0x00, 0x01, 0x01, 0x7D, 
0x03, 0x0D, 0x00, 0x01, 0x01, 0x7D, 0x03, 0xEC, 0x00, 0x01, 0x01, 0x62, 0x00, 0x00, 0x00, 0x01, 
0x02, 0x6F, 0x00, 0x0A, 0x00, 0x01, 0x01, 0x76, 0x03, 0x0D, 0x00, 0x01, 0x01, 0xA4, 0x03, 0xB1, 
0x00, 0x01, 0x01, 0x76, 0x03, 0xB0, 0x00, 0x01, 0x01, 0x76, 0x03, 0xEC, 0x00, 0x01, 0x01, 0xD1, 
0x03, 0xC7, 0x00, 0x01, 0x01, 0x9C, 0x04, 0x9D, 0x00, 0x01, 0x01, 0x62, 0xFF, 0x3A, 0x00, 0x01, 
0x01, 0x76, 0x04, 0x9E, 0x00, 0x01, 0x01, 0x94, 0x04, 0x89, 0x00, 0x01, 0x01, 0x76, 0x04, 0x79, 
0x00, 0x01, 0x01, 0x76, 0x04, 0x1F, 0x00, 0x01, 0x01, 0x76, 0x03, 0xC4, 0x00, 0x01, 0x01, 0x76, 
0x03, 0xAB, 0x00, 0x01, 0x01, 0x3A, 0x03, 0xF8, 0x00, 0x01, 0x01, 0x7D, 0x03, 0xED, 0x00, 0x01, 
0x01, 0x76, 0x04, 0x00, 0x00, 0x01, 0x01, 0x76, 0x03, 0xBC, 0x00, 0x01, 0x01, 0x80, 0x03, 0xA0, 
0x00, 0x01, 0x01, 0x39, 0x00, 0x00, 0x00, 0x01, 0x01, 0x39, 0x03, 0x0D, 0x00, 0x01, 0x01, 0xB2, 
0x00, 0x00, 0x00, 0x01, 0x01, 0xB2, 0x03, 0x0D, 0x00, 0x01, 0x01, 0xB2, 0x03, 0xB0, 0x00, 0x01, 
0x01, 0xB2, 0x03, 0xEC, 0x00, 0x01, 0x02, 0x0D, 0x03, 0xC7, 0x00, 0x01, 0x01, 0xB2, 0xFF, 0x21, 
0x00, 0x01, 0x01, 0xB2, 0x03, 0xAB, 0x00, 0x01, 0x01, 0x9D, 0x00, 0x00, 0x00, 0x01, 0x01, 0x9D, 
0x02, 0x77, 0x00, 0x01, 0x01, 0x9D, 0x03, 0x0D, 0x00, 0x01, 0x01, 0xF8, 0x03, 0xC7, 0x00, 0x01, 
0x00, 0x82, 0x00, 0x00, 0x00, 0x01, 0x00, 0x82, 0x00, 0x0A, 0x00, 0x01, 0x00, 0x82, 0x03, 0x0D, 
0x00, 0x01, 0x00, 0xB0, 0x03, 0xB1, 0x00, 0x01, 0x00, 0x82, 0x03, 0xB0, 0x00, 0x01, 0x00, 0xDD, 
0x03, 0xC7, 0x00, 0x01, 0x00, 0x82, 0x04, 0x1F, 0x00, 0x01, 0x00, 0x82, 0x03, 0xC4, 0x00, 0x01, 
0x00, 0x82, 0x03, 0xAB, 0x00, 0x01, 0x00, 0x82, 0xFF, 0x3A, 0x00, 0x01, 0x00, 0x46, 0x03, 0xF8, 
0x00, 0x01, 0x00, 0x89, 0x03, 0xED, 0x00, 0x01, 0x00, 0x82, 0x04, 0x00, 0x00, 0x01, 0x00, 0x82, 
0x03, 0xBC, 0x00, 0x01, 0x00, 0x7A, 0x03, 0xA8, 0x00, 0x01, 0x01, 0x2F, 0x00, 0x00, 0x00, 0x01, 
0x01, 0xDC, 0x03, 0x0D, 0x00, 0x01, 0x02, 0x37, 0x03, 0xC7, 0x00, 0x01, 0x01, 0x44, 0x00, 0x00, 
0x00, 0x01, 0x01, 0x44, 0x03, 0x0D, 0x00, 0x01, 0x01, 0x44, 0xFF, 0x21, 0x00, 0x01, 0x01, 0x43, 
0x00, 0x00, 0x00, 0x01, 0x00, 0x85, 0x01, 0x87, 0x00, 0x01, 0x01, 0x5A, 0x03, 0x0D, 0x00, 0x01, 
0x01, 0x43, 0xFF, 0x21, 0x00, 0x01, 0x01, 0xEB, 0x00, 0x00, 0x00, 0x01, 0x01, 0xEB, 0x03, 0x0D, 
0x00, 0x01, 0x01, 0x9B, 0x00, 0x00, 0x00, 0x01, 0x01, 0x9B, 0x03, 0x0D, 0x00, 0x01, 0x01, 0xC9, 
0x03, 0xB1, 0x00, 0x01, 0x01, 0x9B, 0x03, 0xEC, 0x00, 0x01, 0x01, 0x9B, 0xFF, 0x21, 0x00, 0x01, 
0x01, 0xA5, 0x03, 0xA0, 0x00, 0x01, 0x01, 0xCD, 0x00, 0x00, 0x00, 0x01, 0x01, 0xCD, 0x01, 0x87, 
0x00, 0x01, 0x01, 0xCD, 0x00, 0x0A, 0x00, 0x01, 0x01, 0xCD, 0x03, 0x0D, 0x00, 0x01, 0x02, 0x82, 
0x02, 0xED, 0x00, 0x01, 0x01, 0xFB, 0x03, 0xB1, 0x00, 0x01, 0x01, 0xCD, 0x03, 0xB0, 0x00, 0x01, 
0x02, 0x28, 0x03, 0xC7, 0x00, 0x01, 0x01, 0xF3, 0x04, 0x9D, 0x00, 0x01, 0x01, 0xCD, 0xFF, 0x3A, 
0x00, 0x01, 0x01, 0xCD, 0x04, 0x9E, 0x00, 0x01, 0x01, 0xEB, 0x04, 0x89, 0x00, 0x01, 0x01, 0xCD, 
0x04, 0x79, 0x00, 0x01, 0x01, 0xCD, 0x04, 0x1F, 0x00, 0x01, 0x01, 0xCD, 0x03, 0xC4, 0x00, 0x01, 
0x01, 0xCD, 0x04, 0x73, 0x00, 0x01, 0x01, 0xCD, 0x04, 0x5A, 0x00, 0x01, 0x01, 0x91, 0x03, 0xF8, 
0x00, 0x01, 0x01, 0xD4, 0x03, 0xED, 0x00, 0x01, 0x01, 0xD7, 0x03, 0xA0, 0x00, 0x01, 0x01, 0xFF, 
0x03, 0xDF, 0x00, 0x01, 0x01, 0xCD, 0x04, 0x00, 0x00, 0x01, 0x01, 0xCD, 0x03, 0xBC, 0x00, 0x01, 
0x01, 0xD7, 0x04, 0x4F, 0x00, 0x01, 0x01, 0x2F, 0x03, 0x0D, 0x00, 0x01, 0x01, 0x30, 0x00, 0x00, 
0x00, 0x01, 0x01, 0x30, 0x03, 0x0D, 0x00, 0x01, 0x01, 0x5E, 0x03, 0xB1, 0x00, 0x01, 0x01, 0x30, 
0x03, 0xEC, 0x00, 0x01, 0x01, 0x30, 0xFF, 0x21, 0x00, 0x01, 0x01, 0x30, 0x04, 0x1F, 0x00, 0x01, 
0x01, 0x30, 0x04, 0x00, 0x00, 0x01, 0x01, 0x42, 0x00, 0x00, 0x00, 0x01, 0x01, 0x42, 0x03, 0x0D, 
0x00, 0x01, 0x01, 0x70, 0x03, 0xB1, 0x00, 0x01, 0x01, 0x42, 0x03, 0xEC, 0x00, 0x01, 0x01, 0x42, 
0xFF, 0x1E, 0x00, 0x01, 0x01, 0x9D, 0x03, 0xC7, 0x00, 0x01, 0x01, 0x42, 0xFF, 0x21, 0x00, 0x01, 
0x01, 0x45, 0x00, 0x00, 0x00, 0x01, 0x01, 0x45, 0x01, 0x87, 0x00, 0x01, 0x01, 0x45, 0x03, 0x0D, 
0x00, 0x01, 0x01, 0x45, 0x03, 0xEC, 0x00, 0x01, 0x01, 0x45, 0xFF, 0x1E, 0x00, 0x01, 0x01, 0x45, 
0xFF, 0x21, 0x00, 0x01, 0x01, 0x91, 0x00, 0x00, 0x00, 0x01, 0x01, 0xF6, 0x00, 0x32, 0x00, 0x01, 
0x01, 0x91, 0x03, 0x0D, 0x00, 0x01, 0x02, 0x9F, 0x03, 0x0D, 0x00, 0x01, 0x01, 0xBF, 0x03, 0xB1, 
0x00, 0x01, 0x01, 0x91, 0x03, 0xB0, 0x00, 0x01, 0x01, 0xEC, 0x03, 0xC7, 0x00, 0x01, 0x01, 0x91, 
0x04, 0x1F, 0x00, 0x01, 0x01, 0x91, 0x03, 0xC4, 0x00, 0x01, 0x01, 0x91, 0xFF, 0x3A, 0x00, 0x01, 
0x01, 0x55, 0x03, 0xF8, 0x00, 0x01, 0x01, 0x98, 0x03, 0xED, 0x00, 0x01, 0x01, 0x9B, 0x03, 0xA0, 
0x00, 0x01, 0x01, 0xC3, 0x03, 0xDF, 0x00, 0x01, 0x01, 0x91, 0x04, 0x00, 0x00, 0x01, 0x01, 0x91, 
0x03, 0xBC, 0x00, 0x01, 0x01, 0x91, 0x03, 0xCF, 0x00, 0x01, 0x01, 0x62, 0x03, 0x0D, 0x00, 0x01, 
0x01, 0xD5, 0x00, 0x00, 0x00, 0x01, 0x01, 0xD5, 0x03, 0x0D, 0x00, 0x01, 0x02, 0x03, 0x03, 0xB1, 
0x00, 0x01, 0x02, 0x30, 0x03, 0xC7, 0x00, 0x01, 0x01, 0xD5, 0x03, 0xC4, 0x00, 0x01, 0x01, 0x99, 
0x03, 0xF8, 0x00, 0x01, 0x01, 0x5F, 0x00, 0x00, 0x00, 0x01, 0x01, 0x5F, 0x03, 0x0D, 0x00, 0x01, 
0x01, 0x3D, 0x00, 0x00, 0x00, 0x01, 0x01, 0x3D, 0x03, 0x0D, 0x00, 0x01, 0x01, 0x6B, 0x03, 0xB1, 
0x00, 0x01, 0x01, 0x98, 0x03, 0xC7, 0x00, 0x01, 0x01, 0x3D, 0x03, 0xC4, 0x00, 0x01, 0x01, 0x3D, 
0xFF, 0x3A, 0x00, 0x01, 0x01, 0x01, 0x03, 0xF8, 0x00, 0x01, 0x01, 0x44, 0x03, 0xED, 0x00, 0x01, 
0x01, 0x3D, 0x03, 0xBC, 0x00, 0x01, 0x01, 0x47, 0x03, 0xA0, 0x00, 0x01, 0x01, 0x64, 0x00, 0x00, 
0x00, 0x01, 0x01, 0x64, 0x03, 0x0D, 0x00, 0x01, 0x01, 0x92, 0x03, 0xB1, 0x00, 0x01, 0x01, 0x64, 
0x03, 0xEC, 0x00, 0x01, 0x01, 0x64, 0x03, 0xAB, 0x00, 0x01, 0x01, 0x54, 0x00, 0x00, 0x00, 0x01, 
0x02, 0x63, 0x00, 0x0A, 0x00, 0x01, 0x01, 0x54, 0x02, 0x23, 0x00, 0x01, 0x01, 0x82, 0x02, 0xC7, 
0x00, 0x01, 0x01, 0x54, 0x02, 0xC6, 0x00, 0x01, 0x01, 0x54, 0x03, 0x92, 0x00, 0x01, 0x01, 0x54, 
0xFF, 0x3A, 0x00, 0x01, 0x01, 0x54, 0x03, 0xD9, 0x00, 0x01, 0x01, 0x54, 0x03, 0xEC, 0x00, 0x01, 
0x01, 0x54, 0x03, 0x63, 0x00, 0x01, 0x01, 0xAF, 0x02, 0xDD, 0x00, 0x01, 0x01, 0x7A, 0x03, 0xB3, 
0x00, 0x01, 0x01, 0x54, 0x03, 0xB4, 0x00, 0x01, 0x01, 0x72, 0x03, 0x9F, 0x00, 0x01, 0x01, 0x54, 
0x03, 0x8F, 0x00, 0x01, 0x01, 0x54, 0x03, 0x35, 0x00, 0x01, 0x01, 0x54, 0x02, 0xDA, 0x00, 0x01, 
0x01, 0x18, 0x03, 0x0E, 0x00, 0x01, 0x01, 0x5B, 0x03, 0x03, 0x00, 0x01, 0x01, 0x54, 0x03, 0x16, 
0x00, 0x01, 0x01, 0x54, 0x02, 0xD2, 0x00, 0x01, 0x01, 0x54, 0x02, 0xE5, 0x00, 0x01, 0x01, 0x82, 
0x03, 0x89, 0x00, 0x01, 0x01, 0x5E, 0x02, 0xB6, 0x00, 0x01, 0x02, 0x34, 0x00, 0x00, 0x00, 0x01, 
0x02, 0x34, 0x02, 0x23, 0x00, 0x01, 0x02, 0x62, 0x02, 0xC7, 0x00, 0x01, 0x01, 0x77, 0x00, 0x00, 
0x00, 0x01, 0x00, 0xB9, 0x02, 0x91, 0x00, 0x01, 0x00, 0x62, 0x02, 0x19, 0x00, 0x01, 0x01, 0x77, 
0x02, 0x23, 0x00, 0x01, 0x00, 0x32, 0x03, 0x0D, 0x00, 0x01, 0x01, 0x33, 0x00, 0x00, 0x00, 0x01, 
0x01, 0x3E, 0x02, 0x23, 0x00, 0x01, 0x01, 0x6C, 0x02, 0xC7, 0x00, 0x01, 0x01, 0x3E, 0x03, 0x02, 
0x00, 0x01, 0x01, 0x33, 0xFF, 0x1E, 0x00, 0x01, 0x01, 0x99, 0x02, 0xDD, 0x00, 0x01, 0x01, 0x3E, 
0x02, 0xC1, 0x00, 0x01, 0x01, 0x63, 0x00, 0x00, 0x00, 0x01, 0x02, 0x0C, 0x02, 0x91, 0x00, 0x01, 
0x02, 0x63, 0x02, 0x19, 0x00, 0x01, 0x01, 0x63, 0x02, 0x23, 0x00, 0x01, 0x02, 0x93, 0x03, 0x0D, 
0x00, 0x01, 0x01, 0x3B, 0x00, 0x00, 0x00, 0x01, 0x01, 0x91, 0x00, 0x3C, 0x00, 0x01, 0x01, 0x3B, 
0x02, 0x23, 0x00, 0x01, 0x01, 0x69, 0x02, 0xC7, 0x00, 0x01, 0x01, 0x3B, 0x02, 0xC6, 0x00, 0x01, 
0x01, 0x3B, 0x03, 0x02, 0x00, 0x01, 0x01, 0x96, 0x02, 0xDD, 0x00, 0x01, 0x01, 0x61, 0x03, 0xB3, 
0x00, 0x01, 0x01, 0x3B, 0xFF, 0x3A, 0x00, 0x01, 0x01, 0x3B, 0x03, 0xB4, 0x00, 0x01, 0x01, 0x59, 
0x03, 0x9F, 0x00, 0x01, 0x01, 0x3B, 0x03, 0x8F, 0x00, 0x01, 0x01, 0x3B, 0x03, 0x35, 0x00, 0x01, 
0x01, 0x3B, 0x02, 0xDA, 0x00, 0x01, 0x01, 0x3B, 0x02, 0xC1, 0x00, 0x01, 0x00, 0xFF, 0x03, 0x0E, 
0x00, 0x01, 0x01, 0x42, 0x03, 0x03, 0x00, 0x01, 0x01, 0x3B, 0x03, 0x16, 0x00, 0x01, 0x01, 0x3B, 
0x02, 0xD2, 0x00, 0x01, 0x01, 0x45, 0x02, 0xB6, 0x00, 0x01, 0x01, 0x26, 0x00, 0x00, 0x00, 0x01, 
0x00, 0xD0, 0x01, 0xE7, 0x00, 0x01, 0x01, 0x26, 0x02, 0x23, 0x00, 0x01, 0x00, 0xC2, 0x00, 0x00, 
0x00, 0x01, 0x00, 0xAC, 0x03, 0x0D, 0x00, 0x01, 0x01, 0x52, 0xFF, 0x2E, 0x00, 0x01, 0x01, 0x54, 
0x03, 0x02, 0x00, 0x01, 0x01, 0x54, 0x03, 0x89, 0x00, 0x01, 0x01, 0x54, 0x02, 0xC1, 0x00, 0x01, 
0x01, 0x51, 0x00, 0x00, 0x00, 0x01, 0x00, 0xB2, 0x02, 0x88, 0x00, 0x01, 0x00, 0x78, 0x03, 0x0D, 
0x00, 0x01, 0x00, 0xD3, 0x03, 0xC7, 0x00, 0x01, 0x00, 0x8C, 0x00, 0x00, 0x00, 0x01, 0x00, 0x8C, 
0x00, 0x0A, 0x00, 0x01, 0x00, 0x8C, 0x02, 0xC1, 0x00, 0x01, 0x00, 0x8C, 0x02, 0x23, 0x00, 0x01, 
0x00, 0xBA, 0x02, 0xC7, 0x00, 0x01, 0x00, 0x8C, 0x02, 0xC6, 0x00, 0x01, 0x00, 0xDE, 0x02, 0xDD, 
0x00, 0x01, 0x00, 0x8C, 0x03, 0x35, 0x00, 0x01, 0x00, 0x8C, 0xFF, 0x3A, 0x00, 0x01, 0x00, 0x50, 
0x03, 0x0E, 0x00, 0x01, 0x00, 0x93, 0x03, 0x03, 0x00, 0x01, 0x00, 0x8C, 0x03, 0x16, 0x00, 0x01, 
0x01, 0xA7, 0xFF, 0x16, 0x00, 0x01, 0x01, 0xA7, 0x02, 0xC1, 0x00, 0x01, 0x00, 0x8C, 0x02, 0xD2, 
0x00, 0x01, 0x00, 0x84, 0x02, 0xBE, 0x00, 0x01, 0x00, 0x8F, 0xFF, 0x16, 0x00, 0x01, 0x00, 0x8F, 
0x02, 0xC1, 0x00, 0x01, 0x00, 0x8F, 0x02, 0x23, 0x00, 0x01, 0x00, 0xE1, 0x02, 0xDD, 0x00, 0x01, 
0x01, 0x1F, 0x00, 0x00, 0x00, 0x01, 0x01, 0x1F, 0xFF, 0x21, 0x00, 0x01, 0x00, 0xC8, 0x00, 0x00, 
0x00, 0x01, 0x00, 0x69, 0x01, 0x12, 0x00, 0x01, 0x00, 0x64, 0x03, 0x0D, 0x00, 0x01, 0x00, 0xD2, 
0x03, 0x0D, 0x00, 0x01, 0x00, 0xC8, 0xFF, 0x21, 0x00, 0x01, 0x01, 0xDD, 0x00, 0x00, 0x00, 0x01, 
0x01, 0xDD, 0x02, 0x23, 0x00, 0x01, 0x01, 0x51, 0x02, 0x23, 0x00, 0x01, 0x01, 0x7F, 0x02, 0xC7, 
0x00, 0x01, 0x01, 0x51, 0x03, 0x02, 0x00, 0x01, 0x01, 0x51, 0xFF, 0x21, 0x00, 0x01, 0x01, 0x5B, 
0x02, 0xB6, 0x00, 0x01, 0x01, 0x54, 0x01, 0x12, 0x00, 0x01, 0x01, 0xAE, 0x00, 0x28, 0x00, 0x01, 
0x01, 0xD5, 0x02, 0x09, 0x00, 0x01, 0x01, 0x54, 0x03, 0x70, 0x00, 0x01, 0x01, 0x86, 0x02, 0xF5, 
0x00, 0x01, 0x01, 0x63, 0x01, 0x12, 0x00, 0x01, 0x01, 0xBD, 0x00, 0x28, 0x00, 0x01, 0x01, 0xE4, 
0x02, 0x09, 0x00, 0x01, 0x01, 0x91, 0x02, 0xC7, 0x00, 0x01, 0x01, 0x5E, 0x03, 0x65, 0x00, 0x01, 
0x01, 0x6D, 0x00, 0x00, 0x00, 0x01, 0x00, 0xB9, 0xFF, 0x92, 0x00, 0x01, 0x00, 0x62, 0x00, 0x0A, 
0x00, 0x01, 0x01, 0x6D, 0x02, 0x23, 0x00, 0x01, 0x02, 0x0C, 0xFF, 0x92, 0x00, 0x01, 0x02, 0x93, 
0xFF, 0x16, 0x00, 0x01, 0x00, 0x78, 0x00, 0x00, 0x00, 0x01, 0x00, 0xEF, 0x02, 0x23, 0x00, 0x01, 
0x01, 0x1D, 0x02, 0xC7, 0x00, 0x01, 0x00, 0xEF, 0x03, 0x02, 0x00, 0x01, 0x00, 0x78, 0xFF, 0x21, 
0x00, 0x01, 0x00, 0xEF, 0x03, 0x35, 0x00, 0x01, 0x00, 0xEF, 0x03, 0x16, 0x00, 0x01, 0x01, 0x16, 
0x00, 0x00, 0x00, 0x01, 0x01, 0x16, 0x02, 0x23, 0x00, 0x01, 0x01, 0x44, 0x02, 0xC7, 0x00, 0x01, 
0x01, 0x16, 0x03, 0x02, 0x00, 0x01, 0x01, 0x16, 0xFF, 0x1E, 0x00, 0x01, 0x01, 0x71, 0x02, 0xDD, 
0x00, 0x01, 0x01, 0x16, 0xFF, 0x21, 0x00, 0x01, 0x00, 0xDE, 0x00, 0x00, 0x00, 0x01, 0x00, 0xCA, 
0x01, 0x12, 0x00, 0x01, 0x00, 0x9B, 0x02, 0xD1, 0x00, 0x01, 0x00, 0xD7, 0x03, 0x53, 0x00, 0x01, 
0x00, 0xDE, 0xFF, 0x1E, 0x00, 0x01, 0x00, 0xDE, 0xFF, 0x21, 0x00, 0x01, 0x02, 0x28, 0x00, 0x0A, 
0x00, 0x01, 0x02, 0x29, 0x02, 0x23, 0x00, 0x01, 0x01, 0x51, 0x02, 0xC6, 0x00, 0x01, 0x01, 0xAC, 
0x02, 0xDD, 0x00, 0x01, 0x01, 0x51, 0x03, 0x35, 0x00, 0x01, 0x01, 0x51, 0x02, 0xDA, 0x00, 0x01, 
0x01, 0x51, 0xFF, 0x3A, 0x00, 0x01, 0x01, 0x15, 0x03, 0x0E, 0x00, 0x01, 0x01, 0x58, 0x03, 0x03, 
0x00, 0x01, 0x01, 0x83, 0x02, 0xF5, 0x00, 0x01, 0x01, 0x51, 0x03, 0x16, 0x00, 0x01, 0x01, 0x51, 
0x02, 0xD2, 0x00, 0x01, 0x01, 0x51, 0x02, 0xE5, 0x00, 0x01, 0x01, 0x17, 0x00, 0x00, 0x00, 0x01, 
0x01, 0x17, 0x02, 0x23, 0x00, 0x01, 0x01, 0xA5, 0x02, 0xC7, 0x00, 0x01, 0x01, 0xD2, 0x02, 0xDD, 
0x00, 0x01, 0x01, 0x77, 0x02, 0xDA, 0x00, 0x01, 0x01, 0x3B, 0x03, 0x0E, 0x00, 0x01, 0x01, 0x0A, 
0x00, 0x00, 0x00, 0x01, 0x01, 0x0A, 0x02, 0x23, 0x00, 0x01, 0x01, 0x1D, 0x02, 0x23, 0x00, 0x01, 
0x01, 0x4B, 0x02, 0xC7, 0x00, 0x01, 0x01, 0x78, 0x02, 0xDD, 0x00, 0x01, 0x01, 0x1D, 0x02, 0xDA, 
0x00, 0x01, 0x01, 0x77, 0xFF, 0x3A, 0x00, 0x01, 0x00, 0xE1, 0x03, 0x0E, 0x00, 0x01, 0x01, 0x24, 
0x03, 0x03, 0x00, 0x01, 0x01, 0x1D, 0x02, 0xD2, 0x00, 0x01, 0x01, 0x27, 0x02, 0xB6, 0x00, 0x01, 
0x01, 0x20, 0x00, 0x00, 0x00, 0x01, 0x01, 0x20, 0x02, 0x23, 0x00, 0x01, 0x01, 0x4E, 0x02, 0xC7, 
0x00, 0x01, 0x01, 0x20, 0x03, 0x02, 0x00, 0x01, 0x01, 0x20, 0x02, 0xC1, 0x00, 0x01, 0x00, 0x00, 
0x00, 0x00, 0x00, 0x01, 0x07, 0xEA, 0x07, 0xEA, 0x00, 0x01, 0x00, 0x0C, 0x00, 0x26, 0x00, 0x06, 
0x00, 0x00, 0x00, 0x28, 0x00, 0x00, 0x00, 0x2E, 0x00, 0x00, 0x00, 0x34, 0x00, 0x00, 0x00, 0x34, 
0x00, 0x00, 0x00, 0x3A, 0x00, 0x00, 0x00, 0x40, 0x00, 0x06, 0x00, 0x2C, 0x00, 0x32, 0x00, 0x38, 
0x00, 0x3E, 0x00, 0x44, 0x00, 0x4A, 0x00, 0x01, 0xFF, 0xA0, 0x00, 0x00, 0x00, 0x01, 0xFF, 0x37, 
0x00, 0x00, 0x00, 0x01, 0xFF, 0x61, 0x00, 0x00, 0x00, 0x01, 0xFF, 0x3B, 0x00, 0x00, 0x00, 0x01, 
0xFF, 0x2C, 0x00, 0x00, 0x00, 0x01, 0xFF, 0xA0, 0xFF, 0x3A, 0x00, 0x01, 0xFF, 0x37, 0xFF, 0x53, 
0x00, 0x01, 0xFF, 0x61, 0xFF, 0x21, 0x00, 0x01, 0xFF, 0x61, 0xFF, 0x1E, 0x00, 0x01, 0xFF, 0x3B, 
0xFF, 0x22, 0x00, 0x01, 0xFF, 0x2C, 0xFF, 0x61, 0x00, 0x01, 0x07, 0x84, 0x07, 0xA0, 0x00, 0x01, 
0x00, 0x0C, 0x00, 0x72, 0x00, 0x19, 0x00, 0x00, 0x00, 0x88, 0x00, 0x00, 0x00, 0x8E, 0x00, 0x00, 
0x00, 0x94, 0x00, 0x00, 0x00, 0x9A, 0x00, 0x00, 0x00, 0xA0, 0x00, 0x00, 0x00, 0xA6, 0x00, 0x00, 
0x00, 0xA6, 0x00, 0x00, 0x00, 0xAC, 0x00, 0x00, 0x00, 0xB2, 0x00, 0x00, 0x00, 0xB8, 0x00, 0x00, 
0x00, 0xBE, 0x00, 0x00, 0x00, 0xC4, 0x00, 0x00, 0x00, 0xCA, 0x00, 0x00, 0x00, 0xD0, 0x00, 0x00, 
0x00, 0xD6, 0x00, 0x00, 0x00, 0xDC, 0x00, 0x00, 0x00, 0xE2, 0x00, 0x00, 0x00, 0xD0, 0x00, 0x00, 
0x00, 0xD0, 0x00, 0x00, 0x00, 0xD0, 0x00, 0x00, 0x00, 0xD0, 0x00, 0x00, 0x00, 0xE8, 0x00, 0x00, 
0x00, 0xD0, 0x00, 0x00, 0x00, 0xEE, 0x00, 0x00, 0x00, 0xD0, 0x00, 0x10, 0x00, 0x8E, 0x00, 0x94, 
0x00, 0x9A, 0x00, 0xA0, 0x00, 0xA6, 0x00, 0xAC, 0x00, 0xB2, 0x00, 0xB8, 0x00, 0xBE, 0x00, 0xC4, 
0x00, 0xCA, 0x00, 0xD0, 0x00, 0xD6, 0x00, 0xDC, 0x00, 0xE2, 0x00, 0xE8, 0x00, 0x01, 0xFF, 0x05, 
0x02, 0x23, 0x00, 0x01, 0xFF, 0x74, 0x02, 0x23, 0x00, 0x01, 0xFF, 0xB6, 0x02, 0x23, 0x00, 0x01, 
0xFF, 0x47, 0x02, 0x23, 0x00, 0x01, 0xFF, 0x30, 0x02, 0x23, 0x00, 0x01, 0xFF, 0x3A, 0x02, 0x23, 
0x00, 0x01, 0xFF, 0x3B, 0x02, 0x23, 0x00, 0x01, 0xFF, 0x75, 0x02, 0x23, 0x00, 0x01, 0xFF, 0x08, 
0x02, 0x23, 0x00, 0x01, 0xFE, 0xEE, 0x02, 0x23, 0x00, 0x01, 0xFF, 0x57, 0x02, 0x23, 0x00, 0x01, 
0xFF, 0x4E, 0x02, 0x23, 0x00, 0x01, 0xFF, 0x36, 0x02, 0x23, 0x00, 0x01, 0xFF, 0x96, 0x02, 0x23, 
0x00, 0x01, 0xFF, 0x35, 0x02, 0x23, 0x00, 0x01, 0xFF, 0x1E, 0x02, 0x23, 0x00, 0x01, 0xFE, 0xEA, 
0x02, 0x23, 0x00, 0x01, 0xFE, 0xFB, 0x02, 0x23, 0x00, 0x01, 0xFF, 0x05, 0x02, 0xDA, 0x00, 0x01, 
0xFF, 0x74, 0x02, 0xC1, 0x00, 0x01, 0xFF, 0x7A, 0x03, 0x0E, 0x00, 0x01, 0xFF, 0x75, 0x02, 0xC7, 
0x00, 0x01, 0xFF, 0x62, 0x02, 0xF5, 0x00, 0x01, 0xFF, 0x95, 0x02, 0xDD, 0x00, 0x01, 0xFF, 0x3A, 
0x03, 0x02, 0x00, 0x01, 0xFF, 0x3B, 0x02, 0xC6, 0x00, 0x01, 0xFF, 0x75, 0x02, 0xE5, 0x00, 0x01, 
0xFF, 0x12, 0x02, 0xB6, 0x00, 0x01, 0xFE, 0xEE, 0x02, 0xD2, 0x00, 0x01, 0xFF, 0x5E, 0x03, 0x03, 
0x00, 0x01, 0xFF, 0x4E, 0x03, 0x35, 0x00, 0x01, 0xFF, 0x36, 0x03, 0x16, 0x00, 0x01, 0xFF, 0x96, 
0x03, 0x89, 0x00, 0x01, 0xFF, 0x2D, 0x02, 0xBE, 0x00, 0x01, 0x06, 0x56, 0x06, 0x5E, 0x00, 0x01, 
0x00, 0x0C, 0x00, 0x16, 0x00, 0x02, 0x00, 0x00, 0x00, 0x0E, 0x00, 0x00, 0x00, 0x14, 0x00, 0x01, 
0x00, 0x10, 0x00, 0x01, 0xFF, 0x4B, 0x03, 0x0D, 0x00, 0x01, 0xFF, 0x41, 0x02, 0x23, 0x00, 0x01, 
0xFF, 0x41, 0x02, 0x23, 0x00, 0x01, 0x05, 0xF8, 0x06, 0x38, 0x00, 0x01, 0x00, 0x0C, 0x00, 0x72, 
0x00, 0x19, 0x00, 0x00, 0x00, 0x78, 0x00, 0x00, 0x00, 0x7E, 0x00, 0x00, 0x00, 0x84, 0x00, 0x00, 
0x00, 0x8A, 0x00, 0x00, 0x00, 0x90, 0x00, 0x00, 0x00, 0x96, 0x00, 0x00, 0x00, 0x96, 0x00, 0x00, 
0x00, 0x9C, 0x00, 0x00, 0x00, 0xA2, 0x00, 0x00, 0x00, 0xA8, 0x00, 0x00, 0x00, 0xAE, 0x00, 0x00, 
0x00, 0xB4, 0x00, 0x00, 0x00, 0xBA, 0x00, 0x00, 0x00, 0xC0, 0x00, 0x00, 0x00, 0xC6, 0x00, 0x00, 
0x00, 0xCC, 0x00, 0x00, 0x00, 0xD2, 0x00, 0x00, 0x00, 0xC0, 0x00, 0x00, 0x00, 0xC0, 0x00, 0x00, 
0x00, 0xC0, 0x00, 0x00, 0x00, 0xC0, 0x00, 0x00, 0x00, 0xD8, 0x00, 0x00, 0x00, 0xC0, 0x00, 0x00, 
0x00, 0xDE, 0x00, 0x00, 0x00, 0xC0, 0x00, 0x08, 0x00, 0x7E, 0x00, 0x84, 0x00, 0x8A, 0x00, 0x90, 
0x00, 0x96, 0x00, 0x9C, 0x00, 0xA2, 0x00, 0xA8, 0x00, 0x01, 0xFF, 0x05, 0x02, 0x23, 0x00, 0x01, 
0xFF, 0x74, 0x02, 0x23, 0x00, 0x01, 0xFF, 0xB6, 0x02, 0x23, 0x00, 0x01, 0xFF, 0x47, 0x02, 0x23, 
0x00, 0x01, 0xFF, 0x30, 0x02, 0x23, 0x00, 0x01, 0xFF, 0x3A, 0x02, 0x23, 0x00, 0x01, 0xFF, 0x3B, 
0x02, 0x23, 0x00, 0x01, 0xFF, 0x75, 0x02, 0x23, 0x00, 0x01, 0xFF, 0x08, 0x02, 0x23, 0x00, 0x01, 
0xFE, 0xEE, 0x02, 0x23, 0x00, 0x01, 0xFF, 0x57, 0x02, 0x23, 0x00, 0x01, 0xFF, 0x4E, 0x02, 0x23, 
0x00, 0x01, 0xFF, 0x36, 0x02, 0x23, 0x00, 0x01, 0xFF, 0x96, 0x02, 0x23, 0x00, 0x01, 0xFF, 0x35, 
0x02, 0x23, 0x00, 0x01, 0xFF, 0x1E, 0x02, 0x23, 0x00, 0x01, 0xFE, 0xEA, 0x02, 0x23, 0x00, 0x01, 
0xFE, 0xFB, 0x02, 0x23, 0x00, 0x01, 0xFF, 0x36, 0x03, 0x92, 0x00, 0x01, 0xFF, 0x36, 0x03, 0xD9, 
0x00, 0x01, 0xFF, 0x36, 0x03, 0xEC, 0x00, 0x01, 0xFF, 0x36, 0x03, 0x63, 0x00, 0x01, 0xFF, 0x10, 
0x03, 0xB3, 0x00, 0x01, 0xFF, 0x36, 0x03, 0xB4, 0x00, 0x01, 0xFF, 0x19, 0x03, 0x9F, 0x00, 0x01, 
0xFF, 0x36, 0x03, 0x8F, 0x00, 0x01, 0x00, 0x07, 0x02, 0x8D, 0x02, 0x90, 0x02, 0x91, 0x02, 0x93, 
0x02, 0x94, 0x02, 0x95, 0x02, 0x96, 0x00, 0x01, 0x00, 0x07, 0x02, 0xAB, 0x02, 0xAC, 0x02, 0xB2, 
0x02, 0xB9, 0x02, 0xBA, 0x02, 0xCB, 0x02, 0xD1, 0x00, 0x01, 0x00, 0x02, 0x02, 0xE0, 0x02, 0xE8, 
0x00, 0x02, 0x00, 0x08, 0x00, 0x26, 0x00, 0x26, 0x00, 0x00, 0x00, 0x28, 0x00, 0x28, 0x00, 0x01, 
0x00, 0x68, 0x00, 0x85, 0x00, 0x02, 0x00, 0x89, 0x00, 0x89, 0x00, 0x20, 0x00, 0x97, 0x00, 0x97, 
0x00, 0x21, 0x00, 0xB9, 0x00, 0xC1, 0x00, 0x22, 0x01, 0x50, 0x01, 0x55, 0x00, 0x2B, 0x02, 0xEC, 
0x02, 0xEC, 0x00, 0x31, 0x00, 0x01, 0x00, 0x0F, 0x01, 0x96, 0x01, 0x97, 0x01, 0x98, 0x01, 0xA7, 
0x01, 0xAB, 0x01, 0xAE, 0x01, 0xBC, 0x01, 0xC1, 0x01, 0xC8, 0x01, 0xD0, 0x01, 0xDE, 0x01, 0xE3, 
0x01, 0xE4, 0x01, 0xE9, 0x01, 0xEB, 0x00, 0x01, 0x00, 0x05, 0x02, 0x4F, 0x02, 0x56, 0x02, 0x64, 
0x03, 0x17, 0x03, 0x18, 0x00, 0x02, 0x00, 0x2D, 0x00, 0x04, 0x00, 0x44, 0x00, 0x00, 0x00, 0x57, 
0x00, 0x60, 0x00, 0x41, 0x00, 0x68, 0x00, 0x95, 0x00, 0x4B, 0x00, 0x97, 0x00, 0xA5, 0x00, 0x79, 
0x00, 0xAC, 0x00, 0xC5, 0x00, 0x88, 0x01, 0x93, 0x01, 0x93, 0x00, 0xA2, 0x01, 0x95, 0x01, 0x95, 
0x00, 0xA3, 0x01, 0x9A, 0x01, 0x9E, 0x00, 0xA4, 0x01, 0xA2, 0x01, 0xA4, 0x00, 0xA9, 0x01, 0xA7, 
0x01, 0xA7, 0x00, 0xAC, 0x01, 0xA9, 0x01, 0xAB, 0x00, 0xAD, 0x01, 0xAE, 0x01, 0xAF, 0x00, 0xB0, 
0x01, 0xBA, 0x01, 0xBC, 0x00, 0xB2, 0x01, 0xBF, 0x01, 0xBF, 0x00, 0xB5, 0x01, 0xC1, 0x01, 0xC1, 
0x00, 0xB6, 0x01, 0xC5, 0x01, 0xC5, 0x00, 0xB7, 0x01, 0xC7, 0x01, 0xC7, 0x00, 0xB8, 0x01, 0xCB, 
0x01, 0xCB, 0x00, 0xB9, 0x01, 0xCD, 0x01, 0xCE, 0x00, 0xBA, 0x01, 0xD1, 0x01, 0xD3, 0x00, 0xBC, 
0x01, 0xD8, 0x01, 0xD8, 0x00, 0xBF, 0x01, 0xDA, 0x01, 0xE0, 0x00, 0xC0, 0x01, 0xE3, 0x01, 0xE4, 
0x00, 0xC7, 0x01, 0xEB, 0x01, 0xEC, 0x00, 0xC9, 0x02, 0x48, 0x02, 0x49, 0x00, 0xCB, 0x02, 0x4C, 
0x02, 0x4D, 0x00, 0xCD, 0x02, 0x4F, 0x02, 0x4F, 0x00, 0xCF, 0x02, 0x51, 0x02, 0x52, 0x00, 0xD0, 
0x02, 0x56, 0x02, 0x56, 0x00, 0xD2, 0x02, 0x58, 0x02, 0x58, 0x00, 0xD3, 0x02, 0x5A, 0x02, 0x5B, 
0x00, 0xD4, 0x02, 0x5D, 0x02, 0x5D, 0x00, 0xD6, 0x02, 0x60, 0x02, 0x61, 0x00, 0xD7, 0x02, 0x64, 
0x02, 0x65, 0x00, 0xD9, 0x02, 0x68, 0x02, 0x68, 0x00, 0xDB, 0x02, 0xD4, 0x02, 0xD4, 0x00, 0xDC, 
0x02, 0xD6, 0x02, 0xD6, 0x00, 0xDD, 0x02, 0xD8, 0x02, 0xD8, 0x00, 0xDE, 0x02, 0xDA, 0x02, 0xDA, 
0x00, 0xDF, 0x02, 0xDC, 0x02, 0xDD, 0x00, 0xE0, 0x02, 0xDF, 0x02, 0xDF, 0x00, 0xE2, 0x02, 0xE1, 
0x02, 0xE2, 0x00, 0xE3, 0x02, 0xE5, 0x02, 0xE6, 0x00, 0xE5, 0x02, 0xEB, 0x02, 0xEC, 0x00, 0xE7, 
0x03, 0x17, 0x03, 0x18, 0x00, 0xE9, 0x00, 0x01, 0x00, 0x0E, 0x02, 0xA6, 0x02, 0xAB, 0x02, 0xAC, 
0x02, 0xB2, 0x02, 0xB4, 0x02, 0xB5, 0x02, 0xB6, 0x02, 0xB9, 0x02, 0xBA, 0x02, 0xCB, 0x02, 0xCC, 
0x02, 0xCE, 0x02, 0xD1, 0x03, 0x23, 0x00, 0x02, 0x00, 0x22, 0x00, 0xC6, 0x00, 0xEA, 0x00, 0x00, 
0x00, 0xEC, 0x01, 0x0A, 0x00, 0x25, 0x01, 0x1B, 0x01, 0x2B, 0x00, 0x44, 0x01, 0x2D, 0x01, 0x5B, 
0x00, 0x55, 0x01, 0x5E, 0x01, 0x6B, 0x00, 0x84, 0x01, 0x72, 0x01, 0x8C, 0x00, 0x92, 0x01, 0x8E, 
0x01, 0x8E, 0x00, 0xAD, 0x01, 0x90, 0x01, 0x90, 0x00, 0xAE, 0x01, 0xED, 0x01, 0xEE, 0x00, 0xAF, 
0x01, 0xF3, 0x01, 0xF7, 0x00, 0xB1, 0x01, 0xF9, 0x01, 0xFD, 0x00, 0xB6, 0x01, 0xFF, 0x02, 0x0A, 
0x00, 0xBB, 0x02, 0x0C, 0x02, 0x0C, 0x00, 0xC7, 0x02, 0x0E, 0x02, 0x0E, 0x00, 0xC8, 0x02, 0x11, 
0x02, 0x11, 0x00, 0xC9, 0x02, 0x14, 0x02, 0x16, 0x00, 0xCA, 0x02, 0x19, 0x02, 0x19, 0x00, 0xCD, 
0x02, 0x1B, 0x02, 0x1C, 0x00, 0xCE, 0x02, 0x1F, 0x02, 0x1F, 0x00, 0xD0, 0x02, 0x21, 0x02, 0x21, 
0x00, 0xD1, 0x02, 0x27, 0x02, 0x29, 0x00, 0xD2, 0x02, 0x2B, 0x02, 0x2B, 0x00, 0xD5, 0x02, 0x2D, 
0x02, 0x39, 0x00, 0xD6, 0x02, 0x3B, 0x02, 0x42, 0x00, 0xE3, 0x02, 0x44, 0x02, 0x46, 0x00, 0xEB, 
0x02, 0x6F, 0x02, 0x6F, 0x00, 0xEE, 0x02, 0x72, 0x02, 0x72, 0x00, 0xEF, 0x02, 0x74, 0x02, 0x75, 
0x00, 0xF0, 0x02, 0x77, 0x02, 0x77, 0x00, 0xF2, 0x02, 0x79, 0x02, 0x79, 0x00, 0xF3, 0x02, 0x88, 
0x02, 0x88, 0x00, 0xF4, 0x02, 0x8C, 0x02, 0x8C, 0x00, 0xF5, 0x02, 0xD5, 0x02, 0xD5, 0x00, 0xF6, 
0x02, 0xE4, 0x02, 0xE4, 0x00, 0xF7, 0x00, 0x01, 0x00, 0x03, 0x02, 0x8F, 0x02, 0x94, 0x02, 0x96, 
0x00, 0x01, 0x00, 0x15, 0x01, 0x94, 0x01, 0x96, 0x01, 0x97, 0x01, 0x98, 0x01, 0x99, 0x01, 0xAC, 
0x01, 0xAD, 0x01, 0xB1, 0x01, 0xB3, 0x01, 0xB5, 0x01, 0xB6, 0x01, 0xB8, 0x01, 0xB9, 0x01, 0xC4, 
0x01, 0xC8, 0x01, 0xD0, 0x01, 0xD4, 0x01, 0xE5, 0x01, 0xE6, 0x01, 0xE7, 0x01, 0xE9, 0x00, 0x01, 
0x00, 0x11, 0x01, 0xEF, 0x01, 0xF0, 0x01, 0xF1, 0x01, 0xF8, 0x01, 0xFE, 0x02, 0x0B, 0x02, 0x0D, 
0x02, 0x0F, 0x02, 0x10, 0x02, 0x12, 0x02, 0x13, 0x02, 0x1E, 0x02, 0x22, 0x02, 0x25, 0x02, 0x2A, 
0x02, 0x3A, 0x02, 0x43, 0x00, 0x01, 0x00, 0x09, 0x02, 0xAB, 0x02, 0xAC, 0x02, 0xB2, 0x02, 0xB5, 
0x02, 0xB6, 0x02, 0xB9, 0x02, 0xBA, 0x02, 0xCB, 0x02, 0xD1, 0x00, 0x01, 0x00, 0x09, 0x02, 0xA8, 
0x02, 0xA9, 0x02, 0xBB, 0x02, 0xC2, 0x02, 0xC3, 0x02, 0xC5, 0x02, 0xC6, 0x02, 0xD2, 0x02, 0xEE, 
0x00, 0x02, 0x00, 0x04, 0x03, 0x26, 0x03, 0x2A, 0x00, 0x00, 0x03, 0x2C, 0x03, 0x35, 0x00, 0x05, 
0x03, 0x37, 0x03, 0x40, 0x00, 0x0F, 0x03, 0x52, 0x03, 0x5A, 0x00, 0x19, 0x00, 0x01, 0x00, 0x0E, 
0x02, 0xD4, 0x02, 0xD5, 0x02, 0xD6, 0x02, 0xD8, 0x02, 0xDD, 0x02, 0xDF, 0x02, 0xE3, 0x02, 0xE4, 
0x02, 0xE5, 0x02, 0xE6, 0x02, 0xEA, 0x02, 0xEC, 0x03, 0x00, 0x03, 0x02, 0x00, 0x02, 0x00, 0x02, 
0x03, 0x26, 0x03, 0x40, 0x00, 0x00, 0x03, 0x52, 0x03, 0x5A, 0x00, 0x1B, 0x00, 0x02, 0x00, 0x1A, 
0x01, 0x93, 0x01, 0x93, 0x00, 0x00, 0x01, 0x95, 0x01, 0x97, 0x00, 0x01, 0x01, 0x9A, 0x01, 0xA3, 
0x00, 0x04, 0x01, 0xA5, 0x01, 0xA7, 0x00, 0x0E, 0x01, 0xA9, 0x01, 0xAD, 0x00, 0x11, 0x01, 0xAF, 
0x01, 0xB0, 0x00, 0x16, 0x01, 0xB7, 0x01, 0xB7, 0x00, 0x18, 0x01, 0xBA, 0x01, 0xBF, 0x00, 0x19, 
0x01, 0xC6, 0x01, 0xC6, 0x00, 0x1F, 0x01, 0xC8, 0x01, 0xC8, 0x00, 0x20, 0x01, 0xCB, 0x01, 0xCB, 
0x00, 0x21, 0x01, 0xCD, 0x01, 0xCF, 0x00, 0x22, 0x01, 0xD1, 0x01, 0xED, 0x00, 0x25, 0x01, 0xF0, 
0x01, 0xF1, 0x00, 0x42, 0x01, 0xF3, 0x01, 0xFD, 0x00, 0x44, 0x02, 0x01, 0x02, 0x07, 0x00, 0x4F, 
0x02, 0x09, 0x02, 0x0A, 0x00, 0x56, 0x02, 0x11, 0x02, 0x11, 0x00, 0x58, 0x02, 0x14, 0x02, 0x19, 
0x00, 0x59, 0x02, 0x1B, 0x02, 0x1B, 0x00, 0x5F, 0x02, 0x20, 0x02, 0x20, 0x00, 0x60, 0x02, 0x22, 
0x02, 0x23, 0x00, 0x61, 0x02, 0x25, 0x02, 0x25, 0x00, 0x63, 0x02, 0x28, 0x02, 0x28, 0x00, 0x64, 
0x02, 0x2B, 0x02, 0x2C, 0x00, 0x65, 0x02, 0x2E, 0x02, 0x47, 0x00, 0x67, 0x00, 0x01, 0x00, 0x2F, 
0x02, 0x48, 0x02, 0x49, 0x02, 0x4C, 0x02, 0x4D, 0x02, 0x4E, 0x02, 0x4F, 0x02, 0x50, 0x02, 0x51, 
0x02, 0x53, 0x02, 0x54, 0x02, 0x56, 0x02, 0x58, 0x02, 0x5A, 0x02, 0x5B, 0x02, 0x5D, 0x02, 0x5F, 
0x02, 0x60, 0x02, 0x61, 0x02, 0x62, 0x02, 0x63, 0x02, 0x64, 0x02, 0x65, 0x02, 0x66, 0x02, 0x67, 
0x02, 0x68, 0x02, 0x69, 0x02, 0x6D, 0x02, 0x6F, 0x02, 0x71, 0x02, 0x74, 0x02, 0x75, 0x02, 0x77, 
0x02, 0x79, 0x02, 0x7B, 0x02, 0x7D, 0x02, 0x81, 0x02, 0x82, 0x02, 0x83, 0x02, 0x84, 0x02, 0x85, 
0x02, 0x86, 0x02, 0x87, 0x02, 0x88, 0x02, 0x89, 0x02, 0x8A, 0x02, 0x8B, 0x02, 0x8C, 0x00, 0x02, 
0x00, 0x0F, 0x00, 0x04, 0x00, 0x48, 0x00, 0x00, 0x00, 0x4A, 0x00, 0x5F, 0x00, 0x45, 0x00, 0x61, 
0x00, 0x65, 0x00, 0x5B, 0x00, 0x67, 0x00, 0x85, 0x00, 0x60, 0x00, 0x87, 0x00, 0x87, 0x00, 0x7F, 
0x00, 0x89, 0x00, 0x95, 0x00, 0x80, 0x00, 0x98, 0x00, 0xE8, 0x00, 0x8D, 0x00, 0xEA, 0x01, 0x1F, 
0x00, 0xDE, 0x01, 0x21, 0x01, 0x21, 0x01, 0x14, 0x01, 0x23, 0x01, 0x25, 0x01, 0x15, 0x01, 0x27, 
0x01, 0x2B, 0x01, 0x18, 0x01, 0x2D, 0x01, 0x4B, 0x01, 0x1D, 0x01, 0x4D, 0x01, 0x4D, 0x01, 0x3C, 
0x01, 0x4F, 0x01, 0x5B, 0x01, 0x3D, 0x01, 0x5E, 0x01, 0x8B, 0x01, 0x4A, 0x00, 0x02, 0x00, 0x02, 
0x03, 0x37, 0x03, 0x3A, 0x00, 0x00, 0x03, 0x3C, 0x03, 0x3D, 0x00, 0x04, 0x00, 0x02, 0x00, 0x04, 
0x03, 0x26, 0x03, 0x2A, 0x00, 0x00, 0x03, 0x2C, 0x03, 0x35, 0x00, 0x05, 0x03, 0x40, 0x03, 0x40, 
0x00, 0x0F, 0x03, 0x52, 0x03, 0x5A, 0x00, 0x10, 0x00, 0x02, 0x00, 0x03, 0x03, 0x26, 0x03, 0x2A, 
0x00, 0x00, 0x03, 0x2C, 0x03, 0x35, 0x00, 0x05, 0x03, 0x40, 0x03, 0x40, 0x00, 0x0F, 0x00, 0x01, 
0x00, 0x02, 0x03, 0x2B, 0x03, 0x36, 0x00, 0x01, 0x00, 0x01, 0x03, 0x36, 0x00, 0x02, 0x00, 0x01, 
0x03, 0x53, 0x03, 0x5A, 0x00, 0x00, 0x00, 0x01, 0x02, 0x8D, 0x00, 0x0A, 0x00, 0x06, 0x00, 0x00, 
0x00, 0x00, 0x00, 0x05, 0x00, 0x01, 0x00, 0x00, 0x00, 0x04, 0x00, 0x03, 0x00, 0x00, 0x00, 0x02, 
0x00, 0x02, 0x00, 0x12, 0x02, 0x8E, 0x02, 0x8E, 0x00, 0x0B, 0x02, 0x90, 0x02, 0x90, 0x00, 0x09, 
0x02, 0x91, 0x02, 0x91, 0x00, 0x04, 0x02, 0x92, 0x02, 0x92, 0x00, 0x03, 0x02, 0x93, 0x02, 0x93, 
0x00, 0x08, 0x02, 0x94, 0x02, 0x94, 0x00, 0x02, 0x02, 0x95, 0x02, 0x95, 0x00, 0x06, 0x02, 0x96, 
0x02, 0x96, 0x00, 0x01, 0x02, 0xA8, 0x02, 0xA9, 0x00, 0x07, 0x02, 0xAB, 0x02, 0xAC, 0x00, 0x05, 
0x02, 0xB2, 0x02, 0xB2, 0x00, 0x05, 0x02, 0xB5, 0x02, 0xB6, 0x00, 0x0A, 0x02, 0xB9, 0x02, 0xB9, 
0x00, 0x05, 0x02, 0xC2, 0x02, 0xC3, 0x00, 0x07, 0x02, 0xC5, 0x02, 0xC6, 0x00, 0x07, 0x02, 0xCB, 
0x02, 0xCB, 0x00, 0x05, 0x02, 0xD1, 0x02, 0xD1, 0x00, 0x05, 0x02, 0xEE, 0x02, 0xEE, 0x00, 0x07, 
0x00, 0x02, 0x00, 0x00, 0x00, 0x02, 0x00, 0x02, 0x02, 0x8D, 0x02, 0x8D, 0x00, 0x02, 0x02, 0x96, 
0x02, 0x96, 0x00, 0x01, 0x00, 0x01, 0x02, 0x91, 0x00, 0x01, 0x00, 0x01, 0x00, 0x02, 0x00, 0x53, 
0x00, 0x1D, 0x00, 0x1E, 0x00, 0x03, 0x00, 0x1F, 0x00, 0x1F, 0x00, 0x01, 0x00, 0x20, 0x00, 0x25, 
0x00, 0x02, 0x00, 0x26, 0x00, 0x26, 0x00, 0x07, 0x00, 0x27, 0x00, 0x27, 0x00, 0x03, 0x00, 0x28, 
0x00, 0x28, 0x00, 0x07, 0x00, 0x29, 0x00, 0x3D, 0x00, 0x03, 0x00, 0x3E, 0x00, 0x3E, 0x00, 0x04, 
0x00, 0x3F, 0x00, 0x44, 0x00, 0x02, 0x00, 0x57, 0x00, 0x58, 0x00, 0x0C, 0x00, 0x59, 0x00, 0x5A, 
0x00, 0x05, 0x00, 0x5B, 0x00, 0x60, 0x00, 0x06, 0x00, 0x68, 0x00, 0x85, 0x00, 0x07, 0x00, 0x86, 
0x00, 0x86, 0x00, 0x03, 0x00, 0x87, 0x00, 0x88, 0x00, 0x08, 0x00, 0x89, 0x00, 0x89, 0x00, 0x07, 
0x00, 0x8A, 0x00, 0x8F, 0x00, 0x09, 0x00, 0x90, 0x00, 0x95, 0x00, 0x0A, 0x00, 0x97, 0x00, 0x97, 
0x00, 0x07, 0x00, 0x98, 0x00, 0x9C, 0x00, 0x0B, 0x00, 0x9D, 0x00, 0xA5, 0x00, 0x0C, 0x00, 0xAC, 
0x00, 0xB1, 0x00, 0x0C, 0x00, 0xB2, 0x00, 0xB7, 0x00, 0x0D, 0x00, 0xB8, 0x00, 0xB8, 0x00, 0x0E, 
0x00, 0xB9, 0x00, 0xC1, 0x00, 0x0F, 0x00, 0xC2, 0x00, 0xC5, 0x00, 0x10, 0x01, 0x95, 0x01, 0x95, 
0x00, 0x01, 0x01, 0x9A, 0x01, 0x9C, 0x00, 0x03, 0x01, 0x9D, 0x01, 0x9D, 0x00, 0x05, 0x01, 0x9E, 
0x01, 0x9E, 0x00, 0x01, 0x01, 0xA2, 0x01, 0xA3, 0x00, 0x05, 0x01, 0xA7, 0x01, 0xA7, 0x00, 0x07, 
0x01, 0xA9, 0x01, 0xA9, 0x00, 0x08, 0x01, 0xAA, 0x01, 0xAA, 0x00, 0x02, 0x01, 0xAB, 0x01, 0xAB, 
0x00, 0x0B, 0x01, 0xAE, 0x01, 0xAE, 0x00, 0x07, 0x01, 0xAF, 0x01, 0xAF, 0x00, 0x0E, 0x01, 0xBA, 
0x01, 0xBA, 0x00, 0x0A, 0x01, 0xBB, 0x01, 0xBB, 0x00, 0x02, 0x01, 0xBC, 0x01, 0xBC, 0x00, 0x07, 
0x01, 0xBF, 0x01, 0xBF, 0x00, 0x0C, 0x01, 0xC1, 0x01, 0xC1, 0x00, 0x07, 0x01, 0xC5, 0x01, 0xC5, 
0x00, 0x0E, 0x01, 0xC7, 0x01, 0xC7, 0x00, 0x0D, 0x01, 0xCB, 0x01, 0xCB, 0x00, 0x01, 0x01, 0xCD, 
0x01, 0xCE, 0x00, 0x05, 0x01, 0xD1, 0x01, 0xD1, 0x00, 0x02, 0x01, 0xD2, 0x01, 0xD3, 0x00, 0x0F, 
0x01, 0xD8, 0x01, 0xD8, 0x00, 0x05, 0x01, 0xDC, 0x01, 0xDD, 0x00, 0x03, 0x01, 0xDE, 0x01, 0xDE, 
0x00, 0x07, 0x01, 0xDF, 0x01, 0xDF, 0x00, 0x05, 0x01, 0xE0, 0x01, 0xE0, 0x00, 0x01, 0x01, 0xE3, 
0x01, 0xE4, 0x00, 0x07, 0x01, 0xEB, 0x01, 0xEB, 0x00, 0x07, 0x01, 0xEC, 0x01, 0xEC, 0x00, 0x0D, 
0x02, 0x49, 0x02, 0x49, 0x00, 0x01, 0x02, 0x4C, 0x02, 0x4C, 0x00, 0x03, 0x02, 0x4D, 0x02, 0x4D, 
0x00, 0x10, 0x02, 0x4F, 0x02, 0x4F, 0x00, 0x07, 0x02, 0x51, 0x02, 0x51, 0x00, 0x05, 0x02, 0x56, 
0x02, 0x56, 0x00, 0x07, 0x02, 0x58, 0x02, 0x58, 0x00, 0x08, 0x02, 0x5A, 0x02, 0x5A, 0x00, 0x0B, 
0x02, 0x5B, 0x02, 0x5B, 0x00, 0x0F, 0x02, 0x5D, 0x02, 0x5D, 0x00, 0x0E, 0x02, 0x61, 0x02, 0x61, 
0x00, 0x03, 0x02, 0x64, 0x02, 0x64, 0x00, 0x07, 0x02, 0x65, 0x02, 0x65, 0x00, 0x0F, 0x02, 0x68, 
0x02, 0x68, 0x00, 0x0F, 0x02, 0xD4, 0x02, 0xD4, 0x00, 0x02, 0x02, 0xD6, 0x02, 0xD6, 0x00, 0x02, 
0x02, 0xD8, 0x02, 0xD8, 0x00, 0x0A, 0x02, 0xDA, 0x02, 0xDA, 0x00, 0x02, 0x02, 0xDC, 0x02, 0xDC, 
0x00, 0x04, 0x02, 0xDD, 0x02, 0xDD, 0x00, 0x02, 0x02, 0xDF, 0x02, 0xDF, 0x00, 0x05, 0x02, 0xE1, 
0x02, 0xE1, 0x00, 0x06, 0x02, 0xE2, 0x02, 0xE2, 0x00, 0x0C, 0x02, 0xE5, 0x02, 0xE6, 0x00, 0x08, 
0x02, 0xEB, 0x02, 0xEB, 0x00, 0x0D, 0x02, 0xEC, 0x02, 0xEC, 0x00, 0x0F, 0x03, 0x17, 0x03, 0x18, 
0x00, 0x07, 0x00, 0x02, 0x00, 0xAF, 0x00, 0x04, 0x00, 0x1E, 0x00, 0x0D, 0x00, 0x20, 0x00, 0x25, 
0x00, 0x02, 0x00, 0x3F, 0x00, 0x44, 0x00, 0x02, 0x00, 0x57, 0x00, 0x58, 0x00, 0x1E, 0x00, 0x68, 
0x00, 0x86, 0x00, 0x02, 0x00, 0x89, 0x00, 0x89, 0x00, 0x02, 0x00, 0x90, 0x00, 0x95, 0x00, 0x16, 
0x00, 0x97, 0x00, 0x97, 0x00, 0x02, 0x00, 0x98, 0x00, 0x9C, 0x00, 0x03, 0x00, 0x9D, 0x00, 0xB1, 
0x00, 0x04, 0x00, 0xB2, 0x00, 0xB7, 0x00, 0x05, 0x00, 0xB8, 0x00, 0xB8, 0x00, 0x10, 0x00, 0xB9, 
0x00, 0xC1, 0x00, 0x06, 0x00, 0xC6, 0x00, 0xE0, 0x00, 0x13, 0x00, 0xE2, 0x01, 0x00, 0x00, 0x13, 
0x01, 0x01, 0x01, 0x01, 0x00, 0x20, 0x01, 0x02, 0x01, 0x07, 0x00, 0x13, 0x01, 0x1B, 0x01, 0x1D, 
0x00, 0x21, 0x01, 0x20, 0x01, 0x20, 0x00, 0x19, 0x01, 0x27, 0x01, 0x2D, 0x00, 0x19, 0x01, 0x2E, 
0x01, 0x4C, 0x00, 0x13, 0x01, 0x4D, 0x01, 0x4D, 0x00, 0x19, 0x01, 0x50, 0x01, 0x55, 0x00, 0x19, 
0x01, 0x56, 0x01, 0x5B, 0x00, 0x22, 0x01, 0x5E, 0x01, 0x62, 0x00, 0x23, 0x01, 0x63, 0x01, 0x77, 
0x00, 0x1A, 0x01, 0x78, 0x01, 0x7D, 0x00, 0x0C, 0x01, 0x7E, 0x01, 0x7E, 0x00, 0x14, 0x01, 0x7F, 
0x01, 0x87, 0x00, 0x24, 0x01, 0x88, 0x01, 0x8B, 0x00, 0x25, 0x01, 0x8C, 0x01, 0x90, 0x00, 0x20, 
0x01, 0x93, 0x01, 0x93, 0x00, 0x0D, 0x01, 0x99, 0x01, 0x99, 0x00, 0x0E, 0x01, 0x9D, 0x01, 0x9D, 
0x00, 0x10, 0x01, 0x9E, 0x01, 0x9E, 0x00, 0x17, 0x01, 0xA4, 0x01, 0xA4, 0x00, 0x0D, 0x01, 0xA7, 
0x01, 0xA7, 0x00, 0x02, 0x01, 0xAA, 0x01, 0xAA, 0x00, 0x02, 0x01, 0xAB, 0x01, 0xAB, 0x00, 0x03, 
0x01, 0xAC, 0x01, 0xAD, 0x00, 0x0F, 0x01, 0xAE, 0x01, 0xAE, 0x00, 0x02, 0x01, 0xAF, 0x01, 0xAF, 
0x00, 0x10, 0x01, 0xB0, 0x01, 0xB0, 0x00, 0x01, 0x01, 0xB6, 0x01, 0xB6, 0x00, 0x03, 0x01, 0xB8, 
0x01, 0xB8, 0x00, 0x0D, 0x01, 0xBA, 0x01, 0xBA, 0x00, 0x16, 0x01, 0xBB, 0x01, 0xBB, 0x00, 0x02, 
0x01, 0xBF, 0x01, 0xBF, 0x00, 0x1E, 0x01, 0xC0, 0x01, 0xC0, 0x00, 0x03, 0x01, 0xC3, 0x01, 0xC3, 
0x00, 0x03, 0x01, 0xC5, 0x01, 0xC5, 0x00, 0x10, 0x01, 0xC6, 0x01, 0xC6, 0x00, 0x02, 0x01, 0xC7, 
0x01, 0xC7, 0x00, 0x05, 0x01, 0xCA, 0x01, 0xCA, 0x00, 0x10, 0x01, 0xCB, 0x01, 0xCB, 0x00, 0x17, 
0x01, 0xCE, 0x01, 0xCE, 0x00, 0x03, 0x01, 0xD1, 0x01, 0xD1, 0x00, 0x02, 0x01, 0xD2, 0x01, 0xD3, 
0x00, 0x06, 0x01, 0xD4, 0x01, 0xD5, 0x00, 0x01, 0x01, 0xD8, 0x01, 0xD8, 0x00, 0x10, 0x01, 0xD9, 
0x01, 0xD9, 0x00, 0x01, 0x01, 0xDA, 0x01, 0xDC, 0x00, 0x0D, 0x01, 0xDE, 0x01, 0xDE, 0x00, 0x02, 
0x01, 0xDF, 0x01, 0xDF, 0x00, 0x10, 0x01, 0xE0, 0x01, 0xE0, 0x00, 0x17, 0x01, 0xE3, 0x01, 0xE4, 
0x00, 0x02, 0x01, 0xE5, 0x01, 0xE7, 0x00, 0x0F, 0x01, 0xE8, 0x01, 0xE8, 0x00, 0x01, 0x01, 0xEB, 
0x01, 0xEB, 0x00, 0x02, 0x01, 0xEC, 0x01, 0xEC, 0x00, 0x05, 0x01, 0xED, 0x01, 0xED, 0x00, 0x13, 
0x01, 0xEE, 0x01, 0xEE, 0x00, 0x08, 0x01, 0xEF, 0x01, 0xF2, 0x00, 0x19, 0x01, 0xF3, 0x01, 0xF6, 
0x00, 0x13, 0x01, 0xF7, 0x01, 0xF7, 0x00, 0x14, 0x01, 0xF8, 0x01, 0xF8, 0x00, 0x26, 0x01, 0xF9, 
0x01, 0xFB, 0x00, 0x1A, 0x01, 0xFC, 0x01, 0xFD, 0x00, 0x19, 0x01, 0xFE, 0x01, 0xFE, 0x00, 0x1C, 
0x01, 0xFF, 0x02, 0x00, 0x00, 0x19, 0x02, 0x01, 0x02, 0x01, 0x00, 0x13, 0x02, 0x02, 0x02, 0x02, 
0x00, 0x19, 0x02, 0x04, 0x02, 0x04, 0x00, 0x13, 0x02, 0x05, 0x02, 0x05, 0x00, 0x19, 0x02, 0x06, 
0x02, 0x07, 0x00, 0x0C, 0x02, 0x08, 0x02, 0x08, 0x00, 0x13, 0x02, 0x09, 0x02, 0x09, 0x00, 0x14, 
0x02, 0x0A, 0x02, 0x0A, 0x00, 0x09, 0x02, 0x0B, 0x02, 0x0D, 0x00, 0x1A, 0x02, 0x0E, 0x02, 0x0E, 
0x00, 0x19, 0x02, 0x0F, 0x02, 0x0F, 0x00, 0x1A, 0x02, 0x10, 0x02, 0x10, 0x00, 0x27, 0x02, 0x11, 
0x02, 0x11, 0x00, 0x1A, 0x02, 0x12, 0x02, 0x12, 0x00, 0x1C, 0x02, 0x13, 0x02, 0x13, 0x00, 0x19, 
0x02, 0x14, 0x02, 0x14, 0x00, 0x22, 0x02, 0x15, 0x02, 0x15, 0x00, 0x13, 0x02, 0x16, 0x02, 0x16, 
0x00, 0x1F, 0x02, 0x19, 0x02, 0x19, 0x00, 0x21, 0x02, 0x1B, 0x02, 0x1B, 0x00, 0x19, 0x02, 0x1C, 
0x02, 0x1C, 0x00, 0x11, 0x02, 0x1F, 0x02, 0x1F, 0x00, 0x14, 0x02, 0x20, 0x02, 0x20, 0x00, 0x13, 
0x02, 0x21, 0x02, 0x21, 0x00, 0x0C, 0x02, 0x22, 0x02, 0x23, 0x00, 0x19, 0x02, 0x24, 0x02, 0x24, 
0x00, 0x14, 0x02, 0x25, 0x02, 0x25, 0x00, 0x26, 0x02, 0x26, 0x02, 0x27, 0x00, 0x19, 0x02, 0x28, 
0x02, 0x28, 0x00, 0x27, 0x02, 0x29, 0x02, 0x2A, 0x00, 0x19, 0x02, 0x2B, 0x02, 0x2B, 0x00, 0x13, 
0x02, 0x2D, 0x02, 0x2D, 0x00, 0x0C, 0x02, 0x2E, 0x02, 0x2F, 0x00, 0x09, 0x02, 0x30, 0x02, 0x30, 
0x00, 0x19, 0x02, 0x32, 0x02, 0x32, 0x00, 0x14, 0x02, 0x33, 0x02, 0x33, 0x00, 0x09, 0x02, 0x34, 
0x02, 0x35, 0x00, 0x13, 0x02, 0x37, 0x02, 0x38, 0x00, 0x13, 0x02, 0x39, 0x02, 0x39, 0x00, 0x14, 
0x02, 0x3A, 0x02, 0x3A, 0x00, 0x26, 0x02, 0x3B, 0x02, 0x3C, 0x00, 0x1A, 0x02, 0x3D, 0x02, 0x3E, 
0x00, 0x13, 0x02, 0x3F, 0x02, 0x41, 0x00, 0x0C, 0x02, 0x42, 0x02, 0x42, 0x00, 0x09, 0x02, 0x43, 
0x02, 0x44, 0x00, 0x19, 0x02, 0x46, 0x02, 0x46, 0x00, 0x0C, 0x02, 0x48, 0x02, 0x48, 0x00, 0x0D, 
0x02, 0x4F, 0x02, 0x4F, 0x00, 0x02, 0x02, 0x52, 0x02, 0x52, 0x00, 0x0D, 0x02, 0x56, 0x02, 0x56, 
0x00, 0x02, 0x02, 0x5A, 0x02, 0x5A, 0x00, 0x03, 0x02, 0x5B, 0x02, 0x5B, 0x00, 0x06, 0x02, 0x5D, 
0x02, 0x5D, 0x00, 0x10, 0x02, 0x60, 0x02, 0x60, 0x00, 0x0D, 0x02, 0x64, 0x02, 0x64, 0x00, 0x02, 
0x02, 0x65, 0x02, 0x65, 0x00, 0x06, 0x02, 0x68, 0x02, 0x68, 0x00, 0x06, 0x02, 0x6F, 0x02, 0x6F, 
0x00, 0x19, 0x02, 0x72, 0x02, 0x72, 0x00, 0x19, 0x02, 0x75, 0x02, 0x75, 0x00, 0x0C, 0x02, 0x77, 
0x02, 0x77, 0x00, 0x13, 0x02, 0x79, 0x02, 0x79, 0x00, 0x19, 0x02, 0x7B, 0x02, 0x7B, 0x00, 0x13, 
0x02, 0x88, 0x02, 0x88, 0x00, 0x13, 0x02, 0x8C, 0x02, 0x8C, 0x00, 0x19, 0x02, 0x91, 0x02, 0x91, 
0x00, 0x28, 0x02, 0x94, 0x02, 0x94, 0x00, 0x1D, 0x02, 0x95, 0x02, 0x95, 0x00, 0x1B, 0x02, 0xA6, 
0x02, 0xA6, 0x00, 0x07, 0x02, 0xA8, 0x02, 0xA9, 0x00, 0x18, 0x02, 0xAB, 0x02, 0xAC, 0x00, 0x15, 
0x02, 0xB2, 0x02, 0xB2, 0x00, 0x15, 0x02, 0xB3, 0x02, 0xB3, 0x00, 0x12, 0x02, 0xB5, 0x02, 0xB6, 
0x00, 0x0B, 0x02, 0xB9, 0x02, 0xB9, 0x00, 0x15, 0x02, 0xC2, 0x02, 0xC3, 0x00, 0x18, 0x02, 0xC5, 
0x02, 0xC6, 0x00, 0x18, 0x02, 0xCB, 0x02, 0xCB, 0x00, 0x15, 0x02, 0xCC, 0x02, 0xCC, 0x00, 0x0A, 
0x02, 0xCE, 0x02, 0xCE, 0x00, 0x0A, 0x02, 0xD1, 0x02, 0xD1, 0x00, 0x15, 0x02, 0xD4, 0x02, 0xD4, 
0x00, 0x02, 0x02, 0xD5, 0x02, 0xD5, 0x00, 0x13, 0x02, 0xD6, 0x02, 0xD6, 0x00, 0x02, 0x02, 0xD8, 
0x02, 0xD8, 0x00, 0x16, 0x02, 0xD9, 0x02, 0xD9, 0x00, 0x13, 0x02, 0xDA, 0x02, 0xDA, 0x00, 0x02, 
0x02, 0xDD, 0x02, 0xDD, 0x00, 0x02, 0x02, 0xE2, 0x02, 0xE2, 0x00, 0x04, 0x02, 0xEB, 0x02, 0xEB, 
0x00, 0x05, 0x02, 0xEC, 0x02, 0xEC, 0x00, 0x06, 0x02, 0xEE, 0x02, 0xEE, 0x00, 0x18, 0x03, 0x07, 
0x03, 0x07, 0x00, 0x1A, 0x03, 0x17, 0x03, 0x18, 0x00, 0x02, 0x03, 0x23, 0x03, 0x23, 0x00, 0x07, 
0x00, 0x02, 0x00, 0x09, 0x02, 0xAB, 0x02, 0xAC, 0x00, 0x01, 0x02, 0xB2, 0x02, 0xB2, 0x00, 0x01, 
0x02, 0xB4, 0x02, 0xB4, 0x00, 0x02, 0x02, 0xB5, 0x02, 0xB6, 0x00, 0x04, 0x02, 0xB9, 0x02, 0xBA, 
0x00, 0x01, 0x02, 0xCB, 0x02, 0xCB, 0x00, 0x01, 0x02, 0xCC, 0x02, 0xCC, 0x00, 0x03, 0x02, 0xCE, 
0x02, 0xCE, 0x00, 0x03, 0x02, 0xD1, 0x02, 0xD1, 0x00, 0x01, 0x00, 0x02, 0x00, 0x59, 0x00, 0x04, 
0x00, 0x1E, 0x00, 0x01, 0x00, 0x20, 0x00, 0x25, 0x00, 0x02, 0x00, 0x3F, 0x00, 0x44, 0x00, 0x02, 
0x00, 0x68, 0x00, 0x86, 0x00, 0x02, 0x00, 0x89, 0x00, 0x89, 0x00, 0x02, 0x00, 0x97, 0x00, 0x97, 
0x00, 0x02, 0x00, 0x98, 0x00, 0x9C, 0x00, 0x03, 0x00, 0xC6, 0x00, 0xE0, 0x00, 0x06, 0x00, 0xE2, 
0x01, 0x00, 0x00, 0x06, 0x01, 0x02, 0x01, 0x07, 0x00, 0x06, 0x01, 0x1B, 0x01, 0x1D, 0x00, 0x04, 
0x01, 0x20, 0x01, 0x20, 0x00, 0x05, 0x01, 0x27, 0x01, 0x2D, 0x00, 0x05, 0x01, 0x2E, 0x01, 0x4C, 
0x00, 0x06, 0x01, 0x4D, 0x01, 0x4D, 0x00, 0x05, 0x01, 0x50, 0x01, 0x55, 0x00, 0x05, 0x01, 0x56, 
0x01, 0x5B, 0x00, 0x07, 0x01, 0x7E, 0x01, 0x7E, 0x00, 0x08, 0x01, 0x93, 0x01, 0x93, 0x00, 0x01, 
0x01, 0xA4, 0x01, 0xA4, 0x00, 0x01, 0x01, 0xA7, 0x01, 0xA7, 0x00, 0x02, 0x01, 0xAA, 0x01, 0xAA, 
0x00, 0x02, 0x01, 0xAB, 0x01, 0xAB, 0x00, 0x03, 0x01, 0xAE, 0x01, 0xAE, 0x00, 0x02, 0x01, 0xB6, 
0x01, 0xB6, 0x00, 0x03, 0x01, 0xB8, 0x01, 0xB8, 0x00, 0x01, 0x01, 0xBB, 0x01, 0xBB, 0x00, 0x02, 
0x01, 0xC0, 0x01, 0xC0, 0x00, 0x03, 0x01, 0xC3, 0x01, 0xC3, 0x00, 0x03, 0x01, 0xC6, 0x01, 0xC6, 
0x00, 0x02, 0x01, 0xCE, 0x01, 0xCE, 0x00, 0x03, 0x01, 0xD1, 0x01, 0xD1, 0x00, 0x02, 0x01, 0xDA, 
0x01, 0xDC, 0x00, 0x01, 0x01, 0xDE, 0x01, 0xDE, 0x00, 0x02, 0x01, 0xE3, 0x01, 0xE4, 0x00, 0x02, 
0x01, 0xEB, 0x01, 0xEB, 0x00, 0x02, 0x01, 0xED, 0x01, 0xED, 0x00, 0x06, 0x01, 0xEF, 0x01, 0xF2, 
0x00, 0x05, 0x01, 0xF3, 0x01, 0xF6, 0x00, 0x06, 0x01, 0xF7, 0x01, 0xF7, 0x00, 0x08, 0x01, 0xFC, 
0x01, 0xFD, 0x00, 0x05, 0x01, 0xFF, 0x02, 0x00, 0x00, 0x05, 0x02, 0x01, 0x02, 0x01, 0x00, 0x06, 
0x02, 0x02, 0x02, 0x02, 0x00, 0x05, 0x02, 0x04, 0x02, 0x04, 0x00, 0x06, 0x02, 0x05, 0x02, 0x05, 
0x00, 0x05, 0x02, 0x08, 0x02, 0x08, 0x00, 0x06, 0x02, 0x09, 0x02, 0x09, 0x00, 0x08, 0x02, 0x0E, 
0x02, 0x0E, 0x00, 0x05, 0x02, 0x13, 0x02, 0x13, 0x00, 0x05, 0x02, 0x14, 0x02, 0x14, 0x00, 0x07, 
0x02, 0x15, 0x02, 0x15, 0x00, 0x06, 0x02, 0x19, 0x02, 0x19, 0x00, 0x04, 0x02, 0x1B, 0x02, 0x1B, 
0x00, 0x05, 0x02, 0x1F, 0x02, 0x1F, 0x00, 0x08, 0x02, 0x20, 0x02, 0x20, 0x00, 0x06, 0x02, 0x22, 
0x02, 0x23, 0x00, 0x05, 0x02, 0x24, 0x02, 0x24, 0x00, 0x08, 0x02, 0x26, 0x02, 0x27, 0x00, 0x05, 
0x02, 0x29, 0x02, 0x2A, 0x00, 0x05, 0x02, 0x2B, 0x02, 0x2B, 0x00, 0x06, 0x02, 0x30, 0x02, 0x30, 
0x00, 0x05, 0x02, 0x32, 0x02, 0x32, 0x00, 0x08, 0x02, 0x34, 0x02, 0x35, 0x00, 0x06, 0x02, 0x37, 
0x02, 0x38, 0x00, 0x06, 0x02, 0x39, 0x02, 0x39, 0x00, 0x08, 0x02, 0x3D, 0x02, 0x3E, 0x00, 0x06, 
0x02, 0x43, 0x02, 0x44, 0x00, 0x05, 0x02, 0x48, 0x02, 0x48, 0x00, 0x01, 0x02, 0x4F, 0x02, 0x4F, 
0x00, 0x02, 0x02, 0x52, 0x02, 0x52, 0x00, 0x01, 0x02, 0x56, 0x02, 0x56, 0x00, 0x02, 0x02, 0x5A, 
0x02, 0x5A, 0x00, 0x03, 0x02, 0x60, 0x02, 0x60, 0x00, 0x01, 0x02, 0x64, 0x02, 0x64, 0x00, 0x02, 
0x02, 0x6F, 0x02, 0x6F, 0x00, 0x05, 0x02, 0x72, 0x02, 0x72, 0x00, 0x05, 0x02, 0x77, 0x02, 0x77, 
0x00, 0x06, 0x02, 0x79, 0x02, 0x79, 0x00, 0x05, 0x02, 0x7B, 0x02, 0x7B, 0x00, 0x06, 0x02, 0x88, 
0x02, 0x88, 0x00, 0x06, 0x02, 0x8C, 0x02, 0x8C, 0x00, 0x05, 0x02, 0xD4, 0x02, 0xD4, 0x00, 0x02, 
0x02, 0xD5, 0x02, 0xD5, 0x00, 0x06, 0x02, 0xD6, 0x02, 0xD6, 0x00, 0x02, 0x02, 0xD9, 0x02, 0xD9, 
0x00, 0x06, 0x02, 0xDA, 0x02, 0xDA, 0x00, 0x02, 0x02, 0xDD, 0x02, 0xDD, 0x00, 0x02, 0x03, 0x17, 
0x03, 0x18, 0x00, 0x02, 0x00, 0x02, 0x00, 0x56, 0x00, 0xC6, 0x00, 0xDE, 0x00, 0x07, 0x00, 0xDF, 
0x00, 0xE0, 0x00, 0x01, 0x00, 0xE1, 0x00, 0xE1, 0x00, 0x08, 0x00, 0xE8, 0x00, 0xE8, 0x00, 0x07, 
0x00, 0xE9, 0x00, 0xE9, 0x00, 0x08, 0x00, 0xEA, 0x00, 0xEA, 0x00, 0x07, 0x00, 0xEC, 0x00, 0xFF, 
0x00, 0x01, 0x01, 0x00, 0x01, 0x00, 0x00, 0x08, 0x01, 0x01, 0x01, 0x01, 0x00, 0x02, 0x01, 0x02, 
0x01, 0x07, 0x00, 0x03, 0x01, 0x08, 0x01, 0x0A, 0x00, 0x07, 0x01, 0x1B, 0x01, 0x1D, 0x00, 0x04, 
0x01, 0x1E, 0x01, 0x20, 0x00, 0x05, 0x01, 0x21, 0x01, 0x26, 0x00, 0x06, 0x01, 0x27, 0x01, 0x2B, 
0x00, 0x07, 0x01, 0x2D, 0x01, 0x2D, 0x00, 0x07, 0x01, 0x2E, 0x01, 0x4B, 0x00, 0x08, 0x01, 0x4C, 
0x01, 0x4C, 0x00, 0x01, 0x01, 0x4D, 0x01, 0x4E, 0x00, 0x08, 0x01, 0x4F, 0x01, 0x4F, 0x00, 0x07, 
0x01, 0x50, 0x01, 0x55, 0x00, 0x09, 0x01, 0x56, 0x01, 0x5B, 0x00, 0x0A, 0x01, 0x5E, 0x01, 0x62, 
0x00, 0x0B, 0x01, 0x63, 0x01, 0x6B, 0x00, 0x0C, 0x01, 0x72, 0x01, 0x77, 0x00, 0x0C, 0x01, 0x78, 
0x01, 0x7D, 0x00, 0x0D, 0x01, 0x7E, 0x01, 0x7E, 0x00, 0x0E, 0x01, 0x7F, 0x01, 0x87, 0x00, 0x0F, 
0x01, 0x88, 0x01, 0x8B, 0x00, 0x10, 0x01, 0x8C, 0x01, 0x8C, 0x00, 0x02, 0x01, 0x8E, 0x01, 0x8E, 
0x00, 0x06, 0x01, 0x90, 0x01, 0x90, 0x00, 0x06, 0x01, 0xED, 0x01, 0xED, 0x00, 0x07, 0x01, 0xEE, 
0x01, 0xEE, 0x00, 0x08, 0x01, 0xF3, 0x01, 0xF3, 0x00, 0x0C, 0x01, 0xF4, 0x01, 0xF6, 0x00, 0x01, 
0x01, 0xF7, 0x01, 0xF7, 0x00, 0x0E, 0x01, 0xF9, 0x01, 0xFB, 0x00, 0x0C, 0x01, 0xFC, 0x01, 0xFD, 
0x00, 0x05, 0x01, 0xFF, 0x02, 0x00, 0x00, 0x0C, 0x02, 0x01, 0x02, 0x01, 0x00, 0x08, 0x02, 0x02, 
0x02, 0x02, 0x00, 0x07, 0x02, 0x03, 0x02, 0x03, 0x00, 0x08, 0x02, 0x05, 0x02, 0x05, 0x00, 0x07, 
0x02, 0x06, 0x02, 0x07, 0x00, 0x0D, 0x02, 0x08, 0x02, 0x08, 0x00, 0x08, 0x02, 0x09, 0x02, 0x09, 
0x00, 0x0E, 0x02, 0x0A, 0x02, 0x0A, 0x00, 0x0C, 0x02, 0x0C, 0x02, 0x0C, 0x00, 0x0C, 0x02, 0x0E, 
0x02, 0x0E, 0x00, 0x0C, 0x02, 0x11, 0x02, 0x11, 0x00, 0x0C, 0x02, 0x14, 0x02, 0x14, 0x00, 0x0A, 
0x02, 0x16, 0x02, 0x16, 0x00, 0x08, 0x02, 0x19, 0x02, 0x19, 0x00, 0x04, 0x02, 0x1B, 0x02, 0x1B, 
0x00, 0x08, 0x02, 0x1C, 0x02, 0x1C, 0x00, 0x0C, 0x02, 0x1F, 0x02, 0x1F, 0x00, 0x0E, 0x02, 0x21, 
0x02, 0x21, 0x00, 0x0D, 0x02, 0x27, 0x02, 0x28, 0x00, 0x05, 0x02, 0x29, 0x02, 0x29, 0x00, 0x07, 
0x02, 0x2D, 0x02, 0x2D, 0x00, 0x0D, 0x02, 0x2E, 0x02, 0x2F, 0x00, 0x0C, 0x02, 0x30, 0x02, 0x30, 
0x00, 0x07, 0x02, 0x31, 0x02, 0x31, 0x00, 0x06, 0x02, 0x32, 0x02, 0x32, 0x00, 0x0E, 0x02, 0x33, 
0x02, 0x33, 0x00, 0x0C, 0x02, 0x34, 0x02, 0x35, 0x00, 0x07, 0x02, 0x36, 0x02, 0x37, 0x00, 0x01, 
0x02, 0x38, 0x02, 0x38, 0x00, 0x08, 0x02, 0x39, 0x02, 0x39, 0x00, 0x0E, 0x02, 0x3B, 0x02, 0x3C, 
0x00, 0x0C, 0x02, 0x3D, 0x02, 0x3E, 0x00, 0x08, 0x02, 0x3F, 0x02, 0x41, 0x00, 0x0D, 0x02, 0x42, 
0x02, 0x42, 0x00, 0x0C, 0x02, 0x44, 0x02, 0x44, 0x00, 0x0C, 0x02, 0x45, 0x02, 0x45, 0x00, 0x07, 
0x02, 0x46, 0x02, 0x46, 0x00, 0x0D, 0x02, 0x6F, 0x02, 0x6F, 0x00, 0x07, 0x02, 0x72, 0x02, 0x72, 
0x00, 0x05, 0x02, 0x74, 0x02, 0x74, 0x00, 0x0C, 0x02, 0x75, 0x02, 0x75, 0x00, 0x0D, 0x02, 0x77, 
0x02, 0x77, 0x00, 0x08, 0x02, 0x79, 0x02, 0x79, 0x00, 0x08, 0x02, 0x88, 0x02, 0x88, 0x00, 0x08, 
0x02, 0x8C, 0x02, 0x8C, 0x00, 0x07, 0x02, 0xE4, 0x02, 0xE4, 0x00, 0x0A, 0x00, 0x02, 0x00, 0x72, 
0x00, 0x20, 0x00, 0x25, 0x00, 0x01, 0x00, 0x3F, 0x00, 0x44, 0x00, 0x01, 0x00, 0x68, 0x00, 0x86, 
0x00, 0x01, 0x00, 0x89, 0x00, 0x89, 0x00, 0x01, 0x00, 0x97, 0x00, 0x97, 0x00, 0x01, 0x00, 0x98, 
0x00, 0x9C, 0x00, 0x02, 0x00, 0xB8, 0x00, 0xB8, 0x00, 0x0E, 0x00, 0xC6, 0x00, 0xE0, 0x00, 0x06, 
0x00, 0xE1, 0x00, 0xE1, 0x00, 0x15, 0x00, 0xE2, 0x01, 0x00, 0x00, 0x06, 0x01, 0x02, 0x01, 0x07, 
0x00, 0x06, 0x01, 0x08, 0x01, 0x0A, 0x00, 0x15, 0x01, 0x1B, 0x01, 0x1D, 0x00, 0x05, 0x01, 0x1E, 
0x01, 0x1F, 0x00, 0x15, 0x01, 0x21, 0x01, 0x25, 0x00, 0x15, 0x01, 0x2E, 0x01, 0x4C, 0x00, 0x06, 
0x01, 0x4E, 0x01, 0x4E, 0x00, 0x15, 0x01, 0x5C, 0x01, 0x5C, 0x00, 0x15, 0x01, 0x78, 0x01, 0x7D, 
0x00, 0x09, 0x01, 0x7E, 0x01, 0x7E, 0x00, 0x0A, 0x01, 0x91, 0x01, 0x92, 0x00, 0x12, 0x01, 0x99, 
0x01, 0x99, 0x00, 0x0D, 0x01, 0x9D, 0x01, 0x9D, 0x00, 0x0E, 0x01, 0xA7, 0x01, 0xA7, 0x00, 0x01, 
0x01, 0xAA, 0x01, 0xAA, 0x00, 0x01, 0x01, 0xAB, 0x01, 0xAB, 0x00, 0x02, 0x01, 0xAC, 0x01, 0xAD, 
0x00, 0x03, 0x01, 0xAE, 0x01, 0xAE, 0x00, 0x01, 0x01, 0xAF, 0x01, 0xAF, 0x00, 0x0E, 0x01, 0xB6, 
0x01, 0xB6, 0x00, 0x02, 0x01, 0xBB, 0x01, 0xBB, 0x00, 0x01, 0x01, 0xC0, 0x01, 0xC0, 0x00, 0x02, 
0x01, 0xC3, 0x01, 0xC3, 0x00, 0x02, 0x01, 0xC5, 0x01, 0xC5, 0x00, 0x0E, 0x01, 0xC6, 0x01, 0xC6, 
0x00, 0x01, 0x01, 0xCA, 0x01, 0xCA, 0x00, 0x0E, 0x01, 0xCE, 0x01, 0xCE, 0x00, 0x02, 0x01, 0xD1, 
0x01, 0xD1, 0x00, 0x01, 0x01, 0xD8, 0x01, 0xD8, 0x00, 0x0E, 0x01, 0xDE, 0x01, 0xDE, 0x00, 0x01, 
0x01, 0xDF, 0x01, 0xDF, 0x00, 0x0E, 0x01, 0xE3, 0x01, 0xE4, 0x00, 0x01, 0x01, 0xE5, 0x01, 0xE7, 
0x00, 0x03, 0x01, 0xEB, 0x01, 0xEB, 0x00, 0x01, 0x01, 0xED, 0x01, 0xED, 0x00, 0x06, 0x01, 0xEE, 
0x01, 0xEE, 0x00, 0x13, 0x01, 0xF3, 0x01, 0xF6, 0x00, 0x06, 0x01, 0xF7, 0x01, 0xF7, 0x00, 0x0A, 
0x01, 0xF8, 0x01, 0xF8, 0x00, 0x11, 0x01, 0xFE, 0x01, 0xFE, 0x00, 0x04, 0x02, 0x01, 0x02, 0x01, 
0x00, 0x06, 0x02, 0x04, 0x02, 0x04, 0x00, 0x06, 0x02, 0x06, 0x02, 0x07, 0x00, 0x09, 0x02, 0x08, 
0x02, 0x08, 0x00, 0x06, 0x02, 0x09, 0x02, 0x09, 0x00, 0x0A, 0x02, 0x0A, 0x02, 0x0A, 0x00, 0x0C, 
0x02, 0x12, 0x02, 0x12, 0x00, 0x04, 0x02, 0x15, 0x02, 0x15, 0x00, 0x06, 0x02, 0x16, 0x02, 0x16, 
0x00, 0x14, 0x02, 0x19, 0x02, 0x19, 0x00, 0x05, 0x02, 0x1A, 0x02, 0x1A, 0x00, 0x15, 0x02, 0x1C, 
0x02, 0x1C, 0x00, 0x0F, 0x02, 0x1D, 0x02, 0x1E, 0x00, 0x15, 0x02, 0x1F, 0x02, 0x1F, 0x00, 0x0A, 
0x02, 0x20, 0x02, 0x20, 0x00, 0x06, 0x02, 0x21, 0x02, 0x21, 0x00, 0x09, 0x02, 0x24, 0x02, 0x24, 
0x00, 0x0A, 0x02, 0x25, 0x02, 0x25, 0x00, 0x11, 0x02, 0x2B, 0x02, 0x2B, 0x00, 0x06, 0x02, 0x2D, 
0x02, 0x2D, 0x00, 0x09, 0x02, 0x2E, 0x02, 0x2F, 0x00, 0x0C, 0x02, 0x31, 0x02, 0x31, 0x00, 0x15, 
0x02, 0x32, 0x02, 0x32, 0x00, 0x0A, 0x02, 0x33, 0x02, 0x33, 0x00, 0x0C, 0x02, 0x34, 0x02, 0x35, 
0x00, 0x06, 0x02, 0x37, 0x02, 0x38, 0x00, 0x06, 0x02, 0x39, 0x02, 0x39, 0x00, 0x0A, 0x02, 0x3A, 
0x02, 0x3A, 0x00, 0x11, 0x02, 0x3D, 0x02, 0x3E, 0x00, 0x06, 0x02, 0x3F, 0x02, 0x41, 0x00, 0x09, 
0x02, 0x42, 0x02, 0x42, 0x00, 0x0C, 0x02, 0x46, 0x02, 0x46, 0x00, 0x09, 0x02, 0x4F, 0x02, 0x4F, 
0x00, 0x01, 0x02, 0x56, 0x02, 0x56, 0x00, 0x01, 0x02, 0x5A, 0x02, 0x5A, 0x00, 0x02, 0x02, 0x5D, 
0x02, 0x5D, 0x00, 0x0E, 0x02, 0x64, 0x02, 0x64, 0x00, 0x01, 0x02, 0x6A, 0x02, 0x6A, 0x00, 0x15, 
0x02, 0x75, 0x02, 0x75, 0x00, 0x09, 0x02, 0x77, 0x02, 0x77, 0x00, 0x06, 0x02, 0x7B, 0x02, 0x7B, 
0x00, 0x06, 0x02, 0x88, 0x02, 0x88, 0x00, 0x06, 0x02, 0x94, 0x02, 0x94, 0x00, 0x10, 0x02, 0xA8, 
0x02, 0xA9, 0x00, 0x16, 0x02, 0xAB, 0x02, 0xAC, 0x00, 0x0B, 0x02, 0xB2, 0x02, 0xB2, 0x00, 0x0B, 
0x02, 0xB5, 0x02, 0xB6, 0x00, 0x08, 0x02, 0xB9, 0x02, 0xB9, 0x00, 0x0B, 0x02, 0xC2, 0x02, 0xC3, 
0x00, 0x16, 0x02, 0xC5, 0x02, 0xC6, 0x00, 0x16, 0x02, 0xCB, 0x02, 0xCB, 0x00, 0x0B, 0x02, 0xCC, 
0x02, 0xCC, 0x00, 0x07, 0x02, 0xCE, 0x02, 0xCE, 0x00, 0x07, 0x02, 0xD1, 0x02, 0xD1, 0x00, 0x0B, 
0x02, 0xD4, 0x02, 0xD4, 0x00, 0x01, 0x02, 0xD5, 0x02, 0xD5, 0x00, 0x06, 0x02, 0xD6, 0x02, 0xD6, 
0x00, 0x01, 0x02, 0xD9, 0x02, 0xD9, 0x00, 0x06, 0x02, 0xDA, 0x02, 0xDA, 0x00, 0x01, 0x02, 0xDD, 
0x02, 0xDD, 0x00, 0x01, 0x02, 0xEE, 0x02, 0xEE, 0x00, 0x16, 0x03, 0x17, 0x03, 0x18, 0x00, 0x01, 
0x03, 0x19, 0x03, 0x19, 0x00, 0x12, 0x03, 0x1B, 0x03, 0x1B, 0x00, 0x12, 0x00, 0x02, 0x00, 0x02, 
0x02, 0x8F, 0x02, 0x8F, 0x00, 0x02, 0x02, 0x94, 0x02, 0x94, 0x00, 0x01, 0x00, 0x02, 0x00, 0x2A, 
0x00, 0x20, 0x00, 0x25, 0x00, 0x01, 0x00, 0x3F, 0x00, 0x44, 0x00, 0x01, 0x00, 0x68, 0x00, 0x86, 
0x00, 0x01, 0x00, 0x89, 0x00, 0x89, 0x00, 0x01, 0x00, 0x97, 0x00, 0x97, 0x00, 0x01, 0x00, 0xC6, 
0x00, 0xE0, 0x00, 0x02, 0x00, 0xE2, 0x01, 0x00, 0x00, 0x02, 0x01, 0x02, 0x01, 0x07, 0x00, 0x02, 
0x01, 0x2E, 0x01, 0x4C, 0x00, 0x02, 0x01, 0xA7, 0x01, 0xA7, 0x00, 0x01, 0x01, 0xAA, 0x01, 0xAA, 
0x00, 0x01, 0x01, 0xAE, 0x01, 0xAE, 0x00, 0x01, 0x01, 0xBB, 0x01, 0xBB, 0x00, 0x01, 0x01, 0xC6, 
0x01, 0xC6, 0x00, 0x01, 0x01, 0xD1, 0x01, 0xD1, 0x00, 0x01, 0x01, 0xDE, 0x01, 0xDE, 0x00, 0x01, 
0x01, 0xE3, 0x01, 0xE4, 0x00, 0x01, 0x01, 0xEB, 0x01, 0xEB, 0x00, 0x01, 0x01, 0xED, 0x01, 0xED, 
0x00, 0x02, 0x01, 0xF3, 0x01, 0xF6, 0x00, 0x02, 0x02, 0x01, 0x02, 0x01, 0x00, 0x02, 0x02, 0x04, 
0x02, 0x04, 0x00, 0x02, 0x02, 0x08, 0x02, 0x08, 0x00, 0x02, 0x02, 0x15, 0x02, 0x15, 0x00, 0x02, 
0x02, 0x20, 0x02, 0x20, 0x00, 0x02, 0x02, 0x2B, 0x02, 0x2B, 0x00, 0x02, 0x02, 0x34, 0x02, 0x35, 
0x00, 0x02, 0x02, 0x37, 0x02, 0x38, 0x00, 0x02, 0x02, 0x3D, 0x02, 0x3E, 0x00, 0x02, 0x02, 0x4F, 
0x02, 0x4F, 0x00, 0x01, 0x02, 0x56, 0x02, 0x56, 0x00, 0x01, 0x02, 0x64, 0x02, 0x64, 0x00, 0x01, 
0x02, 0x77, 0x02, 0x77, 0x00, 0x02, 0x02, 0x7B, 0x02, 0x7B, 0x00, 0x02, 0x02, 0x88, 0x02, 0x88, 
0x00, 0x02, 0x02, 0xD4, 0x02, 0xD4, 0x00, 0x01, 0x02, 0xD5, 0x02, 0xD5, 0x00, 0x02, 0x02, 0xD6, 
0x02, 0xD6, 0x00, 0x01, 0x02, 0xD9, 0x02, 0xD9, 0x00, 0x02, 0x02, 0xDA, 0x02, 0xDA, 0x00, 0x01, 
0x02, 0xDD, 0x02, 0xDD, 0x00, 0x01, 0x03, 0x17, 0x03, 0x18, 0x00, 0x01, 0x00, 0x02, 0x00, 0x0D, 
0x01, 0x96, 0x01, 0x98, 0x00, 0x02, 0x01, 0x99, 0x01, 0x99, 0x00, 0x01, 0x01, 0xAC, 0x01, 0xAD, 
0x00, 0x05, 0x01, 0xB1, 0x01, 0xB1, 0x00, 0x04, 0x01, 0xB3, 0x01, 0xB3, 0x00, 0x04, 0x01, 0xB5, 
0x01, 0xB6, 0x00, 0x03, 0x01, 0xB8, 0x01, 0xB9, 0x00, 0x03, 0x01, 0xC4, 0x01, 0xC4, 0x00, 0x03, 
0x01, 0xC8, 0x01, 0xC8, 0x00, 0x02, 0x01, 0xD0, 0x01, 0xD0, 0x00, 0x02, 0x01, 0xD4, 0x01, 0xD4, 
0x00, 0x04, 0x01, 0xE5, 0x01, 0xE7, 0x00, 0x05, 0x01, 0xE9, 0x01, 0xE9, 0x00, 0x02, 0x00, 0x02, 
0x00, 0x89, 0x00, 0x04, 0x00, 0x1E, 0x00, 0x0D, 0x00, 0x20, 0x00, 0x25, 0x00, 0x05, 0x00, 0x3F, 
0x00, 0x44, 0x00, 0x05, 0x00, 0x68, 0x00, 0x86, 0x00, 0x05, 0x00, 0x89, 0x00, 0x89, 0x00, 0x05, 
0x00, 0x97, 0x00, 0x97, 0x00, 0x05, 0x00, 0x98, 0x00, 0x9C, 0x00, 0x06, 0x00, 0xB8, 0x00, 0xB8, 
0x00, 0x03, 0x00, 0xC6, 0x00, 0xE0, 0x00, 0x0A, 0x00, 0xE2, 0x01, 0x00, 0x00, 0x0A, 0x01, 0x02, 
0x01, 0x07, 0x00, 0x0A, 0x01, 0x20, 0x01, 0x20, 0x00, 0x13, 0x01, 0x27, 0x01, 0x2D, 0x00, 0x13, 
0x01, 0x2E, 0x01, 0x4C, 0x00, 0x0A, 0x01, 0x4D, 0x01, 0x4D, 0x00, 0x13, 0x01, 0x50, 0x01, 0x55, 
0x00, 0x13, 0x01, 0x56, 0x01, 0x5B, 0x00, 0x14, 0x01, 0x63, 0x01, 0x77, 0x00, 0x15, 0x01, 0x78, 
0x01, 0x7D, 0x00, 0x0C, 0x01, 0x7E, 0x01, 0x7E, 0x00, 0x16, 0x01, 0x93, 0x01, 0x93, 0x00, 0x0D, 
0x01, 0x99, 0x01, 0x99, 0x00, 0x01, 0x01, 0x9D, 0x01, 0x9D, 0x00, 0x03, 0x01, 0x9E, 0x01, 0x9E, 
0x00, 0x08, 0x01, 0xA4, 0x01, 0xA4, 0x00, 0x0D, 0x01, 0xA7, 0x01, 0xA7, 0x00, 0x05, 0x01, 0xAA, 
0x01, 0xAA, 0x00, 0x05, 0x01, 0xAB, 0x01, 0xAB, 0x00, 0x06, 0x01, 0xAC, 0x01, 0xAD, 0x00, 0x07, 
0x01, 0xAE, 0x01, 0xAE, 0x00, 0x05, 0x01, 0xAF, 0x01, 0xAF, 0x00, 0x03, 0x01, 0xB0, 0x01, 0xB0, 
0x00, 0x04, 0x01, 0xB6, 0x01, 0xB6, 0x00, 0x06, 0x01, 0xB8, 0x01, 0xB8, 0x00, 0x0D, 0x01, 0xBB, 
0x01, 0xBB, 0x00, 0x05, 0x01, 0xC0, 0x01, 0xC0, 0x00, 0x06, 0x01, 0xC2, 0x01, 0xC2, 0x00, 0x02, 
0x01, 0xC3, 0x01, 0xC3, 0x00, 0x06, 0x01, 0xC5, 0x01, 0xC5, 0x00, 0x03, 0x01, 0xC6, 0x01, 0xC6, 
0x00, 0x05, 0x01, 0xCA, 0x01, 0xCA, 0x00, 0x03, 0x01, 0xCB, 0x01, 0xCB, 0x00, 0x08, 0x01, 0xCE, 
0x01, 0xCE, 0x00, 0x06, 0x01, 0xD1, 0x01, 0xD1, 0x00, 0x05, 0x01, 0xD4, 0x01, 0xD5, 0x00, 0x04, 
0x01, 0xD8, 0x01, 0xD8, 0x00, 0x03, 0x01, 0xD9, 0x01, 0xD9, 0x00, 0x04, 0x01, 0xDA, 0x01, 0xDC, 
0x00, 0x0D, 0x01, 0xDE, 0x01, 0xDE, 0x00, 0x05, 0x01, 0xDF, 0x01, 0xDF, 0x00, 0x03, 0x01, 0xE0, 
0x01, 0xE0, 0x00, 0x08, 0x01, 0xE3, 0x01, 0xE4, 0x00, 0x05, 0x01, 0xE5, 0x01, 0xE7, 0x00, 0x07, 
0x01, 0xE8, 0x01, 0xE8, 0x00, 0x04, 0x01, 0xEB, 0x01, 0xEB, 0x00, 0x05, 0x01, 0xED, 0x01, 0xED, 
0x00, 0x0A, 0x01, 0xEE, 0x01, 0xEE, 0x00, 0x0E, 0x01, 0xEF, 0x01, 0xF2, 0x00, 0x13, 0x01, 0xF3, 
0x01, 0xF6, 0x00, 0x0A, 0x01, 0xF7, 0x01, 0xF7, 0x00, 0x16, 0x01, 0xF8, 0x01, 0xF8, 0x00, 0x17, 
0x01, 0xF9, 0x01, 0xFB, 0x00, 0x15, 0x01, 0xFC, 0x01, 0xFD, 0x00, 0x13, 0x01, 0xFE, 0x01, 0xFE, 
0x00, 0x10, 0x01, 0xFF, 0x02, 0x00, 0x00, 0x13, 0x02, 0x01, 0x02, 0x01, 0x00, 0x0A, 0x02, 0x02, 
0x02, 0x02, 0x00, 0x13, 0x02, 0x04, 0x02, 0x04, 0x00, 0x0A, 0x02, 0x05, 0x02, 0x05, 0x00, 0x13, 
0x02, 0x06, 0x02, 0x07, 0x00, 0x0C, 0x02, 0x08, 0x02, 0x08, 0x00, 0x0A, 0x02, 0x09, 0x02, 0x09, 
0x00, 0x16, 0x02, 0x0A, 0x02, 0x0A, 0x00, 0x0F, 0x02, 0x0B, 0x02, 0x0D, 0x00, 0x15, 0x02, 0x0E, 
0x02, 0x0E, 0x00, 0x13, 0x02, 0x0F, 0x02, 0x0F, 0x00, 0x15, 0x02, 0x11, 0x02, 0x11, 0x00, 0x15, 
0x02, 0x12, 0x02, 0x12, 0x00, 0x10, 0x02, 0x13, 0x02, 0x13, 0x00, 0x13, 0x02, 0x14, 0x02, 0x14, 
0x00, 0x14, 0x02, 0x15, 0x02, 0x15, 0x00, 0x0A, 0x02, 0x16, 0x02, 0x16, 0x00, 0x11, 0x02, 0x1B, 
0x02, 0x1B, 0x00, 0x13, 0x02, 0x1C, 0x02, 0x1C, 0x00, 0x12, 0x02, 0x1F, 0x02, 0x1F, 0x00, 0x16, 
0x02, 0x20, 0x02, 0x20, 0x00, 0x0A, 0x02, 0x21, 0x02, 0x21, 0x00, 0x0C, 0x02, 0x22, 0x02, 0x23, 
0x00, 0x13, 0x02, 0x24, 0x02, 0x24, 0x00, 0x16, 0x02, 0x25, 0x02, 0x25, 0x00, 0x17, 0x02, 0x26, 
0x02, 0x27, 0x00, 0x13, 0x02, 0x29, 0x02, 0x2A, 0x00, 0x13, 0x02, 0x2B, 0x02, 0x2B, 0x00, 0x0A, 
0x02, 0x2D, 0x02, 0x2D, 0x00, 0x0C, 0x02, 0x2E, 0x02, 0x2F, 0x00, 0x0F, 0x02, 0x30, 0x02, 0x30, 
0x00, 0x13, 0x02, 0x32, 0x02, 0x32, 0x00, 0x16, 0x02, 0x33, 0x02, 0x33, 0x00, 0x0F, 0x02, 0x34, 
0x02, 0x35, 0x00, 0x0A, 0x02, 0x37, 0x02, 0x38, 0x00, 0x0A, 0x02, 0x39, 0x02, 0x39, 0x00, 0x16, 
0x02, 0x3A, 0x02, 0x3A, 0x00, 0x17, 0x02, 0x3B, 0x02, 0x3C, 0x00, 0x15, 0x02, 0x3D, 0x02, 0x3E, 
0x00, 0x0A, 0x02, 0x3F, 0x02, 0x41, 0x00, 0x0C, 0x02, 0x42, 0x02, 0x42, 0x00, 0x0F, 0x02, 0x43, 
0x02, 0x44, 0x00, 0x13, 0x02, 0x46, 0x02, 0x46, 0x00, 0x0C, 0x02, 0x48, 0x02, 0x48, 0x00, 0x0D, 
0x02, 0x4F, 0x02, 0x4F, 0x00, 0x05, 0x02, 0x52, 0x02, 0x52, 0x00, 0x0D, 0x02, 0x56, 0x02, 0x56, 
0x00, 0x05, 0x02, 0x5A, 0x02, 0x5A, 0x00, 0x06, 0x02, 0x5D, 0x02, 0x5D, 0x00, 0x03, 0x02, 0x60, 
0x02, 0x60, 0x00, 0x0D, 0x02, 0x64, 0x02, 0x64, 0x00, 0x05, 0x02, 0x6F, 0x02, 0x6F, 0x00, 0x13, 
0x02, 0x72, 0x02, 0x72, 0x00, 0x13, 0x02, 0x75, 0x02, 0x75, 0x00, 0x0C, 0x02, 0x77, 0x02, 0x77, 
0x00, 0x0A, 0x02, 0x79, 0x02, 0x79, 0x00, 0x13, 0x02, 0x7B, 0x02, 0x7B, 0x00, 0x0A, 0x02, 0x88, 
0x02, 0x88, 0x00, 0x0A, 0x02, 0x8C, 0x02, 0x8C, 0x00, 0x13, 0x02, 0xA8, 0x02, 0xA9, 0x00, 0x09, 
0x02, 0xB5, 0x02, 0xB6, 0x00, 0x0B, 0x02, 0xC2, 0x02, 0xC3, 0x00, 0x09, 0x02, 0xC5, 0x02, 0xC6, 
0x00, 0x09, 0x02, 0xD4, 0x02, 0xD4, 0x00, 0x05, 0x02, 0xD5, 0x02, 0xD5, 0x00, 0x0A, 0x02, 0xD6, 
0x02, 0xD6, 0x00, 0x05, 0x02, 0xD9, 0x02, 0xD9, 0x00, 0x0A, 0x02, 0xDA, 0x02, 0xDA, 0x00, 0x05, 
0x02, 0xDD, 0x02, 0xDD, 0x00, 0x05, 0x02, 0xEE, 0x02, 0xEE, 0x00, 0x09, 0x03, 0x07, 0x03, 0x07, 
0x00, 0x15, 0x03, 0x17, 0x03, 0x18, 0x00, 0x05, 0x00, 0x02, 0x00, 0x0D, 0x01, 0xEF, 0x01, 0xEF, 
0x00, 0x04, 0x01, 0xF0, 0x01, 0xF1, 0x00, 0x01, 0x01, 0xF8, 0x01, 0xF8, 0x00, 0x04, 0x02, 0x0B, 
0x02, 0x0B, 0x00, 0x03, 0x02, 0x0D, 0x02, 0x0D, 0x00, 0x03, 0x02, 0x0F, 0x02, 0x10, 0x00, 0x02, 
0x02, 0x12, 0x02, 0x13, 0x00, 0x02, 0x02, 0x1E, 0x02, 0x1E, 0x00, 0x02, 0x02, 0x22, 0x02, 0x22, 
0x00, 0x01, 0x02, 0x25, 0x02, 0x25, 0x00, 0x04, 0x02, 0x2A, 0x02, 0x2A, 0x00, 0x01, 0x02, 0x3A, 
0x02, 0x3A, 0x00, 0x04, 0x02, 0x43, 0x02, 0x43, 0x00, 0x01, 0x00, 0x02, 0x00, 0x79, 0x00, 0x20, 
0x00, 0x25, 0x00, 0x01, 0x00, 0x3F, 0x00, 0x44, 0x00, 0x01, 0x00, 0x68, 0x00, 0x86, 0x00, 0x01, 
0x00, 0x89, 0x00, 0x89, 0x00, 0x01, 0x00, 0x97, 0x00, 0x97, 0x00, 0x01, 0x00, 0x98, 0x00, 0x9C, 
0x00, 0x02, 0x00, 0xB8, 0x00, 0xB8, 0x00, 0x0B, 0x00, 0xC6, 0x00, 0xE0, 0x00, 0x07, 0x00, 0xE2, 
0x01, 0x00, 0x00, 0x07, 0x01, 0x02, 0x01, 0x07, 0x00, 0x07, 0x01, 0x20, 0x01, 0x20, 0x00, 0x0E, 
0x01, 0x27, 0x01, 0x2D, 0x00, 0x0E, 0x01, 0x2E, 0x01, 0x4C, 0x00, 0x07, 0x01, 0x4D, 0x01, 0x4D, 
0x00, 0x0E, 0x01, 0x50, 0x01, 0x55, 0x00, 0x0E, 0x01, 0x78, 0x01, 0x7D, 0x00, 0x09, 0x01, 0x7E, 
0x01, 0x7E, 0x00, 0x10, 0x01, 0x91, 0x01, 0x92, 0x00, 0x12, 0x01, 0x99, 0x01, 0x99, 0x00, 0x0A, 
0x01, 0x9D, 0x01, 0x9D, 0x00, 0x0B, 0x01, 0xA7, 0x01, 0xA7, 0x00, 0x01, 0x01, 0xAA, 0x01, 0xAA, 
0x00, 0x01, 0x01, 0xAB, 0x01, 0xAB, 0x00, 0x02, 0x01, 0xAC, 0x01, 0xAD, 0x00, 0x03, 0x01, 0xAE, 
0x01, 0xAE, 0x00, 0x01, 0x01, 0xAF, 0x01, 0xAF, 0x00, 0x0B, 0x01, 0xB6, 0x01, 0xB6, 0x00, 0x02, 
0x01, 0xBB, 0x01, 0xBB, 0x00, 0x01, 0x01, 0xC0, 0x01, 0xC0, 0x00, 0x02, 0x01, 0xC3, 0x01, 0xC3, 
0x00, 0x02, 0x01, 0xC5, 0x01, 0xC5, 0x00, 0x0B, 0x01, 0xC6, 0x01, 0xC6, 0x00, 0x01, 0x01, 0xCA, 
0x01, 0xCA, 0x00, 0x0B, 0x01, 0xCE, 0x01, 0xCE, 0x00, 0x02, 0x01, 0xD1, 0x01, 0xD1, 0x00, 0x01, 
0x01, 0xD8, 0x01, 0xD8, 0x00, 0x0B, 0x01, 0xDE, 0x01, 0xDE, 0x00, 0x01, 0x01, 0xDF, 0x01, 0xDF, 
0x00, 0x0B, 0x01, 0xE3, 0x01, 0xE4, 0x00, 0x01, 0x01, 0xE5, 0x01, 0xE7, 0x00, 0x03, 0x01, 0xEB, 
0x01, 0xEB, 0x00, 0x01, 0x01, 0xED, 0x01, 0xED, 0x00, 0x07, 0x01, 0xEE, 0x01, 0xEE, 0x00, 0x04, 
0x01, 0xEF, 0x01, 0xF2, 0x00, 0x0E, 0x01, 0xF3, 0x01, 0xF6, 0x00, 0x07, 0x01, 0xF7, 0x01, 0xF7, 
0x00, 0x10, 0x01, 0xF8, 0x01, 0xF8, 0x00, 0x11, 0x01, 0xFC, 0x01, 0xFD, 0x00, 0x0E, 0x01, 0xFE, 
0x01, 0xFE, 0x00, 0x0C, 0x01, 0xFF, 0x02, 0x00, 0x00, 0x0E, 0x02, 0x01, 0x02, 0x01, 0x00, 0x07, 
0x02, 0x02, 0x02, 0x02, 0x00, 0x0E, 0x02, 0x04, 0x02, 0x04, 0x00, 0x07, 0x02, 0x05, 0x02, 0x05, 
0x00, 0x0E, 0x02, 0x06, 0x02, 0x07, 0x00, 0x09, 0x02, 0x08, 0x02, 0x08, 0x00, 0x07, 0x02, 0x09, 
0x02, 0x09, 0x00, 0x10, 0x02, 0x0A, 0x02, 0x0A, 0x00, 0x05, 0x02, 0x0E, 0x02, 0x0E, 0x00, 0x0E, 
0x02, 0x12, 0x02, 0x12, 0x00, 0x0C, 0x02, 0x13, 0x02, 0x13, 0x00, 0x0E, 0x02, 0x15, 0x02, 0x15, 
0x00, 0x07, 0x02, 0x1B, 0x02, 0x1B, 0x00, 0x0E, 0x02, 0x1C, 0x02, 0x1C, 0x00, 0x0D, 0x02, 0x1F, 
0x02, 0x1F, 0x00, 0x10, 0x02, 0x20, 0x02, 0x20, 0x00, 0x07, 0x02, 0x21, 0x02, 0x21, 0x00, 0x09, 
0x02, 0x22, 0x02, 0x23, 0x00, 0x0E, 0x02, 0x24, 0x02, 0x24, 0x00, 0x10, 0x02, 0x25, 0x02, 0x25, 
0x00, 0x11, 0x02, 0x26, 0x02, 0x27, 0x00, 0x0E, 0x02, 0x29, 0x02, 0x2A, 0x00, 0x0E, 0x02, 0x2B, 
0x02, 0x2B, 0x00, 0x07, 0x02, 0x2D, 0x02, 0x2D, 0x00, 0x09, 0x02, 0x2E, 0x02, 0x2F, 0x00, 0x05, 
0x02, 0x30, 0x02, 0x30, 0x00, 0x0E, 0x02, 0x32, 0x02, 0x32, 0x00, 0x10, 0x02, 0x33, 0x02, 0x33, 
0x00, 0x05, 0x02, 0x34, 0x02, 0x35, 0x00, 0x07, 0x02, 0x37, 0x02, 0x38, 0x00, 0x07, 0x02, 0x39, 
0x02, 0x39, 0x00, 0x10, 0x02, 0x3A, 0x02, 0x3A, 0x00, 0x11, 0x02, 0x3D, 0x02, 0x3E, 0x00, 0x07, 
0x02, 0x3F, 0x02, 0x41, 0x00, 0x09, 0x02, 0x42, 0x02, 0x42, 0x00, 0x05, 0x02, 0x43, 0x02, 0x44, 
0x00, 0x0E, 0x02, 0x46, 0x02, 0x46, 0x00, 0x09, 0x02, 0x4F, 0x02, 0x4F, 0x00, 0x01, 0x02, 0x56, 
0x02, 0x56, 0x00, 0x01, 0x02, 0x5A, 0x02, 0x5A, 0x00, 0x02, 0x02, 0x5D, 0x02, 0x5D, 0x00, 0x0B, 
0x02, 0x64, 0x02, 0x64, 0x00, 0x01, 0x02, 0x6F, 0x02, 0x6F, 0x00, 0x0E, 0x02, 0x72, 0x02, 0x72, 
0x00, 0x0E, 0x02, 0x75, 0x02, 0x75, 0x00, 0x09, 0x02, 0x77, 0x02, 0x77, 0x00, 0x07, 0x02, 0x79, 
0x02, 0x79, 0x00, 0x0E, 0x02, 0x7B, 0x02, 0x7B, 0x00, 0x07, 0x02, 0x88, 0x02, 0x88, 0x00, 0x07, 
0x02, 0x8C, 0x02, 0x8C, 0x00, 0x0E, 0x02, 0xA8, 0x02, 0xA9, 0x00, 0x06, 0x02, 0xAB, 0x02, 0xAC, 
0x00, 0x0F, 0x02, 0xB2, 0x02, 0xB2, 0x00, 0x0F, 0x02, 0xB5, 0x02, 0xB6, 0x00, 0x08, 0x02, 0xB9, 
0x02, 0xB9, 0x00, 0x0F, 0x02, 0xC2, 0x02, 0xC3, 0x00, 0x06, 0x02, 0xC5, 0x02, 0xC6, 0x00, 0x06, 
0x02, 0xCB, 0x02, 0xCB, 0x00, 0x0F, 0x02, 0xCC, 0x02, 0xCC, 0x00, 0x13, 0x02, 0xCE, 0x02, 0xCE, 
0x00, 0x13, 0x02, 0xD1, 0x02, 0xD1, 0x00, 0x0F, 0x02, 0xD4, 0x02, 0xD4, 0x00, 0x01, 0x02, 0xD5, 
0x02, 0xD5, 0x00, 0x07, 0x02, 0xD6, 0x02, 0xD6, 0x00, 0x01, 0x02, 0xD9, 0x02, 0xD9, 0x00, 0x07, 
0x02, 0xDA, 0x02, 0xDA, 0x00, 0x01, 0x02, 0xDD, 0x02, 0xDD, 0x00, 0x01, 0x02, 0xEE, 0x02, 0xEE, 
0x00, 0x06, 0x03, 0x17, 0x03, 0x18, 0x00, 0x01, 0x03, 0x19, 0x03, 0x19, 0x00, 0x12, 0x03, 0x1B, 
0x03, 0x1B, 0x00, 0x12, 0x00, 0x02, 0x00, 0x01, 0x02, 0xB5, 0x02, 0xB6, 0x00, 0x01, 0x00, 0x02, 
0x00, 0x0F, 0x01, 0x99, 0x01, 0x99, 0x00, 0x02, 0x01, 0x9E, 0x01, 0x9E, 0x00, 0x03, 0x01, 0xCB, 
0x01, 0xCB, 0x00, 0x03, 0x01, 0xE0, 0x01, 0xE0, 0x00, 0x03, 0x01, 0xF8, 0x01, 0xF8, 0x00, 0x07, 
0x01, 0xFE, 0x01, 0xFE, 0x00, 0x04, 0x02, 0x0A, 0x02, 0x0A, 0x00, 0x01, 0x02, 0x12, 0x02, 0x12, 
0x00, 0x04, 0x02, 0x16, 0x02, 0x16, 0x00, 0x05, 0x02, 0x1C, 0x02, 0x1C, 0x00, 0x06, 0x02, 0x25, 
0x02, 0x25, 0x00, 0x07, 0x02, 0x2E, 0x02, 0x2F, 0x00, 0x01, 0x02, 0x33, 0x02, 0x33, 0x00, 0x01, 
0x02, 0x3A, 0x02, 0x3A, 0x00, 0x07, 0x02, 0x42, 0x02, 0x42, 0x00, 0x01, 0x00, 0x02, 0x00, 0x57, 
0x00, 0x04, 0x00, 0x1E, 0x00, 0x01, 0x00, 0x20, 0x00, 0x25, 0x00, 0x04, 0x00, 0x3F, 0x00, 0x44, 
0x00, 0x04, 0x00, 0x68, 0x00, 0x86, 0x00, 0x04, 0x00, 0x89, 0x00, 0x89, 0x00, 0x04, 0x00, 0x97, 
0x00, 0x97, 0x00, 0x04, 0x00, 0x98, 0x00, 0x9C, 0x00, 0x05, 0x00, 0xB2, 0x00, 0xB7, 0x00, 0x07, 
0x00, 0xB8, 0x00, 0xB8, 0x00, 0x08, 0x00, 0xC2, 0x00, 0xC5, 0x00, 0x09, 0x00, 0xC6, 0x00, 0xE0, 
0x00, 0x0A, 0x00, 0xE2, 0x01, 0x00, 0x00, 0x0A, 0x01, 0x02, 0x01, 0x07, 0x00, 0x0A, 0x01, 0x2E, 
0x01, 0x4C, 0x00, 0x0A, 0x01, 0x7E, 0x01, 0x7E, 0x00, 0x0D, 0x01, 0x93, 0x01, 0x93, 0x00, 0x01, 
0x01, 0x99, 0x01, 0x99, 0x00, 0x03, 0x01, 0x9D, 0x01, 0x9D, 0x00, 0x08, 0x01, 0xA4, 0x01, 0xA4, 
0x00, 0x01, 0x01, 0xA7, 0x01, 0xA7, 0x00, 0x04, 0x01, 0xAA, 0x01, 0xAA, 0x00, 0x04, 0x01, 0xAB, 
0x01, 0xAB, 0x00, 0x05, 0x01, 0xAC, 0x01, 0xAD, 0x00, 0x06, 0x01, 0xAE, 0x01, 0xAE, 0x00, 0x04, 
0x01, 0xAF, 0x01, 0xAF, 0x00, 0x08, 0x01, 0xB0, 0x01, 0xB0, 0x00, 0x02, 0x01, 0xB6, 0x01, 0xB6, 
0x00, 0x05, 0x01, 0xB8, 0x01, 0xB8, 0x00, 0x01, 0x01, 0xBB, 0x01, 0xBB, 0x00, 0x04, 0x01, 0xC0, 
0x01, 0xC0, 0x00, 0x05, 0x01, 0xC3, 0x01, 0xC3, 0x00, 0x05, 0x01, 0xC5, 0x01, 0xC5, 0x00, 0x08, 
0x01, 0xC6, 0x01, 0xC6, 0x00, 0x04, 0x01, 0xC7, 0x01, 0xC7, 0x00, 0x07, 0x01, 0xCA, 0x01, 0xCA, 
0x00, 0x08, 0x01, 0xCE, 0x01, 0xCE, 0x00, 0x05, 0x01, 0xD1, 0x01, 0xD1, 0x00, 0x04, 0x01, 0xD4, 
0x01, 0xD5, 0x00, 0x02, 0x01, 0xD8, 0x01, 0xD8, 0x00, 0x08, 0x01, 0xD9, 0x01, 0xD9, 0x00, 0x02, 
0x01, 0xDA, 0x01, 0xDC, 0x00, 0x01, 0x01, 0xDE, 0x01, 0xDE, 0x00, 0x04, 0x01, 0xDF, 0x01, 0xDF, 
0x00, 0x08, 0x01, 0xE3, 0x01, 0xE4, 0x00, 0x04, 0x01, 0xE5, 0x01, 0xE7, 0x00, 0x06, 0x01, 0xE8, 
0x01, 0xE8, 0x00, 0x02, 0x01, 0xEB, 0x01, 0xEB, 0x00, 0x04, 0x01, 0xEC, 0x01, 0xEC, 0x00, 0x07, 
0x01, 0xED, 0x01, 0xED, 0x00, 0x0A, 0x01, 0xF3, 0x01, 0xF6, 0x00, 0x0A, 0x01, 0xF7, 0x01, 0xF7, 
0x00, 0x0D, 0x02, 0x01, 0x02, 0x01, 0x00, 0x0A, 0x02, 0x04, 0x02, 0x04, 0x00, 0x0A, 0x02, 0x08, 
0x02, 0x08, 0x00, 0x0A, 0x02, 0x09, 0x02, 0x09, 0x00, 0x0D, 0x02, 0x15, 0x02, 0x15, 0x00, 0x0A, 
0x02, 0x1F, 0x02, 0x1F, 0x00, 0x0D, 0x02, 0x20, 0x02, 0x20, 0x00, 0x0A, 0x02, 0x24, 0x02, 0x24, 
0x00, 0x0D, 0x02, 0x2B, 0x02, 0x2B, 0x00, 0x0A, 0x02, 0x32, 0x02, 0x32, 0x00, 0x0D, 0x02, 0x34, 
0x02, 0x35, 0x00, 0x0A, 0x02, 0x37, 0x02, 0x38, 0x00, 0x0A, 0x02, 0x39, 0x02, 0x39, 0x00, 0x0D, 
0x02, 0x3D, 0x02, 0x3E, 0x00, 0x0A, 0x02, 0x48, 0x02, 0x48, 0x00, 0x01, 0x02, 0x4D, 0x02, 0x4D, 
0x00, 0x09, 0x02, 0x4F, 0x02, 0x4F, 0x00, 0x04, 0x02, 0x52, 0x02, 0x52, 0x00, 0x01, 0x02, 0x56, 
0x02, 0x56, 0x00, 0x04, 0x02, 0x5A, 0x02, 0x5A, 0x00, 0x05, 0x02, 0x5D, 0x02, 0x5D, 0x00, 0x08, 
0x02, 0x60, 0x02, 0x60, 0x00, 0x01, 0x02, 0x64, 0x02, 0x64, 0x00, 0x04, 0x02, 0x77, 0x02, 0x77, 
0x00, 0x0A, 0x02, 0x7B, 0x02, 0x7B, 0x00, 0x0A, 0x02, 0x88, 0x02, 0x88, 0x00, 0x0A, 0x02, 0x8F, 
0x02, 0x8F, 0x00, 0x0C, 0x02, 0x94, 0x02, 0x94, 0x00, 0x0B, 0x02, 0xD4, 0x02, 0xD4, 0x00, 0x04, 
0x02, 0xD5, 0x02, 0xD5, 0x00, 0x0A, 0x02, 0xD6, 0x02, 0xD6, 0x00, 0x04, 0x02, 0xD9, 0x02, 0xD9, 
0x00, 0x0A, 0x02, 0xDA, 0x02, 0xDA, 0x00, 0x04, 0x02, 0xDD, 0x02, 0xDD, 0x00, 0x04, 0x02, 0xEB, 
0x02, 0xEB, 0x00, 0x07, 0x03, 0x17, 0x03, 0x18, 0x00, 0x04, 0x00, 0x00, 0x00, 0x01, 0x00, 0x00, 
0x00, 0x0A, 0x01, 0x64, 0x06, 0xA0, 0x00, 0x02, 0x44, 0x46, 0x4C, 0x54, 0x00, 0x0E, 0x6C, 0x61, 
0x74, 0x6E, 0x00, 0x2C, 0x00, 0x04, 0x00, 0x00, 0x00, 0x00, 0xFF, 0xFF, 0x00, 0x0A, 0x00, 0x00, 
0x00, 0x0A, 0x00, 0x14, 0x00, 0x1E, 0x00, 0x28, 0x00, 0x3A, 0x00, 0x44, 0x00, 0x4E, 0x00, 0x58, 
0x00, 0x62, 0x00, 0x34, 0x00, 0x08, 0x41, 0x5A, 0x45, 0x20, 0x00, 0x4E, 0x43, 0x41, 0x54, 0x20, 
0x00, 0x6A, 0x43, 0x52, 0x54, 0x20, 0x00, 0x86, 0x4B, 0x41, 0x5A, 0x20, 0x00, 0xA2, 0x4D, 0x4F, 
0x4C, 0x20, 0x00, 0xBE, 0x52, 0x4F, 0x4D, 0x20, 0x00, 0xDA, 0x54, 0x41, 0x54, 0x20, 0x00, 0xF6, 
0x54, 0x52, 0x4B, 0x20, 0x01, 0x12, 0x00, 0x00, 0xFF, 0xFF, 0x00, 0x0A, 0x00, 0x01, 0x00, 0x0B, 
0x00, 0x15, 0x00, 0x1F, 0x00, 0x29, 0x00, 0x3B, 0x00, 0x45, 0x00, 0x4F, 0x00, 0x59, 0x00, 0x63, 
0x00, 0x00, 0xFF, 0xFF, 0x00, 0x0B, 0x00, 0x02, 0x00, 0x0C, 0x00, 0x16, 0x00, 0x20, 0x00, 0x2A, 
0x00, 0x32, 0x00, 0x3C, 0x00, 0x46, 0x00, 0x50, 0x00, 0x5A, 0x00, 0x64, 0x00, 0x00, 0xFF, 0xFF, 
0x00, 0x0B, 0x00, 0x03, 0x00, 0x0D, 0x00, 0x17, 0x00, 0x21, 0x00, 0x2B, 0x00, 0x33, 0x00, 0x3D, 
0x00, 0x47, 0x00, 0x51, 0x00, 0x5B, 0x00, 0x65, 0x00, 0x00, 0xFF, 0xFF, 0x00, 0x0B, 0x00, 0x04, 
0x00, 0x0E, 0x00, 0x18, 0x00, 0x22, 0x00, 0x2C, 0x00, 0x34, 0x00, 0x3E, 0x00, 0x48, 0x00, 0x52, 
0x00, 0x5C, 0x00, 0x66, 0x00, 0x00, 0xFF, 0xFF, 0x00, 0x0B, 0x00, 0x05, 0x00, 0x0F, 0x00, 0x19, 
0x00, 0x23, 0x00, 0x2D, 0x00, 0x35, 0x00, 0x3F, 0x00, 0x49, 0x00, 0x53, 0x00, 0x5D, 0x00, 0x67, 
0x00, 0x00, 0xFF, 0xFF, 0x00, 0x0B, 0x00, 0x06, 0x00, 0x10, 0x00, 0x1A, 0x00, 0x24, 0x00, 0x2E, 
0x00, 0x36, 0x00, 0x40, 0x00, 0x4A, 0x00, 0x54, 0x00, 0x5E, 0x00, 0x68, 0x00, 0x00, 0xFF, 0xFF, 
0x00, 0x0B, 0x00, 0x07, 0x00, 0x11, 0x00, 0x1B, 0x00, 0x25, 0x00, 0x2F, 0x00, 0x37, 0x00, 0x41, 
0x00, 0x4B, 0x00, 0x55, 0x00, 0x5F, 0x00, 0x69, 0x00, 0x00, 0xFF, 0xFF, 0x00, 0x0B, 0x00, 0x08, 
0x00, 0x12, 0x00, 0x1C, 0x00, 0x26, 0x00, 0x30, 0x00, 0x38, 0x00, 0x42, 0x00, 0x4C, 0x00, 0x56, 
0x00, 0x60, 0x00, 0x6A, 0x00, 0x00, 0xFF, 0xFF, 0x00, 0x0B, 0x00, 0x09, 0x00, 0x13, 0x00, 0x1D, 
0x00, 0x27, 0x00, 0x31, 0x00, 0x39, 0x00, 0x43, 0x00, 0x4D, 0x00, 0x57, 0x00, 0x61, 0x00, 0x6B, 
0x00, 0x6C, 0x61, 0x61, 0x6C, 0x74, 0x02, 0x8A, 0x61, 0x61, 0x6C, 0x74, 0x02, 0x92, 0x61, 0x61, 
0x6C, 0x74, 0x02, 0x9A, 0x61, 0x61, 0x6C, 0x74, 0x02, 0xA2, 0x61, 0x61, 0x6C, 0x74, 0x02, 0xAA, 
0x61, 0x61, 0x6C, 0x74, 0x02, 0xB2, 0x61, 0x61, 0x6C, 0x74, 0x02, 0xBA, 0x61, 0x61, 0x6C, 0x74, 
0x02, 0xC2, 0x61, 0x61, 0x6C, 0x74, 0x02, 0xCA, 0x61, 0x61, 0x6C, 0x74, 0x02, 0xD2, 0x63, 0x63, 
0x6D, 0x70, 0x02, 0xDA, 0x63, 0x63, 0x6D, 0x70, 0x02, 0xE0, 0x63, 0x63, 0x6D, 0x70, 0x02, 0xE8, 
0x63, 0x63, 0x6D, 0x70, 0x02, 0xEE, 0x63, 0x63, 0x6D, 0x70, 0x02, 0xF4, 0x63, 0x63, 0x6D, 0x70, 
0x02, 0xFA, 0x63, 0x63, 0x6D, 0x70, 0x03, 0x00, 0x63, 0x63, 0x6D, 0x70, 0x03, 0x06, 0x63, 0x63, 
0x6D, 0x70, 0x03, 0x0C, 0x63, 0x63, 0x6D, 0x70, 0x03, 0x12, 0x64, 0x6E, 0x6F, 0x6D, 0x03, 0x18, 
0x64, 0x6E, 0x6F, 0x6D, 0x03, 0x1E, 0x64, 0x6E, 0x6F, 0x6D, 0x03, 0x24, 0x64, 0x6E, 0x6F, 0x6D, 
0x03, 0x2A, 0x64, 0x6E, 0x6F, 0x6D, 0x03, 0x30, 0x64, 0x6E, 0x6F, 0x6D, 0x03, 0x36, 0x64, 0x6E, 
0x6F, 0x6D, 0x03, 0x3C, 0x64, 0x6E, 0x6F, 0x6D, 0x03, 0x42, 0x64, 0x6E, 0x6F, 0x6D, 0x03, 0x48, 
0x64, 0x6E, 0x6F, 0x6D, 0x03, 0x4E, 0x66, 0x72, 0x61, 0x63, 0x03, 0x54, 0x66, 0x72, 0x61, 0x63, 
0x03, 0x5A, 0x66, 0x72, 0x61, 0x63, 0x03, 0x60, 0x66, 0x72, 0x61, 0x63, 0x03, 0x66, 0x66, 0x72, 
0x61, 0x63, 0x03, 0x6C, 0x66, 0x72, 0x61, 0x63, 0x03, 0x72, 0x66, 0x72, 0x61, 0x63, 0x03, 0x78, 
0x66, 0x72, 0x61, 0x63, 0x03, 0x7E, 0x66, 0x72, 0x61, 0x63, 0x03, 0x84, 0x66, 0x72, 0x61, 0x63, 
0x03, 0x8A, 0x6C, 0x69, 0x67, 0x61, 0x03, 0x90, 0x6C, 0x69, 0x67, 0x61, 0x03, 0x96, 0x6C, 0x69, 
0x67, 0x61, 0x03, 0x9C, 0x6C, 0x69, 0x67, 0x61, 0x03, 0xA2, 0x6C, 0x69, 0x67, 0x61, 0x03, 0xA8, 
0x6C, 0x69, 0x67, 0x61, 0x03, 0xAE, 0x6C, 0x69, 0x67, 0x61, 0x03, 0xB4, 0x6C, 0x69, 0x67, 0x61, 
0x03, 0xBA, 0x6C, 0x69, 0x67, 0x61, 0x03, 0xC0, 0x6C, 0x69, 0x67, 0x61, 0x03, 0xC6, 0x6C, 0x6F, 
0x63, 0x6C, 0x03, 0xCC, 0x6C, 0x6F, 0x63, 0x6C, 0x03, 0xD2, 0x6C, 0x6F, 0x63, 0x6C, 0x03, 0xD8, 
0x6C, 0x6F, 0x63, 0x6C, 0x03, 0xDE, 0x6C, 0x6F, 0x63, 0x6C, 0x03, 0xE4, 0x6C, 0x6F, 0x63, 0x6C, 
0x03, 0xEA, 0x6C, 0x6F, 0x63, 0x6C, 0x03, 0xF0, 0x6C, 0x6F, 0x63, 0x6C, 0x03, 0xF6, 0x6E, 0x75, 
0x6D, 0x72, 0x03, 0xFC, 0x6E, 0x75, 0x6D, 0x72, 0x04, 0x02, 0x6E, 0x75, 0x6D, 0x72, 0x04, 0x08, 
0x6E, 0x75, 0x6D, 0x72, 0x04, 0x0E, 0x6E, 0x75, 0x6D, 0x72, 0x04, 0x14, 0x6E, 0x75, 0x6D, 0x72, 
0x04, 0x1A, 0x6E, 0x75, 0x6D, 0x72, 0x04, 0x20, 0x6E, 0x75, 0x6D, 0x72, 0x04, 0x26, 0x6E, 0x75, 
0x6D, 0x72, 0x04, 0x2C, 0x6E, 0x75, 0x6D, 0x72, 0x04, 0x32, 0x6F, 0x72, 0x64, 0x6E, 0x04, 0x38, 
0x6F, 0x72, 0x64, 0x6E, 0x04, 0x40, 0x6F, 0x72, 0x64, 0x6E, 0x04, 0x48, 0x6F, 0x72, 0x64, 0x6E, 
0x04, 0x50, 0x6F, 0x72, 0x64, 0x6E, 0x04, 0x58, 0x6F, 0x72, 0x64, 0x6E, 0x04, 0x60, 0x6F, 0x72, 
0x64, 0x6E, 0x04, 0x68, 0x6F, 0x72, 0x64, 0x6E, 0x04, 0x70, 0x6F, 0x72, 0x64, 0x6E, 0x04, 0x78, 
0x6F, 0x72, 0x64, 0x6E, 0x04, 0x80, 0x73, 0x61, 0x6C, 0x74, 0x04, 0x88, 0x73, 0x61, 0x6C, 0x74, 
0x04, 0x8E, 0x73, 0x61, 0x6C, 0x74, 0x04, 0x94, 0x73, 0x61, 0x6C, 0x74, 0x04, 0x9A, 0x73, 0x61, 
0x6C, 0x74, 0x04, 0xA0, 0x73, 0x61, 0x6C, 0x74, 0x04, 0xA6, 0x73, 0x61, 0x6C, 0x74, 0x04, 0xAC, 
0x73, 0x61, 0x6C, 0x74, 0x04, 0xB2, 0x73, 0x61, 0x6C, 0x74, 0x04, 0xB8, 0x73, 0x61, 0x6C, 0x74, 
0x04, 0xBE, 0x73, 0x73, 0x30, 0x31, 0x04, 0xC4, 0x73, 0x73, 0x30, 0x31, 0x04, 0xCA, 0x73, 0x73, 
0x30, 0x31, 0x04, 0xD0, 0x73, 0x73, 0x30, 0x31, 0x04, 0xD6, 0x73, 0x73, 0x30, 0x31, 0x04, 0xDC, 
0x73, 0x73, 0x30, 0x31, 0x04, 0xE2, 0x73, 0x73, 0x30, 0x31, 0x04, 0xE8, 0x73, 0x73, 0x30, 0x31, 
0x04, 0xEE, 0x73, 0x73, 0x30, 0x31, 0x04, 0xF4, 0x73, 0x73, 0x30, 0x31, 0x04, 0xFA, 0x73, 0x75, 
0x70, 0x73, 0x05, 0x00, 0x73, 0x75, 0x70, 0x73, 0x05, 0x06, 0x73, 0x75, 0x70, 0x73, 0x05, 0x0C, 
0x73, 0x75, 0x70, 0x73, 0x05, 0x12, 0x73, 0x75, 0x70, 0x73, 0x05, 0x18, 0x73, 0x75, 0x70, 0x73, 
0x05, 0x1E, 0x73, 0x75, 0x70, 0x73, 0x05, 0x24, 0x73, 0x75, 0x70, 0x73, 0x05, 0x2A, 0x73, 0x75, 
0x70, 0x73, 0x05, 0x30, 0x73, 0x75, 0x70, 0x73, 0x05, 0x36, 0x00, 0x00, 0x00, 0x02, 0x00, 0x00, 
0x00, 0x01, 0x00, 0x00, 0x00, 0x02, 0x00, 0x00, 0x00, 0x01, 0x00, 0x00, 0x00, 0x02, 0x00, 0x00, 
0x00, 0x01, 0x00, 0x00, 0x00, 0x02, 0x00, 0x00, 0x00, 0x01, 0x00, 0x00, 0x00, 0x02, 0x00, 0x00, 
0x00, 0x01, 0x00, 0x00, 0x00, 0x02, 0x00, 0x00, 0x00, 0x01, 0x00, 0x00, 0x00, 0x02, 0x00, 0x00, 
0x00, 0x01, 0x00, 0x00, 0x00, 0x02, 0x00, 0x00, 0x00, 0x01, 0x00, 0x00, 0x00, 0x02, 0x00, 0x00, 
0x00, 0x01, 0x00, 0x00, 0x00, 0x02, 0x00, 0x00, 0x00, 0x01, 0x00, 0x00, 0x00, 0x01, 0x00, 0x02, 
0x00, 0x00, 0x00, 0x02, 0x00, 0x02, 0x00, 0x03, 0x00, 0x00, 0x00, 0x01, 0x00, 0x02, 0x00, 0x00, 
0x00, 0x01, 0x00, 0x02, 0x00, 0x00, 0x00, 0x01, 0x00, 0x02, 0x00, 0x00, 0x00, 0x01, 0x00, 0x02, 
0x00, 0x00, 0x00, 0x01, 0x00, 0x02, 0x00, 0x00, 0x00, 0x01, 0x00, 0x02, 0x00, 0x00, 0x00, 0x01, 
0x00, 0x02, 0x00, 0x00, 0x00, 0x01, 0x00, 0x02, 0x00, 0x00, 0x00, 0x01, 0x00, 0x11, 0x00, 0x00, 
0x00, 0x01, 0x00, 0x11, 0x00, 0x00, 0x00, 0x01, 0x00, 0x11, 0x00, 0x00, 0x00, 0x01, 0x00, 0x11, 
0x00, 0x00, 0x00, 0x01, 0x00, 0x11, 0x00, 0x00, 0x00, 0x01, 0x00, 0x11, 0x00, 0x00, 0x00, 0x01, 
0x00, 0x11, 0x00, 0x00, 0x00, 0x01, 0x00, 0x11, 0x00, 0x00, 0x00, 0x01, 0x00, 0x11, 0x00, 0x00, 
0x00, 0x01, 0x00, 0x11, 0x00, 0x00, 0x00, 0x01, 0x00, 0x0D, 0x00, 0x00, 0x00, 0x01, 0x00, 0x0D, 
0x00, 0x00, 0x00, 0x01, 0x00, 0x0D, 0x00, 0x00, 0x00, 0x01, 0x00, 0x0D, 0x00, 0x00, 0x00, 0x01, 
0x00, 0x0D, 0x00, 0x00, 0x00, 0x01, 0x00, 0x0D, 0x00, 0x00, 0x00, 0x01, 0x00, 0x0D, 0x00, 0x00, 
0x00, 0x01, 0x00, 0x0D, 0x00, 0x00, 0x00, 0x01, 0x00, 0x0D, 0x00, 0x00, 0x00, 0x01, 0x00, 0x0D, 
0x00, 0x00, 0x00, 0x01, 0x00, 0x12, 0x00, 0x00, 0x00, 0x01, 0x00, 0x12, 0x00, 0x00, 0x00, 0x01, 
0x00, 0x12, 0x00, 0x00, 0x00, 0x01, 0x00, 0x12, 0x00, 0x00, 0x00, 0x01, 0x00, 0x12, 0x00, 0x00, 
0x00, 0x01, 0x00, 0x12, 0x00, 0x00, 0x00, 0x01, 0x00, 0x12, 0x00, 0x00, 0x00, 0x01, 0x00, 0x12, 
0x00, 0x00, 0x00, 0x01, 0x00, 0x12, 0x00, 0x00, 0x00, 0x01, 0x00, 0x12, 0x00, 0x00, 0x00, 0x01, 
0x00, 0x0B, 0x00, 0x00, 0x00, 0x01, 0x00, 0x04, 0x00, 0x00, 0x00, 0x01, 0x00, 0x0A, 0x00, 0x00, 
0x00, 0x01, 0x00, 0x07, 0x00, 0x00, 0x00, 0x01, 0x00, 0x06, 0x00, 0x00, 0x00, 0x01, 0x00, 0x05, 
0x00, 0x00, 0x00, 0x01, 0x00, 0x08, 0x00, 0x00, 0x00, 0x01, 0x00, 0x09, 0x00, 0x00, 0x00, 0x01, 
0x00, 0x10, 0x00, 0x00, 0x00, 0x01, 0x00, 0x10, 0x00, 0x00, 0x00, 0x01, 0x00, 0x10, 0x00, 0x00, 
0x00, 0x01, 0x00, 0x10, 0x00, 0x00, 0x00, 0x01, 0x00, 0x10, 0x00, 0x00, 0x00, 0x01, 0x00, 0x10, 
0x00, 0x00, 0x00, 0x01, 0x00, 0x10, 0x00, 0x00, 0x00, 0x01, 0x00, 0x10, 0x00, 0x00, 0x00, 0x01, 
0x00, 0x10, 0x00, 0x00, 0x00, 0x01, 0x00, 0x10, 0x00, 0x00, 0x00, 0x02, 0x00, 0x0E, 0x00, 0x0F, 
0x00, 0x00, 0x00, 0x02, 0x00, 0x0E, 0x00, 0x0F, 0x00, 0x00, 0x00, 0x02, 0x00, 0x0E, 0x00, 0x0F, 
0x00, 0x00, 0x00, 0x02, 0x00, 0x0E, 0x00, 0x0F, 0x00, 0x00, 0x00, 0x02, 0x00, 0x0E, 0x00, 0x0F, 
0x00, 0x00, 0x00, 0x02, 0x00, 0x0E, 0x00, 0x0F, 0x00, 0x00, 0x00, 0x02, 0x00, 0x0E, 0x00, 0x0F, 
0x00, 0x00, 0x00, 0x02, 0x00, 0x0E, 0x00, 0x0F, 0x00, 0x00, 0x00, 0x02, 0x00, 0x0E, 0x00, 0x0F, 
0x00, 0x00, 0x00, 0x02, 0x00, 0x0E, 0x00, 0x0F, 0x00, 0x00, 0x00, 0x01, 0x00, 0x13, 0x00, 0x00, 
0x00, 0x01, 0x00, 0x13, 0x00, 0x00, 0x00, 0x01, 0x00, 0x13, 0x00, 0x00, 0x00, 0x01, 0x00, 0x13, 
0x00, 0x00, 0x00, 0x01, 0x00, 0x13, 0x00, 0x00, 0x00, 0x01, 0x00, 0x13, 0x00, 0x00, 0x00, 0x01, 
0x00, 0x13, 0x00, 0x00, 0x00, 0x01, 0x00, 0x13, 0x00, 0x00, 0x00, 0x01, 0x00, 0x13, 0x00, 0x00, 
0x00, 0x01, 0x00, 0x13, 0x00, 0x00, 0x00, 0x01, 0x00, 0x14, 0x00, 0x00, 0x00, 0x01, 0x00, 0x14, 
0x00, 0x00, 0x00, 0x01, 0x00, 0x14, 0x00, 0x00, 0x00, 0x01, 0x00, 0x14, 0x00, 0x00, 0x00, 0x01, 
0x00, 0x14, 0x00, 0x00, 0x00, 0x01, 0x00, 0x14, 0x00, 0x00, 0x00, 0x01, 0x00, 0x14, 0x00, 0x00, 
0x00, 0x01, 0x00, 0x14, 0x00, 0x00, 0x00, 0x01, 0x00, 0x14, 0x00, 0x00, 0x00, 0x01, 0x00, 0x14, 
0x00, 0x00, 0x00, 0x01, 0x00, 0x0C, 0x00, 0x00, 0x00, 0x01, 0x00, 0x0C, 0x00, 0x00, 0x00, 0x01, 
0x00, 0x0C, 0x00, 0x00, 0x00, 0x01, 0x00, 0x0C, 0x00, 0x00, 0x00, 0x01, 0x00, 0x0C, 0x00, 0x00, 
0x00, 0x01, 0x00, 0x0C, 0x00, 0x00, 0x00, 0x01, 0x00, 0x0C, 0x00, 0x00, 0x00, 0x01, 0x00, 0x0C, 
0x00, 0x00, 0x00, 0x01, 0x00, 0x0C, 0x00, 0x00, 0x00, 0x01, 0x00, 0x0C, 0x00, 0x16, 0x00, 0x2E, 
0x00, 0x36, 0x00, 0x3E, 0x00, 0x48, 0x00, 0x50, 0x00, 0x5A, 0x00, 0x62, 0x00, 0x6A, 0x00, 0x72, 
0x00, 0x7A, 0x00, 0x82, 0x00, 0x8A, 0x00, 0x92, 0x00, 0x9A, 0x00, 0xA2, 0x00, 0xAC, 0x00, 0xB4, 
0x00, 0xBC, 0x00, 0xC4, 0x00, 0xCC, 0x00, 0xD4, 0x00, 0xDC, 0x00, 0x01, 0x00, 0x00, 0x00, 0x01, 
0x02, 0x78, 0x00, 0x03, 0x00, 0x00, 0x00, 0x01, 0x02, 0x9A, 0x00, 0x06, 0x00, 0x00, 0x00, 0x02, 
0x00, 0xA6, 0x00, 0xB8, 0x00, 0x04, 0x00, 0x00, 0x00, 0x01, 0x00, 0xC2, 0x00, 0x06, 0x00, 0x00, 
0x00, 0x02, 0x01, 0x08, 0x01, 0x1C, 0x00, 0x01, 0x00, 0x00, 0x00, 0x01, 0x01, 0x26, 0x00, 0x01, 
0x00, 0x00, 0x00, 0x01, 0x01, 0x2C, 0x00, 0x01, 0x00, 0x00, 0x00, 0x01, 0x01, 0x32, 0x00, 0x01, 
0x00, 0x00, 0x00, 0x01, 0x01, 0x30, 0x00, 0x01, 0x00, 0x00, 0x00, 0x01, 0x01, 0x2E, 0x00, 0x01, 
0x00, 0x00, 0x00, 0x01, 0x01, 0x2C, 0x00, 0x01, 0x00, 0x00, 0x00, 0x01, 0x01, 0x2A, 0x00, 0x01, 
0x00, 0x00, 0x00, 0x01, 0x01, 0x28, 0x00, 0x04, 0x00, 0x00, 0x00, 0x01, 0x01, 0x26, 0x00, 0x06, 
0x00, 0x00, 0x00, 0x02, 0x01, 0x7A, 0x01, 0x8C, 0x00, 0x04, 0x00, 0x00, 0x00, 0x01, 0x01, 0x94, 
0x00, 0x01, 0x00, 0x00, 0x00, 0x01, 0x01, 0xA0, 0x00, 0x01, 0x00, 0x00, 0x00, 0x01, 0x01, 0xA2, 
0x00, 0x04, 0x00, 0x00, 0x00, 0x01, 0x01, 0xA0, 0x00, 0x01, 0x00, 0x00, 0x00, 0x01, 0x01, 0xCE, 
0x00, 0x01, 0x00, 0x00, 0x00, 0x01, 0x01, 0xCC, 0x00, 0x01, 0x00, 0x00, 0x00, 0x01, 0x02, 0x02, 
0x00, 0x03, 0x00, 0x00, 0x00, 0x01, 0x02, 0x0E, 0x00, 0x01, 0x02, 0x16, 0x00, 0x01, 0x00, 0x00, 
0x00, 0x15, 0x00, 0x03, 0x00, 0x00, 0x00, 0x01, 0x01, 0xFC, 0x00, 0x02, 0x02, 0x14, 0x02, 0x04, 
0x00, 0x01, 0x00, 0x00, 0x00, 0x15, 0x00, 0x01, 0x02, 0x10, 0x00, 0x02, 0x00, 0x0A, 0x00, 0x2C, 
0x00, 0x04, 0x00, 0x0A, 0x00, 0x10, 0x00, 0x16, 0x00, 0x1C, 0x03, 0x58, 0x00, 0x02, 0x03, 0x28, 
0x03, 0x57, 0x00, 0x02, 0x03, 0x29, 0x03, 0x5A, 0x00, 0x02, 0x03, 0x30, 0x03, 0x59, 0x00, 0x02, 
0x03, 0x32, 0x00, 0x04, 0x00, 0x0A, 0x00, 0x10, 0x00, 0x16, 0x00, 0x1C, 0x03, 0x54, 0x00, 0x02, 
0x03, 0x28, 0x03, 0x53, 0x00, 0x02, 0x03, 0x29, 0x03, 0x56, 0x00, 0x02, 0x03, 0x30, 0x03, 0x55, 
0x00, 0x02, 0x03, 0x32, 0x00, 0x03, 0x00, 0x01, 0x01, 0xCA, 0x00, 0x01, 0x01, 0xD0, 0x00, 0x01, 
0x01, 0xCA, 0x00, 0x01, 0x00, 0x00, 0x00, 0x15, 0x00, 0x03, 0x00, 0x01, 0x01, 0xC2, 0x00, 0x01, 
0x01, 0xBC, 0x00, 0x01, 0x01, 0xC2, 0x00, 0x01, 0x00, 0x00, 0x00, 0x15, 0x00, 0x02, 0x01, 0xB4, 
0x00, 0x04, 0x00, 0x95, 0x00, 0x9C, 0x01, 0x5B, 0x01, 0x62, 0x00, 0x02, 0x01, 0xA6, 0x00, 0x04, 
0x00, 0x95, 0x00, 0x9C, 0x01, 0x5B, 0x01, 0x62, 0x00, 0x01, 0x01, 0xA4, 0x00, 0x07, 0x00, 0x01, 
0x01, 0x9E, 0x00, 0x07, 0x00, 0x01, 0x01, 0x98, 0x00, 0x07, 0x00, 0x01, 0x01, 0x92, 0x00, 0x07, 
0x00, 0x01, 0x01, 0x8C, 0x00, 0x07, 0x00, 0x01, 0x01, 0x8C, 0x00, 0x0C, 0x00, 0x01, 0x01, 0x90, 
0x00, 0x04, 0x00, 0x0E, 0x00, 0x2E, 0x00, 0x44, 0x00, 0x50, 0x00, 0x03, 0x00, 0x08, 0x00, 0x10, 
0x00, 0x18, 0x02, 0x9F, 0x00, 0x03, 0x02, 0xB8, 0x02, 0x8F, 0x02, 0xA0, 0x00, 0x03, 0x02, 0xB8, 
0x02, 0x91, 0x02, 0xA2, 0x00, 0x03, 0x02, 0xB8, 0x02, 0x95, 0x00, 0x02, 0x00, 0x06, 0x00, 0x0E, 
0x02, 0xA1, 0x00, 0x03, 0x02, 0xB8, 0x02, 0x91, 0x02, 0xA3, 0x00, 0x03, 0x02, 0xB8, 0x02, 0x95, 
0x00, 0x01, 0x00, 0x04, 0x02, 0xA4, 0x00, 0x03, 0x02, 0xB8, 0x02, 0x95, 0x00, 0x01, 0x00, 0x04, 
0x02, 0xA5, 0x00, 0x03, 0x02, 0xB8, 0x02, 0x95, 0x00, 0x03, 0x00, 0x01, 0x01, 0x40, 0x00, 0x01, 
0x01, 0x4A, 0x00, 0x00, 0x00, 0x01, 0x00, 0x00, 0x00, 0x15, 0x00, 0x03, 0x00, 0x01, 0x01, 0x2E, 
0x00, 0x01, 0x01, 0x40, 0x00, 0x00, 0x00, 0x01, 0x00, 0x00, 0x00, 0x15, 0x00, 0x01, 0x01, 0x36, 
0x00, 0x01, 0x00, 0x08, 0x00, 0x01, 0x00, 0x04, 0x03, 0x21, 0x00, 0x03, 0x01, 0x2E, 0x02, 0xB2, 
0x00, 0x02, 0x01, 0x28, 0x00, 0x02, 0x02, 0x98, 0x02, 0x99, 0x00, 0x01, 0x01, 0x26, 0x00, 0x02, 
0x00, 0x01, 0x01, 0x26, 0x00, 0x01, 0x00, 0x08, 0x00, 0x05, 0x00, 0x0C, 0x00, 0x14, 0x00, 0x1C, 
0x00, 0x22, 0x00, 0x28, 0x01, 0x8D, 0x00, 0x03, 0x01, 0x01, 0x01, 0x0B, 0x01, 0x8E, 0x00, 0x03, 
0x01, 0x01, 0x01, 0x21, 0x01, 0x8C, 0x00, 0x02, 0x01, 0x01, 0x01, 0x8F, 0x00, 0x02, 0x01, 0x0B, 
0x01, 0x90, 0x00, 0x02, 0x01, 0x21, 0x00, 0x01, 0x00, 0xF6, 0x00, 0x57, 0x00, 0x01, 0x00, 0xF0, 
0x00, 0x57, 0x00, 0x02, 0x00, 0xF0, 0x00, 0x12, 0x01, 0x91, 0x01, 0x92, 0x00, 0x95, 0x00, 0x9C, 
0x01, 0x91, 0x01, 0x1C, 0x01, 0x92, 0x01, 0x5B, 0x01, 0x62, 0x02, 0x47, 0x02, 0x9A, 0x02, 0x9B, 
0x02, 0x9C, 0x02, 0x9D, 0x02, 0x98, 0x02, 0x99, 0x02, 0x97, 0x02, 0xBB, 0x00, 0x01, 0x00, 0x70, 
0x00, 0x01, 0x00, 0x08, 0x00, 0x02, 0x01, 0x0C, 0x01, 0x12, 0x00, 0x02, 0x00, 0xE0, 0x00, 0x07, 
0x01, 0x91, 0x01, 0x92, 0x01, 0x91, 0x01, 0x0C, 0x01, 0x1C, 0x01, 0x92, 0x02, 0xBB, 0x00, 0x01, 
0x00, 0x02, 0x01, 0x0B, 0x01, 0x1B, 0x00, 0x02, 0x00, 0x02, 0x03, 0x26, 0x03, 0x2A, 0x00, 0x00, 
0x03, 0x2C, 0x03, 0x35, 0x00, 0x05, 0x00, 0x02, 0x00, 0x02, 0x03, 0x36, 0x03, 0x38, 0x00, 0x00, 
0x03, 0x3A, 0x03, 0x3F, 0x00, 0x03, 0x00, 0x01, 0x00, 0x02, 0x03, 0x2C, 0x03, 0x2E, 0x00, 0x01, 
0x00, 0x01, 0x01, 0x21, 0x00, 0x01, 0x00, 0x01, 0x02, 0xA8, 0x00, 0x01, 0x00, 0x01, 0x00, 0x5B, 
0x00, 0x01, 0x00, 0x04, 0x00, 0x93, 0x00, 0x9B, 0x01, 0x59, 0x01, 0x61, 0x00, 0x01, 0x00, 0x01, 
0x01, 0x0B, 0x00, 0x02, 0x00, 0x01, 0x02, 0x8E, 0x02, 0x91, 0x00, 0x00, 0x00, 0x01, 0x00, 0x04, 
0x02, 0x8E, 0x02, 0x90, 0x02, 0x92, 0x02, 0x94, 0x00, 0x02, 0x00, 0x01, 0x02, 0x8D, 0x02, 0x96, 
0x00, 0x00, 0x00, 0x01, 0x00, 0x02, 0x00, 0x04, 0x00, 0xC6, 0x00, 0x01, 0x00, 0x02, 0x00, 0x68, 
0x01, 0x2E, 0x00, 0x01, 0x00, 0x01, 0x00, 0x62, 0x00, 0x01, 0x00, 0x02, 0x02, 0x92, 0x02, 0x94, 
0x00, 0x01, 0x00, 0x01, 0x02, 0x95, 0x00, 0x01, 0x00, 0x01, 0x01, 0x01, 0x00, 0x01, 0x00, 0x01, 
0x01, 0xF0, 0x00, 0x01, 0x00, 0x12, 0x00, 0x04, 0x00, 0x68, 0x00, 0x93, 0x00, 0x9B, 0x00, 0xC6, 
0x01, 0x1B, 0x01, 0x2E, 0x01, 0x59, 0x01, 0x61, 0x01, 0xF0, 0x02, 0x8E, 0x02, 0x8F, 0x02, 0x90, 
0x02, 0x91, 0x02, 0x92, 0x02, 0x94, 0x02, 0x95, 0x02, 0xA8, 0x00, 0x01, 0x00, 0x07, 0x00, 0x04, 
0x00, 0x68, 0x00, 0xC6, 0x01, 0x0B, 0x01, 0x1B, 0x01, 0x2E, 0x02, 0xA8, 0x00, 0x04, 0x02, 0x7C, 
0x01, 0x2C, 0x00, 0x05, 0x00, 0x00, 0x02, 0x8A, 0x02, 0x58, 0x00, 0x00, 0x00, 0x4B, 0x02, 0x8A, 
0x02, 0x58, 0x00, 0x00, 0x01, 0x5E, 0x00, 0x32, 0x01, 0x48, 0x00, 0x00, 0x00, 0x00, 0x04, 0x00, 
0x00, 0x00, 0x00, 0x00, 0x00, 0x00, 0x20, 0x00, 0x02, 0x87, 0x00, 0x00, 0x00, 0x02, 0x00, 0x00, 
0x00, 0x00, 0x00, 0x00, 0x00, 0x00, 0x43, 0x59, 0x52, 0x45, 0x00, 0xC0, 0x00, 0x00, 0xFB, 0x02, 
0x03, 0x71, 0xFF, 0x16, 0x00, 0x00, 0x05, 0x05, 0x01, 0x14, 0x20, 0x00, 0x01, 0x9F, 0x00, 0x00, 
0x00, 0x00, 0x02, 0x23, 0x03, 0x0D, 0x00, 0x00, 0x00, 0x20, 0x00, 0x03, 0x00, 0x00, 0x00, 0x03, 
0x00, 0x00, 0x00, 0x03, 0x00, 0x00, 0x02, 0x14, 0x00, 0x01, 0x00, 0x00, 0x00, 0x00, 0x00, 0x1C, 
0x00, 0x03, 0x00, 0x01, 0x00, 0x00, 0x02, 0x14, 0x00, 0x06, 0x01, 0xF8, 0x00, 0x00, 0x00, 0x09, 
0x00, 0xF7, 0x00, 0x03, 0x00, 0x00, 0x00, 0x00, 0x00, 0x00, 0x00, 0x03, 0x00, 0x00, 0x00, 0x00, 
0x00, 0x00, 0x00, 0x00, 0x00, 0x00, 0x00, 0x00, 0x00, 0x00, 0x00, 0x00, 0x00, 0x00, 0x00, 0x00, 
0x00, 0x00, 0x00, 0x00, 0x00, 0x00, 0x00, 0x00, 0x00, 0x00, 0x00, 0x00, 0x00, 0x00, 0x00, 0x00, 
0x00, 0x03, 0x02, 0xAD, 0x02, 0xB5, 0x02, 0xB0, 0x02, 0xD8, 0x03, 0x0A, 0x03, 0x14, 0x02, 0xB6, 
0x02, 0xC0, 0x02, 0xC1, 0x02, 0xA6, 0x02, 0xF1, 0x02, 0xAB, 0x02, 0xC5, 0x02, 0xB2, 0x02, 0xB8, 
0x02, 0x8D, 0x02, 0x8E, 0x02, 0x8F, 0x02, 0x90, 0x02, 0x91, 0x02, 0x92, 0x02, 0x93, 0x02, 0x94, 
0x02, 0x95, 0x02, 0x96, 0x02, 0xAA, 0x02, 0xB7, 0x02, 0xF8, 0x02, 0xF5, 0x02, 0xF7, 0x02, 0xB3, 
0x03, 0x13, 0x00, 0x04, 0x00, 0x1F, 0x00, 0x20, 0x00, 0x26, 0x00, 0x2A, 0x00, 0x3E, 0x00, 0x3F, 
0x00, 0x45, 0x00, 0x48, 0x00, 0x57, 0x00, 0x59, 0x00, 0x5B, 0x00, 0x61, 0x00, 0x62, 0x00, 0x68, 
0x00, 0x87, 0x00, 0x89, 0x00, 0x8A, 0x00, 0x90, 0x00, 0x98, 0x00, 0x9D, 0x00, 0xB2, 0x00, 0xB3, 
0x00, 0xB8, 0x00, 0xB9, 0x00, 0xC2, 0x02, 0xBE, 0x02, 0xA7, 0x02, 0xBF, 0x03, 0x23, 0x02, 0xB9, 
0x03, 0x4A, 0x00, 0xC6, 0x00, 0xE1, 0x00, 0xE2, 0x00, 0xE8, 0x00, 0xEC, 0x01, 0x01, 0x01, 0x02, 
0x01, 0x08, 0x01, 0x0B, 0x01, 0x1B, 0x01, 0x1E, 0x01, 0x21, 0x01, 0x27, 0x01, 0x28, 0x01, 0x2E, 
0x01, 0x4D, 0x01, 0x4F, 0x01, 0x50, 0x01, 0x56, 0x01, 0x5E, 0x01, 0x63, 0x01, 0x78, 0x01, 0x79, 
0x01, 0x7E, 0x01, 0x7F, 0x01, 0x88, 0x02, 0xBC, 0x03, 0x1C, 0x02, 0xBD, 0x02, 0xFD, 0x00, 0x00, 
0x00, 0x13, 0x00, 0x1A, 0x00, 0x23, 0x00, 0x2B, 0x00, 0x67, 0x00, 0x72, 0x00, 0xA2, 0x00, 0xC7, 
0x00, 0xD7, 0x00, 0xCE, 0x00, 0xD5, 0x00, 0xDE, 0x00, 0xDC, 0x00, 0xE5, 0x00, 0xED, 0x00, 0xFA, 
0x00, 0xF0, 0x00, 0xF7, 0x01, 0x0D, 0x01, 0x14, 0x01, 0x0F, 0x01, 0x11, 0x01, 0x2D, 0x01, 0x2F, 
0x01, 0x3C, 0x01, 0x31, 0x01, 0x38, 0x01, 0x4A, 0x01, 0x64, 0x01, 0x6A, 0x01, 0x66, 0x01, 0x68, 
0x03, 0x1E, 0x03, 0x1B, 0x02, 0xD5, 0x02, 0xE8, 0x03, 0x16, 0x02, 0xA9, 0x03, 0x15, 0x01, 0x5C, 
0x03, 0x18, 0x03, 0x17, 0x03, 0x19, 0x03, 0x43, 0x03, 0x48, 0x02, 0xF6, 0x00, 0x1D, 0x00, 0x82, 
0x02, 0xFF, 0x02, 0xFB, 0x02, 0xFA, 0x02, 0xF9, 0x02, 0xEC, 0x03, 0x07, 0x03, 0x08, 0x03, 0x05, 
0x03, 0x04, 0x02, 0x78, 0x03, 0x01, 0x01, 0x91, 0x01, 0x92, 0x02, 0x5F, 0x00, 0xDF, 0x01, 0x48, 
0x02, 0xB4, 0x02, 0xAF, 0x02, 0xFE, 0x03, 0x06, 0x02, 0xDB, 0x02, 0xFC, 0x03, 0x03, 0x02, 0xC7, 
0x02, 0xC8, 0x02, 0xAC, 0x02, 0xD3, 0x00, 0x15, 0x00, 0x1C, 0x00, 0x84, 0x00, 0x86, 0x01, 0x4C, 
0x02, 0xC3, 0x02, 0xC2, 0x02, 0xCC, 0x02, 0xCD, 0x02, 0xCE, 0x02, 0xD0, 0x02, 0xF4, 0x00, 0x00, 
0x01, 0x82, 0x00, 0xBC, 0x02, 0x9E, 0x02, 0xDA, 0x02, 0xC9, 0x02, 0xCA, 0x01, 0x8F, 0x01, 0x90, 
0x03, 0x20, 0x02, 0xA8, 0x02, 0xD1, 0x02, 0xCB, 0x03, 0x0B, 0x00, 0x0C, 0x00, 0x2E, 0x00, 0x05, 
0x00, 0x35, 0x00, 0x38, 0x00, 0x4A, 0x00, 0x4C, 0x00, 0x4E, 0x00, 0x51, 0x00, 0x69, 0x00, 0x6B, 
0x00, 0x00, 0x00, 0x76, 0x00, 0x9E, 0x00, 0xA0, 0x00, 0xA4, 0x01, 0x0C, 0x03, 0x47, 0x03, 0x4F, 
0x03, 0x4C, 0x03, 0x44, 0x03, 0x49, 0x03, 0x4E, 0x03, 0x46, 0x03, 0x4B, 0x03, 0x4D, 0x03, 0x45, 
0x00, 0x04, 0x09, 0x58, 0x00, 0x00, 0x00, 0xD4, 0x00, 0x80, 0x00, 0x06, 0x00, 0x54, 0x00, 0x00, 
0x00, 0x0D, 0x00, 0x2F, 0x00, 0x7E, 0x01, 0x48, 0x01, 0x7F, 0x01, 0x8F, 0x01, 0x92, 0x01, 0xA1, 
0x01, 0xB0, 0x01, 0xE7, 0x01, 0xEB, 0x02, 0x1B, 0x02, 0x2D, 0x02, 0x33, 0x02, 0x37, 0x02, 0x59, 
0x02, 0xBC, 0x02, 0xC7, 0x02, 0xC9, 0x02, 0xDD, 0x03, 0x04, 0x03, 0x0C, 0x03, 0x0F, 0x03, 0x12, 
0x03, 0x1B, 0x03, 0x24, 0x03, 0x28, 0x03, 0x2E, 0x03, 0x31, 0x03, 0x36, 0x03, 0x8A, 0x03, 0x8C, 
0x03, 0x90, 0x03, 0xA1, 0x03, 0xB0, 0x03, 0xCE, 0x04, 0x0F, 0x04, 0x15, 0x04, 0x1A, 0x04, 0x2F, 
0x04, 0x35, 0x04, 0x3A, 0x04, 0x5F, 0x04, 0x63, 0x04, 0x6B, 0x04, 0x75, 0x04, 0x9D, 0x04, 0xA5, 
0x04, 0xAB, 0x04, 0xB1, 0x04, 0xBB, 0x04, 0xC2, 0x04, 0xCC, 0x04, 0xD9, 0x04, 0xDF, 0x04, 0xE9, 
0x04, 0xF9, 0x05, 0x1D, 0x1E, 0x85, 0x1E, 0x9E, 0x1E, 0xF9, 0x20, 0x15, 0x20, 0x1E, 0x20, 0x22, 
0x20, 0x26, 0x20, 0x30, 0x20, 0x33, 0x20, 0x3A, 0x20, 0x3C, 0x20, 0x3E, 0x20, 0x44, 0x20, 0x74, 
0x20, 0xA1, 0x20, 0xA4, 0x20, 0xA7, 0x20, 0xA9, 0x20, 0xAE, 0x20, 0xB2, 0x20, 0xB5, 0x20, 0xBA, 
0x20, 0xBD, 0x21, 0x05, 0x21, 0x13, 0x21, 0x16, 0x21, 0x22, 0x21, 0x26, 0x21, 0x2E, 0x21, 0x5E, 
0x21, 0x90, 0x21, 0x95, 0x21, 0xA8, 0x22, 0x02, 0x22, 0x06, 0x22, 0x0F, 0x22, 0x12, 0x22, 0x15, 
0x22, 0x1A, 0x22, 0x1F, 0x22, 0x29, 0x22, 0x2B, 0x22, 0x48, 0x22, 0x61, 0x22, 0x65, 0xFB, 0x02, 
0xFF, 0xFF, 0x00, 0x00, 0x00, 0x00, 0x00, 0x0D, 0x00, 0x20, 0x00, 0x30, 0x00, 0xA0, 0x01, 0x4A, 
0x01, 0x8F, 0x01, 0x92, 0x01, 0xA0, 0x01, 0xAF, 0x01, 0xE6, 0x01, 0xEA, 0x01, 0xFA, 0x02, 0x2A, 
0x02, 0x30, 0x02, 0x37, 0x02, 0x59, 0x02, 0xBC, 0x02, 0xC6, 0x02, 0xC9, 0x02, 0xD8, 0x03, 0x00, 
0x03, 0x06, 0x03, 0x0F, 0x03, 0x11, 0x03, 0x1B, 0x03, 0x23, 0x03, 0x26, 0x03, 0x2E, 0x03, 0x31, 
0x03, 0x35, 0x03, 0x84, 0x03, 0x8C, 0x03, 0x8E, 0x03, 0x91, 0x03, 0xA3, 0x03, 0xB1, 0x04, 0x00, 
0x04, 0x10, 0x04, 0x16, 0x04, 0x1B, 0x04, 0x30, 0x04, 0x36, 0x04, 0x3B, 0x04, 0x62, 0x04, 0x6A, 
0x04, 0x72, 0x04, 0x90, 0x04, 0xA0, 0x04, 0xAA, 0x04, 0xAE, 0x04, 0xB6, 0x04, 0xC0, 0x04, 0xCB, 
0x04, 0xCF, 0x04, 0xDC, 0x04, 0xE2, 0x04, 0xEE, 0x05, 0x1A, 0x1E, 0x80, 0x1E, 0x9E, 0x1E, 0xA0, 
0x20, 0x13, 0x20, 0x17, 0x20, 0x20, 0x20, 0x26, 0x20, 0x30, 0x20, 0x32, 0x20, 0x39, 0x20, 0x3C, 
0x20, 0x3E, 0x20, 0x44, 0x20, 0x74, 0x20, 0xA1, 0x20, 0xA3, 0x20, 0xA6, 0x20, 0xA9, 0x20, 0xAB, 
0x20, 0xB1, 0x20, 0xB4, 0x20, 0xB8, 0x20, 0xBC, 0x21, 0x05, 0x21, 0x13, 0x21, 0x16, 0x21, 0x22, 
0x21, 0x26, 0x21, 0x2E, 0x21, 0x5B, 0x21, 0x90, 0x21, 0x91, 0x21, 0xA8, 0x22, 0x02, 0x22, 0x06, 
0x22, 0x0F, 0x22, 0x11, 0x22, 0x15, 0x22, 0x19, 0x22, 0x1E, 0x22, 0x29, 0x22, 0x2B, 0x22, 0x48, 
0x22, 0x60, 0x22, 0x64, 0xFB, 0x01, 0xFF, 0xFF, 0x00, 0x01, 0xFF, 0xF5, 0x00, 0x00, 0x00, 0x00, 
0x00, 0x00, 0x00, 0x00, 0xFF, 0x08, 0x01, 0x49, 0x00, 0x00, 0x00, 0x00, 0x00, 0x00, 0x00, 0x00, 
0x00, 0x00, 0x00, 0x00, 0x00, 0x00, 0xFE, 0xE5, 0xFE, 0xA7, 0x00, 0x85, 0x00, 0x00, 0x00, 0x79, 
0x00, 0x00, 0x00, 0x00, 0x00, 0x00, 0x00, 0x24, 0x00, 0x23, 0x00, 0x1B, 0x00, 0x14, 0x00, 0x13, 
0x00, 0x0E, 0x00, 0x0C, 0x00, 0x09, 0x00, 0x00, 0xFE, 0xD8, 0x00, 0x00, 0xFE, 0xB7, 0x00, 0x00, 
0x00, 0x00, 0x00, 0x00, 0x00, 0x00, 0x00, 0x00, 0x00, 0x00, 0x00, 0x00, 0x00, 0x00, 0x00, 0x00, 
0x00, 0x00, 0x00, 0x00, 0x00, 0x00, 0x00, 0x00, 0x00, 0x00, 0x00, 0x00, 0x00, 0x00, 0x00, 0x00, 
0x00, 0x00, 0x00, 0x00, 0x00, 0x00, 0x00, 0x00, 0x00, 0x00, 0x00, 0x00, 0x00, 0x00, 0x00, 0x00, 
0xE1, 0xF8, 0x00, 0x00, 0x00, 0x00, 0x00, 0x00, 0x00, 0x00, 0xE2, 0x86, 0xE2, 0xDB, 0xE2, 0xF2, 
0xE2, 0x90, 0xE2, 0x72, 0xE2, 0x73, 0xE2, 0x5A, 0xE2, 0x29, 0xE2, 0x35, 0x00, 0x00, 0xE2, 0x3D, 
0xE2, 0x42, 0x00, 0x00, 0x00, 0x00, 0x00, 0x00, 0x00, 0x00, 0x00, 0x00, 0xE2, 0x15, 0xE2, 0x0C, 
0xE2, 0x0B, 0xE1, 0xF7, 0xE1, 0xDC, 0xE1, 0xF4, 0xE1, 0x47, 0xE1, 0x7F, 0x00, 0x00, 0xE1, 0x6A, 
0xE1, 0x06, 0xE0, 0xFD, 0xE0, 0xF5, 0x00, 0x00, 0xE0, 0xDA, 0x00, 0x00, 0x00, 0x00, 0xE0, 0xD7, 
0xE0, 0xD6, 0xE0, 0xB4, 0x00, 0x00, 0x00, 0x00, 0x00, 0x00, 0x00, 0x01, 0x00, 0x00, 0x00, 0x00, 
0x00, 0xD0, 0x00, 0xEE, 0x01, 0x8A, 0x02, 0xDA, 0x00, 0x00, 0x00, 0x00, 0x03, 0x40, 0x03, 0x42, 
0x03, 0x44, 0x03, 0x46, 0x03, 0x48, 0x03, 0x8A, 0x03, 0x90, 0x00, 0x00, 0x00, 0x00, 0x00, 0x00, 
0x03, 0x90, 0x00, 0x00, 0x03, 0x90, 0x03, 0x9A, 0x03, 0xA2, 0x00, 0x00, 0x00, 0x00, 0x00, 0x00, 
0x00, 0x00, 0x00, 0x00, 0x00, 0x00, 0x00, 0x00, 0x00, 0x00, 0x03, 0x9E, 0x00, 0x00, 0x03, 0xA8, 
0x00, 0x00, 0x03, 0xAA, 0x03, 0xC4, 0x03, 0xFE, 0x04, 0x1C, 0x04, 0x26, 0x04, 0x2E, 0x04, 0x56, 
0x04, 0x60, 0x04, 0x68, 0x04, 0xB0, 0x04, 0xB2, 0x04, 0xB4, 0x04, 0xBA, 0x04, 0xD4, 0x04, 0xDE, 
0x04, 0xE0, 0x04, 0xE6, 0x04, 0xF0, 0x04, 0xF4, 0x04, 0xF6, 0x05, 0x0A, 0x05, 0x10, 0x05, 0x1E, 
0x05, 0x34, 0x05, 0x3A, 0x00, 0x00, 0x05, 0x42, 0x05, 0xF4, 0x05, 0xF8, 0x06, 0x06, 0x00, 0x00, 
0x00, 0x00, 0x00, 0x00, 0x00, 0x00, 0x00, 0x00, 0x00, 0x00, 0x00, 0x00, 0x00, 0x00, 0x00, 0x00, 
0x05, 0xF8, 0x00, 0x00, 0x00, 0x00, 0x05, 0xF6, 0x05, 0xFC, 0x05, 0xFE, 0x06, 0x00, 0x06, 0x04, 
0x00, 0x00, 0x00, 0x00, 0x00, 0x00, 0x00, 0x00, 0x00, 0x00, 0x00, 0x00, 0x00, 0x00, 0x00, 0x00, 
0x05, 0xF6, 0x00, 0x00, 0x00, 0x00, 0x00, 0x00, 0x00, 0x00, 0x05, 0xF6, 0x00, 0x00, 0x05, 0xF6, 
0x05, 0xF8, 0x00, 0x00, 0x00, 0x00, 0x00, 0x00, 0x05, 0xF4, 0x05, 0xF6, 0x05, 0xF8, 0x00, 0x00, 
0x00, 0x03, 0x02, 0xAD, 0x02, 0xB5, 0x02, 0xB0, 0x02, 0xD8, 0x03, 0x0A, 0x03, 0x14, 0x02, 0xB6, 
0x02, 0xC0, 0x02, 0xC1, 0x02, 0xA6, 0x02, 0xF1, 0x02, 0xAB, 0x02, 0xC5, 0x02, 0xB2, 0x02, 0xB8, 
0x02, 0x8D, 0x02, 0x8E, 0x02, 0x8F, 0x02, 0x90, 0x02, 0x91, 0x02, 0x92, 0x02, 0x93, 0x02, 0x94, 
0x02, 0x95, 0x02, 0x96, 0x02, 0xAA, 0x02, 0xB7, 0x02, 0xF8, 0x02, 0xF5, 0x02, 0xF7, 0x02, 0xB3, 
0x03, 0x13, 0x00, 0x04, 0x00, 0x1F, 0x00, 0x20, 0x00, 0x26, 0x00, 0x2A, 0x00, 0x3E, 0x00, 0x3F, 
0x00, 0x45, 0x00, 0x48, 0x00, 0x57, 0x00, 0x59, 0x00, 0x5B, 0x00, 0x61, 0x00, 0x62, 0x00, 0x68, 
0x00, 0x87, 0x00, 0x89, 0x00, 0x8A, 0x00, 0x90, 0x00, 0x98, 0x00, 0x9D, 0x00, 0xB2, 0x00, 0xB3, 
0x00, 0xB8, 0x00, 0xB9, 0x00, 0xC2, 0x02, 0xBE, 0x02, 0xA7, 0x02, 0xBF, 0x03, 0x23, 0x02, 0xB9, 
0x03, 0x4A, 0x00, 0xC6, 0x00, 0xE1, 0x00, 0xE2, 0x00, 0xE8, 0x00, 0xEC, 0x01, 0x01, 0x01, 0x02, 
0x01, 0x08, 0x01, 0x0B, 0x01, 0x1B, 0x01, 0x1E, 0x01, 0x21, 0x01, 0x27, 0x01, 0x28, 0x01, 0x2E, 
0x01, 0x4D, 0x01, 0x4F, 0x01, 0x50, 0x01, 0x56, 0x01, 0x5E, 0x01, 0x63, 0x01, 0x78, 0x01, 0x79, 
0x01, 0x7E, 0x01, 0x7F, 0x01, 0x88, 0x02, 0xBC, 0x03, 0x1C, 0x02, 0xBD, 0x02, 0xFD, 0x02, 0xD3, 
0x02, 0xAF, 0x02, 0xD5, 0x02, 0xE8, 0x02, 0xD7, 0x02, 0xEC, 0x03, 0x1D, 0x03, 0x16, 0x03, 0x48, 
0x03, 0x17, 0x01, 0x91, 0x02, 0xC7, 0x02, 0xFE, 0x02, 0xC6, 0x03, 0x18, 0x03, 0x4C, 0x03, 0x1B, 
0x02, 0xFB, 0x02, 0x9B, 0x02, 0x9C, 0x03, 0x43, 0x03, 0x07, 0x03, 0x15, 0x02, 0xA8, 0x03, 0x46, 
0x02, 0x9A, 0x01, 0x92, 0x02, 0xC8, 0x02, 0xA0, 0x02, 0x9F, 0x02, 0xA1, 0x02, 0xB4, 0x00, 0x15, 
0x00, 0x05, 0x00, 0x0C, 0x00, 0x1C, 0x00, 0x13, 0x00, 0x1A, 0x00, 0x1D, 0x00, 0x23, 0x00, 0x38, 
0x00, 0x2B, 0x00, 0x2E, 0x00, 0x35, 0x00, 0x51, 0x00, 0x4A, 0x00, 0x4C, 0x00, 0x4E, 0x00, 0x27, 
0x00, 0x67, 0x00, 0x76, 0x00, 0x69, 0x00, 0x6B, 0x00, 0x84, 0x00, 0x72, 0x02, 0xF3, 0x00, 0x82, 
0x00, 0xA4, 0x00, 0x9E, 0x00, 0xA0, 0x00, 0xA2, 0x00, 0xBA, 0x00, 0x88, 0x01, 0x5C, 0x00, 0xD7, 
0x00, 0xC7, 0x00, 0xCE, 0x00, 0xDE, 0x00, 0xD5, 0x00, 0xDC, 0x00, 0xDF, 0x00, 0xE5, 0x00, 0xFA, 
0x00, 0xED, 0x00, 0xF0, 0x00, 0xF7, 0x01, 0x14, 0x01, 0x0D, 0x01, 0x0F, 0x01, 0x11, 0x00, 0xE9, 
0x01, 0x2D, 0x01, 0x3C, 0x01, 0x2F, 0x01, 0x31, 0x01, 0x4A, 0x01, 0x38, 0x02, 0xF4, 0x01, 0x48, 
0x01, 0x6A, 0x01, 0x64, 0x01, 0x66, 0x01, 0x68, 0x01, 0x80, 0x01, 0x4E, 0x01, 0x82, 0x00, 0x18, 
0x00, 0xDA, 0x00, 0x06, 0x00, 0xC8, 0x00, 0x19, 0x00, 0xDB, 0x00, 0x21, 0x00, 0xE3, 0x00, 0x24, 
0x00, 0xE6, 0x00, 0x25, 0x00, 0xE7, 0x00, 0x22, 0x00, 0xE4, 0x00, 0x28, 0x00, 0xEA, 0x00, 0x29, 
0x00, 0xEB, 0x00, 0x3B, 0x00, 0xFD, 0x00, 0x2C, 0x00, 0xEE, 0x00, 0x36, 0x00, 0xF8, 0x00, 0x3C, 
0x00, 0xFE, 0x00, 0x2D, 0x00, 0xEF, 0x00, 0x42, 0x01, 0x05, 0x00, 0x40, 0x01, 0x03, 0x00, 0x44, 
0x01, 0x07, 0x00, 0x43, 0x01, 0x06, 0x00, 0x47, 0x01, 0x0A, 0x00, 0x46, 0x01, 0x09, 0x00, 0x56, 
0x01, 0x1A, 0x00, 0x54, 0x01, 0x18, 0x00, 0x4B, 0x01, 0x0E, 0x00, 0x55, 0x01, 0x19, 0x00, 0x4F, 
0x01, 0x0C, 0x00, 0x49, 0x01, 0x17, 0x00, 0x58, 0x01, 0x1D, 0x00, 0x5A, 0x01, 0x1F, 0x01, 0x20, 
0x00, 0x5C, 0x01, 0x22, 0x00, 0x5E, 0x01, 0x24, 0x00, 0x5D, 0x01, 0x23, 0x00, 0x5F, 0x01, 0x25, 
0x00, 0x60, 0x01, 0x26, 0x00, 0x63, 0x01, 0x29, 0x00, 0x65, 0x01, 0x2B, 0x00, 0x64, 0x01, 0x2A, 
0x00, 0x66, 0x01, 0x2C, 0x00, 0x80, 0x01, 0x46, 0x00, 0x6A, 0x01, 0x30, 0x00, 0x7E, 0x01, 0x44, 
0x00, 0x86, 0x01, 0x4C, 0x00, 0x8B, 0x01, 0x51, 0x00, 0x8D, 0x01, 0x53, 0x00, 0x8C, 0x01, 0x52, 
0x00, 0x91, 0x01, 0x57, 0x00, 0x94, 0x01, 0x5A, 0x00, 0x93, 0x01, 0x59, 0x00, 0x92, 0x01, 0x58, 
0x00, 0x9B, 0x01, 0x61, 0x00, 0x9A, 0x01, 0x60, 0x00, 0x99, 0x01, 0x5F, 0x00, 0xB1, 0x01, 0x77, 
0x00, 0xAE, 0x01, 0x74, 0x00, 0x9F, 0x01, 0x65, 0x00, 0xB0, 0x01, 0x76, 0x00, 0xAC, 0x01, 0x72, 
0x00, 0xAF, 0x01, 0x75, 0x00, 0xB5, 0x01, 0x7B, 0x00, 0xBB, 0x01, 0x81, 0x00, 0xBC, 0x00, 0xC3, 
0x01, 0x89, 0x00, 0xC5, 0x01, 0x8B, 0x00, 0xC4, 0x01, 0x8A, 0x01, 0x5D, 0x00, 0x78, 0x01, 0x3E, 
0x00, 0xA6, 0x01, 0x6C, 0x00, 0x41, 0x01, 0x04, 0x00, 0x81, 0x01, 0x47, 0x00, 0x1B, 0x00, 0xDD, 
0x00, 0x1E, 0x00, 0xE0, 0x00, 0x83, 0x01, 0x49, 0x00, 0x12, 0x00, 0xD4, 0x00, 0x17, 0x00, 0xD9, 
0x00, 0x34, 0x00, 0xF6, 0x00, 0x3A, 0x00, 0xFC, 0x00, 0x4D, 0x01, 0x10, 0x00, 0x53, 0x01, 0x16, 
0x00, 0x71, 0x01, 0x37, 0x00, 0x7F, 0x01, 0x45, 0x00, 0x8E, 0x01, 0x54, 0x00, 0x8F, 0x01, 0x55, 
0x00, 0xA1, 0x01, 0x67, 0x00, 0xAD, 0x01, 0x73, 0x00, 0x95, 0x01, 0x5B, 0x00, 0x9C, 0x01, 0x62, 
0x00, 0x73, 0x01, 0x39, 0x00, 0x85, 0x01, 0x4B, 0x00, 0x74, 0x01, 0x3A, 0x00, 0xC0, 0x01, 0x86, 
0x03, 0x47, 0x03, 0x45, 0x03, 0x44, 0x03, 0x49, 0x03, 0x4E, 0x03, 0x4D, 0x03, 0x4F, 0x03, 0x4B, 
0x03, 0x28, 0x03, 0x29, 0x03, 0x2C, 0x03, 0x30, 0x03, 0x31, 0x03, 0x2E, 0x03, 0x27, 0x03, 0x26, 
0x03, 0x32, 0x03, 0x2F, 0x03, 0x2A, 0x03, 0x2D, 0x03, 0x50, 0x03, 0x51, 0x02, 0x60, 0x02, 0xD2, 
0x02, 0x61, 0x02, 0x62, 0x02, 0x63, 0x02, 0x65, 0x02, 0x66, 0x02, 0x84, 0x02, 0x59, 0x02, 0x5A, 
0x02, 0x5B, 0x02, 0x5C, 0x02, 0x5D, 0x02, 0x5E, 0x02, 0x5F, 0x02, 0x67, 0x02, 0x68, 0x02, 0x8A, 
0x02, 0x8B, 0x02, 0x8C, 0x02, 0x82, 0x02, 0x87, 0x02, 0x69, 0x02, 0x6A, 0x02, 0x6B, 0x02, 0x6C, 
0x02, 0x6D, 0x02, 0x6E, 0x02, 0x6F, 0x02, 0x70, 0x02, 0x71, 0x02, 0x72, 0x02, 0x73, 0x02, 0x74, 
0x02, 0x75, 0x02, 0x76, 0x02, 0x77, 0x02, 0x78, 0x02, 0x79, 0x02, 0x7A, 0x02, 0x7B, 0x02, 0x7C, 
0x02, 0x7D, 0x02, 0x7E, 0x02, 0x7F, 0x02, 0x80, 0x02, 0x81, 0x02, 0x83, 0x02, 0x86, 0x02, 0x88, 
0x02, 0x85, 0x02, 0x89, 0x01, 0x9B, 0x01, 0x9C, 0x01, 0xC3, 0x01, 0x97, 0x01, 0xBB, 0x01, 0xBA, 
0x01, 0xBD, 0x01, 0xBE, 0x01, 0xBF, 0x01, 0xB8, 0x01, 0xB9, 0x01, 0xC0, 0x01, 0xA3, 0x01, 0xA1, 
0x01, 0xAD, 0x01, 0xB4, 0x01, 0x93, 0x01, 0x94, 0x01, 0x95, 0x01, 0x96, 0x01, 0x99, 0x01, 0x9A, 
0x01, 0x9D, 0x01, 0x9E, 0x01, 0x9F, 0x01, 0xA0, 0x01, 0xA2, 0x01, 0xA4, 0x01, 0xA5, 0x01, 0xA6, 
0x01, 0xA7, 0x01, 0xA8, 0x01, 0xA9, 0x01, 0xAA, 0x01, 0xAB, 0x01, 0xAC, 0x01, 0xAE, 0x01, 0xAF, 
0x01, 0xB1, 0x01, 0xB0, 0x01, 0xB2, 0x01, 0xB3, 0x01, 0xB6, 0x01, 0xB7, 0x01, 0xB5, 0x01, 0xBC, 
0x01, 0xC1, 0x01, 0xC2, 0x01, 0xED, 0x01, 0xEE, 0x01, 0xEF, 0x01, 0xF0, 0x01, 0xF3, 0x01, 0xF4, 
0x01, 0xF7, 0x01, 0xF8, 0x01, 0xF9, 0x01, 0xFA, 0x01, 0xFC, 0x01, 0xFE, 0x01, 0xFF, 0x02, 0x00, 
0x02, 0x01, 0x02, 0x02, 0x02, 0x03, 0x02, 0x04, 0x02, 0x05, 0x02, 0x06, 0x02, 0x08, 0x02, 0x09, 
0x02, 0x0B, 0x02, 0x0A, 0x02, 0x0C, 0x02, 0x0D, 0x02, 0x10, 0x02, 0x11, 0x02, 0x0F, 0x02, 0x16, 
0x02, 0x1B, 0x02, 0x1C, 0x01, 0xF5, 0x01, 0xF6, 0x02, 0x1D, 0x01, 0xF1, 0x02, 0x15, 0x02, 0x14, 
0x02, 0x17, 0x02, 0x18, 0x02, 0x19, 0x02, 0x12, 0x02, 0x13, 0x02, 0x1A, 0x01, 0xFD, 0x01, 0xFB, 
0x02, 0x07, 0x02, 0x0E, 0x01, 0xC4, 0x02, 0x1E, 0x01, 0xC5, 0x02, 0x1F, 0x01, 0xC6, 0x02, 0x20, 
0x01, 0xC7, 0x02, 0x21, 0x01, 0x98, 0x01, 0xF2, 0x01, 0xC8, 0x02, 0x22, 0x01, 0xC9, 0x02, 0x23, 
0x01, 0xCA, 0x02, 0x24, 0x01, 0xCB, 0x02, 0x25, 0x01, 0xCC, 0x02, 0x26, 0x01, 0xCD, 0x02, 0x27, 
0x01, 0xCE, 0x02, 0x28, 0x01, 0xCF, 0x02, 0x29, 0x01, 0xD0, 0x02, 0x2A, 0x01, 0xD1, 0x02, 0x2B, 
0x01, 0xD2, 0x02, 0x2C, 0x01, 0xD3, 0x02, 0x2D, 0x01, 0xD4, 0x02, 0x2E, 0x01, 0xD5, 0x02, 0x2F, 
0x01, 0xD6, 0x02, 0x30, 0x01, 0xD7, 0x01, 0xD8, 0x02, 0x32, 0x01, 0xD9, 0x02, 0x33, 0x02, 0x31, 
0x01, 0xDA, 0x02, 0x34, 0x01, 0xDB, 0x02, 0x35, 0x01, 0xDC, 0x02, 0x36, 0x01, 0xDD, 0x02, 0x37, 
0x01, 0xDE, 0x02, 0x38, 0x01, 0xDF, 0x02, 0x39, 0x01, 0xE0, 0x02, 0x3A, 0x01, 0xE1, 0x02, 0x3B, 
0x01, 0xE2, 0x02, 0x3C, 0x01, 0xE3, 0x02, 0x3D, 0x01, 0xE4, 0x02, 0x3E, 0x01, 0xE5, 0x02, 0x3F, 
0x01, 0xE6, 0x02, 0x40, 0x01, 0xE7, 0x02, 0x41, 0x01, 0xE8, 0x02, 0x42, 0x01, 0xE9, 0x02, 0x43, 
0x01, 0xEA, 0x02, 0x44, 0x01, 0xEB, 0x02, 0x45, 0x01, 0xEC, 0x02, 0x46, 0x00, 0xB7, 0x01, 0x7D, 
0x00, 0xB4, 0x01, 0x7A, 0x00, 0xB6, 0x01, 0x7C, 0x00, 0x14, 0x00, 0xD6, 0x00, 0x16, 0x00, 0xD8, 
0x00, 0x0D, 0x00, 0xCF, 0x00, 0x0F, 0x00, 0xD1, 0x00, 0x10, 0x00, 0xD2, 0x00, 0x11, 0x00, 0xD3, 
0x00, 0x0E, 0x00, 0xD0, 0x00, 0x07, 0x00, 0xC9, 0x00, 0x09, 0x00, 0xCB, 0x00, 0x0A, 0x00, 0xCC, 
0x00, 0x0B, 0x00, 0xCD, 0x00, 0x08, 0x00, 0xCA, 0x00, 0x37, 0x00, 0xF9, 0x00, 0x39, 0x00, 0xFB, 
0x00, 0x3D, 0x00, 0xFF, 0x00, 0x2F, 0x00, 0xF1, 0x00, 0x31, 0x00, 0xF3, 0x00, 0x32, 0x00, 0xF4, 
0x00, 0x33, 0x00, 0xF5, 0x00, 0x30, 0x00, 0xF2, 0x00, 0x52, 0x01, 0x15, 0x00, 0x50, 0x01, 0x13, 
0x00, 0x75, 0x01, 0x3B, 0x00, 0x77, 0x01, 0x3D, 0x00, 0x6C, 0x01, 0x32, 0x00, 0x6E, 0x01, 0x34, 
0x00, 0x6F, 0x01, 0x35, 0x00, 0x70, 0x01, 0x36, 0x00, 0x6D, 0x01, 0x33, 0x00, 0x79, 0x01, 0x3F, 
0x00, 0x7B, 0x01, 0x41, 0x00, 0x7C, 0x01, 0x42, 0x00, 0x7D, 0x01, 0x43, 0x00, 0x7A, 0x01, 0x40, 
0x00, 0xA3, 0x01, 0x69, 0x00, 0xA5, 0x01, 0x6B, 0x00, 0xA7, 0x01, 0x6D, 0x00, 0xA9, 0x01, 0x6F, 
0x00, 0xAA, 0x01, 0x70, 0x00, 0xAB, 0x01, 0x71, 0x00, 0xA8, 0x01, 0x6E, 0x00, 0xBE, 0x01, 0x84, 
0x00, 0xBD, 0x01, 0x83, 0x00, 0xBF, 0x01, 0x85, 0x00, 0xC1, 0x01, 0x87, 0x02, 0xC3, 0x02, 0xC2, 
0x02, 0xC4, 0x02, 0xBA, 0x02, 0xCE, 0x02, 0xD0, 0x02, 0xD1, 0x02, 0xCF, 0x02, 0xCC, 0x02, 0xCD, 
0x02, 0xCB, 0x03, 0x1E, 0x03, 0x20, 0x02, 0xA9, 0x02, 0xDC, 0x02, 0xE0, 0x02, 0xD9, 0x02, 0xDA, 
0x02, 0xDF, 0x02, 0xEA, 0x02, 0xE5, 0x02, 0xDD, 0x02, 0xDE, 0x02, 0xD4, 0x02, 0xE9, 0x02, 0xE7, 
0x02, 0xE1, 0x02, 0xE2, 0x02, 0xE6, 0x03, 0x0C, 0x03, 0x0D, 0x03, 0x0E, 0x03, 0x10, 0x03, 0x11, 
0x03, 0x05, 0x02, 0xF2, 0x02, 0xEE, 0x03, 0x06, 0x02, 0xFF, 0x03, 0x09, 0x02, 0xF6, 0x02, 0xF0, 
0x02, 0xFA, 0x02, 0xF9, 0x01, 0x8F, 0x01, 0x90, 0x00, 0x04, 0x00, 0x28, 0x00, 0x00, 0x02, 0x45, 
0x03, 0x0D, 0x00, 0x0F, 0x00, 0x13, 0x00, 0x38, 0x00, 0x44, 0x00, 0x0D, 0x40, 0x0A, 0x3D, 0x39, 
0x2D, 0x21, 0x11, 0x10, 0x05, 0x00, 0x04, 0x30, 0x2B, 0x00, 0x16, 0x15, 0x11, 0x14, 0x06, 0x23, 
0x21, 0x22, 0x26, 0x35, 0x11, 0x34, 0x36, 0x33, 0x21, 0x05, 0x11, 0x21, 0x11, 0x06, 0x26, 0x23, 
0x22, 0x06, 0x15, 0x14, 0x06, 0x23, 0x22, 0x26, 0x35, 0x34, 0x36, 0x33, 0x32, 0x16, 0x15, 0x14, 
0x06, 0x07, 0x07, 0x06, 0x15, 0x14, 0x06, 0x23, 0x22, 0x26, 0x35, 0x34, 0x36, 0x37, 0x37, 0x36, 
0x36, 0x35, 0x02, 0x16, 0x15, 0x14, 0x06, 0x23, 0x22, 0x26, 0x35, 0x34, 0x36, 0x33, 0x02, 0x39, 
0x0C, 0x0C, 0x08, 0xFE, 0x0B, 0x09, 0x0B, 0x0B, 0x09, 0x01, 0xF5, 0xFE, 0x1F, 0x01, 0xCD, 0x7F, 
0x3A, 0x2E, 0x2D, 0x3A, 0x0E, 0x0B, 0x0B, 0x0E, 0x56, 0x43, 0x43, 0x57, 0x23, 0x26, 0x16, 0x21, 
0x0F, 0x0B, 0x0B, 0x0E, 0x19, 0x14, 0x16, 0x20, 0x1E, 0x57, 0x16, 0x17, 0x10, 0x10, 0x15, 0x15, 
0x10, 0x03, 0x0D, 0x0C, 0x08, 0xFD, 0x1B, 0x08, 0x0C, 0x0C, 0x08, 0x02, 0xE5, 0x08, 0x0C, 0x28, 
0xFD, 0x43, 0x02, 0xBD, 0xBA, 0x34, 0x39, 0x2E, 0x0A, 0x0E, 0x0E, 0x0A, 0x43, 0x56, 0x53, 0x3F, 
0x2A, 0x37, 0x23, 0x16, 0x20, 0x32, 0x0B, 0x0F, 0x0F, 0x0B, 0x1B, 0x3D, 0x14, 0x15, 0x1E, 0x2D, 
0x23, 0xFE, 0xCC, 0x16, 0x10, 0x10, 0x16, 0x16, 0x10, 0x10, 0x16, 0x00, 0x00, 0x02, 0x00, 0x13, 
0x00, 0x00, 0x02, 0xB2, 0x03, 0x0D, 0x00, 0x16, 0x00, 0x19, 0x00, 0x29, 0x40, 0x26, 0x19, 0x01, 
0x04, 0x03, 0x0E, 0x01, 0x00, 0x01, 0x02, 0x4A, 0x00, 0x04, 0x00, 0x01, 0x00, 0x04, 0x01, 0x66, 
0x00, 0x03, 0x03, 0x3D, 0x4B, 0x02, 0x01, 0x00, 0x00, 0x3E, 0x00, 0x4C, 0x13, 0x26, 0x22, 0x12, 
0x23, 0x05, 0x09, 0x19, 0x2B, 0x24, 0x15, 0x14, 0x06, 0x23, 0x22, 0x27, 0x27, 0x21, 0x07, 0x06, 
0x23, 0x22, 0x26, 0x35, 0x34, 0x37, 0x01, 0x36, 0x33, 0x32, 0x17, 0x01, 0x25, 0x21, 0x03, 0x02, 
0xB2, 0x12, 0x0C, 0x14, 0x08, 0x4A, 0xFE, 0x69, 0x4A, 0x07, 0x15, 0x0E, 0x10, 0x03, 0x01, 0x2F, 
0x08, 0x15, 0x14, 0x09, 0x01, 0x30, 0xFD, 0xFF, 0x01, 0x69, 0xB5, 0x25, 0x07, 0x0C, 0x12, 0x13, 
0xB1, 0xB1, 0x13, 0x12, 0x0C, 0x07, 0x06, 0x02, 0xCD, 0x15, 0x15, 0xFD, 0x33, 0xCF, 0x01, 0xB0, 
0xFF, 0xFF, 0x00, 0x13, 0x00, 0x00, 0x02, 0xB2, 0x04, 0x15, 0x00, 0x22, 0x00, 0x04, 0x00, 0x00, 
0x01, 0x07, 0x03, 0x29, 0x02, 0x19, 0x00, 0xEA, 0x00, 0x08, 0xB1, 0x02, 0x01, 0xB0, 0xEA, 0xB0, 
0x33, 0x2B, 0x00, 0x00, 0xFF, 0xFF, 0x00, 0x13, 0x00, 0x00, 0x02, 0xB2, 0x04, 0x00, 0x00, 0x22, 
0x00, 0x04, 0x00, 0x00, 0x01, 0x07, 0x03, 0x2E, 0x02, 0x25, 0x00, 0xEA, 0x00, 0x08, 0xB1, 0x02, 
0x01, 0xB0, 0xEA, 0xB0, 0x33, 0x2B, 0x00, 0x00, 0xFF, 0xFF, 0x00, 0x13, 0x00, 0x00, 0x02, 0xB2, 
0x04, 0xB8, 0x00, 0x22, 0x00, 0x04, 0x00, 0x00, 0x00, 0x27, 0x03, 0x2E, 0x02, 0x25, 0x00, 0xEA, 
0x01, 0x07, 0x03, 0x29, 0x02, 0x19, 0x01, 0x8D, 0x00, 0x11, 0xB1, 0x02, 0x01, 0xB0, 0xEA, 0xB0, 
0x33, 0x2B, 0xB1, 0x03, 0x01, 0xB8, 0x01, 0x8D, 0xB0, 0x33, 0x2B, 0x00, 0xFF, 0xFF, 0x00, 0x13, 
0xFF, 0x3A, 0x02, 0xB2, 0x04, 0x00, 0x00, 0x22, 0x00, 0x04, 0x00, 0x00, 0x00, 0x27, 0x03, 0x2E, 
0x02, 0x25, 0x00, 0xEA, 0x01, 0x03, 0x03, 0x37, 0x01, 0xC0, 0x00, 0x00, 0x00, 0x08, 0xB1, 0x02, 
0x01, 0xB0, 0xEA, 0xB0, 0x33, 0x2B, 0x00, 0x00, 0xFF, 0xFF, 0x00, 0x13, 0x00, 0x00, 0x02, 0xB2, 
0x04, 0xC3, 0x00, 0x22, 0x00, 0x04, 0x00, 0x00, 0x00, 0x27, 0x03, 0x2E, 0x02, 0x25, 0x00, 0xEA, 
0x01, 0x07, 0x03, 0x28, 0x01, 0xAA, 0x01, 0x8D, 0x00, 0x11, 0xB1, 0x02, 0x01, 0xB0, 0xEA, 0xB0, 
0x33, 0x2B, 0xB1, 0x03, 0x01, 0xB8, 0x01, 0x8D, 0xB0, 0x33, 0x2B, 0x00, 0xFF, 0xFF, 0x00, 0x13, 
0x00, 0x00, 0x02, 0xB2, 0x04, 0xDF, 0x00, 0x22, 0x00, 0x04, 0x00, 0x00, 0x00, 0x27, 0x03, 0x2E, 
0x02, 0x25, 0x00, 0xEA, 0x01, 0x07, 0x03, 0x32, 0x02, 0x09, 0x01, 0x8D, 0x00, 0x11, 0xB1, 0x02, 
0x01, 0xB0, 0xEA, 0xB0, 0x33, 0x2B, 0xB1, 0x03, 0x01, 0xB8, 0x01, 0x8D, 0xB0, 0x33, 0x2B, 0x00, 
0xFF, 0xFF, 0x00, 0x13, 0x00, 0x00, 0x02, 0xB2, 0x04, 0x8B, 0x00, 0x22, 0x00, 0x04, 0x00, 0x00, 
0x00, 0x27, 0x03, 0x2E, 0x02, 0x25, 0x00, 0xEA, 0x01, 0x07, 0x03, 0x40, 0x02, 0x2B, 0x01, 0x8D, 
0x00, 0x11, 0xB1, 0x02, 0x01, 0xB0, 0xEA, 0xB0, 0x33, 0x2B, 0xB1, 0x03, 0x01, 0xB8, 0x01, 0x8D, 
0xB0, 0x33, 0x2B, 0x00, 0xFF, 0xFF, 0x00, 0x13, 0x00, 0x00, 0x02, 0xB2, 0x04, 0x00, 0x00, 0x22, 
0x00, 0x04, 0x00, 0x00, 0x01, 0x07, 0x03, 0x2C, 0x02, 0x26, 0x00, 0xEA, 0x00, 0x08, 0xB1, 0x02, 
0x01, 0xB0, 0xEA, 0xB0, 0x33, 0x2B, 0x00, 0x00, 0xFF, 0xFF, 0x00, 0x13, 0x00, 0x00, 0x02, 0xB2, 
0x04, 0xCF, 0x00, 0x22, 0x00, 0x04, 0x00, 0x00, 0x00, 0x27, 0x03, 0x2C, 0x02, 0x26, 0x00, 0xEA, 
0x01, 0x07, 0x03, 0x29, 0x02, 0x74, 0x01, 0xA4, 0x00, 0x11, 0xB1, 0x02, 0x01, 0xB0, 0xEA, 0xB0, 
0x33, 0x2B, 0xB1, 0x03, 0x01, 0xB8, 0x01, 0xA4, 0xB0, 0x33, 0x2B, 0x00, 0xFF, 0xFF, 0x00, 0x13, 
0xFF, 0x3A, 0x02, 0xB2, 0x04, 0x00, 0x00, 0x22, 0x00, 0x04, 0x00, 0x00, 0x00, 0x27, 0x03, 0x2C, 
0x02, 0x26, 0x00, 0xEA, 0x01, 0x03, 0x03, 0x37, 0x01, 0xC0, 0x00, 0x00, 0x00, 0x08, 0xB1, 0x02, 
0x01, 0xB0, 0xEA, 0xB0, 0x33, 0x2B, 0x00, 0x00, 0xFF, 0xFF, 0x00, 0x13, 0x00, 0x00, 0x02, 0xB2, 
0x04, 0xDA, 0x00, 0x22, 0x00, 0x04, 0x00, 0x00, 0x00, 0x27, 0x03, 0x2C, 0x02, 0x26, 0x00, 0xEA, 
0x01, 0x07, 0x03, 0x28, 0x02, 0x05, 0x01, 0xA4, 0x00, 0x11, 0xB1, 0x02, 0x01, 0xB0, 0xEA, 0xB0, 
0x33, 0x2B, 0xB1, 0x03, 0x01, 0xB8, 0x01, 0xA4, 0xB0, 0x33, 0x2B, 0x00, 0xFF, 0xFF, 0x00, 0x13, 
0x00, 0x00, 0x02, 0xB2, 0x04, 0xF6, 0x00, 0x22, 0x00, 0x04, 0x00, 0x00, 0x00, 0x27, 0x03, 0x2C, 
0x02, 0x27, 0x00, 0xEA, 0x01, 0x07, 0x03, 0x32, 0x02, 0x65, 0x01, 0xA4, 0x00, 0x11, 0xB1, 0x02, 
0x01, 0xB0, 0xEA, 0xB0, 0x33, 0x2B, 0xB1, 0x03, 0x01, 0xB8, 0x01, 0xA4, 0xB0, 0x33, 0x2B, 0x00, 
0xFF, 0xFF, 0x00, 0x13, 0x00, 0x00, 0x02, 0xB2, 0x04, 0x8E, 0x00, 0x22, 0x00, 0x04, 0x00, 0x00, 
0x00, 0x27, 0x03, 0x2C, 0x02, 0x26, 0x00, 0xEA, 0x01, 0x07, 0x03, 0x40, 0x02, 0x2A, 0x01, 0x90, 
0x00, 0x11, 0xB1, 0x02, 0x01, 0xB0, 0xEA, 0xB0, 0x33, 0x2B, 0xB1, 0x03, 0x01, 0xB8, 0x01, 0x90, 
0xB0, 0x33, 0x2B, 0x00, 0xFF, 0xFF, 0x00, 0x13, 0x00, 0x00, 0x02, 0xB2, 0x04, 0x1F, 0x00, 0x22, 
0x00, 0x04, 0x00, 0x00, 0x01, 0x07, 0x03, 0x33, 0x02, 0x12, 0x00, 0xEA, 0x00, 0x08, 0xB1, 0x02, 
0x02, 0xB0, 0xEA, 0xB0, 0x33, 0x2B, 0x00, 0x00, 0xFF, 0xFF, 0x00, 0x13, 0x00, 0x00, 0x02, 0xB2, 
0x03, 0xE2, 0x00, 0x22, 0x00, 0x04, 0x00, 0x00, 0x01, 0x07, 0x03, 0x26, 0x02, 0x5B, 0x00, 0xEA, 
0x00, 0x08, 0xB1, 0x02, 0x02, 0xB0, 0xEA, 0xB0, 0x33, 0x2B, 0x00, 0x00, 0xFF, 0xFF, 0x00, 0x13, 
0xFF, 0x3A, 0x02, 0xB2, 0x03, 0x0D, 0x00, 0x22, 0x00, 0x04, 0x00, 0x00, 0x00, 0x03, 0x03, 0x37, 
0x01, 0xC0, 0x00, 0x00, 0xFF, 0xFF, 0x00, 0x13, 0x00, 0x00, 0x02, 0xB2, 0x04, 0x20, 0x00, 0x22, 
0x00, 0x04, 0x00, 0x00, 0x01, 0x07, 0x03, 0x28, 0x01, 0xAA, 0x00, 0xEA, 0x00, 0x08, 0xB1, 0x02, 
0x01, 0xB0, 0xEA, 0xB0, 0x33, 0x2B, 0x00, 0x00, 0xFF, 0xFF, 0x00, 0x13, 0x00, 0x00, 0x02, 0xB2, 
0x04, 0x3C, 0x00, 0x22, 0x00, 0x04, 0x00, 0x00, 0x01, 0x07, 0x03, 0x32, 0x02, 0x09, 0x00, 0xEA, 
0x00, 0x08, 0xB1, 0x02, 0x01, 0xB0, 0xEA, 0xB0, 0x33, 0x2B, 0x00, 0x00, 0xFF, 0xFF, 0x00, 0x13, 
0x00, 0x00, 0x02, 0xB2, 0x04, 0x00, 0x00, 0x22, 0x00, 0x04, 0x00, 0x00, 0x01, 0x07, 0x03, 0x34, 
0x02, 0x2A, 0x00, 0xEA, 0x00, 0x08, 0xB1, 0x02, 0x01, 0xB0, 0xEA, 0xB0, 0x33, 0x2B, 0x00, 0x00, 
0xFF, 0xFF, 0x00, 0x13, 0x00, 0x00, 0x02, 0xB2, 0x03, 0xBC, 0x00, 0x22, 0x00, 0x04, 0x00, 0x00, 
0x01, 0x07, 0x03, 0x31, 0x02, 0x72, 0x00, 0xEA, 0x00, 0x08, 0xB1, 0x02, 0x01, 0xB0, 0xEA, 0xB0, 
0x33, 0x2B, 0x00, 0x00, 0x00, 0x02, 0x00, 0x13, 0xFF, 0x18, 0x03, 0x02, 0x03, 0x0D, 0x00, 0x33, 
0x00, 0x36, 0x00, 0x45, 0x40, 0x42, 0x36, 0x01, 0x06, 0x03, 0x24, 0x18, 0x0E, 0x03, 0x02, 0x01, 
0x02, 0x4A, 0x07, 0x01, 0x05, 0x02, 0x04, 0x02, 0x05, 0x04, 0x7E, 0x00, 0x06, 0x00, 0x01, 0x02, 
0x06, 0x01, 0x66, 0x00, 0x03, 0x03, 0x3D, 0x4B, 0x00, 0x02, 0x02, 0x3E, 0x4B, 0x00, 0x04, 0x04, 
0x00, 0x5F, 0x00, 0x00, 0x00, 0x42, 0x00, 0x4C, 0x00, 0x00, 0x35, 0x34, 0x00, 0x33, 0x00, 0x32, 
0x2F, 0x26, 0x22, 0x19, 0x26, 0x08, 0x09, 0x19, 0x2B, 0x04, 0x16, 0x15, 0x14, 0x07, 0x07, 0x06, 
0x23, 0x22, 0x26, 0x35, 0x34, 0x37, 0x36, 0x37, 0x37, 0x27, 0x27, 0x21, 0x07, 0x06, 0x23, 0x22, 
0x26, 0x35, 0x34, 0x37, 0x01, 0x36, 0x33, 0x32, 0x17, 0x01, 0x16, 0x15, 0x14, 0x07, 0x16, 0x15, 
0x14, 0x06, 0x07, 0x06, 0x15, 0x14, 0x16, 0x33, 0x32, 0x37, 0x37, 0x36, 0x33, 0x01, 0x21, 0x03, 
0x02, 0xF0, 0x12, 0x0A, 0x29, 0x1C, 0x21, 0x2D, 0x42, 0x2F, 0x1F, 0x07, 0x01, 0x01, 0x4A, 0xFE, 
0x69, 0x4A, 0x07, 0x15, 0x0E, 0x10, 0x03, 0x01, 0x2F, 0x08, 0x15, 0x14, 0x09, 0x01, 0x30, 0x03, 
0x05, 0x04, 0x1E, 0x1E, 0x15, 0x1D, 0x15, 0x10, 0x0C, 0x23, 0x09, 0x09, 0xFD, 0xCB, 0x01, 0x69, 
0xB5, 0x83, 0x12, 0x0D, 0x0F, 0x08, 0x1C, 0x13, 0x41, 0x2E, 0x35, 0x26, 0x19, 0x13, 0x02, 0x03, 
0xB1, 0xB1, 0x13, 0x12, 0x0C, 0x07, 0x06, 0x02, 0xCD, 0x15, 0x15, 0xFD, 0x33, 0x06, 0x07, 0x08, 
0x08, 0x05, 0x09, 0x13, 0x27, 0x16, 0x11, 0x18, 0x15, 0x1D, 0x08, 0x1A, 0x06, 0x01, 0x7D, 0x01, 
0xB0, 0x00, 0x00, 0x00, 0xFF, 0xFF, 0x00, 0x13, 0x00, 0x00, 0x02, 0xB2, 0x03, 0xF7, 0x00, 0x22, 
0x00, 0x04, 0x00, 0x00, 0x01, 0x07, 0x03, 0x2F, 0x01, 0xEB, 0x00, 0xEA, 0x00, 0x08, 0xB1, 0x02, 
0x02, 0xB0, 0xEA, 0xB0, 0x33, 0x2B, 0x00, 0x00, 0xFF, 0xFF, 0x00, 0x13, 0x00, 0x00, 0x02, 0xB2, 
0x04, 0xD7, 0x00, 0x22, 0x00, 0x04, 0x00, 0x00, 0x00, 0x27, 0x03, 0x2F, 0x01, 0xEB, 0x00, 0xEA, 
0x01, 0x07, 0x03, 0x29, 0x02, 0x19, 0x01, 0xAC, 0x00, 0x11, 0xB1, 0x02, 0x02, 0xB0, 0xEA, 0xB0, 
0x33, 0x2B, 0xB1, 0x04, 0x01, 0xB8, 0x01, 0xAC, 0xB0, 0x33, 0x2B, 0x00, 0xFF, 0xFF, 0x00, 0x13, 
0x00, 0x00, 0x02, 0xB2, 0x03, 0xE8, 0x00, 0x22, 0x00, 0x04, 0x00, 0x00, 0x01, 0x07, 0x03, 0x40, 
0x02, 0x2B, 0x00, 0xEA, 0x00, 0x08, 0xB1, 0x02, 0x01, 0xB0, 0xEA, 0xB0, 0x33, 0x2B, 0x00, 0x00, 
0x00, 0x02, 0x00, 0x12, 0x00, 0x00, 0x03, 0x76, 0x03, 0x0D, 0x00, 0x2A, 0x00, 0x2D, 0x00, 0x46, 
0x40, 0x43, 0x2D, 0x01, 0x05, 0x04, 0x11, 0x01, 0x00, 0x07, 0x02, 0x4A, 0x00, 0x05, 0x00, 0x06, 
0x08, 0x05, 0x06, 0x65, 0x00, 0x08, 0x00, 0x01, 0x07, 0x08, 0x01, 0x65, 0x00, 0x04, 0x04, 0x03, 
0x5D, 0x00, 0x03, 0x03, 0x3D, 0x4B, 0x09, 0x01, 0x07, 0x07, 0x00, 0x5F, 0x02, 0x01, 0x00, 0x00, 
0x3E, 0x00, 0x4C, 0x00, 0x00, 0x2C, 0x2B, 0x00, 0x2A, 0x00, 0x29, 0x24, 0x21, 0x24, 0x37, 0x22, 
0x13, 0x34, 0x0A, 0x09, 0x1B, 0x2B, 0x24, 0x16, 0x15, 0x14, 0x06, 0x23, 0x21, 0x22, 0x26, 0x35, 
0x35, 0x21, 0x07, 0x06, 0x23, 0x22, 0x26, 0x35, 0x34, 0x37, 0x01, 0x36, 0x36, 0x33, 0x21, 0x32, 
0x16, 0x15, 0x14, 0x06, 0x23, 0x21, 0x11, 0x33, 0x32, 0x16, 0x15, 0x14, 0x06, 0x23, 0x23, 0x11, 
0x21, 0x25, 0x33, 0x11, 0x03, 0x64, 0x12, 0x12, 0x0C, 0xFE, 0x83, 0x0D, 0x11, 0xFE, 0xF8, 0x68, 
0x07, 0x15, 0x0E, 0x11, 0x04, 0x01, 0xA2, 0x09, 0x18, 0x14, 0x01, 0x6B, 0x0C, 0x12, 0x12, 0x0C, 
0xFE, 0xA1, 0xE7, 0x0D, 0x11, 0x11, 0x0D, 0xE7, 0x01, 0x5F, 0xFD, 0x7D, 0xE8, 0x3C, 0x12, 0x0C, 
0x0D, 0x11, 0x11, 0x0D, 0xA6, 0xB1, 0x13, 0x12, 0x0C, 0x05, 0x08, 0x02, 0xC6, 0x0F, 0x0D, 0x11, 
0x0D, 0x0C, 0x12, 0xFE, 0xD4, 0x11, 0x0D, 0x0D, 0x12, 0xFE, 0xD4, 0xBE, 0x01, 0x8A, 0x00, 0x00, 
0xFF, 0xFF, 0x00, 0x12, 0x00, 0x00, 0x03, 0x76, 0x04, 0x15, 0x00, 0x22, 0x00, 0x1D, 0x00, 0x00, 
0x01, 0x07, 0x03, 0x29, 0x02, 0xEF, 0x00, 0xEA, 0x00, 0x08, 0xB1, 0x02, 0x01, 0xB0, 0xEA, 0xB0, 
0x33, 0x2B, 0x00, 0x00, 0x00, 0x03, 0x00, 0x64, 0x00, 0x00, 0x02, 0x6C, 0x03, 0x0D, 0x00, 0x16, 
0x00, 0x1F, 0x00, 0x2A, 0x00, 0x43, 0x40, 0x40, 0x0E, 0x01, 0x05, 0x02, 0x01, 0x4A, 0x07, 0x01, 
0x02, 0x00, 0x05, 0x04, 0x02, 0x05, 0x65, 0x00, 0x03, 0x03, 0x00, 0x5D, 0x00, 0x00, 0x00, 0x3D, 
0x4B, 0x08, 0x01, 0x04, 0x04, 0x01, 0x5D, 0x06, 0x01, 0x01, 0x01, 0x3E, 0x01, 0x4C, 0x21, 0x20, 
0x18, 0x17, 0x00, 0x00, 0x29, 0x27, 0x20, 0x2A, 0x21, 0x2A, 0x1E, 0x1C, 0x17, 0x1F, 0x18, 0x1F, 
0x00, 0x16, 0x00, 0x14, 0x35, 0x09, 0x09, 0x15, 0x2B, 0x32, 0x26, 0x35, 0x11, 0x34, 0x36, 0x33, 
0x33, 0x32, 0x16, 0x16, 0x15, 0x14, 0x06, 0x07, 0x16, 0x16, 0x15, 0x14, 0x06, 0x06, 0x23, 0x23, 
0x13, 0x32, 0x36, 0x35, 0x34, 0x26, 0x23, 0x23, 0x11, 0x13, 0x32, 0x36, 0x36, 0x35, 0x34, 0x26, 
0x26, 0x23, 0x23, 0x11, 0x79, 0x15, 0x11, 0x0D, 0xF5, 0x37, 0x5E, 0x37, 0x3C, 0x32, 0x46, 0x51, 
0x3B, 0x69, 0x42, 0xFB, 0xEC, 0x40, 0x50, 0x4F, 0x41, 0xD7, 0xE6, 0x31, 0x4D, 0x2C, 0x2C, 0x4D, 
0x31, 0xE6, 0x0F, 0x0F, 0x02, 0xD1, 0x0E, 0x10, 0x31, 0x56, 0x36, 0x38, 0x59, 0x16, 0x13, 0x67, 
0x4C, 0x42, 0x67, 0x3A, 0x01, 0xC3, 0x4E, 0x3F, 0x3D, 0x44, 0xFE, 0xF2, 0xFE, 0x79, 0x2B, 0x4C, 
0x30, 0x2F, 0x4B, 0x2A, 0xFE, 0xB5, 0x00, 0x00, 0x00, 0x01, 0x00, 0x3C, 0xFF, 0xF6, 0x02, 0xC3, 
0x03, 0x17, 0x00, 0x25, 0x00, 0x36, 0x40, 0x33, 0x00, 0x01, 0x02, 0x04, 0x02, 0x01, 0x04, 0x7E, 
0x00, 0x04, 0x03, 0x02, 0x04, 0x03, 0x7C, 0x00, 0x02, 0x02, 0x00, 0x5F, 0x00, 0x00, 0x00, 0x45, 
0x4B, 0x00, 0x03, 0x03, 0x05, 0x5F, 0x06, 0x01, 0x05, 0x05, 0x46, 0x05, 0x4C, 0x00, 0x00, 0x00, 
0x25, 0x00, 0x24, 0x22, 0x26, 0x22, 0x25, 0x26, 0x07, 0x09, 0x19, 0x2B, 0x04, 0x26, 0x26, 0x35, 
0x34, 0x36, 0x36, 0x33, 0x32, 0x17, 0x16, 0x15, 0x14, 0x06, 0x23, 0x22, 0x27, 0x26, 0x23, 0x22, 
0x06, 0x06, 0x15, 0x14, 0x16, 0x16, 0x33, 0x32, 0x37, 0x36, 0x33, 0x32, 0x16, 0x15, 0x14, 0x07, 
0x06, 0x23, 0x01, 0x5A, 0xB4, 0x6A, 0x69, 0xB3, 0x6B, 0x8C, 0x6B, 0x09, 0x10, 0x0E, 0x0B, 0x0E, 
0x4C, 0x7D, 0x58, 0x99, 0x5A, 0x59, 0x99, 0x59, 0x76, 0x59, 0x07, 0x08, 0x0C, 0x13, 0x07, 0x56, 
0xA0, 0x0A, 0x6D, 0xB9, 0x6B, 0x6B, 0xB8, 0x6D, 0x59, 0x07, 0x0D, 0x0C, 0x13, 0x0C, 0x44, 0x5E, 
0x9D, 0x59, 0x5C, 0x9D, 0x5C, 0x49, 0x05, 0x12, 0x0D, 0x0D, 0x08, 0x56, 0xFF, 0xFF, 0x00, 0x3C, 
0xFF, 0xF6, 0x02, 0xC3, 0x04, 0x15, 0x00, 0x22, 0x00, 0x20, 0x00, 0x00, 0x01, 0x07, 0x03, 0x29, 
0x02, 0x75, 0x00, 0xEA, 0x00, 0x08, 0xB1, 0x01, 0x01, 0xB0, 0xEA, 0xB0, 0x33, 0x2B, 0x00, 0x00, 
0xFF, 0xFF, 0x00, 0x3C, 0xFF, 0xF6, 0x02, 0xC3, 0x03, 0xFC, 0x00, 0x22, 0x00, 0x20, 0x00, 0x00, 
0x01, 0x07, 0x03, 0x2D, 0x02, 0x82, 0x00, 0xEA, 0x00, 0x08, 0xB1, 0x01, 0x01, 0xB0, 0xEA, 0xB0, 
0x33, 0x2B, 0x00, 0x00, 0x00, 0x01, 0x00, 0x3C, 0xFF, 0x18, 0x02, 0xC3, 0x03, 0x17, 0x00, 0x45, 
0x00, 0x4F, 0x40, 0x4C, 0x25, 0x09, 0x02, 0x03, 0x01, 0x01, 0x4A, 0x00, 0x07, 0x08, 0x00, 0x08, 
0x07, 0x00, 0x7E, 0x00, 0x00, 0x09, 0x08, 0x00, 0x09, 0x7C, 0x00, 0x03, 0x01, 0x04, 0x01, 0x03, 
0x04, 0x7E, 0x00, 0x08, 0x08, 0x06, 0x5F, 0x00, 0x06, 0x06, 0x45, 0x4B, 0x00, 0x09, 0x09, 0x01, 
0x5F, 0x05, 0x01, 0x01, 0x01, 0x49, 0x4B, 0x00, 0x04, 0x04, 0x02, 0x5F, 0x00, 0x02, 0x02, 0x42, 
0x02, 0x4C, 0x44, 0x42, 0x22, 0x25, 0x26, 0x1B, 0x26, 0x14, 0x26, 0x15, 0x20, 0x0A, 0x09, 0x1D, 
0x2B, 0x24, 0x33, 0x32, 0x16, 0x15, 0x14, 0x07, 0x06, 0x07, 0x07, 0x16, 0x16, 0x15, 0x14, 0x06, 
0x23, 0x22, 0x26, 0x35, 0x34, 0x36, 0x33, 0x32, 0x16, 0x16, 0x17, 0x16, 0x16, 0x33, 0x32, 0x36, 
0x35, 0x34, 0x26, 0x27, 0x26, 0x26, 0x35, 0x34, 0x37, 0x37, 0x2E, 0x02, 0x35, 0x34, 0x36, 0x36, 
0x33, 0x32, 0x17, 0x16, 0x15, 0x14, 0x06, 0x23, 0x22, 0x27, 0x26, 0x23, 0x22, 0x06, 0x06, 0x15, 
0x14, 0x16, 0x16, 0x33, 0x32, 0x37, 0x02, 0x99, 0x08, 0x0C, 0x13, 0x07, 0x4D, 0x84, 0x0B, 0x32, 
0x26, 0x4C, 0x33, 0x30, 0x3F, 0x11, 0x0D, 0x08, 0x0C, 0x0C, 0x03, 0x0A, 0x13, 0x11, 0x1A, 0x21, 
0x1A, 0x1F, 0x10, 0x10, 0x05, 0x0A, 0x63, 0xA6, 0x62, 0x69, 0xB3, 0x6B, 0x8C, 0x6B, 0x09, 0x10, 
0x0E, 0x0B, 0x0E, 0x4C, 0x7D, 0x58, 0x99, 0x5A, 0x59, 0x99, 0x59, 0x76, 0x59, 0x80, 0x12, 0x0D, 
0x0D, 0x08, 0x4D, 0x08, 0x1B, 0x0F, 0x2C, 0x21, 0x2C, 0x3C, 0x28, 0x1A, 0x0D, 0x12, 0x07, 0x09, 
0x03, 0x08, 0x09, 0x16, 0x13, 0x13, 0x17, 0x09, 0x04, 0x0C, 0x0B, 0x06, 0x0D, 0x18, 0x07, 0x70, 
0xB3, 0x66, 0x6B, 0xB8, 0x6D, 0x59, 0x07, 0x0D, 0x0C, 0x13, 0x0C, 0x44, 0x5E, 0x9D, 0x59, 0x5C, 
0x9D, 0x5C, 0x49, 0x00, 0xFF, 0xFF, 0x00, 0x3C, 0xFF, 0xF6, 0x02, 0xC3, 0x04, 0x00, 0x00, 0x22, 
0x00, 0x20, 0x00, 0x00, 0x01, 0x07, 0x03, 0x2C, 0x02, 0x82, 0x00, 0xEA, 0x00, 0x08, 0xB1, 0x01, 
0x01, 0xB0, 0xEA, 0xB0, 0x33, 0x2B, 0x00, 0x00, 0xFF, 0xFF, 0x00, 0x3C, 0xFF, 0xF6, 0x02, 0xC3, 
0x03, 0xDD, 0x00, 0x22, 0x00, 0x20, 0x00, 0x00, 0x01, 0x07, 0x03, 0x27, 0x02, 0x48, 0x00, 0xEA, 
0x00, 0x08, 0xB1, 0x01, 0x01, 0xB0, 0xEA, 0xB0, 0x33, 0x2B, 0x00, 0x00, 0x00, 0x02, 0x00, 0x64, 
0x00, 0x00, 0x02, 0xBD, 0x03, 0x0D, 0x00, 0x10, 0x00, 0x1B, 0x00, 0x2C, 0x40, 0x29, 0x00, 0x03, 
0x03, 0x00, 0x5D, 0x00, 0x00, 0x00, 0x3D, 0x4B, 0x05, 0x01, 0x02, 0x02, 0x01, 0x5D, 0x04, 0x01, 
0x01, 0x01, 0x3E, 0x01, 0x4C, 0x12, 0x11, 0x00, 0x00, 0x1A, 0x18, 0x11, 0x1B, 0x12, 0x1B, 0x00, 
0x10, 0x00, 0x0E, 0x35, 0x06, 0x09, 0x15, 0x2B, 0x32, 0x26, 0x35, 0x11, 0x34, 0x36, 0x33, 0x33, 
0x32, 0x16, 0x16, 0x15, 0x14, 0x06, 0x06, 0x23, 0x23, 0x37, 0x32, 0x36, 0x36, 0x35, 0x34, 0x26, 
0x26, 0x23, 0x23, 0x11, 0x75, 0x11, 0x11, 0x0D, 0xB4, 0x71, 0xB2, 0x64, 0x64, 0xB2, 0x71, 0xB4, 
0xB4, 0x60, 0x96, 0x55, 0x55, 0x96, 0x60, 0x96, 0x11, 0x0D, 0x02, 0xD1, 0x0E, 0x10, 0x64, 0xB1, 
0x71, 0x71, 0xB2, 0x64, 0x36, 0x57, 0x9A, 0x60, 0x60, 0x99, 0x57, 0xFD, 0x5F, 0x00, 0x00, 0x00, 
0x00, 0x02, 0x00, 0x00, 0x00, 0x00, 0x02, 0xBD, 0x03, 0x0D, 0x00, 0x19, 0x00, 0x2D, 0x00, 0x3C, 
0x40, 0x39, 0x05, 0x01, 0x02, 0x06, 0x01, 0x01, 0x07, 0x02, 0x01, 0x65, 0x00, 0x04, 0x04, 0x03, 
0x5D, 0x08, 0x01, 0x03, 0x03, 0x3D, 0x4B, 0x09, 0x01, 0x07, 0x07, 0x00, 0x5D, 0x00, 0x00, 0x00, 
0x3E, 0x00, 0x4C, 0x1A, 0x1A, 0x00, 0x00, 0x1A, 0x2D, 0x1A, 0x2C, 0x2B, 0x29, 0x25, 0x23, 0x22, 
0x20, 0x00, 0x19, 0x00, 0x17, 0x24, 0x23, 0x36, 0x0A, 0x09, 0x17, 0x2B, 0x00, 0x16, 0x16, 0x15, 
0x14, 0x06, 0x06, 0x23, 0x23, 0x22, 0x26, 0x35, 0x11, 0x23, 0x22, 0x26, 0x35, 0x34, 0x36, 0x33, 
0x33, 0x11, 0x34, 0x36, 0x33, 0x33, 0x12, 0x36, 0x36, 0x35, 0x34, 0x26, 0x26, 0x23, 0x23, 0x11, 
0x33, 0x32, 0x16, 0x15, 0x14, 0x06, 0x23, 0x23, 0x11, 0x33, 0x01, 0xA7, 0xB2, 0x64, 0x64, 0xB2, 
0x71, 0xB4, 0x0D, 0x11, 0x49, 0x0C, 0x0F, 0x0F, 0x0C, 0x49, 0x11, 0x0D, 0xB4, 0x60, 0x96, 0x55, 
0x55, 0x96, 0x60, 0x96, 0xA5, 0x0C, 0x0F, 0x0F, 0x0C, 0xA5, 0x96, 0x03, 0x0D, 0x64, 0xB1, 0x71, 
0x71, 0xB2, 0x64, 0x11, 0x0D, 0x01, 0x4E, 0x0F, 0x0C, 0x0C, 0x0F, 0x01, 0x4D, 0x0E, 0x10, 0xFD, 
0x29, 0x57, 0x9A, 0x60, 0x60, 0x99, 0x57, 0xFE, 0xCB, 0x0F, 0x0C, 0x0C, 0x0F, 0xFE, 0xCA, 0x00, 
0xFF, 0xFF, 0x00, 0x64, 0x00, 0x00, 0x02, 0xBD, 0x03, 0xFC, 0x00, 0x22, 0x00, 0x26, 0x00, 0x00, 
0x01, 0x07, 0x03, 0x2D, 0x02, 0x43, 0x00, 0xEA, 0x00, 0x08, 0xB1, 0x02, 0x01, 0xB0, 0xEA, 0xB0, 
0x33, 0x2B, 0x00, 0x00, 0xFF, 0xFF, 0x00, 0x00, 0x00, 0x00, 0x02, 0xBD, 0x03, 0x0D, 0x00, 0x02, 
0x00, 0x27, 0x00, 0x00, 0x00, 0x01, 0x00, 0x64, 0x00, 0x00, 0x02, 0x81, 0x03, 0x0D, 0x00, 0x20, 
0x00, 0x2F, 0x40, 0x2C, 0x00, 0x02, 0x00, 0x03, 0x04, 0x02, 0x03, 0x65, 0x00, 0x01, 0x01, 0x00, 
0x5D, 0x00, 0x00, 0x00, 0x3D, 0x4B, 0x00, 0x04, 0x04, 0x05, 0x5D, 0x06, 0x01, 0x05, 0x05, 0x3E, 
0x05, 0x4C, 0x00, 0x00, 0x00, 0x20, 0x00, 0x1E, 0x21, 0x24, 0x21, 0x24, 0x35, 0x07, 0x09, 0x19, 
0x2B, 0x32, 0x26, 0x35, 0x11, 0x34, 0x36, 0x33, 0x21, 0x32, 0x16, 0x15, 0x14, 0x06, 0x23, 0x21, 
0x11, 0x21, 0x32, 0x16, 0x15, 0x14, 0x06, 0x23, 0x21, 0x11, 0x21, 0x32, 0x16, 0x15, 0x14, 0x06, 
0x23, 0x21, 0x75, 0x11, 0x11, 0x0D, 0x01, 0xE1, 0x0C, 0x12, 0x12, 0x0C, 0xFE, 0x3D, 0x01, 0x4B, 
0x0D, 0x11, 0x11, 0x0D, 0xFE, 0xB5, 0x01, 0xC3, 0x0C, 0x12, 0x12, 0x0C, 0xFE, 0x1F, 0x11, 0x0D, 
0x02, 0xD1, 0x0D, 0x11, 0x11, 0x0D, 0x0C, 0x12, 0xFE, 0xD4, 0x11, 0x0D, 0x0D, 0x12, 0xFE, 0xD4, 
0x12, 0x0C, 0x0D, 0x11, 0xFF, 0xFF, 0x00, 0x64, 0x00, 0x00, 0x02, 0x81, 0x04, 0x15, 0x00, 0x22, 
0x00, 0x2A, 0x00, 0x00, 0x01, 0x07, 0x03, 0x29, 0x02, 0x2F, 0x00, 0xEA, 0x00, 0x08, 0xB1, 0x01, 
0x01, 0xB0, 0xEA, 0xB0, 0x33, 0x2B, 0x00, 0x00, 0xFF, 0xFF, 0x00, 0x64, 0x00, 0x00, 0x02, 0x81, 
0x04, 0x00, 0x00, 0x22, 0x00, 0x2A, 0x00, 0x00, 0x01, 0x07, 0x03, 0x2E, 0x02, 0x3B, 0x00, 0xEA, 
0x00, 0x08, 0xB1, 0x01, 0x01, 0xB0, 0xEA, 0xB0, 0x33, 0x2B, 0x00, 0x00, 0xFF, 0xFF, 0x00, 0x64, 
0x00, 0x00, 0x02, 0x81, 0x03, 0xFC, 0x00, 0x22, 0x00, 0x2A, 0x00, 0x00, 0x01, 0x07, 0x03, 0x2D, 
0x02, 0x3C, 0x00, 0xEA, 0x00, 0x08, 0xB1, 0x01, 0x01, 0xB0, 0xEA, 0xB0, 0x33, 0x2B, 0x00, 0x00, 
0xFF, 0xFF, 0x00, 0x64, 0x00, 0x00, 0x02, 0x81, 0x04, 0x00, 0x00, 0x22, 0x00, 0x2A, 0x00, 0x00, 
0x01, 0x07, 0x03, 0x2C, 0x02, 0x3C, 0x00, 0xEA, 0x00, 0x08, 0xB1, 0x01, 0x01, 0xB0, 0xEA, 0xB0, 
0x33, 0x2B, 0x00, 0x00, 0xFF, 0xFF, 0x00, 0x64, 0x00, 0x00, 0x02, 0x81, 0x04, 0xCF, 0x00, 0x22, 
0x00, 0x2A, 0x00, 0x00, 0x00, 0x27, 0x03, 0x2C, 0x02, 0x3C, 0x00, 0xEA, 0x01, 0x07, 0x03, 0x29, 
0x02, 0x8A, 0x01, 0xA4, 0x00, 0x11, 0xB1, 0x01, 0x01, 0xB0, 0xEA, 0xB0, 0x33, 0x2B, 0xB1, 0x02, 
0x01, 0xB8, 0x01, 0xA4, 0xB0, 0x33, 0x2B, 0x00, 0xFF, 0xFF, 0x00, 0x64, 0xFF, 0x3A, 0x02, 0x81, 
0x04, 0x00, 0x00, 0x22, 0x00, 0x2A, 0x00, 0x00, 0x00, 0x27, 0x03, 0x2C, 0x02, 0x3C, 0x00, 0xEA, 
0x01, 0x03, 0x03, 0x37, 0x01, 0xC2, 0x00, 0x00, 0x00, 0x08, 0xB1, 0x01, 0x01, 0xB0, 0xEA, 0xB0, 
0x33, 0x2B, 0x00, 0x00, 0xFF, 0xFF, 0x00, 0x64, 0x00, 0x00, 0x02, 0x81, 0x04, 0xDA, 0x00, 0x22, 
0x00, 0x2A, 0x00, 0x00, 0x00, 0x27, 0x03, 0x2C, 0x02, 0x3C, 0x00, 0xEA, 0x01, 0x07, 0x03, 0x28, 
0x02, 0x1B, 0x01, 0xA4, 0x00, 0x11, 0xB1, 0x01, 0x01, 0xB0, 0xEA, 0xB0, 0x33, 0x2B, 0xB1, 0x02, 
0x01, 0xB8, 0x01, 0xA4, 0xB0, 0x33, 0x2B, 0x00, 0xFF, 0xFF, 0x00, 0x64, 0x00, 0x00, 0x02, 0x81, 
0x04, 0xF6, 0x00, 0x22, 0x00, 0x2A, 0x00, 0x00, 0x00, 0x27, 0x03, 0x2C, 0x02, 0x3D, 0x00, 0xEA, 
0x01, 0x07, 0x03, 0x32, 0x02, 0x7B, 0x01, 0xA4, 0x00, 0x11, 0xB1, 0x01, 0x01, 0xB0, 0xEA, 0xB0, 
0x33, 0x2B, 0xB1, 0x02, 0x01, 0xB8, 0x01, 0xA4, 0xB0, 0x33, 0x2B, 0x00, 0xFF, 0xFF, 0x00, 0x64, 
0x00, 0x00, 0x02, 0x81, 0x04, 0x8E, 0x00, 0x22, 0x00, 0x2A, 0x00, 0x00, 0x00, 0x27, 0x03, 0x2C, 
0x02, 0x3C, 0x00, 0xEA, 0x01, 0x07, 0x03, 0x40, 0x02, 0x40, 0x01, 0x90, 0x00, 0x11, 0xB1, 0x01, 
0x01, 0xB0, 0xEA, 0xB0, 0x33, 0x2B, 0xB1, 0x02, 0x01, 0xB8, 0x01, 0x90, 0xB0, 0x33, 0x2B, 0x00, 
0xFF, 0xFF, 0x00, 0x64, 0x00, 0x00, 0x02, 0x81, 0x04, 0x1F, 0x00, 0x22, 0x00, 0x2A, 0x00, 0x00, 
0x01, 0x07, 0x03, 0x33, 0x02, 0x28, 0x00, 0xEA, 0x00, 0x08, 0xB1, 0x01, 0x02, 0xB0, 0xEA, 0xB0, 
0x33, 0x2B, 0x00, 0x00, 0xFF, 0xFF, 0x00, 0x64, 0x00, 0x00, 0x02, 0x81, 0x03, 0xE2, 0x00, 0x22, 
0x00, 0x2A, 0x00, 0x00, 0x01, 0x07, 0x03, 0x26, 0x02, 0x71, 0x00, 0xEA, 0x00, 0x08, 0xB1, 0x01, 
0x02, 0xB0, 0xEA, 0xB0, 0x33, 0x2B, 0x00, 0x00, 0xFF, 0xFF, 0x00, 0x64, 0x00, 0x00, 0x02, 0x81, 
0x03, 0xDD, 0x00, 0x22, 0x00, 0x2A, 0x00, 0x00, 0x01, 0x07, 0x03, 0x27, 0x02, 0x02, 0x00, 0xEA, 
0x00, 0x08, 0xB1, 0x01, 0x01, 0xB0, 0xEA, 0xB0, 0x33, 0x2B, 0x00, 0x00, 0xFF, 0xFF, 0x00, 0x64, 
0xFF, 0x3A, 0x02, 0x81, 0x03, 0x0D, 0x00, 0x22, 0x00, 0x2A, 0x00, 0x00, 0x00, 0x03, 0x03, 0x37, 
0x01, 0xC2, 0x00, 0x00, 0xFF, 0xFF, 0x00, 0x64, 0x00, 0x00, 0x02, 0x81, 0x04, 0x20, 0x00, 0x22, 
0x00, 0x2A, 0x00, 0x00, 0x01, 0x07, 0x03, 0x28, 0x01, 0xC0, 0x00, 0xEA, 0x00, 0x08, 0xB1, 0x01, 
0x01, 0xB0, 0xEA, 0xB0, 0x33, 0x2B, 0x00, 0x00, 0xFF, 0xFF, 0x00, 0x64, 0x00, 0x00, 0x02, 0x81, 
0x04, 0x3C, 0x00, 0x22, 0x00, 0x2A, 0x00, 0x00, 0x01, 0x07, 0x03, 0x32, 0x02, 0x1F, 0x00, 0xEA, 
0x00, 0x08, 0xB1, 0x01, 0x01, 0xB0, 0xEA, 0xB0, 0x33, 0x2B, 0x00, 0x00, 0xFF, 0xFF, 0x00, 0x64, 
0x00, 0x00, 0x02, 0x81, 0x04, 0x00, 0x00, 0x22, 0x00, 0x2A, 0x00, 0x00, 0x01, 0x07, 0x03, 0x34, 
0x02, 0x40, 0x00, 0xEA, 0x00, 0x08, 0xB1, 0x01, 0x01, 0xB0, 0xEA, 0xB0, 0x33, 0x2B, 0x00, 0x00, 
0xFF, 0xFF, 0x00, 0x64, 0x00, 0x00, 0x02, 0x81, 0x03, 0xBC, 0x00, 0x22, 0x00, 0x2A, 0x00, 0x00, 
0x01, 0x07, 0x03, 0x31, 0x02, 0x88, 0x00, 0xEA, 0x00, 0x08, 0xB1, 0x01, 0x01, 0xB0, 0xEA, 0xB0, 
0x33, 0x2B, 0x00, 0x00, 0x00, 0x01, 0x00, 0x64, 0xFF, 0x05, 0x02, 0xDF, 0x03, 0x0D, 0x00, 0x3F, 
0x00, 0x83, 0xB5, 0x2F, 0x01, 0x01, 0x06, 0x01, 0x4A, 0x4B, 0xB0, 0x1E, 0x50, 0x58, 0x40, 0x30, 
0x09, 0x01, 0x08, 0x01, 0x07, 0x01, 0x08, 0x07, 0x7E, 0x00, 0x04, 0x00, 0x05, 0x06, 0x04, 0x05, 
0x65, 0x00, 0x03, 0x03, 0x02, 0x5D, 0x00, 0x02, 0x02, 0x3D, 0x4B, 0x00, 0x06, 0x06, 0x01, 0x5D, 
0x00, 0x01, 0x01, 0x3E, 0x4B, 0x00, 0x07, 0x07, 0x00, 0x5F, 0x00, 0x00, 0x00, 0x42, 0x00, 0x4C, 
0x1B, 0x40, 0x2D, 0x09, 0x01, 0x08, 0x01, 0x07, 0x01, 0x08, 0x07, 0x7E, 0x00, 0x04, 0x00, 0x05, 
0x06, 0x04, 0x05, 0x65, 0x00, 0x07, 0x00, 0x00, 0x07, 0x00, 0x63, 0x00, 0x03, 0x03, 0x02, 0x5D, 
0x00, 0x02, 0x02, 0x3D, 0x4B, 0x00, 0x06, 0x06, 0x01, 0x5D, 0x00, 0x01, 0x01, 0x3E, 0x01, 0x4C, 
0x59, 0x40, 0x11, 0x00, 0x00, 0x00, 0x3F, 0x00, 0x3E, 0x2E, 0x21, 0x24, 0x21, 0x24, 0x35, 0x36, 
0x26, 0x0A, 0x09, 0x1C, 0x2B, 0x04, 0x16, 0x15, 0x14, 0x07, 0x07, 0x06, 0x23, 0x22, 0x26, 0x35, 
0x34, 0x37, 0x36, 0x37, 0x37, 0x21, 0x22, 0x26, 0x35, 0x11, 0x34, 0x36, 0x33, 0x21, 0x32, 0x16, 
0x15, 0x14, 0x06, 0x23, 0x21, 0x11, 0x21, 0x32, 0x16, 0x15, 0x14, 0x06, 0x23, 0x21, 0x11, 0x21, 
0x32, 0x16, 0x15, 0x14, 0x07, 0x16, 0x16, 0x15, 0x14, 0x06, 0x07, 0x06, 0x15, 0x14, 0x16, 0x33, 
0x32, 0x37, 0x37, 0x36, 0x33, 0x02, 0xCD, 0x12, 0x0A, 0x29, 0x1C, 0x21, 0x2D, 0x42, 0x2F, 0x1F, 
0x07, 0x03, 0xFE, 0x2A, 0x0D, 0x11, 0x11, 0x0D, 0x01, 0xE1, 0x0C, 0x12, 0x12, 0x0C, 0xFE, 0x3D, 
0x01, 0x4B, 0x0D, 0x11, 0x11, 0x0D, 0xFE, 0xB5, 0x01, 0xC3, 0x0C, 0x12, 0x09, 0x0A, 0x0C, 0x1E, 
0x1E, 0x15, 0x1D, 0x15, 0x10, 0x0C, 0x23, 0x09, 0x09, 0x96, 0x12, 0x0D, 0x0F, 0x08, 0x1C, 0x13, 
0x41, 0x2E, 0x35, 0x26, 0x19, 0x13, 0x05, 0x11, 0x0D, 0x02, 0xD1, 0x0D, 0x11, 0x11, 0x0D, 0x0C, 
0x12, 0xFE, 0xD4, 0x11, 0x0D, 0x0D, 0x12, 0xFE, 0xD4, 0x12, 0x0C, 0x0D, 0x08, 0x03, 0x0F, 0x0A, 
0x13, 0x27, 0x16, 0x11, 0x18, 0x15, 0x1D, 0x08, 0x1A, 0x06, 0x00, 0x00, 0xFF, 0xFF, 0x00, 0x64, 
0x00, 0x00, 0x02, 0x81, 0x03, 0xD4, 0x00, 0x22, 0x00, 0x2A, 0x00, 0x00, 0x01, 0x07, 0x03, 0x30, 
0x02, 0x6E, 0x00, 0xEA, 0x00, 0x08, 0xB1, 0x01, 0x01, 0xB0, 0xEA, 0xB0, 0x33, 0x2B, 0x00, 0x00, 
0x00, 0x01, 0x00, 0x27, 0x00, 0x00, 0x02, 0x44, 0x03, 0x0D, 0x00, 0x1B, 0x00, 0x29, 0x40, 0x26, 
0x00, 0x02, 0x00, 0x03, 0x04, 0x02, 0x03, 0x65, 0x00, 0x01, 0x01, 0x00, 0x5D, 0x00, 0x00, 0x00, 
0x3D, 0x4B, 0x05, 0x01, 0x04, 0x04, 0x3E, 0x04, 0x4C, 0x00, 0x00, 0x00, 0x1B, 0x00, 0x1A, 0x24, 
0x21, 0x24, 0x35, 0x06, 0x09, 0x18, 0x2B, 0x32, 0x26, 0x35, 0x11, 0x34, 0x36, 0x33, 0x21, 0x32, 
0x16, 0x15, 0x14, 0x06, 0x23, 0x21, 0x11, 0x21, 0x32, 0x16, 0x15, 0x14, 0x06, 0x23, 0x21, 0x11, 
0x14, 0x06, 0x23, 0x38, 0x11, 0x11, 0x0D, 0x01, 0xE1, 0x0C, 0x12, 0x12, 0x0C, 0xFE, 0x3D, 0x01, 
0x4B, 0x0D, 0x11, 0x11, 0x0D, 0xFE, 0xB5, 0x11, 0x0D, 0x11, 0x0D, 0x02, 0xD1, 0x0D, 0x11, 0x11, 
0x0D, 0x0C, 0x12, 0xFE, 0xD4, 0x11, 0x0D, 0x0D, 0x12, 0xFE, 0xB6, 0x0D, 0x11, 0x00, 0x00, 0x00, 
0x00, 0x01, 0x00, 0x3C, 0xFF, 0xF6, 0x02, 0xC3, 0x03, 0x17, 0x00, 0x2E, 0x00, 0x3F, 0x40, 0x3C, 
0x25, 0x03, 0x02, 0x04, 0x05, 0x01, 0x4A, 0x00, 0x02, 0x03, 0x06, 0x03, 0x02, 0x06, 0x7E, 0x07, 
0x01, 0x06, 0x00, 0x05, 0x04, 0x06, 0x05, 0x65, 0x00, 0x03, 0x03, 0x01, 0x5F, 0x00, 0x01, 0x01, 
0x45, 0x4B, 0x00, 0x04, 0x04, 0x00, 0x5F, 0x00, 0x00, 0x00, 0x46, 0x00, 0x4C, 0x00, 0x00, 0x00, 
0x2E, 0x00, 0x2C, 0x22, 0x26, 0x22, 0x25, 0x26, 0x27, 0x08, 0x09, 0x1A, 0x2B, 0x00, 0x16, 0x15, 
0x15, 0x14, 0x06, 0x07, 0x06, 0x23, 0x22, 0x26, 0x26, 0x35, 0x34, 0x36, 0x36, 0x33, 0x32, 0x17, 
0x16, 0x15, 0x14, 0x06, 0x23, 0x22, 0x27, 0x26, 0x23, 0x22, 0x06, 0x06, 0x15, 0x14, 0x16, 0x16, 
0x33, 0x32, 0x37, 0x35, 0x23, 0x22, 0x26, 0x35, 0x34, 0x36, 0x33, 0x33, 0x02, 0xAF, 0x11, 0x02, 
0x05, 0x56, 0xA0, 0x69, 0xB4, 0x6A, 0x69, 0xB3, 0x6B, 0x8C, 0x6B, 0x09, 0x10, 0x0E, 0x0B, 0x0E, 
0x4C, 0x7D, 0x58, 0x99, 0x5A, 0x59, 0x99, 0x59, 0x6D, 0x54, 0xA8, 0x0D, 0x11, 0x11, 0x0D, 0xC6, 
0x01, 0x7C, 0x10, 0x0D, 0xFE, 0x07, 0x09, 0x05, 0x56, 0x6D, 0xB9, 0x6B, 0x6B, 0xB8, 0x6D, 0x59, 
0x07, 0x0D, 0x0C, 0x13, 0x0C, 0x44, 0x5E, 0x9D, 0x59, 0x5C, 0x9D, 0x5C, 0x3E, 0xD6, 0x10, 0x0C, 
0x0B, 0x0F, 0x00, 0x00, 0xFF, 0xFF, 0x00, 0x3C, 0xFF, 0xF6, 0x02, 0xC3, 0x04, 0x00, 0x00, 0x22, 
0x00, 0x3F, 0x00, 0x00, 0x01, 0x07, 0x03, 0x2E, 0x02, 0x77, 0x00, 0xEA, 0x00, 0x08, 0xB1, 0x01, 
0x01, 0xB0, 0xEA, 0xB0, 0x33, 0x2B, 0x00, 0x00, 0xFF, 0xFF, 0x00, 0x3C, 0xFF, 0xF6, 0x02, 0xC3, 
0x03, 0xFC, 0x00, 0x22, 0x00, 0x3F, 0x00, 0x00, 0x01, 0x07, 0x03, 0x2D, 0x02, 0x78, 0x00, 0xEA, 
0x00, 0x08, 0xB1, 0x01, 0x01, 0xB0, 0xEA, 0xB0, 0x33, 0x2B, 0x00, 0x00, 0xFF, 0xFF, 0x00, 0x3C, 
0xFF, 0xF6, 0x02, 0xC3, 0x04, 0x00, 0x00, 0x22, 0x00, 0x3F, 0x00, 0x00, 0x01, 0x07, 0x03, 0x2C, 
0x02, 0x78, 0x00, 0xEA, 0x00, 0x08, 0xB1, 0x01, 0x01, 0xB0, 0xEA, 0xB0, 0x33, 0x2B, 0x00, 0x00, 
0xFF, 0xFF, 0x00, 0x3C, 0xFF, 0x18, 0x02, 0xC3, 0x03, 0x17, 0x00, 0x22, 0x00, 0x3F, 0x00, 0x00, 
0x00, 0x03, 0x03, 0x39, 0x02, 0x51, 0x00, 0x00, 0xFF, 0xFF, 0x00, 0x3C, 0xFF, 0xF6, 0x02, 0xC3, 
0x03, 0xDD, 0x00, 0x22, 0x00, 0x3F, 0x00, 0x00, 0x01, 0x07, 0x03, 0x27, 0x02, 0x3E, 0x00, 0xEA, 
0x00, 0x08, 0xB1, 0x01, 0x01, 0xB0, 0xEA, 0xB0, 0x33, 0x2B, 0x00, 0x00, 0x00, 0x01, 0x00, 0x64, 
0x00, 0x00, 0x02, 0xD5, 0x03, 0x0D, 0x00, 0x1F, 0x00, 0x27, 0x40, 0x24, 0x00, 0x01, 0x00, 0x04, 
0x03, 0x01, 0x04, 0x65, 0x02, 0x01, 0x00, 0x00, 0x3D, 0x4B, 0x06, 0x05, 0x02, 0x03, 0x03, 0x3E, 
0x03, 0x4C, 0x00, 0x00, 0x00, 0x1F, 0x00, 0x1E, 0x13, 0x25, 0x23, 0x13, 0x25, 0x07, 0x09, 0x19, 
0x2B, 0x32, 0x26, 0x35, 0x11, 0x34, 0x36, 0x33, 0x32, 0x16, 0x15, 0x11, 0x21, 0x11, 0x34, 0x36, 
0x33, 0x32, 0x16, 0x15, 0x11, 0x14, 0x06, 0x23, 0x22, 0x26, 0x35, 0x11, 0x21, 0x11, 0x14, 0x06, 
0x23, 0x75, 0x11, 0x11, 0x0D, 0x0D, 0x11, 0x01, 0xF9, 0x11, 0x0D, 0x0C, 0x12, 0x12, 0x0C, 0x0D, 
0x11, 0xFE, 0x07, 0x11, 0x0D, 0x11, 0x0D, 0x02, 0xD1, 0x0D, 0x11, 0x11, 0x0D, 0xFE, 0xB6, 0x01, 
0x4A, 0x0D, 0x11, 0x11, 0x0D, 0xFD, 0x2F, 0x0D, 0x11, 0x11, 0x0D, 0x01, 0x51, 0xFE, 0xAF, 0x0D, 
0x11, 0x00, 0x00, 0x00, 0x00, 0x02, 0x00, 0x16, 0x00, 0x00, 0x03, 0x2E, 0x03, 0x0D, 0x00, 0x31, 
0x00, 0x35, 0x00, 0x40, 0x40, 0x3D, 0x0C, 0x09, 0x07, 0x03, 0x05, 0x0A, 0x04, 0x02, 0x00, 0x0B, 
0x05, 0x00, 0x67, 0x0D, 0x01, 0x0B, 0x00, 0x02, 0x01, 0x0B, 0x02, 0x65, 0x08, 0x01, 0x06, 0x06, 
0x3D, 0x4B, 0x03, 0x01, 0x01, 0x01, 0x3E, 0x01, 0x4C, 0x32, 0x32, 0x00, 0x00, 0x32, 0x35, 0x32, 
0x35, 0x34, 0x33, 0x00, 0x31, 0x00, 0x30, 0x23, 0x13, 0x23, 0x24, 0x23, 0x23, 0x13, 0x23, 0x24, 
0x0E, 0x09, 0x1D, 0x2B, 0x00, 0x16, 0x15, 0x14, 0x06, 0x23, 0x23, 0x11, 0x14, 0x06, 0x23, 0x22, 
0x26, 0x35, 0x11, 0x21, 0x11, 0x14, 0x06, 0x23, 0x22, 0x26, 0x35, 0x11, 0x23, 0x22, 0x26, 0x35, 
0x34, 0x36, 0x33, 0x33, 0x35, 0x34, 0x36, 0x33, 0x32, 0x16, 0x15, 0x15, 0x21, 0x35, 0x34, 0x36, 
0x33, 0x32, 0x16, 0x15, 0x15, 0x33, 0x07, 0x35, 0x21, 0x15, 0x03, 0x1F, 0x0F, 0x0F, 0x0C, 0x3E, 
0x12, 0x0C, 0x0D, 0x11, 0xFE, 0x07, 0x11, 0x0D, 0x0D, 0x11, 0x33, 0x0C, 0x0F, 0x0F, 0x0C, 0x33, 
0x11, 0x0D, 0x0D, 0x11, 0x01, 0xF9, 0x11, 0x0D, 0x0C, 0x12, 0x3E, 0x7A, 0xFE, 0x07, 0x02, 0x92, 
0x0F, 0x0C, 0x0C, 0x0F, 0xFD, 0xC2, 0x0D, 0x11, 0x11, 0x0D, 0x01, 0x51, 0xFE, 0xAF, 0x0D, 0x11, 
0x11, 0x0D, 0x02, 0x3E, 0x0F, 0x0C, 0x0C, 0x0F, 0x5D, 0x0D, 0x11, 0x11, 0x0D, 0x5D, 0x5D, 0x0D, 
0x11, 0x11, 0x0D, 0x5D, 0xED, 0xB7, 0xB7, 0x00, 0xFF, 0xFF, 0x00, 0x64, 0x00, 0x00, 0x02, 0xD5, 
0x04, 0x00, 0x00, 0x22, 0x00, 0x45, 0x00, 0x00, 0x01, 0x07, 0x03, 0x2C, 0x02, 0x63, 0x00, 0xEA, 
0x00, 0x08, 0xB1, 0x01, 0x01, 0xB0, 0xEA, 0xB0, 0x33, 0x2B, 0x00, 0x00, 0x00, 0x01, 0x00, 0x64, 
0x00, 0x00, 0x00, 0xA0, 0x03, 0x0D, 0x00, 0x0D, 0x00, 0x19, 0x40, 0x16, 0x00, 0x00, 0x00, 0x3D, 
0x4B, 0x02, 0x01, 0x01, 0x01, 0x3E, 0x01, 0x4C, 0x00, 0x00, 0x00, 0x0D, 0x00, 0x0C, 0x25, 0x03, 
0x09, 0x15, 0x2B, 0x32, 0x26, 0x35, 0x11, 0x34, 0x36, 0x33, 0x32, 0x16, 0x15, 0x11, 0x14, 0x06, 
0x23, 0x75, 0x11, 0x11, 0x0D, 0x0D, 0x11, 0x11, 0x0D, 0x11, 0x0D, 0x02, 0xD1, 0x0D, 0x11, 0x11, 
0x0D, 0xFD, 0x2F, 0x0D, 0x11, 0x00, 0x00, 0x00, 0x00, 0x02, 0x00, 0x64, 0xFF, 0xF6, 0x02, 0x13, 
0x03, 0x0D, 0x00, 0x0D, 0x00, 0x2A, 0x00, 0x39, 0x40, 0x36, 0x00, 0x02, 0x01, 0x03, 0x01, 0x02, 
0x03, 0x7E, 0x06, 0x01, 0x01, 0x01, 0x00, 0x5F, 0x04, 0x01, 0x00, 0x00, 0x3D, 0x4B, 0x00, 0x03, 
0x03, 0x05, 0x5F, 0x07, 0x01, 0x05, 0x05, 0x46, 0x05, 0x4C, 0x0E, 0x0E, 0x00, 0x00, 0x0E, 0x2A, 
0x0E, 0x29, 0x23, 0x21, 0x1B, 0x19, 0x15, 0x13, 0x00, 0x0D, 0x00, 0x0C, 0x25, 0x08, 0x09, 0x15, 
0x2B, 0x12, 0x26, 0x35, 0x11, 0x34, 0x36, 0x33, 0x32, 0x16, 0x15, 0x11, 0x14, 0x06, 0x23, 0x12, 
0x26, 0x26, 0x35, 0x34, 0x36, 0x33, 0x32, 0x16, 0x15, 0x14, 0x16, 0x33, 0x32, 0x36, 0x36, 0x35, 
0x11, 0x34, 0x36, 0x33, 0x32, 0x16, 0x15, 0x11, 0x14, 0x06, 0x06, 0x23, 0x75, 0x11, 0x11, 0x0D, 
0x0D, 0x11, 0x11, 0x0D, 0x81, 0x65, 0x3A, 0x11, 0x0D, 0x0D, 0x11, 0x59, 0x48, 0x29, 0x45, 0x28, 
0x12, 0x0C, 0x0D, 0x11, 0x39, 0x60, 0x39, 0x01, 0x22, 0x11, 0x0D, 0x01, 0xAF, 0x0D, 0x11, 0x11, 
0x0D, 0xFE, 0x51, 0x0D, 0x11, 0xFE, 0xD4, 0x2C, 0x55, 0x3D, 0x0D, 0x11, 0x11, 0x0D, 0x43, 0x3F, 
0x2E, 0x4F, 0x2D, 0x02, 0x13, 0x0D, 0x11, 0x11, 0x0D, 0xFD, 0xED, 0x3E, 0x6A, 0x3E, 0x00, 0x00, 
0xFF, 0xFF, 0x00, 0x54, 0x00, 0x00, 0x01, 0x0B, 0x04, 0x15, 0x00, 0x22, 0x00, 0x48, 0x00, 0x00, 
0x01, 0x07, 0x03, 0x29, 0x01, 0x3B, 0x00, 0xEA, 0x00, 0x08, 0xB1, 0x01, 0x01, 0xB0, 0xEA, 0xB0, 
0x33, 0x2B, 0x00, 0x00, 0xFF, 0xFF, 0xFF, 0xE9, 0x00, 0x00, 0x01, 0x1A, 0x04, 0x00, 0x00, 0x22, 
0x00, 0x48, 0x00, 0x00, 0x01, 0x07, 0x03, 0x2E, 0x01, 0x47, 0x00, 0xEA, 0x00, 0x08, 0xB1, 0x01, 
0x01, 0xB0, 0xEA, 0xB0, 0x33, 0x2B, 0x00, 0x00, 0xFF, 0xFF, 0xFF, 0xEA, 0x00, 0x00, 0x01, 0x1A, 
0x04, 0x00, 0x00, 0x22, 0x00, 0x48, 0x00, 0x00, 0x01, 0x07, 0x03, 0x2C, 0x01, 0x48, 0x00, 0xEA, 
0x00, 0x08, 0xB1, 0x01, 0x01, 0xB0, 0xEA, 0xB0, 0x33, 0x2B, 0x00, 0x00, 0xFF, 0xFF, 0xFF, 0xFE, 
0x00, 0x00, 0x01, 0x05, 0x04, 0x1F, 0x00, 0x22, 0x00, 0x48, 0x00, 0x00, 0x01, 0x07, 0x03, 0x33, 
0x01, 0x34, 0x00, 0xEA, 0x00, 0x08, 0xB1, 0x01, 0x02, 0xB0, 0xEA, 0xB0, 0x33, 0x2B, 0x00, 0x00, 
0xFF, 0xFF, 0xFF, 0xEA, 0x00, 0x00, 0x01, 0x19, 0x03, 0xE2, 0x00, 0x22, 0x00, 0x48, 0x00, 0x00, 
0x01, 0x07, 0x03, 0x26, 0x01, 0x7D, 0x00, 0xEA, 0x00, 0x08, 0xB1, 0x01, 0x02, 0xB0, 0xEA, 0xB0, 
0x33, 0x2B, 0x00, 0x00, 0xFF, 0xFF, 0x00, 0x53, 0x00, 0x00, 0x00, 0xB0, 0x03, 0xDD, 0x00, 0x22, 
0x00, 0x48, 0x00, 0x00, 0x01, 0x07, 0x03, 0x27, 0x01, 0x0E, 0x00, 0xEA, 0x00, 0x08, 0xB1, 0x01, 
0x01, 0xB0, 0xEA, 0xB0, 0x33, 0x2B, 0x00, 0x00, 0xFF, 0xFF, 0x00, 0x53, 0xFF, 0x3A, 0x00, 0xB0, 
0x03, 0x0D, 0x00, 0x22, 0x00, 0x48, 0x00, 0x00, 0x00, 0x03, 0x03, 0x37, 0x00, 0xE2, 0x00, 0x00, 
0xFF, 0xFF, 0xFF, 0xEB, 0x00, 0x00, 0x00, 0xA1, 0x04, 0x20, 0x00, 0x22, 0x00, 0x48, 0x00, 0x00, 
0x01, 0x07, 0x03, 0x28, 0x00, 0xCC, 0x00, 0xEA, 0x00, 0x08, 0xB1, 0x01, 0x01, 0xB0, 0xEA, 0xB0, 
0x33, 0x2B, 0x00, 0x00, 0xFF, 0xFF, 0x00, 0x2E, 0x00, 0x00, 0x00, 0xF9, 0x04, 0x3C, 0x00, 0x22, 
0x00, 0x48, 0x00, 0x00, 0x01, 0x07, 0x03, 0x32, 0x01, 0x2B, 0x00, 0xEA, 0x00, 0x08, 0xB1, 0x01, 
0x01, 0xB0, 0xEA, 0xB0, 0x33, 0x2B, 0x00, 0x00, 0xFF, 0xFF, 0xFF, 0xE9, 0x00, 0x00, 0x01, 0x1A, 
0x04, 0x00, 0x00, 0x22, 0x00, 0x48, 0x00, 0x00, 0x01, 0x07, 0x03, 0x34, 0x01, 0x4C, 0x00, 0xEA, 
0x00, 0x08, 0xB1, 0x01, 0x01, 0xB0, 0xEA, 0xB0, 0x33, 0x2B, 0x00, 0x00, 0xFF, 0xFF, 0xFF, 0xDF, 
0x00, 0x00, 0x01, 0x24, 0x03, 0xBC, 0x00, 0x22, 0x00, 0x48, 0x00, 0x00, 0x01, 0x07, 0x03, 0x31, 
0x01, 0x94, 0x00, 0xEA, 0x00, 0x08, 0xB1, 0x01, 0x01, 0xB0, 0xEA, 0xB0, 0x33, 0x2B, 0x00, 0x00, 
0x00, 0x01, 0x00, 0x13, 0xFF, 0x05, 0x00, 0xF2, 0x03, 0x0D, 0x00, 0x2B, 0x00, 0x51, 0xB6, 0x1C, 
0x10, 0x02, 0x03, 0x01, 0x01, 0x4A, 0x4B, 0xB0, 0x1E, 0x50, 0x58, 0x40, 0x19, 0x04, 0x01, 0x03, 
0x01, 0x02, 0x01, 0x03, 0x02, 0x7E, 0x00, 0x01, 0x01, 0x3D, 0x4B, 0x00, 0x02, 0x02, 0x00, 0x5F, 
0x00, 0x00, 0x00, 0x42, 0x00, 0x4C, 0x1B, 0x40, 0x16, 0x04, 0x01, 0x03, 0x01, 0x02, 0x01, 0x03, 
0x02, 0x7E, 0x00, 0x02, 0x00, 0x00, 0x02, 0x00, 0x63, 0x00, 0x01, 0x01, 0x3D, 0x01, 0x4C, 0x59, 
0x40, 0x0C, 0x00, 0x00, 0x00, 0x2B, 0x00, 0x2A, 0x2E, 0x2D, 0x26, 0x05, 0x09, 0x17, 0x2B, 0x16, 
0x16, 0x15, 0x14, 0x07, 0x07, 0x06, 0x23, 0x22, 0x26, 0x35, 0x34, 0x37, 0x36, 0x37, 0x36, 0x37, 
0x26, 0x35, 0x11, 0x34, 0x36, 0x33, 0x32, 0x16, 0x15, 0x11, 0x14, 0x07, 0x16, 0x15, 0x14, 0x06, 
0x07, 0x06, 0x15, 0x14, 0x16, 0x33, 0x32, 0x37, 0x37, 0x36, 0x33, 0xE0, 0x12, 0x0A, 0x29, 0x1C, 
0x21, 0x2D, 0x42, 0x2F, 0x1F, 0x07, 0x03, 0x06, 0x0D, 0x11, 0x0D, 0x0D, 0x11, 0x0C, 0x0D, 0x1E, 
0x1E, 0x15, 0x1D, 0x15, 0x10, 0x0C, 0x23, 0x09, 0x09, 0x96, 0x12, 0x0D, 0x0F, 0x08, 0x1C, 0x13, 
0x41, 0x2E, 0x35, 0x26, 0x19, 0x13, 0x05, 0x05, 0x08, 0x11, 0x02, 0xD1, 0x0D, 0x11, 0x11, 0x0D, 
0xFD, 0x2F, 0x0F, 0x0A, 0x08, 0x10, 0x13, 0x27, 0x16, 0x11, 0x18, 0x15, 0x1D, 0x08, 0x1A, 0x06, 
0xFF, 0xFF, 0xFF, 0xE6, 0x00, 0x00, 0x01, 0x0F, 0x03, 0xE8, 0x00, 0x22, 0x00, 0x48, 0x00, 0x00, 
0x01, 0x07, 0x03, 0x40, 0x01, 0x4D, 0x00, 0xEA, 0x00, 0x08, 0xB1, 0x01, 0x01, 0xB0, 0xEA, 0xB0, 
0x33, 0x2B, 0x00, 0x00, 0x00, 0x01, 0x00, 0x2D, 0xFF, 0xF6, 0x01, 0xFA, 0x03, 0x0D, 0x00, 0x1D, 
0x00, 0x28, 0x40, 0x25, 0x00, 0x00, 0x02, 0x01, 0x02, 0x00, 0x01, 0x7E, 0x00, 0x02, 0x02, 0x3D, 
0x4B, 0x00, 0x01, 0x01, 0x03, 0x5F, 0x04, 0x01, 0x03, 0x03, 0x46, 0x03, 0x4C, 0x00, 0x00, 0x00, 
0x1D, 0x00, 0x1C, 0x26, 0x25, 0x25, 0x05, 0x09, 0x17, 0x2B, 0x16, 0x26, 0x26, 0x35, 0x34, 0x36, 
0x33, 0x32, 0x16, 0x15, 0x14, 0x16, 0x16, 0x33, 0x32, 0x36, 0x36, 0x35, 0x11, 0x34, 0x36, 0x33, 
0x32, 0x16, 0x15, 0x11, 0x14, 0x06, 0x06, 0x23, 0xD5, 0x6A, 0x3E, 0x11, 0x0D, 0x0D, 0x11, 0x2F, 
0x4E, 0x2E, 0x2E, 0x4E, 0x2E, 0x12, 0x0C, 0x0D, 0x11, 0x3E, 0x6A, 0x3E, 0x0A, 0x3F, 0x69, 0x3E, 
0x0D, 0x11, 0x11, 0x0D, 0x2E, 0x4E, 0x2E, 0x2E, 0x4F, 0x2D, 0x02, 0x13, 0x0D, 0x11, 0x11, 0x0D, 
0xFD, 0xED, 0x3E, 0x6A, 0x3E, 0x00, 0x00, 0x00, 0xFF, 0xFF, 0x00, 0x2D, 0xFF, 0xF6, 0x02, 0x74, 
0x04, 0x00, 0x00, 0x22, 0x00, 0x57, 0x00, 0x00, 0x01, 0x07, 0x03, 0x2C, 0x02, 0xA2, 0x00, 0xEA, 
0x00, 0x08, 0xB1, 0x01, 0x01, 0xB0, 0xEA, 0xB0, 0x33, 0x2B, 0x00, 0x00, 0x00, 0x01, 0x00, 0x64, 
0x00, 0x00, 0x02, 0x59, 0x03, 0x0D, 0x00, 0x21, 0x00, 0x26, 0x40, 0x23, 0x1D, 0x1C, 0x13, 0x0A, 
0x04, 0x02, 0x00, 0x01, 0x4A, 0x01, 0x01, 0x00, 0x00, 0x3D, 0x4B, 0x04, 0x03, 0x02, 0x02, 0x02, 
0x3E, 0x02, 0x4C, 0x00, 0x00, 0x00, 0x21, 0x00, 0x20, 0x2A, 0x25, 0x25, 0x05, 0x09, 0x17, 0x2B, 
0x32, 0x26, 0x35, 0x11, 0x34, 0x36, 0x33, 0x32, 0x16, 0x15, 0x11, 0x01, 0x36, 0x33, 0x32, 0x16, 
0x15, 0x14, 0x07, 0x01, 0x01, 0x16, 0x15, 0x14, 0x06, 0x23, 0x22, 0x27, 0x01, 0x07, 0x11, 0x14, 
0x06, 0x23, 0x76, 0x12, 0x12, 0x0C, 0x0D, 0x11, 0x01, 0x84, 0x0B, 0x0C, 0x0D, 0x11, 0x09, 0xFE, 
0xE1, 0x01, 0x22, 0x06, 0x12, 0x0B, 0x11, 0x09, 0xFE, 0xE3, 0x65, 0x11, 0x0D, 0x11, 0x0D, 0x02, 
0xD1, 0x0D, 0x11, 0x11, 0x0D, 0xFE, 0x91, 0x01, 0x84, 0x09, 0x12, 0x0C, 0x0B, 0x0B, 0xFE, 0xE1, 
0xFE, 0x76, 0x09, 0x09, 0x0C, 0x12, 0x0D, 0x01, 0x81, 0x65, 0xFE, 0xF5, 0x0D, 0x11, 0x00, 0x00, 
0xFF, 0xFF, 0x00, 0x64, 0xFF, 0x18, 0x02, 0x59, 0x03, 0x0D, 0x00, 0x22, 0x00, 0x59, 0x00, 0x00, 
0x00, 0x03, 0x03, 0x39, 0x01, 0xE3, 0x00, 0x00, 0x00, 0x01, 0x00, 0x64, 0x00, 0x00, 0x02, 0x59, 
0x03, 0x0D, 0x00, 0x12, 0x00, 0x1F, 0x40, 0x1C, 0x00, 0x00, 0x00, 0x3D, 0x4B, 0x00, 0x01, 0x01, 
0x02, 0x5D, 0x03, 0x01, 0x02, 0x02, 0x3E, 0x02, 0x4C, 0x00, 0x00, 0x00, 0x12, 0x00, 0x10, 0x23, 
0x25, 0x04, 0x09, 0x16, 0x2B, 0x32, 0x26, 0x35, 0x11, 0x34, 0x36, 0x33, 0x32, 0x16, 0x15, 0x11, 
0x21, 0x32, 0x16, 0x15, 0x14, 0x06, 0x23, 0x21, 0x76, 0x12, 0x12, 0x0C, 0x0D, 0x11, 0x01, 0x9B, 
0x0D, 0x11, 0x11, 0x0D, 0xFE, 0x47, 0x11, 0x0D, 0x02, 0xD1, 0x0D, 0x11, 0x11, 0x0D, 0xFD, 0x47, 
0x0F, 0x0C, 0x0C, 0x0F, 0xFF, 0xFF, 0x00, 0x54, 0x00, 0x00, 0x02, 0x59, 0x04, 0x15, 0x00, 0x22, 
0x00, 0x5B, 0x00, 0x00, 0x01, 0x07, 0x03, 0x29, 0x01, 0x3B, 0x00, 0xEA, 0x00, 0x08, 0xB1, 0x01, 
0x01, 0xB0, 0xEA, 0xB0, 0x33, 0x2B, 0x00, 0x00, 0xFF, 0xFF, 0x00, 0x64, 0x00, 0x00, 0x02, 0x59, 
0x03, 0x0D, 0x00, 0x22, 0x00, 0x5B, 0x00, 0x00, 0x00, 0x03, 0x03, 0x2B, 0x02, 0x0F, 0x00, 0x00, 
0xFF, 0xFF, 0x00, 0x64, 0xFF, 0x18, 0x02, 0x59, 0x03, 0x0D, 0x00, 0x22, 0x00, 0x5B, 0x00, 0x00, 
0x00, 0x03, 0x03, 0x39, 0x01, 0xE2, 0x00, 0x00, 0xFF, 0xFF, 0x00, 0x64, 0x00, 0x00, 0x02, 0x59, 
0x03, 0x0D, 0x00, 0x22, 0x00, 0x5B, 0x00, 0x00, 0x00, 0x03, 0x02, 0xA8, 0x01, 0x54, 0x00, 0x00, 
0x00, 0x01, 0x00, 0x0D, 0x00, 0x00, 0x02, 0x6D, 0x03, 0x0D, 0x00, 0x26, 0x00, 0x39, 0x40, 0x36, 
0x1D, 0x14, 0x0C, 0x03, 0x04, 0x00, 0x02, 0x01, 0x4A, 0x00, 0x02, 0x01, 0x00, 0x01, 0x02, 0x00, 
0x7E, 0x00, 0x00, 0x03, 0x01, 0x00, 0x03, 0x7C, 0x00, 0x01, 0x01, 0x3D, 0x4B, 0x00, 0x03, 0x03, 
0x04, 0x5E, 0x05, 0x01, 0x04, 0x04, 0x3E, 0x04, 0x4C, 0x00, 0x00, 0x00, 0x26, 0x00, 0x24, 0x26, 
0x25, 0x28, 0x25, 0x06, 0x09, 0x18, 0x2B, 0x32, 0x26, 0x35, 0x11, 0x07, 0x06, 0x23, 0x22, 0x26, 
0x35, 0x34, 0x37, 0x37, 0x11, 0x34, 0x36, 0x33, 0x32, 0x16, 0x15, 0x11, 0x37, 0x36, 0x33, 0x32, 
0x16, 0x15, 0x14, 0x07, 0x07, 0x11, 0x21, 0x32, 0x16, 0x15, 0x14, 0x06, 0x23, 0x21, 0x89, 0x11, 
0x39, 0x07, 0x0E, 0x0C, 0x11, 0x08, 0x63, 0x11, 0x0D, 0x0D, 0x11, 0x6F, 0x0C, 0x09, 0x0C, 0x12, 
0x09, 0x99, 0x01, 0x9B, 0x0D, 0x11, 0x11, 0x0D, 0xFE, 0x47, 0x11, 0x0D, 0x01, 0x22, 0x38, 0x09, 
0x12, 0x0D, 0x0B, 0x0A, 0x62, 0x01, 0x5A, 0x0D, 0x11, 0x11, 0x0D, 0xFE, 0xE1, 0x6E, 0x0A, 0x13, 
0x0C, 0x0C, 0x09, 0x99, 0xFE, 0xC1, 0x12, 0x0C, 0x0D, 0x11, 0x00, 0x00, 0x00, 0x01, 0x00, 0x64, 
0x00, 0x00, 0x03, 0x71, 0x03, 0x0D, 0x00, 0x21, 0x00, 0xA1, 0x4B, 0xB0, 0x0A, 0x50, 0x58, 0xB7, 
0x1E, 0x10, 0x0A, 0x03, 0x01, 0x03, 0x01, 0x4A, 0x1B, 0x4B, 0xB0, 0x19, 0x50, 0x58, 0xB7, 0x1E, 
0x10, 0x0A, 0x03, 0x00, 0x03, 0x01, 0x4A, 0x1B, 0xB7, 0x1E, 0x10, 0x0A, 0x03, 0x01, 0x03, 0x01, 
0x4A, 0x59, 0x59, 0x4B, 0xB0, 0x0A, 0x50, 0x58, 0x40, 0x13, 0x05, 0x04, 0x02, 0x03, 0x03, 0x3D, 
0x4B, 0x00, 0x01, 0x01, 0x3E, 0x4B, 0x02, 0x01, 0x00, 0x00, 0x3E, 0x00, 0x4C, 0x1B, 0x4B, 0xB0, 
0x19, 0x50, 0x58, 0x40, 0x0F, 0x05, 0x04, 0x02, 0x03, 0x03, 0x3D, 0x4B, 0x02, 0x01, 0x02, 0x00, 
0x00, 0x3E, 0x00, 0x4C, 0x1B, 0x4B, 0xB0, 0x32, 0x50, 0x58, 0x40, 0x13, 0x05, 0x04, 0x02, 0x03, 
0x03, 0x3D, 0x4B, 0x00, 0x01, 0x01, 0x3E, 0x4B, 0x02, 0x01, 0x00, 0x00, 0x3E, 0x00, 0x4C, 0x1B, 
0x40, 0x16, 0x00, 0x01, 0x03, 0x00, 0x03, 0x01, 0x00, 0x7E, 0x05, 0x04, 0x02, 0x03, 0x03, 0x3D, 
0x4B, 0x02, 0x01, 0x00, 0x00, 0x3E, 0x00, 0x4C, 0x59, 0x59, 0x59, 0x40, 0x0D, 0x00, 0x00, 0x00, 
0x21, 0x00, 0x20, 0x25, 0x25, 0x25, 0x25, 0x06, 0x09, 0x18, 0x2B, 0x00, 0x16, 0x15, 0x11, 0x14, 
0x06, 0x23, 0x22, 0x26, 0x35, 0x11, 0x01, 0x06, 0x23, 0x22, 0x27, 0x01, 0x11, 0x14, 0x06, 0x23, 
0x22, 0x26, 0x35, 0x11, 0x34, 0x36, 0x33, 0x32, 0x17, 0x01, 0x01, 0x36, 0x33, 0x03, 0x61, 0x10, 
0x10, 0x0D, 0x0D, 0x12, 0xFE, 0xD0, 0x07, 0x13, 0x12, 0x0A, 0xFE, 0xD1, 0x11, 0x0D, 0x0D, 0x11, 
0x11, 0x0D, 0x14, 0x07, 0x01, 0x50, 0x01, 0x4C, 0x09, 0x12, 0x03, 0x0D, 0x11, 0x0D, 0xFD, 0x2F, 
0x0D, 0x11, 0x11, 0x0D, 0x02, 0x65, 0xFD, 0x95, 0x0E, 0x13, 0x02, 0x5D, 0xFD, 0xA4, 0x0D, 0x11, 
0x11, 0x0D, 0x02, 0xD1, 0x0D, 0x11, 0x0F, 0xFD, 0x68, 0x02, 0x98, 0x0F, 0x00, 0x01, 0x00, 0x64, 
0x00, 0x00, 0x02, 0xD1, 0x03, 0x0D, 0x00, 0x1B, 0x00, 0x24, 0x40, 0x21, 0x17, 0x09, 0x02, 0x02, 
0x00, 0x01, 0x4A, 0x01, 0x01, 0x00, 0x00, 0x3D, 0x4B, 0x04, 0x03, 0x02, 0x02, 0x02, 0x3E, 0x02, 
0x4C, 0x00, 0x00, 0x00, 0x1B, 0x00, 0x1A, 0x25, 0x25, 0x25, 0x05, 0x09, 0x17, 0x2B, 0x32, 0x26, 
0x35, 0x11, 0x34, 0x36, 0x33, 0x32, 0x17, 0x01, 0x11, 0x34, 0x36, 0x33, 0x32, 0x16, 0x15, 0x11, 
0x14, 0x06, 0x23, 0x22, 0x27, 0x01, 0x11, 0x14, 0x06, 0x23, 0x75, 0x11, 0x11, 0x0D, 0x0E, 0x09, 
0x01, 0xFC, 0x11, 0x0D, 0x0C, 0x12, 0x12, 0x0C, 0x0E, 0x08, 0xFE, 0x03, 0x11, 0x0D, 0x11, 0x0D, 
0x02, 0xD1, 0x0D, 0x11, 0x0A, 0xFD, 0x6B, 0x02, 0x81, 0x0D, 0x11, 0x11, 0x0D, 0xFD, 0x2F, 0x0D, 
0x11, 0x09, 0x02, 0x96, 0xFD, 0x7F, 0x0D, 0x11, 0xFF, 0xFF, 0x00, 0x64, 0x00, 0x00, 0x02, 0xD1, 
0x04, 0x15, 0x00, 0x22, 0x00, 0x62, 0x00, 0x00, 0x01, 0x07, 0x03, 0x29, 0x02, 0x54, 0x00, 0xEA, 
0x00, 0x08, 0xB1, 0x01, 0x01, 0xB0, 0xEA, 0xB0, 0x33, 0x2B, 0x00, 0x00, 0xFF, 0xFF, 0x00, 0x64, 
0x00, 0x00, 0x02, 0xD1, 0x03, 0xFC, 0x00, 0x22, 0x00, 0x62, 0x00, 0x00, 0x01, 0x07, 0x03, 0x2D, 
0x02, 0x61, 0x00, 0xEA, 0x00, 0x08, 0xB1, 0x01, 0x01, 0xB0, 0xEA, 0xB0, 0x33, 0x2B, 0x00, 0x00, 
0xFF, 0xFF, 0x00, 0x64, 0xFF, 0x18, 0x02, 0xD1, 0x03, 0x0D, 0x00, 0x22, 0x00, 0x62, 0x00, 0x00, 
0x00, 0x03, 0x03, 0x39, 0x02, 0x3A, 0x00, 0x00, 0x00, 0x01, 0x00, 0x64, 0xFF, 0xF7, 0x02, 0x6F, 
0x03, 0x0D, 0x00, 0x2F, 0x00, 0x68, 0xB5, 0x2C, 0x01, 0x01, 0x03, 0x01, 0x4A, 0x4B, 0xB0, 0x1A, 
0x50, 0x58, 0x40, 0x20, 0x00, 0x01, 0x03, 0x02, 0x03, 0x01, 0x02, 0x7E, 0x00, 0x03, 0x03, 0x05, 
0x5F, 0x07, 0x06, 0x02, 0x05, 0x05, 0x3D, 0x4B, 0x00, 0x02, 0x02, 0x00, 0x5F, 0x04, 0x01, 0x00, 
0x00, 0x46, 0x00, 0x4C, 0x1B, 0x40, 0x24, 0x00, 0x01, 0x03, 0x02, 0x03, 0x01, 0x02, 0x7E, 0x00, 
0x03, 0x03, 0x05, 0x5F, 0x07, 0x06, 0x02, 0x05, 0x05, 0x3D, 0x4B, 0x00, 0x04, 0x04, 0x3E, 0x4B, 
0x00, 0x02, 0x02, 0x00, 0x5F, 0x00, 0x00, 0x00, 0x46, 0x00, 0x4C, 0x59, 0x40, 0x0F, 0x00, 0x00, 
0x00, 0x2F, 0x00, 0x2E, 0x25, 0x26, 0x24, 0x24, 0x24, 0x26, 0x08, 0x09, 0x1A, 0x2B, 0x00, 0x16, 
0x16, 0x15, 0x15, 0x14, 0x06, 0x23, 0x22, 0x26, 0x27, 0x26, 0x36, 0x33, 0x32, 0x16, 0x17, 0x16, 
0x16, 0x33, 0x32, 0x11, 0x35, 0x34, 0x26, 0x23, 0x22, 0x06, 0x06, 0x15, 0x11, 0x14, 0x06, 0x23, 
0x22, 0x26, 0x35, 0x11, 0x34, 0x36, 0x33, 0x32, 0x16, 0x15, 0x15, 0x36, 0x36, 0x33, 0x01, 0xB0, 
0x78, 0x47, 0x6E, 0x65, 0x40, 0x66, 0x0B, 0x03, 0x0D, 0x0E, 0x09, 0x11, 0x05, 0x0C, 0x48, 0x26, 
0x97, 0x6C, 0x5F, 0x3A, 0x5B, 0x33, 0x11, 0x0D, 0x0D, 0x11, 0x11, 0x0D, 0x0D, 0x11, 0x21, 0x68, 
0x3F, 0x03, 0x0D, 0x47, 0x82, 0x54, 0xB2, 0xA0, 0xA7, 0x3D, 0x2E, 0x0D, 0x10, 0x0D, 0x0B, 0x18, 
0x20, 0x01, 0x0F, 0xA8, 0x69, 0x82, 0x28, 0x48, 0x2E, 0xFD, 0xEB, 0x0D, 0x11, 0x11, 0x0D, 0x02, 
0xD1, 0x0D, 0x11, 0x11, 0x0D, 0x41, 0x2D, 0x32, 0xFF, 0xFF, 0x00, 0x64, 0x00, 0x00, 0x02, 0xD1, 
0x03, 0xD4, 0x00, 0x22, 0x00, 0x62, 0x00, 0x00, 0x01, 0x07, 0x03, 0x30, 0x02, 0x93, 0x00, 0xEA, 
0x00, 0x08, 0xB1, 0x01, 0x01, 0xB0, 0xEA, 0xB0, 0x33, 0x2B, 0x00, 0x00, 0x00, 0x02, 0x00, 0x3C, 
0xFF, 0xF6, 0x03, 0x5D, 0x03, 0x17, 0x00, 0x0F, 0x00, 0x1F, 0x00, 0x2C, 0x40, 0x29, 0x00, 0x02, 
0x02, 0x00, 0x5F, 0x00, 0x00, 0x00, 0x45, 0x4B, 0x05, 0x01, 0x03, 0x03, 0x01, 0x5F, 0x04, 0x01, 
0x01, 0x01, 0x46, 0x01, 0x4C, 0x10, 0x10, 0x00, 0x00, 0x10, 0x1F, 0x10, 0x1E, 0x18, 0x16, 0x00, 
0x0F, 0x00, 0x0E, 0x26, 0x06, 0x09, 0x15, 0x2B, 0x04, 0x26, 0x26, 0x35, 0x34, 0x36, 0x36, 0x33, 
0x32, 0x16, 0x16, 0x15, 0x14, 0x06, 0x06, 0x23, 0x3E, 0x02, 0x35, 0x34, 0x26, 0x26, 0x23, 0x22, 
0x06, 0x06, 0x15, 0x14, 0x16, 0x16, 0x33, 0x01, 0x5C, 0xB7, 0x69, 0x69, 0xB7, 0x71, 0x70, 0xB7, 
0x69, 0x69, 0xB7, 0x70, 0x5F, 0x9C, 0x59, 0x59, 0x9C, 0x5F, 0x60, 0x9C, 0x59, 0x59, 0x9C, 0x60, 
0x0A, 0x69, 0xB7, 0x71, 0x70, 0xB7, 0x69, 0x69, 0xB7, 0x70, 0x71, 0xB7, 0x69, 0x3C, 0x59, 0x9C, 
0x60, 0x5F, 0x9C, 0x59, 0x59, 0x9C, 0x5F, 0x60, 0x9C, 0x59, 0x00, 0x00, 0xFF, 0xFF, 0x00, 0x3C, 
0xFF, 0xF6, 0x03, 0x5D, 0x04, 0x15, 0x00, 0x22, 0x00, 0x68, 0x00, 0x00, 0x01, 0x07, 0x03, 0x29, 
0x02, 0x86, 0x00, 0xEA, 0x00, 0x08, 0xB1, 0x02, 0x01, 0xB0, 0xEA, 0xB0, 0x33, 0x2B, 0x00, 0x00, 
0xFF, 0xFF, 0x00, 0x3C, 0xFF, 0xF6, 0x03, 0x5D, 0x04, 0x00, 0x00, 0x22, 0x00, 0x68, 0x00, 0x00, 
0x01, 0x07, 0x03, 0x2E, 0x02, 0x92, 0x00, 0xEA, 0x00, 0x08, 0xB1, 0x02, 0x01, 0xB0, 0xEA, 0xB0, 
0x33, 0x2B, 0x00, 0x00, 0xFF, 0xFF, 0x00, 0x3C, 0xFF, 0xF6, 0x03, 0x5D, 0x04, 0x00, 0x00, 0x22, 
0x00, 0x68, 0x00, 0x00, 0x01, 0x07, 0x03, 0x2C, 0x02, 0x93, 0x00, 0xEA, 0x00, 0x08, 0xB1, 0x02, 
0x01, 0xB0, 0xEA, 0xB0, 0x33, 0x2B, 0x00, 0x00, 0xFF, 0xFF, 0x00, 0x3C, 0xFF, 0xF6, 0x03, 0x5D, 
0x04, 0xCF, 0x00, 0x22, 0x00, 0x68, 0x00, 0x00, 0x00, 0x27, 0x03, 0x2C, 0x02, 0x93, 0x00, 0xEA, 
0x01, 0x07, 0x03, 0x29, 0x02, 0xE1, 0x01, 0xA4, 0x00, 0x11, 0xB1, 0x02, 0x01, 0xB0, 0xEA, 0xB0, 
0x33, 0x2B, 0xB1, 0x03, 0x01, 0xB8, 0x01, 0xA4, 0xB0, 0x33, 0x2B, 0x00, 0xFF, 0xFF, 0x00, 0x3C, 
0xFF, 0x3A, 0x03, 0x5D, 0x04, 0x00, 0x00, 0x22, 0x00, 0x68, 0x00, 0x00, 0x00, 0x27, 0x03, 0x2C, 
0x02, 0x93, 0x00, 0xEA, 0x01, 0x03, 0x03, 0x37, 0x02, 0x2D, 0x00, 0x00, 0x00, 0x08, 0xB1, 0x02, 
0x01, 0xB0, 0xEA, 0xB0, 0x33, 0x2B, 0x00, 0x00, 0xFF, 0xFF, 0x00, 0x3C, 0xFF, 0xF6, 0x03, 0x5D, 
0x04, 0xDA, 0x00, 0x22, 0x00, 0x68, 0x00, 0x00, 0x00, 0x27, 0x03, 0x2C, 0x02, 0x93, 0x00, 0xEA, 
0x01, 0x07, 0x03, 0x28, 0x02, 0x72, 0x01, 0xA4, 0x00, 0x11, 0xB1, 0x02, 0x01, 0xB0, 0xEA, 0xB0, 
0x33, 0x2B, 0xB1, 0x03, 0x01, 0xB8, 0x01, 0xA4, 0xB0, 0x33, 0x2B, 0x00, 0xFF, 0xFF, 0x00, 0x3C, 
0xFF, 0xF6, 0x03, 0x5D, 0x04, 0xF6, 0x00, 0x22, 0x00, 0x68, 0x00, 0x00, 0x00, 0x27, 0x03, 0x2C, 
0x02, 0x94, 0x00, 0xEA, 0x01, 0x07, 0x03, 0x32, 0x02, 0xD2, 0x01, 0xA4, 0x00, 0x11, 0xB1, 0x02, 
0x01, 0xB0, 0xEA, 0xB0, 0x33, 0x2B, 0xB1, 0x03, 0x01, 0xB8, 0x01, 0xA4, 0xB0, 0x33, 0x2B, 0x00, 
0xFF, 0xFF, 0x00, 0x3C, 0xFF, 0xF6, 0x03, 0x5D, 0x04, 0x8E, 0x00, 0x22, 0x00, 0x68, 0x00, 0x00, 
0x00, 0x27, 0x03, 0x2C, 0x02, 0x93, 0x00, 0xEA, 0x01, 0x07, 0x03, 0x40, 0x02, 0x97, 0x01, 0x90, 
0x00, 0x11, 0xB1, 0x02, 0x01, 0xB0, 0xEA, 0xB0, 0x33, 0x2B, 0xB1, 0x03, 0x01, 0xB8, 0x01, 0x90, 
0xB0, 0x33, 0x2B, 0x00, 0xFF, 0xFF, 0x00, 0x3C, 0xFF, 0xF6, 0x03, 0x5D, 0x04, 0x1F, 0x00, 0x22, 
0x00, 0x68, 0x00, 0x00, 0x01, 0x07, 0x03, 0x33, 0x02, 0x7F, 0x00, 0xEA, 0x00, 0x08, 0xB1, 0x02, 
0x02, 0xB0, 0xEA, 0xB0, 0x33, 0x2B, 0x00, 0x00, 0xFF, 0xFF, 0x00, 0x3C, 0xFF, 0xF6, 0x03, 0x5D, 
0x03, 0xE2, 0x00, 0x22, 0x00, 0x68, 0x00, 0x00, 0x01, 0x07, 0x03, 0x26, 0x02, 0xC8, 0x00, 0xEA, 
0x00, 0x08, 0xB1, 0x02, 0x02, 0xB0, 0xEA, 0xB0, 0x33, 0x2B, 0x00, 0x00, 0xFF, 0xFF, 0x00, 0x3C, 
0xFF, 0xF6, 0x03, 0x5D, 0x04, 0x73, 0x00, 0x22, 0x00, 0x68, 0x00, 0x00, 0x00, 0x27, 0x03, 0x26, 
0x02, 0xC8, 0x00, 0xEA, 0x01, 0x07, 0x03, 0x31, 0x02, 0xDF, 0x01, 0xA1, 0x00, 0x11, 0xB1, 0x02, 
0x02, 0xB0, 0xEA, 0xB0, 0x33, 0x2B, 0xB1, 0x04, 0x01, 0xB8, 0x01, 0xA1, 0xB0, 0x33, 0x2B, 0x00, 
0xFF, 0xFF, 0x00, 0x3C, 0xFF, 0xF6, 0x03, 0x5D, 0x04, 0x5A, 0x00, 0x22, 0x00, 0x68, 0x00, 0x00, 
0x00, 0x27, 0x03, 0x27, 0x02, 0x59, 0x00, 0xEA, 0x01, 0x07, 0x03, 0x31, 0x02, 0xDF, 0x01, 0x88, 
0x00, 0x11, 0xB1, 0x02, 0x01, 0xB0, 0xEA, 0xB0, 0x33, 0x2B, 0xB1, 0x03, 0x01, 0xB8, 0x01, 0x88, 
0xB0, 0x33, 0x2B, 0x00, 0xFF, 0xFF, 0x00, 0x3C, 0xFF, 0x3A, 0x03, 0x5D, 0x03, 0x17, 0x00, 0x22, 
0x00, 0x68, 0x00, 0x00, 0x00, 0x03, 0x03, 0x37, 0x02, 0x2D, 0x00, 0x00, 0xFF, 0xFF, 0x00, 0x3C, 
0xFF, 0xF6, 0x03, 0x5D, 0x04, 0x20, 0x00, 0x22, 0x00, 0x68, 0x00, 0x00, 0x01, 0x07, 0x03, 0x28, 
0x02, 0x17, 0x00, 0xEA, 0x00, 0x08, 0xB1, 0x02, 0x01, 0xB0, 0xEA, 0xB0, 0x33, 0x2B, 0x00, 0x00, 
0xFF, 0xFF, 0x00, 0x3C, 0xFF, 0xF6, 0x03, 0x5D, 0x04, 0x3C, 0x00, 0x22, 0x00, 0x68, 0x00, 0x00, 
0x01, 0x07, 0x03, 0x32, 0x02, 0x76, 0x00, 0xEA, 0x00, 0x08, 0xB1, 0x02, 0x01, 0xB0, 0xEA, 0xB0, 
0x33, 0x2B, 0x00, 0x00, 0x00, 0x02, 0x00, 0x3C, 0xFF, 0xF6, 0x03, 0x5D, 0x03, 0x4F, 0x00, 0x1F, 
0x00, 0x2F, 0x00, 0x3A, 0x40, 0x37, 0x1F, 0x01, 0x05, 0x04, 0x01, 0x4A, 0x00, 0x03, 0x01, 0x03, 
0x83, 0x00, 0x02, 0x01, 0x04, 0x01, 0x02, 0x04, 0x7E, 0x00, 0x04, 0x04, 0x01, 0x5F, 0x00, 0x01, 
0x01, 0x45, 0x4B, 0x06, 0x01, 0x05, 0x05, 0x00, 0x5F, 0x00, 0x00, 0x00, 0x46, 0x00, 0x4C, 0x20, 
0x20, 0x20, 0x2F, 0x20, 0x2E, 0x2D, 0x25, 0x21, 0x26, 0x25, 0x07, 0x09, 0x19, 0x2B, 0x00, 0x16, 
0x15, 0x14, 0x06, 0x06, 0x23, 0x22, 0x26, 0x26, 0x35, 0x34, 0x36, 0x36, 0x33, 0x32, 0x17, 0x33, 
0x32, 0x36, 0x35, 0x35, 0x34, 0x36, 0x33, 0x32, 0x16, 0x15, 0x15, 0x14, 0x06, 0x07, 0x02, 0x36, 
0x36, 0x35, 0x34, 0x26, 0x26, 0x23, 0x22, 0x06, 0x06, 0x15, 0x14, 0x16, 0x16, 0x33, 0x03, 0x14, 
0x49, 0x69, 0xB7, 0x70, 0x71, 0xB7, 0x69, 0x69, 0xB7, 0x71, 0x64, 0x54, 0x27, 0x12, 0x17, 0x0F, 
0x0E, 0x0E, 0x0F, 0x21, 0x1C, 0xA6, 0x9C, 0x59, 0x59, 0x9C, 0x5F, 0x60, 0x9C, 0x59, 0x59, 0x9C, 
0x60, 0x02, 0x83, 0x9F, 0x5D, 0x71, 0xB7, 0x69, 0x69, 0xB7, 0x71, 0x70, 0xB7, 0x69, 0x2A, 0x1A, 
0x14, 0x17, 0x0D, 0x10, 0x13, 0x0F, 0x12, 0x21, 0x34, 0x0B, 0xFD, 0x77, 0x59, 0x9C, 0x60, 0x5F, 
0x9C, 0x59, 0x59, 0x9C, 0x5F, 0x60, 0x9C, 0x59, 0xFF, 0xFF, 0x00, 0x3C, 0xFF, 0xF6, 0x03, 0x5D, 
0x04, 0x15, 0x00, 0x22, 0x00, 0x78, 0x00, 0x00, 0x01, 0x07, 0x03, 0x29, 0x02, 0x86, 0x00, 0xEA, 
0x00, 0x08, 0xB1, 0x02, 0x01, 0xB0, 0xEA, 0xB0, 0x33, 0x2B, 0x00, 0x00, 0xFF, 0xFF, 0x00, 0x3C, 
0xFF, 0x3A, 0x03, 0x5D, 0x03, 0x4F, 0x00, 0x22, 0x00, 0x78, 0x00, 0x00, 0x00, 0x03, 0x03, 0x37, 
0x02, 0x2D, 0x00, 0x00, 0xFF, 0xFF, 0x00, 0x3C, 0xFF, 0xF6, 0x03, 0x5D, 0x04, 0x20, 0x00, 0x22, 
0x00, 0x78, 0x00, 0x00, 0x01, 0x07, 0x03, 0x28, 0x02, 0x17, 0x00, 0xEA, 0x00, 0x08, 0xB1, 0x02, 
0x01, 0xB0, 0xEA, 0xB0, 0x33, 0x2B, 0x00, 0x00, 0xFF, 0xFF, 0x00, 0x3C, 0xFF, 0xF6, 0x03, 0x5D, 
0x04, 0x3C, 0x00, 0x22, 0x00, 0x78, 0x00, 0x00, 0x01, 0x07, 0x03, 0x32, 0x02, 0x76, 0x00, 0xEA, 
0x00, 0x08, 0xB1, 0x02, 0x01, 0xB0, 0xEA, 0xB0, 0x33, 0x2B, 0x00, 0x00, 0xFF, 0xFF, 0x00, 0x3C, 
0xFF, 0xF6, 0x03, 0x5D, 0x03, 0xD4, 0x00, 0x22, 0x00, 0x78, 0x00, 0x00, 0x01, 0x07, 0x03, 0x30, 
0x02, 0xC5, 0x00, 0xEA, 0x00, 0x08, 0xB1, 0x02, 0x01, 0xB0, 0xEA, 0xB0, 0x33, 0x2B, 0x00, 0x00, 
0xFF, 0xFF, 0x00, 0x3C, 0xFF, 0xF6, 0x03, 0x5D, 0x04, 0x1F, 0x00, 0x22, 0x00, 0x68, 0x00, 0x00, 
0x01, 0x07, 0x03, 0x2A, 0x02, 0x9D, 0x00, 0xEA, 0x00, 0x08, 0xB1, 0x02, 0x02, 0xB0, 0xEA, 0xB0, 
0x33, 0x2B, 0x00, 0x00, 0xFF, 0xFF, 0x00, 0x3C, 0xFF, 0xF6, 0x03, 0x5D, 0x04, 0x00, 0x00, 0x22, 
0x00, 0x68, 0x00, 0x00, 0x01, 0x07, 0x03, 0x34, 0x02, 0x97, 0x00, 0xEA, 0x00, 0x08, 0xB1, 0x02, 
0x01, 0xB0, 0xEA, 0xB0, 0x33, 0x2B, 0x00, 0x00, 0xFF, 0xFF, 0x00, 0x3C, 0xFF, 0xF6, 0x03, 0x5D, 
0x03, 0xBC, 0x00, 0x22, 0x00, 0x68, 0x00, 0x00, 0x01, 0x07, 0x03, 0x31, 0x02, 0xDF, 0x00, 0xEA, 
0x00, 0x08, 0xB1, 0x02, 0x01, 0xB0, 0xEA, 0xB0, 0x33, 0x2B, 0x00, 0x00, 0x00, 0x02, 0x00, 0x3C, 
0xFF, 0x05, 0x03, 0x5D, 0x03, 0x17, 0x00, 0x2D, 0x00, 0x3D, 0x00, 0x74, 0xB5, 0x05, 0x01, 0x02, 
0x00, 0x01, 0x4A, 0x4B, 0xB0, 0x1E, 0x50, 0x58, 0x40, 0x29, 0x00, 0x02, 0x00, 0x01, 0x00, 0x02, 
0x01, 0x7E, 0x00, 0x06, 0x06, 0x05, 0x5F, 0x00, 0x05, 0x05, 0x45, 0x4B, 0x08, 0x01, 0x07, 0x07, 
0x00, 0x5F, 0x04, 0x01, 0x00, 0x00, 0x49, 0x4B, 0x00, 0x01, 0x01, 0x03, 0x5F, 0x00, 0x03, 0x03, 
0x42, 0x03, 0x4C, 0x1B, 0x40, 0x26, 0x00, 0x02, 0x00, 0x01, 0x00, 0x02, 0x01, 0x7E, 0x00, 0x01, 
0x00, 0x03, 0x01, 0x03, 0x63, 0x00, 0x06, 0x06, 0x05, 0x5F, 0x00, 0x05, 0x05, 0x45, 0x4B, 0x08, 
0x01, 0x07, 0x07, 0x00, 0x5F, 0x04, 0x01, 0x00, 0x00, 0x49, 0x00, 0x4C, 0x59, 0x40, 0x10, 0x2E, 
0x2E, 0x2E, 0x3D, 0x2E, 0x3C, 0x2A, 0x26, 0x16, 0x26, 0x23, 0x29, 0x12, 0x09, 0x09, 0x1B, 0x2B, 
0x00, 0x06, 0x06, 0x07, 0x16, 0x15, 0x14, 0x06, 0x07, 0x06, 0x15, 0x14, 0x16, 0x33, 0x32, 0x37, 
0x37, 0x36, 0x33, 0x32, 0x16, 0x15, 0x14, 0x07, 0x07, 0x06, 0x23, 0x22, 0x26, 0x35, 0x34, 0x37, 
0x36, 0x37, 0x2E, 0x02, 0x35, 0x34, 0x36, 0x36, 0x33, 0x32, 0x16, 0x16, 0x15, 0x00, 0x36, 0x36, 
0x35, 0x34, 0x26, 0x26, 0x23, 0x22, 0x06, 0x06, 0x15, 0x14, 0x16, 0x16, 0x33, 0x03, 0x5D, 0x60, 
0xA9, 0x6A, 0x02, 0x1E, 0x1E, 0x15, 0x1D, 0x15, 0x10, 0x0C, 0x23, 0x09, 0x09, 0x0D, 0x12, 0x0A, 
0x29, 0x1C, 0x21, 0x2D, 0x42, 0x2F, 0x1B, 0x09, 0x6A, 0xAA, 0x61, 0x69, 0xB7, 0x71, 0x70, 0xB7, 
0x69, 0xFE, 0xCF, 0x9C, 0x59, 0x59, 0x9C, 0x5F, 0x60, 0x9C, 0x59, 0x59, 0x9C, 0x60, 0x01, 0x1B, 
0xB2, 0x6B, 0x07, 0x06, 0x04, 0x13, 0x27, 0x16, 0x11, 0x18, 0x15, 0x1D, 0x08, 0x1A, 0x06, 0x12, 
0x0D, 0x0F, 0x08, 0x1C, 0x13, 0x41, 0x2E, 0x35, 0x26, 0x15, 0x13, 0x06, 0x6C, 0xB2, 0x6C, 0x70, 
0xB7, 0x69, 0x69, 0xB7, 0x70, 0xFE, 0xAB, 0x59, 0x9C, 0x60, 0x5F, 0x9C, 0x59, 0x59, 0x9C, 0x5F, 
0x60, 0x9C, 0x59, 0x00, 0x00, 0x03, 0x00, 0x3A, 0xFF, 0xF6, 0x03, 0x5D, 0x03, 0x17, 0x00, 0x25, 
0x00, 0x30, 0x00, 0x3B, 0x00, 0x94, 0x40, 0x0D, 0x38, 0x37, 0x2D, 0x2C, 0x25, 0x1C, 0x12, 0x09, 
0x08, 0x05, 0x04, 0x01, 0x4A, 0x4B, 0xB0, 0x0A, 0x50, 0x58, 0x40, 0x21, 0x00, 0x03, 0x03, 0x3D, 
0x4B, 0x06, 0x01, 0x04, 0x04, 0x02, 0x5F, 0x00, 0x02, 0x02, 0x45, 0x4B, 0x00, 0x01, 0x01, 0x3E, 
0x4B, 0x07, 0x01, 0x05, 0x05, 0x00, 0x5F, 0x00, 0x00, 0x00, 0x46, 0x00, 0x4C, 0x1B, 0x4B, 0xB0, 
0x19, 0x50, 0x58, 0x40, 0x19, 0x06, 0x01, 0x04, 0x04, 0x02, 0x5F, 0x03, 0x01, 0x02, 0x02, 0x45, 
0x4B, 0x07, 0x01, 0x05, 0x05, 0x00, 0x5F, 0x01, 0x01, 0x00, 0x00, 0x46, 0x00, 0x4C, 0x1B, 0x40, 
0x21, 0x00, 0x03, 0x03, 0x3D, 0x4B, 0x06, 0x01, 0x04, 0x04, 0x02, 0x5F, 0x00, 0x02, 0x02, 0x45, 
0x4B, 0x00, 0x01, 0x01, 0x3E, 0x4B, 0x07, 0x01, 0x05, 0x05, 0x00, 0x5F, 0x00, 0x00, 0x00, 0x46, 
0x00, 0x4C, 0x59, 0x59, 0x40, 0x13, 0x31, 0x31, 0x26, 0x26, 0x31, 0x3B, 0x31, 0x3A, 0x26, 0x30, 
0x26, 0x2F, 0x24, 0x2B, 0x24, 0x25, 0x08, 0x09, 0x18, 0x2B, 0x00, 0x16, 0x15, 0x14, 0x06, 0x06, 
0x23, 0x22, 0x26, 0x27, 0x07, 0x06, 0x23, 0x22, 0x26, 0x35, 0x34, 0x37, 0x37, 0x26, 0x26, 0x35, 
0x34, 0x36, 0x36, 0x33, 0x32, 0x16, 0x17, 0x37, 0x36, 0x33, 0x32, 0x16, 0x15, 0x14, 0x07, 0x07, 
0x24, 0x06, 0x06, 0x15, 0x14, 0x16, 0x17, 0x01, 0x26, 0x26, 0x23, 0x12, 0x36, 0x36, 0x35, 0x34, 
0x26, 0x27, 0x01, 0x16, 0x16, 0x33, 0x03, 0x2D, 0x30, 0x69, 0xB7, 0x70, 0x4E, 0x8B, 0x35, 0x51, 
0x08, 0x0D, 0x0E, 0x11, 0x08, 0x53, 0x2B, 0x2E, 0x69, 0xB7, 0x71, 0x4C, 0x88, 0x35, 0x4E, 0x08, 
0x0D, 0x0D, 0x13, 0x09, 0x4F, 0xFE, 0x6C, 0x9C, 0x59, 0x27, 0x24, 0x01, 0xE4, 0x2D, 0x6F, 0x3E, 
0x5F, 0x9C, 0x59, 0x29, 0x25, 0xFE, 0x1C, 0x2D, 0x71, 0x40, 0x02, 0x57, 0x85, 0x4B, 0x71, 0xB7, 
0x69, 0x34, 0x2F, 0x51, 0x08, 0x12, 0x0D, 0x0C, 0x08, 0x53, 0x34, 0x83, 0x4A, 0x70, 0xB7, 0x69, 
0x31, 0x2E, 0x4D, 0x08, 0x12, 0x0C, 0x0B, 0x09, 0x4F, 0x4F, 0x59, 0x9C, 0x5F, 0x3F, 0x6F, 0x2D, 
0x01, 0xE4, 0x24, 0x27, 0xFD, 0x57, 0x59, 0x9C, 0x60, 0x3F, 0x72, 0x2D, 0xFE, 0x1C, 0x26, 0x29, 
0xFF, 0xFF, 0x00, 0x3A, 0xFF, 0xF6, 0x03, 0x5D, 0x04, 0x15, 0x00, 0x22, 0x00, 0x82, 0x00, 0x00, 
0x01, 0x07, 0x03, 0x29, 0x02, 0x86, 0x00, 0xEA, 0x00, 0x08, 0xB1, 0x03, 0x01, 0xB0, 0xEA, 0xB0, 
0x33, 0x2B, 0x00, 0x00, 0xFF, 0xFF, 0x00, 0x3C, 0xFF, 0xF6, 0x03, 0x5D, 0x03, 0xD4, 0x00, 0x22, 
0x00, 0x68, 0x00, 0x00, 0x01, 0x07, 0x03, 0x30, 0x02, 0xC5, 0x00, 0xEA, 0x00, 0x08, 0xB1, 0x02, 
0x01, 0xB0, 0xEA, 0xB0, 0x33, 0x2B, 0x00, 0x00, 0xFF, 0xFF, 0x00, 0x3C, 0xFF, 0xF6, 0x03, 0x5D, 
0x04, 0x4F, 0x00, 0x22, 0x00, 0x68, 0x00, 0x00, 0x00, 0x27, 0x03, 0x30, 0x02, 0xC5, 0x00, 0xEA, 
0x01, 0x07, 0x03, 0x31, 0x02, 0xE9, 0x01, 0x7D, 0x00, 0x11, 0xB1, 0x02, 0x01, 0xB0, 0xEA, 0xB0, 
0x33, 0x2B, 0xB1, 0x03, 0x01, 0xB8, 0x01, 0x7D, 0xB0, 0x33, 0x2B, 0x00, 0x00, 0x02, 0x00, 0x3C, 
0xFF, 0xF6, 0x04, 0x4E, 0x03, 0x17, 0x00, 0x2B, 0x00, 0x38, 0x00, 0xFC, 0x40, 0x0A, 0x32, 0x01, 
0x05, 0x04, 0x31, 0x01, 0x07, 0x06, 0x02, 0x4A, 0x4B, 0xB0, 0x0A, 0x50, 0x58, 0x40, 0x34, 0x00, 
0x05, 0x00, 0x06, 0x07, 0x05, 0x06, 0x65, 0x00, 0x09, 0x09, 0x02, 0x5D, 0x03, 0x01, 0x02, 0x02, 
0x3D, 0x4B, 0x00, 0x04, 0x04, 0x02, 0x5D, 0x03, 0x01, 0x02, 0x02, 0x3D, 0x4B, 0x0A, 0x01, 0x07, 
0x07, 0x00, 0x5D, 0x00, 0x00, 0x00, 0x3E, 0x4B, 0x00, 0x08, 0x08, 0x01, 0x5F, 0x00, 0x01, 0x01, 
0x46, 0x01, 0x4C, 0x1B, 0x4B, 0xB0, 0x19, 0x50, 0x58, 0x40, 0x22, 0x00, 0x05, 0x00, 0x06, 0x07, 
0x05, 0x06, 0x65, 0x09, 0x01, 0x04, 0x04, 0x02, 0x5D, 0x03, 0x01, 0x02, 0x02, 0x3D, 0x4B, 0x08, 
0x0A, 0x02, 0x07, 0x07, 0x00, 0x5F, 0x01, 0x01, 0x00, 0x00, 0x3E, 0x00, 0x4C, 0x1B, 0x4B, 0xB0, 
0x22, 0x50, 0x58, 0x40, 0x34, 0x00, 0x05, 0x00, 0x06, 0x07, 0x05, 0x06, 0x65, 0x00, 0x09, 0x09, 
0x02, 0x5D, 0x03, 0x01, 0x02, 0x02, 0x3D, 0x4B, 0x00, 0x04, 0x04, 0x02, 0x5D, 0x03, 0x01, 0x02, 
0x02, 0x3D, 0x4B, 0x0A, 0x01, 0x07, 0x07, 0x00, 0x5D, 0x00, 0x00, 0x00, 0x3E, 0x4B, 0x00, 0x08, 
0x08, 0x01, 0x5F, 0x00, 0x01, 0x01, 0x46, 0x01, 0x4C, 0x1B, 0x40, 0x32, 0x00, 0x05, 0x00, 0x06, 
0x07, 0x05, 0x06, 0x65, 0x00, 0x09, 0x09, 0x02, 0x5D, 0x00, 0x02, 0x02, 0x3D, 0x4B, 0x00, 0x04, 
0x04, 0x03, 0x5D, 0x00, 0x03, 0x03, 0x3D, 0x4B, 0x0A, 0x01, 0x07, 0x07, 0x00, 0x5D, 0x00, 0x00, 
0x00, 0x3E, 0x4B, 0x00, 0x08, 0x08, 0x01, 0x5F, 0x00, 0x01, 0x01, 0x46, 0x01, 0x4C, 0x59, 0x59, 
0x59, 0x40, 0x14, 0x00, 0x00, 0x35, 0x33, 0x30, 0x2E, 0x00, 0x2B, 0x00, 0x2A, 0x24, 0x21, 0x24, 
0x31, 0x36, 0x22, 0x54, 0x0B, 0x09, 0x1B, 0x2B, 0x24, 0x16, 0x15, 0x14, 0x06, 0x23, 0x21, 0x22, 
0x27, 0x06, 0x07, 0x06, 0x23, 0x22, 0x26, 0x26, 0x35, 0x34, 0x36, 0x36, 0x33, 0x32, 0x17, 0x16, 
0x33, 0x21, 0x32, 0x16, 0x15, 0x14, 0x06, 0x23, 0x21, 0x11, 0x21, 0x32, 0x16, 0x15, 0x14, 0x06, 
0x23, 0x21, 0x11, 0x21, 0x24, 0x16, 0x16, 0x33, 0x32, 0x37, 0x11, 0x26, 0x23, 0x22, 0x06, 0x06, 
0x15, 0x04, 0x3C, 0x12, 0x12, 0x0C, 0xFE, 0x47, 0x04, 0x02, 0x13, 0x2D, 0x40, 0x24, 0x71, 0xB7, 
0x69, 0x69, 0xB7, 0x71, 0x15, 0x4E, 0x30, 0x23, 0x01, 0xAD, 0x0C, 0x12, 0x12, 0x0C, 0xFE, 0x65, 
0x01, 0x23, 0x0D, 0x11, 0x11, 0x0D, 0xFE, 0xDD, 0x01, 0x9B, 0xFC, 0x48, 0x59, 0x9C, 0x60, 0x4A, 
0x42, 0x42, 0x4A, 0x60, 0x9C, 0x59, 0x3C, 0x12, 0x0C, 0x0D, 0x11, 0x01, 0x01, 0x04, 0x06, 0x69, 
0xB7, 0x71, 0x70, 0xB7, 0x69, 0x05, 0x05, 0x11, 0x0D, 0x0C, 0x12, 0xFE, 0xD4, 0x11, 0x0D, 0x0D, 
0x12, 0xFE, 0xD4, 0xEB, 0x9C, 0x59, 0x0B, 0x02, 0x93, 0x0B, 0x59, 0x9C, 0x5F, 0x00, 0x00, 0x00, 
0x00, 0x02, 0x00, 0x64, 0x00, 0x00, 0x02, 0x44, 0x03, 0x0D, 0x00, 0x14, 0x00, 0x1F, 0x00, 0x30, 
0x40, 0x2D, 0x06, 0x01, 0x03, 0x00, 0x01, 0x02, 0x03, 0x01, 0x65, 0x00, 0x04, 0x04, 0x00, 0x5D, 
0x00, 0x00, 0x00, 0x3D, 0x4B, 0x05, 0x01, 0x02, 0x02, 0x3E, 0x02, 0x4C, 0x16, 0x15, 0x00, 0x00, 
0x1E, 0x1C, 0x15, 0x1F, 0x16, 0x1F, 0x00, 0x14, 0x00, 0x13, 0x26, 0x35, 0x07, 0x09, 0x16, 0x2B, 
0x32, 0x26, 0x35, 0x11, 0x34, 0x36, 0x33, 0x33, 0x32, 0x16, 0x16, 0x15, 0x14, 0x06, 0x06, 0x23, 
0x23, 0x15, 0x14, 0x06, 0x23, 0x13, 0x32, 0x36, 0x36, 0x35, 0x34, 0x26, 0x26, 0x23, 0x23, 0x11, 
0x75, 0x11, 0x11, 0x0D, 0xC8, 0x48, 0x72, 0x40, 0x40, 0x72, 0x48, 0xAA, 0x10, 0x0E, 0xC8, 0x37, 
0x56, 0x31, 0x31, 0x56, 0x37, 0xAA, 0x11, 0x0D, 0x02, 0xD1, 0x0E, 0x10, 0x40, 0x72, 0x48, 0x49, 
0x72, 0x40, 0xFA, 0x0D, 0x11, 0x01, 0x54, 0x31, 0x57, 0x37, 0x37, 0x56, 0x31, 0xFE, 0x83, 0x00, 
0x00, 0x02, 0x00, 0x64, 0x00, 0x00, 0x02, 0x44, 0x03, 0x0D, 0x00, 0x18, 0x00, 0x23, 0x00, 0x34, 
0x40, 0x31, 0x06, 0x01, 0x03, 0x00, 0x04, 0x05, 0x03, 0x04, 0x65, 0x07, 0x01, 0x05, 0x00, 0x00, 
0x01, 0x05, 0x00, 0x65, 0x00, 0x02, 0x02, 0x3D, 0x4B, 0x00, 0x01, 0x01, 0x3E, 0x01, 0x4C, 0x19, 
0x19, 0x00, 0x00, 0x19, 0x23, 0x19, 0x22, 0x21, 0x1F, 0x00, 0x18, 0x00, 0x17, 0x25, 0x23, 0x26, 
0x08, 0x09, 0x17, 0x2B, 0x00, 0x16, 0x16, 0x15, 0x14, 0x06, 0x06, 0x23, 0x23, 0x15, 0x14, 0x06, 
0x23, 0x22, 0x26, 0x35, 0x11, 0x34, 0x36, 0x33, 0x32, 0x16, 0x15, 0x15, 0x33, 0x12, 0x36, 0x36, 
0x35, 0x34, 0x26, 0x26, 0x23, 0x23, 0x11, 0x33, 0x01, 0x92, 0x72, 0x40, 0x40, 0x72, 0x48, 0xAA, 
0x10, 0x0E, 0x0D, 0x11, 0x11, 0x0D, 0x0D, 0x11, 0xAA, 0x37, 0x56, 0x31, 0x31, 0x57, 0x36, 0xAA, 
0xAA, 0x02, 0x8B, 0x3B, 0x69, 0x42, 0x43, 0x69, 0x3B, 0xA0, 0x0D, 0x11, 0x11, 0x0D, 0x02, 0xD1, 
0x0D, 0x11, 0x11, 0x0D, 0x64, 0xFE, 0x69, 0x2F, 0x50, 0x32, 0x31, 0x51, 0x2E, 0xFE, 0x9F, 0x00, 
0x00, 0x02, 0x00, 0x3C, 0xFF, 0xF6, 0x03, 0x5D, 0x03, 0x17, 0x00, 0x1B, 0x00, 0x36, 0x00, 0x95, 
0x40, 0x09, 0x27, 0x1D, 0x1B, 0x09, 0x04, 0x05, 0x03, 0x01, 0x4A, 0x4B, 0xB0, 0x0A, 0x50, 0x58, 
0x40, 0x23, 0x00, 0x03, 0x04, 0x05, 0x04, 0x03, 0x05, 0x7E, 0x00, 0x04, 0x04, 0x02, 0x5F, 0x00, 
0x02, 0x02, 0x45, 0x4B, 0x00, 0x00, 0x00, 0x3E, 0x4B, 0x06, 0x01, 0x05, 0x05, 0x01, 0x5F, 0x00, 
0x01, 0x01, 0x46, 0x01, 0x4C, 0x1B, 0x4B, 0xB0, 0x19, 0x50, 0x58, 0x40, 0x1F, 0x00, 0x03, 0x04, 
0x05, 0x04, 0x03, 0x05, 0x7E, 0x00, 0x04, 0x04, 0x02, 0x5F, 0x00, 0x02, 0x02, 0x45, 0x4B, 0x06, 
0x01, 0x05, 0x05, 0x00, 0x5F, 0x01, 0x01, 0x00, 0x00, 0x3E, 0x00, 0x4C, 0x1B, 0x40, 0x23, 0x00, 
0x03, 0x04, 0x05, 0x04, 0x03, 0x05, 0x7E, 0x00, 0x04, 0x04, 0x02, 0x5F, 0x00, 0x02, 0x02, 0x45, 
0x4B, 0x00, 0x00, 0x00, 0x3E, 0x4B, 0x06, 0x01, 0x05, 0x05, 0x01, 0x5F, 0x00, 0x01, 0x01, 0x46, 
0x01, 0x4C, 0x59, 0x59, 0x40, 0x0E, 0x1C, 0x1C, 0x1C, 0x36, 0x1C, 0x35, 0x28, 0x2E, 0x26, 0x24, 
0x25, 0x07, 0x09, 0x19, 0x2B, 0x25, 0x16, 0x15, 0x14, 0x07, 0x06, 0x23, 0x22, 0x27, 0x27, 0x06, 
0x06, 0x23, 0x22, 0x26, 0x26, 0x35, 0x34, 0x36, 0x36, 0x33, 0x32, 0x16, 0x16, 0x15, 0x14, 0x06, 
0x07, 0x06, 0x37, 0x27, 0x26, 0x35, 0x34, 0x37, 0x36, 0x33, 0x32, 0x17, 0x17, 0x36, 0x36, 0x35, 
0x34, 0x26, 0x26, 0x23, 0x22, 0x06, 0x06, 0x15, 0x14, 0x16, 0x16, 0x33, 0x03, 0x2B, 0x09, 0x09, 
0x09, 0x0B, 0x0C, 0x09, 0x3E, 0x33, 0x7E, 0x46, 0x71, 0xB7, 0x69, 0x69, 0xB7, 0x71, 0x70, 0xB7, 
0x69, 0x39, 0x35, 0xAE, 0x57, 0x74, 0x09, 0x09, 0x09, 0x0C, 0x0B, 0x09, 0x77, 0x2C, 0x31, 0x59, 
0x9C, 0x5F, 0x60, 0x9C, 0x59, 0x59, 0x9C, 0x60, 0x32, 0x09, 0x0B, 0x0C, 0x09, 0x09, 0x09, 0x3E, 
0x27, 0x2A, 0x69, 0xB7, 0x71, 0x70, 0xB7, 0x69, 0x69, 0xB7, 0x70, 0x53, 0x90, 0x37, 0x3B, 0x40, 
0x73, 0x09, 0x0C, 0x0B, 0x09, 0x09, 0x09, 0x76, 0x2F, 0x7A, 0x46, 0x5F, 0x9C, 0x59, 0x59, 0x9C, 
0x5F, 0x60, 0x9C, 0x59, 0x00, 0x02, 0x00, 0x64, 0x00, 0x00, 0x02, 0x47, 0x03, 0x0D, 0x00, 0x1E, 
0x00, 0x29, 0x00, 0x32, 0x40, 0x2F, 0x1D, 0x01, 0x01, 0x04, 0x01, 0x4A, 0x06, 0x01, 0x04, 0x00, 
0x01, 0x00, 0x04, 0x01, 0x65, 0x00, 0x05, 0x05, 0x03, 0x5D, 0x00, 0x03, 0x03, 0x3D, 0x4B, 0x02, 
0x01, 0x00, 0x00, 0x3E, 0x00, 0x4C, 0x20, 0x1F, 0x28, 0x26, 0x1F, 0x29, 0x20, 0x29, 0x35, 0x23, 
0x23, 0x23, 0x07, 0x09, 0x18, 0x2B, 0x24, 0x15, 0x14, 0x06, 0x23, 0x22, 0x26, 0x27, 0x03, 0x23, 
0x23, 0x11, 0x14, 0x06, 0x23, 0x22, 0x26, 0x35, 0x11, 0x34, 0x36, 0x33, 0x33, 0x32, 0x16, 0x16, 
0x15, 0x14, 0x06, 0x07, 0x13, 0x03, 0x32, 0x36, 0x36, 0x35, 0x34, 0x26, 0x26, 0x23, 0x23, 0x11, 
0x02, 0x47, 0x11, 0x10, 0x0A, 0x0C, 0x05, 0xB8, 0x12, 0xA1, 0x10, 0x0E, 0x0D, 0x11, 0x11, 0x0D, 
0xBF, 0x48, 0x72, 0x40, 0x5B, 0x4D, 0xAC, 0xFE, 0x37, 0x56, 0x31, 0x31, 0x56, 0x37, 0xA1, 0x20, 
0x09, 0x0B, 0x0C, 0x08, 0x08, 0x01, 0x26, 0xFE, 0xE8, 0x0D, 0x11, 0x11, 0x0D, 0x02, 0xD1, 0x0E, 
0x10, 0x3C, 0x6C, 0x45, 0x52, 0x77, 0x16, 0xFE, 0xED, 0x01, 0x44, 0x2C, 0x50, 0x32, 0x33, 0x51, 
0x2D, 0xFE, 0xA1, 0x00, 0xFF, 0xFF, 0x00, 0x64, 0x00, 0x00, 0x02, 0x47, 0x04, 0x15, 0x00, 0x22, 
0x00, 0x8A, 0x00, 0x00, 0x01, 0x07, 0x03, 0x29, 0x01, 0xE9, 0x00, 0xEA, 0x00, 0x08, 0xB1, 0x02, 
0x01, 0xB0, 0xEA, 0xB0, 0x33, 0x2B, 0x00, 0x00, 0xFF, 0xFF, 0x00, 0x64, 0x00, 0x00, 0x02, 0x47, 
0x03, 0xFC, 0x00, 0x22, 0x00, 0x8A, 0x00, 0x00, 0x01, 0x07, 0x03, 0x2D, 0x01, 0xF6, 0x00, 0xEA, 
0x00, 0x08, 0xB1, 0x02, 0x01, 0xB0, 0xEA, 0xB0, 0x33, 0x2B, 0x00, 0x00, 0xFF, 0xFF, 0x00, 0x64, 
0xFF, 0x18, 0x02, 0x47, 0x03, 0x0D, 0x00, 0x22, 0x00, 0x8A, 0x00, 0x00, 0x00, 0x03, 0x03, 0x39, 
0x01, 0xCF, 0x00, 0x00, 0xFF, 0xFF, 0x00, 0x64, 0x00, 0x00, 0x02, 0x47, 0x04, 0x1F, 0x00, 0x22, 
0x00, 0x8A, 0x00, 0x00, 0x01, 0x07, 0x03, 0x33, 0x01, 0xE2, 0x00, 0xEA, 0x00, 0x08, 0xB1, 0x02, 
0x02, 0xB0, 0xEA, 0xB0, 0x33, 0x2B, 0x00, 0x00, 0xFF, 0xFF, 0x00, 0x64, 0x00, 0x00, 0x02, 0x47, 
0x04, 0x00, 0x00, 0x22, 0x00, 0x8A, 0x00, 0x00, 0x01, 0x07, 0x03, 0x34, 0x01, 0xFA, 0x00, 0xEA, 
0x00, 0x08, 0xB1, 0x02, 0x01, 0xB0, 0xEA, 0xB0, 0x33, 0x2B, 0x00, 0x00, 0x00, 0x01, 0x00, 0x41, 
0xFF, 0xF6, 0x02, 0x43, 0x03, 0x17, 0x00, 0x34, 0x00, 0x3C, 0x40, 0x39, 0x1E, 0x01, 0x03, 0x04, 
0x01, 0x4A, 0x00, 0x03, 0x04, 0x00, 0x04, 0x03, 0x00, 0x7E, 0x00, 0x00, 0x01, 0x04, 0x00, 0x01, 
0x7C, 0x00, 0x04, 0x04, 0x02, 0x5F, 0x00, 0x02, 0x02, 0x45, 0x4B, 0x00, 0x01, 0x01, 0x05, 0x5F, 
0x06, 0x01, 0x05, 0x05, 0x46, 0x05, 0x4C, 0x00, 0x00, 0x00, 0x34, 0x00, 0x33, 0x22, 0x19, 0x2B, 
0x23, 0x26, 0x07, 0x09, 0x19, 0x2B, 0x16, 0x26, 0x27, 0x26, 0x35, 0x34, 0x36, 0x33, 0x32, 0x17, 
0x16, 0x16, 0x33, 0x32, 0x36, 0x35, 0x34, 0x26, 0x27, 0x26, 0x26, 0x35, 0x34, 0x36, 0x36, 0x33, 
0x32, 0x16, 0x17, 0x16, 0x15, 0x14, 0x06, 0x07, 0x06, 0x23, 0x22, 0x27, 0x26, 0x23, 0x22, 0x06, 
0x15, 0x14, 0x16, 0x17, 0x16, 0x16, 0x15, 0x14, 0x06, 0x06, 0x23, 0xF0, 0x8A, 0x22, 0x03, 0x11, 
0x0E, 0x14, 0x09, 0x1B, 0x6B, 0x4B, 0x56, 0x63, 0x61, 0x5F, 0x6F, 0x7F, 0x3B, 0x6B, 0x46, 0x49, 
0x7A, 0x1D, 0x04, 0x09, 0x08, 0x04, 0x08, 0x12, 0x0A, 0x3B, 0x70, 0x53, 0x5D, 0x5C, 0x60, 0x7E, 
0x74, 0x3D, 0x6F, 0x49, 0x0A, 0x4D, 0x43, 0x06, 0x06, 0x0C, 0x10, 0x13, 0x32, 0x37, 0x56, 0x4F, 
0x44, 0x59, 0x0D, 0x10, 0x71, 0x51, 0x3A, 0x59, 0x31, 0x46, 0x31, 0x07, 0x09, 0x08, 0x0D, 0x04, 
0x02, 0x0F, 0x57, 0x4B, 0x43, 0x38, 0x4C, 0x10, 0x15, 0x71, 0x5C, 0x45, 0x66, 0x36, 0x00, 0x00, 
0xFF, 0xFF, 0x00, 0x41, 0xFF, 0xF6, 0x02, 0x43, 0x04, 0x15, 0x00, 0x22, 0x00, 0x90, 0x00, 0x00, 
0x01, 0x07, 0x03, 0x29, 0x01, 0xFB, 0x00, 0xEA, 0x00, 0x08, 0xB1, 0x01, 0x01, 0xB0, 0xEA, 0xB0, 
0x33, 0x2B, 0x00, 0x00, 0xFF, 0xFF, 0x00, 0x41, 0xFF, 0xF6, 0x02, 0x43, 0x03, 0xFC, 0x00, 0x22, 
0x00, 0x90, 0x00, 0x00, 0x01, 0x07, 0x03, 0x2D, 0x02, 0x08, 0x00, 0xEA, 0x00, 0x08, 0xB1, 0x01, 
0x01, 0xB0, 0xEA, 0xB0, 0x33, 0x2B, 0x00, 0x00, 0x00, 0x01, 0x00, 0x41, 0xFF, 0x18, 0x02, 0x43, 
0x03, 0x17, 0x00, 0x53, 0x00, 0x51, 0x40, 0x4E, 0x41, 0x01, 0x06, 0x07, 0x22, 0x1F, 0x03, 0x03, 
0x01, 0x04, 0x02, 0x4A, 0x00, 0x06, 0x07, 0x03, 0x07, 0x06, 0x03, 0x7E, 0x00, 0x03, 0x04, 0x07, 
0x03, 0x04, 0x7C, 0x00, 0x04, 0x01, 0x07, 0x04, 0x01, 0x7C, 0x00, 0x01, 0x02, 0x07, 0x01, 0x02, 
0x7C, 0x00, 0x07, 0x07, 0x05, 0x5F, 0x00, 0x05, 0x05, 0x45, 0x4B, 0x00, 0x02, 0x02, 0x00, 0x60, 
0x00, 0x00, 0x00, 0x42, 0x00, 0x4C, 0x4B, 0x49, 0x47, 0x46, 0x3D, 0x3B, 0x30, 0x2E, 0x2B, 0x29, 
0x26, 0x14, 0x28, 0x08, 0x09, 0x17, 0x2B, 0x24, 0x06, 0x07, 0x07, 0x16, 0x16, 0x15, 0x14, 0x06, 
0x23, 0x22, 0x26, 0x35, 0x34, 0x36, 0x33, 0x32, 0x16, 0x16, 0x17, 0x16, 0x16, 0x33, 0x32, 0x36, 
0x35, 0x34, 0x26, 0x27, 0x26, 0x26, 0x35, 0x34, 0x37, 0x37, 0x26, 0x26, 0x27, 0x26, 0x35, 0x34, 
0x36, 0x33, 0x32, 0x17, 0x16, 0x16, 0x33, 0x32, 0x36, 0x35, 0x34, 0x26, 0x27, 0x26, 0x26, 0x35, 
0x34, 0x36, 0x36, 0x33, 0x32, 0x16, 0x17, 0x16, 0x15, 0x14, 0x06, 0x07, 0x06, 0x23, 0x22, 0x27, 
0x26, 0x23, 0x22, 0x06, 0x15, 0x14, 0x16, 0x17, 0x16, 0x16, 0x15, 0x02, 0x43, 0x73, 0x61, 0x0B, 
0x32, 0x26, 0x4C, 0x33, 0x30, 0x3F, 0x11, 0x0D, 0x08, 0x0C, 0x0C, 0x03, 0x0A, 0x13, 0x11, 0x1A, 
0x21, 0x1A, 0x1F, 0x10, 0x10, 0x05, 0x0A, 0x52, 0x7A, 0x1E, 0x03, 0x11, 0x0E, 0x14, 0x09, 0x1B, 
0x6B, 0x4B, 0x56, 0x63, 0x61, 0x5F, 0x6F, 0x7F, 0x3B, 0x6B, 0x46, 0x49, 0x7A, 0x1D, 0x04, 0x09, 
0x08, 0x04, 0x08, 0x12, 0x0A, 0x3B, 0x70, 0x53, 0x5D, 0x5C, 0x60, 0x7E, 0x74, 0x77, 0x76, 0x09, 
0x1C, 0x0F, 0x2C, 0x21, 0x2C, 0x3C, 0x28, 0x1A, 0x0D, 0x12, 0x07, 0x09, 0x03, 0x08, 0x09, 0x16, 
0x13, 0x13, 0x17, 0x09, 0x04, 0x0C, 0x0B, 0x06, 0x0D, 0x18, 0x07, 0x4B, 0x3D, 0x06, 0x06, 0x0C, 
0x10, 0x13, 0x32, 0x37, 0x56, 0x4F, 0x44, 0x59, 0x0D, 0x10, 0x71, 0x51, 0x3A, 0x59, 0x31, 0x46, 
0x31, 0x07, 0x09, 0x08, 0x0D, 0x04, 0x02, 0x0F, 0x57, 0x4B, 0x43, 0x38, 0x4C, 0x10, 0x15, 0x71, 
0x5C, 0x00, 0x00, 0x00, 0xFF, 0xFF, 0x00, 0x41, 0xFF, 0xF6, 0x02, 0x43, 0x04, 0x00, 0x00, 0x22, 
0x00, 0x90, 0x00, 0x00, 0x01, 0x07, 0x03, 0x2C, 0x02, 0x08, 0x00, 0xEA, 0x00, 0x08, 0xB1, 0x01, 
0x01, 0xB0, 0xEA, 0xB0, 0x33, 0x2B, 0x00, 0x00, 0xFF, 0xFF, 0x00, 0x41, 0xFF, 0x18, 0x02, 0x43, 
0x03, 0x17, 0x00, 0x22, 0x00, 0x90, 0x00, 0x00, 0x00, 0x03, 0x03, 0x39, 0x01, 0xE1, 0x00, 0x00, 
0x00, 0x01, 0x00, 0x64, 0xFF, 0xFA, 0x02, 0x6C, 0x03, 0x0D, 0x00, 0x3D, 0x00, 0x77, 0xB5, 0x24, 
0x01, 0x07, 0x04, 0x01, 0x4A, 0x4B, 0xB0, 0x27, 0x50, 0x58, 0x40, 0x27, 0x00, 0x01, 0x03, 0x02, 
0x03, 0x01, 0x02, 0x7E, 0x08, 0x01, 0x07, 0x00, 0x03, 0x01, 0x07, 0x03, 0x67, 0x00, 0x04, 0x04, 
0x06, 0x5F, 0x00, 0x06, 0x06, 0x3D, 0x4B, 0x00, 0x02, 0x02, 0x00, 0x5F, 0x05, 0x01, 0x00, 0x00, 
0x49, 0x00, 0x4C, 0x1B, 0x40, 0x2B, 0x00, 0x01, 0x03, 0x02, 0x03, 0x01, 0x02, 0x7E, 0x08, 0x01, 
0x07, 0x00, 0x03, 0x01, 0x07, 0x03, 0x67, 0x00, 0x04, 0x04, 0x06, 0x5F, 0x00, 0x06, 0x06, 0x3D, 
0x4B, 0x00, 0x05, 0x05, 0x3E, 0x4B, 0x00, 0x02, 0x02, 0x00, 0x5F, 0x00, 0x00, 0x00, 0x49, 0x00, 
0x4C, 0x59, 0x40, 0x10, 0x00, 0x00, 0x00, 0x3D, 0x00, 0x3D, 0x25, 0x25, 0x27, 0x35, 0x25, 0x17, 
0x26, 0x09, 0x09, 0x1B, 0x2B, 0x00, 0x16, 0x16, 0x15, 0x14, 0x06, 0x06, 0x23, 0x22, 0x26, 0x27, 
0x26, 0x26, 0x35, 0x34, 0x36, 0x33, 0x32, 0x17, 0x1E, 0x02, 0x33, 0x32, 0x36, 0x36, 0x35, 0x34, 
0x26, 0x23, 0x23, 0x22, 0x26, 0x35, 0x34, 0x37, 0x37, 0x26, 0x26, 0x23, 0x22, 0x06, 0x15, 0x11, 
0x14, 0x06, 0x23, 0x22, 0x26, 0x35, 0x11, 0x34, 0x36, 0x33, 0x32, 0x16, 0x17, 0x16, 0x15, 0x14, 
0x07, 0x07, 0x01, 0xD5, 0x62, 0x35, 0x3C, 0x6A, 0x40, 0x2A, 0x46, 0x19, 0x0B, 0x09, 0x11, 0x0D, 
0x05, 0x0A, 0x08, 0x28, 0x26, 0x1A, 0x30, 0x4D, 0x2D, 0x5B, 0x4F, 0x29, 0x0C, 0x11, 0x0A, 0xA0, 
0x15, 0x59, 0x2D, 0x53, 0x5C, 0x11, 0x0E, 0x0E, 0x0F, 0x83, 0x6B, 0x3D, 0x78, 0x17, 0x05, 0x10, 
0x80, 0x01, 0xDC, 0x42, 0x6B, 0x42, 0x43, 0x6F, 0x41, 0x15, 0x0F, 0x07, 0x0C, 0x0C, 0x0B, 0x11, 
0x04, 0x04, 0x13, 0x08, 0x31, 0x54, 0x32, 0x51, 0x67, 0x11, 0x0D, 0x0D, 0x0A, 0xB4, 0x1E, 0x29, 
0x60, 0x62, 0xFE, 0x08, 0x0C, 0x0F, 0x10, 0x0B, 0x02, 0x0C, 0x74, 0x72, 0x3E, 0x29, 0x09, 0x0B, 
0x15, 0x12, 0x8B, 0x00, 0x00, 0x02, 0x00, 0x3C, 0xFF, 0xF6, 0x03, 0x02, 0x03, 0x17, 0x00, 0x21, 
0x00, 0x2A, 0x00, 0x3F, 0x40, 0x3C, 0x00, 0x03, 0x02, 0x01, 0x02, 0x03, 0x01, 0x7E, 0x00, 0x01, 
0x00, 0x05, 0x06, 0x01, 0x05, 0x65, 0x00, 0x02, 0x02, 0x04, 0x5F, 0x07, 0x01, 0x04, 0x04, 0x45, 
0x4B, 0x08, 0x01, 0x06, 0x06, 0x00, 0x5F, 0x00, 0x00, 0x00, 0x46, 0x00, 0x4C, 0x22, 0x22, 0x00, 
0x00, 0x22, 0x2A, 0x22, 0x29, 0x26, 0x25, 0x00, 0x21, 0x00, 0x20, 0x23, 0x23, 0x25, 0x26, 0x09, 
0x09, 0x18, 0x2B, 0x00, 0x16, 0x16, 0x15, 0x14, 0x06, 0x06, 0x23, 0x22, 0x26, 0x26, 0x35, 0x34, 
0x36, 0x33, 0x21, 0x2E, 0x02, 0x23, 0x22, 0x06, 0x07, 0x06, 0x23, 0x22, 0x27, 0x26, 0x35, 0x34, 
0x37, 0x36, 0x36, 0x33, 0x12, 0x36, 0x36, 0x37, 0x21, 0x1E, 0x02, 0x33, 0x01, 0xEB, 0xB3, 0x64, 
0x5C, 0xA4, 0x68, 0x6B, 0x9F, 0x54, 0x18, 0x12, 0x02, 0x5E, 0x07, 0x56, 0x91, 0x5C, 0x38, 0x69, 
0x29, 0x0C, 0x0D, 0x0B, 0x09, 0x08, 0x09, 0x2E, 0x7E, 0x4A, 0x74, 0x85, 0x4E, 0x04, 0xFD, 0xB2, 
0x01, 0x4A, 0x84, 0x54, 0x03, 0x17, 0x67, 0xB8, 0x74, 0x74, 0xB5, 0x65, 0x64, 0xB2, 0x71, 0x12, 
0x16, 0x5A, 0x8D, 0x4F, 0x22, 0x1F, 0x0A, 0x09, 0x08, 0x0C, 0x0C, 0x09, 0x28, 0x2D, 0xFD, 0x1B, 
0x51, 0x91, 0x5B, 0x5B, 0x90, 0x52, 0x00, 0x00, 0x00, 0x01, 0x00, 0x0F, 0x00, 0x00, 0x02, 0x7B, 
0x03, 0x0D, 0x00, 0x16, 0x00, 0x21, 0x40, 0x1E, 0x02, 0x01, 0x00, 0x00, 0x03, 0x5D, 0x04, 0x01, 
0x03, 0x03, 0x3D, 0x4B, 0x00, 0x01, 0x01, 0x3E, 0x01, 0x4C, 0x00, 0x00, 0x00, 0x16, 0x00, 0x14, 
0x23, 0x23, 0x24, 0x05, 0x09, 0x17, 0x2B, 0x00, 0x16, 0x15, 0x14, 0x06, 0x23, 0x23, 0x11, 0x14, 
0x06, 0x23, 0x22, 0x26, 0x35, 0x11, 0x23, 0x22, 0x26, 0x35, 0x34, 0x36, 0x33, 0x21, 0x02, 0x6C, 
0x0F, 0x0F, 0x0C, 0xFD, 0x11, 0x0D, 0x0D, 0x11, 0xFD, 0x0C, 0x0F, 0x0F, 0x0C, 0x02, 0x36, 0x03, 
0x0D, 0x0F, 0x0C, 0x0C, 0x0F, 0xFD, 0x47, 0x0D, 0x11, 0x11, 0x0D, 0x02, 0xB9, 0x0F, 0x0C, 0x0C, 
0x0F, 0x00, 0x00, 0x00, 0x00, 0x01, 0x00, 0x0F, 0x00, 0x00, 0x02, 0x7B, 0x03, 0x0D, 0x00, 0x28, 
0x00, 0x2F, 0x40, 0x2C, 0x05, 0x01, 0x01, 0x04, 0x01, 0x02, 0x03, 0x01, 0x02, 0x65, 0x06, 0x01, 
0x00, 0x00, 0x07, 0x5D, 0x08, 0x01, 0x07, 0x07, 0x3D, 0x4B, 0x00, 0x03, 0x03, 0x3E, 0x03, 0x4C, 
0x00, 0x00, 0x00, 0x28, 0x00, 0x26, 0x21, 0x24, 0x23, 0x23, 0x24, 0x21, 0x24, 0x09, 0x09, 0x1B, 
0x2B, 0x00, 0x16, 0x15, 0x14, 0x06, 0x23, 0x23, 0x11, 0x33, 0x32, 0x16, 0x15, 0x14, 0x06, 0x23, 
0x23, 0x11, 0x14, 0x06, 0x23, 0x22, 0x26, 0x35, 0x11, 0x23, 0x22, 0x26, 0x35, 0x34, 0x36, 0x33, 
0x33, 0x11, 0x23, 0x22, 0x26, 0x35, 0x34, 0x36, 0x33, 0x21, 0x02, 0x6C, 0x0F, 0x0F, 0x0C, 0xFD, 
0x86, 0x0C, 0x0F, 0x0F, 0x0C, 0x86, 0x11, 0x0D, 0x0D, 0x11, 0x7C, 0x0C, 0x0F, 0x0F, 0x0C, 0x7C, 
0xFD, 0x0C, 0x0F, 0x0F, 0x0C, 0x02, 0x36, 0x03, 0x0D, 0x0F, 0x0C, 0x0C, 0x0F, 0xFE, 0xCB, 0x0F, 
0x0C, 0x0C, 0x0F, 0xFE, 0xB2, 0x0D, 0x11, 0x11, 0x0D, 0x01, 0x4E, 0x0F, 0x0C, 0x0C, 0x0F, 0x01, 
0x35, 0x0F, 0x0C, 0x0C, 0x0F, 0x00, 0x00, 0x00, 0xFF, 0xFF, 0x00, 0x0F, 0x00, 0x00, 0x02, 0x7B, 
0x03, 0xFC, 0x00, 0x22, 0x00, 0x98, 0x00, 0x00, 0x01, 0x07, 0x03, 0x2D, 0x02, 0x0B, 0x00, 0xEA, 
0x00, 0x08, 0xB1, 0x01, 0x01, 0xB0, 0xEA, 0xB0, 0x33, 0x2B, 0x00, 0x00, 0x00, 0x01, 0x00, 0x0F, 
0xFF, 0x18, 0x02, 0x7B, 0x03, 0x0D, 0x00, 0x38, 0x00, 0x3A, 0x40, 0x37, 0x2C, 0x29, 0x0D, 0x0A, 
0x07, 0x05, 0x02, 0x00, 0x01, 0x4A, 0x00, 0x02, 0x00, 0x03, 0x00, 0x02, 0x03, 0x7E, 0x04, 0x01, 
0x00, 0x00, 0x05, 0x5D, 0x06, 0x01, 0x05, 0x05, 0x3D, 0x4B, 0x00, 0x03, 0x03, 0x01, 0x5F, 0x00, 
0x01, 0x01, 0x42, 0x01, 0x4C, 0x00, 0x00, 0x00, 0x38, 0x00, 0x36, 0x2F, 0x26, 0x14, 0x2C, 0x24, 
0x07, 0x09, 0x19, 0x2B, 0x00, 0x16, 0x15, 0x14, 0x06, 0x23, 0x23, 0x11, 0x16, 0x16, 0x15, 0x14, 
0x07, 0x07, 0x16, 0x16, 0x15, 0x14, 0x06, 0x23, 0x22, 0x26, 0x35, 0x34, 0x36, 0x33, 0x32, 0x16, 
0x16, 0x17, 0x16, 0x16, 0x33, 0x32, 0x36, 0x35, 0x34, 0x26, 0x27, 0x26, 0x26, 0x35, 0x34, 0x37, 
0x37, 0x26, 0x26, 0x35, 0x11, 0x23, 0x22, 0x26, 0x35, 0x34, 0x36, 0x33, 0x21, 0x02, 0x6C, 0x0F, 
0x0F, 0x0C, 0xFD, 0x0A, 0x0B, 0x02, 0x0F, 0x32, 0x26, 0x4C, 0x33, 0x30, 0x3F, 0x11, 0x0D, 0x08, 
0x0C, 0x0C, 0x03, 0x0A, 0x13, 0x11, 0x1A, 0x21, 0x1A, 0x1F, 0x10, 0x10, 0x05, 0x0F, 0x07, 0x08, 
0xFD, 0x0C, 0x0F, 0x0F, 0x0C, 0x02, 0x36, 0x03, 0x0D, 0x0F, 0x0C, 0x0C, 0x0F, 0xFD, 0x4F, 0x01, 
0x0F, 0x0A, 0x08, 0x04, 0x24, 0x0F, 0x2C, 0x21, 0x2C, 0x3C, 0x28, 0x1A, 0x0D, 0x12, 0x07, 0x09, 
0x03, 0x08, 0x09, 0x16, 0x13, 0x13, 0x17, 0x09, 0x04, 0x0C, 0x0B, 0x06, 0x0D, 0x25, 0x04, 0x0E, 
0x08, 0x02, 0xB9, 0x0F, 0x0C, 0x0C, 0x0F, 0x00, 0xFF, 0xFF, 0x00, 0x0F, 0xFF, 0x18, 0x02, 0x7B, 
0x03, 0x0D, 0x00, 0x22, 0x00, 0x98, 0x00, 0x00, 0x00, 0x03, 0x03, 0x39, 0x01, 0xE4, 0x00, 0x00, 
0x00, 0x01, 0x00, 0x64, 0xFF, 0xF0, 0x02, 0xBD, 0x03, 0x0D, 0x00, 0x1F, 0x00, 0x21, 0x40, 0x1E, 
0x02, 0x01, 0x00, 0x00, 0x3D, 0x4B, 0x00, 0x01, 0x01, 0x03, 0x5F, 0x04, 0x01, 0x03, 0x03, 0x46, 
0x03, 0x4C, 0x00, 0x00, 0x00, 0x1F, 0x00, 0x1E, 0x26, 0x26, 0x26, 0x05, 0x09, 0x17, 0x2B, 0x04, 
0x26, 0x26, 0x35, 0x11, 0x34, 0x36, 0x33, 0x32, 0x16, 0x15, 0x11, 0x14, 0x16, 0x16, 0x33, 0x32, 
0x36, 0x36, 0x35, 0x11, 0x34, 0x36, 0x33, 0x32, 0x16, 0x15, 0x11, 0x14, 0x06, 0x06, 0x23, 0x01, 
0x39, 0x89, 0x4C, 0x11, 0x0D, 0x0E, 0x10, 0x3D, 0x6D, 0x46, 0x46, 0x6D, 0x3E, 0x11, 0x0D, 0x0E, 
0x10, 0x4D, 0x89, 0x57, 0x10, 0x45, 0x7B, 0x4F, 0x01, 0xF0, 0x0E, 0x10, 0x10, 0x0E, 0xFE, 0x10, 
0x3D, 0x60, 0x36, 0x36, 0x60, 0x3D, 0x01, 0xF0, 0x0E, 0x10, 0x10, 0x0E, 0xFE, 0x10, 0x4F, 0x7B, 
0x45, 0x00, 0x00, 0x00, 0xFF, 0xFF, 0x00, 0x64, 0xFF, 0xF0, 0x02, 0xBD, 0x04, 0x15, 0x00, 0x22, 
0x00, 0x9D, 0x00, 0x00, 0x01, 0x07, 0x03, 0x29, 0x02, 0x4A, 0x00, 0xEA, 0x00, 0x08, 0xB1, 0x01, 
0x01, 0xB0, 0xEA, 0xB0, 0x33, 0x2B, 0x00, 0x00, 0xFF, 0xFF, 0x00, 0x64, 0xFF, 0xF0, 0x02, 0xBD, 
0x04, 0x00, 0x00, 0x22, 0x00, 0x9D, 0x00, 0x00, 0x01, 0x07, 0x03, 0x2E, 0x02, 0x56, 0x00, 0xEA, 
0x00, 0x08, 0xB1, 0x01, 0x01, 0xB0, 0xEA, 0xB0, 0x33, 0x2B, 0x00, 0x00, 0xFF, 0xFF, 0x00, 0x64, 
0xFF, 0xF0, 0x02, 0xBD, 0x04, 0x00, 0x00, 0x22, 0x00, 0x9D, 0x00, 0x00, 0x01, 0x07, 0x03, 0x2C, 
0x02, 0x57, 0x00, 0xEA, 0x00, 0x08, 0xB1, 0x01, 0x01, 0xB0, 0xEA, 0xB0, 0x33, 0x2B, 0x00, 0x00, 
0xFF, 0xFF, 0x00, 0x64, 0xFF, 0xF0, 0x02, 0xBD, 0x04, 0x1F, 0x00, 0x22, 0x00, 0x9D, 0x00, 0x00, 
0x01, 0x07, 0x03, 0x33, 0x02, 0x43, 0x00, 0xEA, 0x00, 0x08, 0xB1, 0x01, 0x02, 0xB0, 0xEA, 0xB0, 
0x33, 0x2B, 0x00, 0x00, 0xFF, 0xFF, 0x00, 0x64, 0xFF, 0xF0, 0x02, 0xBD, 0x03, 0xE2, 0x00, 0x22, 
0x00, 0x9D, 0x00, 0x00, 0x01, 0x07, 0x03, 0x26, 0x02, 0x8C, 0x00, 0xEA, 0x00, 0x08, 0xB1, 0x01, 
0x02, 0xB0, 0xEA, 0xB0, 0x33, 0x2B, 0x00, 0x00, 0xFF, 0xFF, 0x00, 0x64, 0xFF, 0x3A, 0x02, 0xBD, 
0x03, 0x0D, 0x00, 0x22, 0x00, 0x9D, 0x00, 0x00, 0x00, 0x03, 0x03, 0x37, 0x01, 0xF1, 0x00, 0x00, 
0xFF, 0xFF, 0x00, 0x64, 0xFF, 0xF0, 0x02, 0xBD, 0x04, 0x20, 0x00, 0x22, 0x00, 0x9D, 0x00, 0x00, 
0x01, 0x07, 0x03, 0x28, 0x01, 0xDB, 0x00, 0xEA, 0x00, 0x08, 0xB1, 0x01, 0x01, 0xB0, 0xEA, 0xB0, 
0x33, 0x2B, 0x00, 0x00, 0xFF, 0xFF, 0x00, 0x64, 0xFF, 0xF0, 0x02, 0xBD, 0x04, 0x3C, 0x00, 0x22, 
0x00, 0x9D, 0x00, 0x00, 0x01, 0x07, 0x03, 0x32, 0x02, 0x3A, 0x00, 0xEA, 0x00, 0x08, 0xB1, 0x01, 
0x01, 0xB0, 0xEA, 0xB0, 0x33, 0x2B, 0x00, 0x00, 0x00, 0x01, 0x00, 0x64, 0xFF, 0xF0, 0x03, 0x2C, 
0x03, 0x6F, 0x00, 0x2C, 0x00, 0x2D, 0x40, 0x2A, 0x06, 0x01, 0x05, 0x02, 0x05, 0x83, 0x00, 0x00, 
0x00, 0x02, 0x5F, 0x04, 0x01, 0x02, 0x02, 0x3D, 0x4B, 0x00, 0x03, 0x03, 0x01, 0x5F, 0x00, 0x01, 
0x01, 0x46, 0x01, 0x4C, 0x00, 0x00, 0x00, 0x2C, 0x00, 0x2B, 0x36, 0x26, 0x26, 0x24, 0x25, 0x07, 
0x09, 0x19, 0x2B, 0x00, 0x16, 0x15, 0x15, 0x14, 0x06, 0x23, 0x23, 0x11, 0x14, 0x06, 0x06, 0x23, 
0x22, 0x26, 0x26, 0x35, 0x11, 0x34, 0x36, 0x33, 0x32, 0x16, 0x15, 0x11, 0x14, 0x16, 0x16, 0x33, 
0x32, 0x36, 0x36, 0x35, 0x11, 0x34, 0x36, 0x33, 0x33, 0x32, 0x36, 0x35, 0x35, 0x34, 0x36, 0x33, 
0x03, 0x1D, 0x0F, 0x39, 0x2A, 0x0C, 0x4D, 0x89, 0x57, 0x57, 0x89, 0x4C, 0x11, 0x0D, 0x0E, 0x10, 
0x3D, 0x6D, 0x46, 0x46, 0x6D, 0x3E, 0x11, 0x0D, 0x2A, 0x12, 0x17, 0x0F, 0x0E, 0x03, 0x6F, 0x13, 
0x0F, 0x12, 0x2C, 0x3C, 0xFE, 0x2C, 0x4F, 0x7B, 0x45, 0x45, 0x7B, 0x4F, 0x01, 0xF0, 0x0E, 0x10, 
0x10, 0x0E, 0xFE, 0x10, 0x3D, 0x60, 0x36, 0x36, 0x60, 0x3D, 0x01, 0xF0, 0x0E, 0x10, 0x1A, 0x14, 
0x17, 0x0D, 0x10, 0x00, 0xFF, 0xFF, 0x00, 0x64, 0xFF, 0xF0, 0x03, 0x2C, 0x04, 0x15, 0x00, 0x22, 
0x00, 0xA6, 0x00, 0x00, 0x01, 0x07, 0x03, 0x29, 0x02, 0x4A, 0x00, 0xEA, 0x00, 0x08, 0xB1, 0x01, 
0x01, 0xB0, 0xEA, 0xB0, 0x33, 0x2B, 0x00, 0x00, 0xFF, 0xFF, 0x00, 0x64, 0xFF, 0x3A, 0x03, 0x2C, 
0x03, 0x6F, 0x00, 0x22, 0x00, 0xA6, 0x00, 0x00, 0x00, 0x03, 0x03, 0x37, 0x01, 0xF1, 0x00, 0x00, 
0xFF, 0xFF, 0x00, 0x64, 0xFF, 0xF0, 0x03, 0x2C, 0x04, 0x20, 0x00, 0x22, 0x00, 0xA6, 0x00, 0x00, 
0x01, 0x07, 0x03, 0x28, 0x01, 0xDB, 0x00, 0xEA, 0x00, 0x08, 0xB1, 0x01, 0x01, 0xB0, 0xEA, 0xB0, 
0x33, 0x2B, 0x00, 0x00, 0xFF, 0xFF, 0x00, 0x64, 0xFF, 0xF0, 0x03, 0x2C, 0x04, 0x3C, 0x00, 0x22, 
0x00, 0xA6, 0x00, 0x00, 0x01, 0x07, 0x03, 0x32, 0x02, 0x3A, 0x00, 0xEA, 0x00, 0x08, 0xB1, 0x01, 
0x01, 0xB0, 0xEA, 0xB0, 0x33, 0x2B, 0x00, 0x00, 0xFF, 0xFF, 0x00, 0x64, 0xFF, 0xF0, 0x03, 0x2C, 
0x03, 0xD4, 0x00, 0x22, 0x00, 0xA6, 0x00, 0x00, 0x01, 0x07, 0x03, 0x30, 0x02, 0x89, 0x00, 0xEA, 
0x00, 0x08, 0xB1, 0x01, 0x01, 0xB0, 0xEA, 0xB0, 0x33, 0x2B, 0x00, 0x00, 0xFF, 0xFF, 0x00, 0x64, 
0xFF, 0xF0, 0x02, 0xBD, 0x04, 0x1F, 0x00, 0x22, 0x00, 0x9D, 0x00, 0x00, 0x01, 0x07, 0x03, 0x2A, 
0x02, 0x61, 0x00, 0xEA, 0x00, 0x08, 0xB1, 0x01, 0x02, 0xB0, 0xEA, 0xB0, 0x33, 0x2B, 0x00, 0x00, 
0xFF, 0xFF, 0x00, 0x64, 0xFF, 0xF0, 0x02, 0xBD, 0x04, 0x00, 0x00, 0x22, 0x00, 0x9D, 0x00, 0x00, 
0x01, 0x07, 0x03, 0x34, 0x02, 0x5B, 0x00, 0xEA, 0x00, 0x08, 0xB1, 0x01, 0x01, 0xB0, 0xEA, 0xB0, 
0x33, 0x2B, 0x00, 0x00, 0xFF, 0xFF, 0x00, 0x64, 0xFF, 0xF0, 0x02, 0xBD, 0x03, 0xBC, 0x00, 0x22, 
0x00, 0x9D, 0x00, 0x00, 0x01, 0x07, 0x03, 0x31, 0x02, 0xA3, 0x00, 0xEA, 0x00, 0x08, 0xB1, 0x01, 
0x01, 0xB0, 0xEA, 0xB0, 0x33, 0x2B, 0x00, 0x00, 0x00, 0x01, 0x00, 0x64, 0xFF, 0x2D, 0x02, 0xBD, 
0x03, 0x0D, 0x00, 0x39, 0x00, 0x69, 0xB5, 0x1F, 0x01, 0x03, 0x05, 0x01, 0x4A, 0x4B, 0xB0, 0x15, 
0x50, 0x58, 0x40, 0x24, 0x00, 0x01, 0x03, 0x00, 0x03, 0x01, 0x00, 0x7E, 0x07, 0x06, 0x02, 0x04, 
0x04, 0x3D, 0x4B, 0x00, 0x05, 0x05, 0x03, 0x5F, 0x00, 0x03, 0x03, 0x46, 0x4B, 0x00, 0x00, 0x00, 
0x02, 0x5F, 0x00, 0x02, 0x02, 0x42, 0x02, 0x4C, 0x1B, 0x40, 0x21, 0x00, 0x01, 0x03, 0x00, 0x03, 
0x01, 0x00, 0x7E, 0x00, 0x00, 0x00, 0x02, 0x00, 0x02, 0x63, 0x07, 0x06, 0x02, 0x04, 0x04, 0x3D, 
0x4B, 0x00, 0x05, 0x05, 0x03, 0x5F, 0x00, 0x03, 0x03, 0x46, 0x03, 0x4C, 0x59, 0x40, 0x0F, 0x00, 
0x00, 0x00, 0x39, 0x00, 0x38, 0x26, 0x26, 0x25, 0x26, 0x23, 0x2C, 0x08, 0x09, 0x1A, 0x2B, 0x00, 
0x16, 0x15, 0x11, 0x14, 0x06, 0x07, 0x06, 0x07, 0x06, 0x15, 0x14, 0x16, 0x33, 0x32, 0x37, 0x37, 
0x36, 0x33, 0x32, 0x16, 0x15, 0x14, 0x07, 0x07, 0x06, 0x23, 0x22, 0x26, 0x35, 0x34, 0x37, 0x06, 
0x23, 0x22, 0x26, 0x26, 0x35, 0x11, 0x34, 0x36, 0x33, 0x32, 0x16, 0x15, 0x11, 0x14, 0x16, 0x16, 
0x33, 0x32, 0x36, 0x36, 0x35, 0x11, 0x34, 0x36, 0x33, 0x02, 0xAD, 0x10, 0x5B, 0x4F, 0x08, 0x32, 
0x15, 0x1D, 0x15, 0x10, 0x0C, 0x23, 0x09, 0x09, 0x0D, 0x12, 0x0A, 0x29, 0x1C, 0x21, 0x2D, 0x42, 
0x28, 0x0A, 0x15, 0x57, 0x89, 0x4C, 0x11, 0x0D, 0x0E, 0x10, 0x3D, 0x6D, 0x46, 0x46, 0x6D, 0x3E, 
0x11, 0x0D, 0x03, 0x0D, 0x10, 0x0E, 0xFE, 0x10, 0x56, 0x82, 0x1F, 0x1E, 0x25, 0x11, 0x18, 0x15, 
0x1D, 0x08, 0x1A, 0x06, 0x12, 0x0D, 0x0F, 0x08, 0x1C, 0x13, 0x41, 0x2E, 0x30, 0x25, 0x01, 0x45, 
0x7B, 0x4F, 0x01, 0xF0, 0x0E, 0x10, 0x10, 0x0E, 0xFE, 0x10, 0x3D, 0x60, 0x36, 0x36, 0x60, 0x3D, 
0x01, 0xF0, 0x0E, 0x10, 0xFF, 0xFF, 0x00, 0x64, 0xFF, 0xF0, 0x02, 0xBD, 0x03, 0xF7, 0x00, 0x22, 
0x00, 0x9D, 0x00, 0x00, 0x01, 0x07, 0x03, 0x2F, 0x02, 0x1C, 0x00, 0xEA, 0x00, 0x08, 0xB1, 0x01, 
0x02, 0xB0, 0xEA, 0xB0, 0x33, 0x2B, 0x00, 0x00, 0xFF, 0xFF, 0x00, 0x64, 0xFF, 0xF0, 0x02, 0xBD, 
0x03, 0xD4, 0x00, 0x22, 0x00, 0x9D, 0x00, 0x00, 0x01, 0x07, 0x03, 0x30, 0x02, 0x89, 0x00, 0xEA, 
0x00, 0x08, 0xB1, 0x01, 0x01, 0xB0, 0xEA, 0xB0, 0x33, 0x2B, 0x00, 0x00, 0x00, 0x01, 0x00, 0x14, 
0x00, 0x00, 0x02, 0xAA, 0x03, 0x0D, 0x00, 0x18, 0x00, 0x21, 0x40, 0x1E, 0x14, 0x01, 0x00, 0x01, 
0x01, 0x4A, 0x03, 0x02, 0x02, 0x01, 0x01, 0x3D, 0x4B, 0x00, 0x00, 0x00, 0x3E, 0x00, 0x4C, 0x00, 
0x00, 0x00, 0x18, 0x00, 0x17, 0x27, 0x26, 0x04, 0x09, 0x16, 0x2B, 0x00, 0x16, 0x15, 0x14, 0x07, 
0x01, 0x06, 0x23, 0x22, 0x26, 0x27, 0x01, 0x26, 0x35, 0x34, 0x36, 0x33, 0x32, 0x16, 0x17, 0x01, 
0x01, 0x36, 0x36, 0x33, 0x02, 0x9C, 0x0E, 0x04, 0xFE, 0xD5, 0x09, 0x12, 0x0A, 0x0D, 0x04, 0xFE, 
0xD4, 0x05, 0x12, 0x0D, 0x0A, 0x0E, 0x05, 0x01, 0x11, 0x01, 0x0E, 0x05, 0x10, 0x0C, 0x03, 0x0D, 
0x10, 0x0D, 0x0B, 0x09, 0xFD, 0x37, 0x13, 0x09, 0x0A, 0x02, 0xC9, 0x0D, 0x08, 0x0D, 0x0F, 0x0A, 
0x0B, 0xFD, 0x72, 0x02, 0x8A, 0x0D, 0x0C, 0x00, 0x00, 0x01, 0x00, 0x1C, 0x00, 0x00, 0x03, 0x8C, 
0x03, 0x0D, 0x00, 0x27, 0x00, 0x2F, 0x40, 0x2C, 0x23, 0x1B, 0x0C, 0x02, 0x04, 0x00, 0x03, 0x01, 
0x4A, 0x00, 0x03, 0x02, 0x00, 0x02, 0x03, 0x00, 0x7E, 0x05, 0x04, 0x02, 0x02, 0x02, 0x3D, 0x4B, 
0x01, 0x01, 0x00, 0x00, 0x3E, 0x00, 0x4C, 0x00, 0x00, 0x00, 0x27, 0x00, 0x26, 0x25, 0x27, 0x25, 
0x27, 0x06, 0x09, 0x18, 0x2B, 0x00, 0x16, 0x15, 0x14, 0x07, 0x03, 0x06, 0x06, 0x23, 0x22, 0x26, 
0x27, 0x03, 0x03, 0x06, 0x23, 0x22, 0x26, 0x27, 0x03, 0x26, 0x35, 0x34, 0x36, 0x33, 0x32, 0x17, 
0x13, 0x13, 0x36, 0x36, 0x33, 0x32, 0x16, 0x17, 0x13, 0x13, 0x36, 0x36, 0x33, 0x03, 0x7C, 0x10, 
0x02, 0xCE, 0x04, 0x11, 0x0A, 0x0C, 0x10, 0x03, 0xAA, 0xA8, 0x0A, 0x16, 0x0B, 0x11, 0x03, 0xCF, 
0x02, 0x10, 0x0E, 0x17, 0x06, 0xB5, 0xAC, 0x02, 0x11, 0x09, 0x0A, 0x10, 0x03, 0xAC, 0xB5, 0x02, 
0x10, 0x0B, 0x03, 0x0D, 0x11, 0x0E, 0x04, 0x0A, 0xFD, 0x3A, 0x0C, 0x0E, 0x0E, 0x0C, 0x02, 0x59, 
0xFD, 0xA7, 0x1A, 0x0F, 0x0B, 0x02, 0xC6, 0x0A, 0x03, 0x0E, 0x12, 0x17, 0xFD, 0x8E, 0x02, 0x58, 
0x08, 0x0B, 0x0B, 0x09, 0xFD, 0xA9, 0x02, 0x75, 0x09, 0x0B, 0x00, 0x00, 0xFF, 0xFF, 0x00, 0x1C, 
0x00, 0x00, 0x03, 0x8C, 0x04, 0x15, 0x00, 0x22, 0x00, 0xB3, 0x00, 0x00, 0x01, 0x07, 0x03, 0x29, 
0x02, 0x8E, 0x00, 0xEA, 0x00, 0x08, 0xB1, 0x01, 0x01, 0xB0, 0xEA, 0xB0, 0x33, 0x2B, 0x00, 0x00, 
0xFF, 0xFF, 0x00, 0x1C, 0x00, 0x00, 0x03, 0x8C, 0x04, 0x00, 0x00, 0x22, 0x00, 0xB3, 0x00, 0x00, 
0x01, 0x07, 0x03, 0x2C, 0x02, 0x9B, 0x00, 0xEA, 0x00, 0x08, 0xB1, 0x01, 0x01, 0xB0, 0xEA, 0xB0, 
0x33, 0x2B, 0x00, 0x00, 0xFF, 0xFF, 0x00, 0x1C, 0x00, 0x00, 0x03, 0x8C, 0x03, 0xE2, 0x00, 0x22, 
0x00, 0xB3, 0x00, 0x00, 0x01, 0x07, 0x03, 0x26, 0x02, 0xD0, 0x00, 0xEA, 0x00, 0x08, 0xB1, 0x01, 
0x02, 0xB0, 0xEA, 0xB0, 0x33, 0x2B, 0x00, 0x00, 0xFF, 0xFF, 0x00, 0x1C, 0x00, 0x00, 0x03, 0x8C, 
0x04, 0x20, 0x00, 0x22, 0x00, 0xB3, 0x00, 0x00, 0x01, 0x07, 0x03, 0x28, 0x02, 0x1F, 0x00, 0xEA, 
0x00, 0x08, 0xB1, 0x01, 0x01, 0xB0, 0xEA, 0xB0, 0x33, 0x2B, 0x00, 0x00, 0x00, 0x01, 0x00, 0x2D, 
0x00, 0x00, 0x02, 0x91, 0x03, 0x0D, 0x00, 0x24, 0x00, 0x21, 0x40, 0x1E, 0x23, 0x20, 0x1A, 0x11, 
0x08, 0x05, 0x00, 0x02, 0x01, 0x4A, 0x03, 0x01, 0x02, 0x02, 0x3D, 0x4B, 0x01, 0x01, 0x00, 0x00, 
0x3E, 0x00, 0x4C, 0x24, 0x2A, 0x26, 0x13, 0x04, 0x09, 0x18, 0x2B, 0x24, 0x15, 0x14, 0x06, 0x23, 
0x22, 0x26, 0x27, 0x03, 0x03, 0x06, 0x23, 0x22, 0x26, 0x35, 0x34, 0x37, 0x01, 0x03, 0x26, 0x35, 
0x34, 0x36, 0x33, 0x32, 0x17, 0x13, 0x13, 0x36, 0x33, 0x32, 0x16, 0x15, 0x14, 0x07, 0x03, 0x01, 
0x02, 0x91, 0x0F, 0x0D, 0x06, 0x0E, 0x03, 0xFE, 0xFE, 0x09, 0x0E, 0x0D, 0x11, 0x07, 0x01, 0x01, 
0xEF, 0x07, 0x10, 0x0C, 0x0F, 0x0A, 0xEB, 0xEA, 0x0A, 0x0F, 0x0D, 0x11, 0x05, 0xF1, 0x01, 0x00, 
0x29, 0x0C, 0x0C, 0x11, 0x05, 0x05, 0x01, 0x60, 0xFE, 0xA0, 0x0A, 0x10, 0x0C, 0x0B, 0x0A, 0x01, 
0x63, 0x01, 0x4A, 0x08, 0x0C, 0x0B, 0x10, 0x0D, 0xFE, 0xBB, 0x01, 0x45, 0x0D, 0x14, 0x0C, 0x08, 
0x07, 0xFE, 0xB4, 0xFE, 0x9F, 0x00, 0x00, 0x00, 0x00, 0x01, 0x00, 0x05, 0x00, 0x00, 0x02, 0x74, 
0x03, 0x0D, 0x00, 0x1A, 0x00, 0x23, 0x40, 0x20, 0x16, 0x0D, 0x05, 0x03, 0x00, 0x01, 0x01, 0x4A, 
0x03, 0x02, 0x02, 0x01, 0x01, 0x3D, 0x4B, 0x00, 0x00, 0x00, 0x3E, 0x00, 0x4C, 0x00, 0x00, 0x00, 
0x1A, 0x00, 0x19, 0x28, 0x28, 0x04, 0x09, 0x16, 0x2B, 0x00, 0x16, 0x15, 0x14, 0x07, 0x01, 0x11, 
0x14, 0x06, 0x23, 0x22, 0x26, 0x35, 0x11, 0x01, 0x26, 0x35, 0x34, 0x36, 0x33, 0x32, 0x17, 0x01, 
0x01, 0x36, 0x36, 0x33, 0x02, 0x65, 0x0F, 0x05, 0xFE, 0xEC, 0x11, 0x0D, 0x0D, 0x11, 0xFE, 0xEC, 
0x06, 0x10, 0x0D, 0x0D, 0x0B, 0x01, 0x03, 0x00, 0xFF, 0x07, 0x0D, 0x09, 0x03, 0x0D, 0x10, 0x0C, 
0x0B, 0x08, 0xFE, 0x46, 0xFE, 0xFA, 0x0D, 0x11, 0x11, 0x0D, 0x01, 0x06, 0x01, 0xBA, 0x0B, 0x08, 
0x0C, 0x10, 0x0C, 0xFE, 0x5A, 0x01, 0x9F, 0x0B, 0x08, 0x00, 0x00, 0x00, 0xFF, 0xFF, 0x00, 0x05, 
0x00, 0x00, 0x02, 0x74, 0x04, 0x15, 0x00, 0x22, 0x00, 0xB9, 0x00, 0x00, 0x01, 0x07, 0x03, 0x29, 
0x01, 0xF6, 0x00, 0xEA, 0x00, 0x08, 0xB1, 0x01, 0x01, 0xB0, 0xEA, 0xB0, 0x33, 0x2B, 0x00, 0x00, 
0xFF, 0xFF, 0x00, 0x05, 0x00, 0x00, 0x02, 0x74, 0x04, 0x00, 0x00, 0x22, 0x00, 0xB9, 0x00, 0x00, 
0x01, 0x07, 0x03, 0x2C, 0x02, 0x03, 0x00, 0xEA, 0x00, 0x08, 0xB1, 0x01, 0x01, 0xB0, 0xEA, 0xB0, 
0x33, 0x2B, 0x00, 0x00, 0xFF, 0xFF, 0x00, 0x05, 0x00, 0x00, 0x02, 0x74, 0x03, 0xE2, 0x00, 0x22, 
0x00, 0xB9, 0x00, 0x00, 0x01, 0x07, 0x03, 0x26, 0x02, 0x38, 0x00, 0xEA, 0x00, 0x08, 0xB1, 0x01, 
0x02, 0xB0, 0xEA, 0xB0, 0x33, 0x2B, 0x00, 0x00, 0xFF, 0xFF, 0x00, 0x05, 0xFF, 0x3A, 0x02, 0x74, 
0x03, 0x0D, 0x00, 0x22, 0x00, 0xB9, 0x00, 0x00, 0x00, 0x03, 0x03, 0x37, 0x01, 0x9D, 0x00, 0x00, 
0xFF, 0xFF, 0x00, 0x05, 0x00, 0x00, 0x02, 0x74, 0x04, 0x20, 0x00, 0x22, 0x00, 0xB9, 0x00, 0x00, 
0x01, 0x07, 0x03, 0x28, 0x01, 0x87, 0x00, 0xEA, 0x00, 0x08, 0xB1, 0x01, 0x01, 0xB0, 0xEA, 0xB0, 
0x33, 0x2B, 0x00, 0x00, 0xFF, 0xFF, 0x00, 0x05, 0x00, 0x00, 0x02, 0x74, 0x04, 0x3C, 0x00, 0x22, 
0x00, 0xB9, 0x00, 0x00, 0x01, 0x07, 0x03, 0x32, 0x01, 0xE6, 0x00, 0xEA, 0x00, 0x08, 0xB1, 0x01, 
0x01, 0xB0, 0xEA, 0xB0, 0x33, 0x2B, 0x00, 0x00, 0xFF, 0xFF, 0x00, 0x05, 0x00, 0x00, 0x02, 0x74, 
0x03, 0xBC, 0x00, 0x22, 0x00, 0xB9, 0x00, 0x00, 0x01, 0x07, 0x03, 0x31, 0x02, 0x4F, 0x00, 0xEA, 
0x00, 0x08, 0xB1, 0x01, 0x01, 0xB0, 0xEA, 0xB0, 0x33, 0x2B, 0x00, 0x00, 0xFF, 0xFF, 0x00, 0x05, 
0x00, 0x00, 0x02, 0x74, 0x03, 0xD4, 0x00, 0x22, 0x00, 0xB9, 0x00, 0x00, 0x01, 0x07, 0x03, 0x30, 
0x02, 0x35, 0x00, 0xEA, 0x00, 0x08, 0xB1, 0x01, 0x01, 0xB0, 0xEA, 0xB0, 0x33, 0x2B, 0x00, 0x00, 
0x00, 0x01, 0x00, 0x2D, 0x00, 0x00, 0x02, 0x9A, 0x03, 0x0D, 0x00, 0x1B, 0x00, 0x25, 0x40, 0x22, 
0x00, 0x00, 0x00, 0x01, 0x5D, 0x00, 0x01, 0x01, 0x3D, 0x4B, 0x00, 0x02, 0x02, 0x03, 0x5D, 0x04, 
0x01, 0x03, 0x03, 0x3E, 0x03, 0x4C, 0x00, 0x00, 0x00, 0x1B, 0x00, 0x19, 0x25, 0x34, 0x25, 0x05, 
0x09, 0x17, 0x2B, 0x32, 0x26, 0x35, 0x34, 0x37, 0x01, 0x21, 0x22, 0x26, 0x35, 0x34, 0x36, 0x33, 
0x21, 0x32, 0x16, 0x15, 0x14, 0x07, 0x01, 0x21, 0x32, 0x16, 0x15, 0x14, 0x06, 0x23, 0x21, 0x3E, 
0x11, 0x07, 0x02, 0x17, 0xFE, 0x00, 0x0E, 0x10, 0x11, 0x0D, 0x02, 0x31, 0x0D, 0x11, 0x05, 0xFD, 
0xE5, 0x02, 0x02, 0x0D, 0x11, 0x12, 0x0C, 0xFD, 0xCF, 0x12, 0x0C, 0x0B, 0x08, 0x02, 0xA6, 0x0D, 
0x0E, 0x0B, 0x10, 0x13, 0x0C, 0x09, 0x07, 0xFD, 0x58, 0x0E, 0x0D, 0x0B, 0x10, 0x00, 0x00, 0x00, 
0xFF, 0xFF, 0x00, 0x2D, 0x00, 0x00, 0x02, 0x9A, 0x04, 0x15, 0x00, 0x22, 0x00, 0xC2, 0x00, 0x00, 
0x01, 0x07, 0x03, 0x29, 0x02, 0x1D, 0x00, 0xEA, 0x00, 0x08, 0xB1, 0x01, 0x01, 0xB0, 0xEA, 0xB0, 
0x33, 0x2B, 0x00, 0x00, 0xFF, 0xFF, 0x00, 0x2D, 0x00, 0x00, 0x02, 0x9A, 0x03, 0xFC, 0x00, 0x22, 
0x00, 0xC2, 0x00, 0x00, 0x01, 0x07, 0x03, 0x2D, 0x02, 0x2A, 0x00, 0xEA, 0x00, 0x08, 0xB1, 0x01, 
0x01, 0xB0, 0xEA, 0xB0, 0x33, 0x2B, 0x00, 0x00, 0xFF, 0xFF, 0x00, 0x2D, 0x00, 0x00, 0x02, 0x9A, 
0x03, 0xDD, 0x00, 0x22, 0x00, 0xC2, 0x00, 0x00, 0x01, 0x07, 0x03, 0x27, 0x01, 0xF0, 0x00, 0xEA, 
0x00, 0x08, 0xB1, 0x01, 0x01, 0xB0, 0xEA, 0xB0, 0x33, 0x2B, 0x00, 0x00, 0x00, 0x02, 0x00, 0x3C, 
0xFF, 0xFA, 0x02, 0x6B, 0x02, 0x29, 0x00, 0x16, 0x00, 0x26, 0x00, 0x5C, 0xB5, 0x0B, 0x01, 0x04, 
0x03, 0x01, 0x4A, 0x4B, 0xB0, 0x27, 0x50, 0x58, 0x40, 0x18, 0x00, 0x03, 0x03, 0x02, 0x5F, 0x05, 
0x01, 0x02, 0x02, 0x48, 0x4B, 0x06, 0x01, 0x04, 0x04, 0x00, 0x5F, 0x01, 0x01, 0x00, 0x00, 0x3E, 
0x00, 0x4C, 0x1B, 0x40, 0x1C, 0x00, 0x03, 0x03, 0x02, 0x5F, 0x05, 0x01, 0x02, 0x02, 0x48, 0x4B, 
0x00, 0x00, 0x00, 0x3E, 0x4B, 0x06, 0x01, 0x04, 0x04, 0x01, 0x5F, 0x00, 0x01, 0x01, 0x49, 0x01, 
0x4C, 0x59, 0x40, 0x13, 0x17, 0x17, 0x00, 0x00, 0x17, 0x26, 0x17, 0x25, 0x1F, 0x1D, 0x00, 0x16, 
0x00, 0x15, 0x25, 0x26, 0x07, 0x09, 0x16, 0x2B, 0x00, 0x16, 0x16, 0x15, 0x15, 0x14, 0x06, 0x23, 
0x22, 0x26, 0x35, 0x35, 0x06, 0x06, 0x23, 0x22, 0x26, 0x26, 0x35, 0x34, 0x36, 0x36, 0x33, 0x12, 
0x36, 0x36, 0x35, 0x34, 0x26, 0x26, 0x23, 0x22, 0x06, 0x06, 0x15, 0x14, 0x16, 0x16, 0x33, 0x01, 
0xA2, 0x80, 0x49, 0x10, 0x0E, 0x0D, 0x11, 0x21, 0x73, 0x47, 0x4F, 0x80, 0x49, 0x49, 0x80, 0x4F, 
0x3E, 0x64, 0x39, 0x39, 0x64, 0x3E, 0x3E, 0x64, 0x3A, 0x3A, 0x64, 0x3E, 0x02, 0x29, 0x49, 0x80, 
0x4F, 0xF3, 0x0D, 0x11, 0x11, 0x0D, 0x4E, 0x35, 0x3D, 0x49, 0x80, 0x4E, 0x4F, 0x80, 0x49, 0xFE, 
0x09, 0x3A, 0x66, 0x3F, 0x3F, 0x66, 0x3B, 0x3B, 0x66, 0x3F, 0x3F, 0x66, 0x3A, 0x00, 0x00, 0x00, 
0xFF, 0xFF, 0x00, 0x3C, 0xFF, 0xFA, 0x02, 0x6B, 0x03, 0x2B, 0x00, 0x22, 0x00, 0xC6, 0x00, 0x00, 
0x00, 0x03, 0x03, 0x29, 0x02, 0x0D, 0x00, 0x00, 0xFF, 0xFF, 0x00, 0x3C, 0xFF, 0xFA, 0x02, 0x6B, 
0x03, 0x16, 0x00, 0x22, 0x00, 0xC6, 0x00, 0x00, 0x00, 0x03, 0x03, 0x2E, 0x02, 0x19, 0x00, 0x00, 
0xFF, 0xFF, 0x00, 0x3C, 0xFF, 0xFA, 0x02, 0x6B, 0x03, 0xCE, 0x00, 0x22, 0x00, 0xC6, 0x00, 0x00, 
0x00, 0x23, 0x03, 0x2E, 0x02, 0x19, 0x00, 0x00, 0x01, 0x07, 0x03, 0x29, 0x02, 0x0D, 0x00, 0xA3, 
0x00, 0x08, 0xB1, 0x03, 0x01, 0xB0, 0xA3, 0xB0, 0x33, 0x2B, 0x00, 0x00, 0xFF, 0xFF, 0x00, 0x3C, 
0xFF, 0x3A, 0x02, 0x6B, 0x03, 0x16, 0x00, 0x22, 0x00, 0xC6, 0x00, 0x00, 0x00, 0x23, 0x03, 0x2E, 
0x02, 0x19, 0x00, 0x00, 0x00, 0x03, 0x03, 0x37, 0x01, 0xB4, 0x00, 0x00, 0xFF, 0xFF, 0x00, 0x3C, 
0xFF, 0xFA, 0x02, 0x6B, 0x03, 0xD9, 0x00, 0x22, 0x00, 0xC6, 0x00, 0x00, 0x00, 0x23, 0x03, 0x2E, 
0x02, 0x19, 0x00, 0x00, 0x01, 0x07, 0x03, 0x28, 0x01, 0x9E, 0x00, 0xA3, 0x00, 0x08, 0xB1, 0x03, 
0x01, 0xB0, 0xA3, 0xB0, 0x33, 0x2B, 0x00, 0x00, 0xFF, 0xFF, 0x00, 0x3C, 0xFF, 0xFA, 0x02, 0x6B, 
0x03, 0xF5, 0x00, 0x22, 0x00, 0xC6, 0x00, 0x00, 0x00, 0x23, 0x03, 0x2E, 0x02, 0x19, 0x00, 0x00, 
0x01, 0x07, 0x03, 0x32, 0x01, 0xFD, 0x00, 0xA3, 0x00, 0x08, 0xB1, 0x03, 0x01, 0xB0, 0xA3, 0xB0, 
0x33, 0x2B, 0x00, 0x00, 0xFF, 0xFF, 0x00, 0x3C, 0xFF, 0xFA, 0x02, 0x6B, 0x03, 0xA1, 0x00, 0x22, 
0x00, 0xC6, 0x00, 0x00, 0x00, 0x23, 0x03, 0x2E, 0x02, 0x19, 0x00, 0x00, 0x01, 0x07, 0x03, 0x40, 
0x02, 0x1F, 0x00, 0xA3, 0x00, 0x08, 0xB1, 0x03, 0x01, 0xB0, 0xA3, 0xB0, 0x33, 0x2B, 0x00, 0x00, 
0xFF, 0xFF, 0x00, 0x3C, 0xFF, 0xFA, 0x02, 0x6B, 0x03, 0x16, 0x00, 0x22, 0x00, 0xC6, 0x00, 0x00, 
0x00, 0x03, 0x03, 0x2C, 0x02, 0x1A, 0x00, 0x00, 0xFF, 0xFF, 0x00, 0x3C, 0xFF, 0xFA, 0x02, 0x6B, 
0x03, 0xE5, 0x00, 0x22, 0x00, 0xC6, 0x00, 0x00, 0x00, 0x23, 0x03, 0x2C, 0x02, 0x1A, 0x00, 0x00, 
0x01, 0x07, 0x03, 0x29, 0x02, 0x68, 0x00, 0xBA, 0x00, 0x08, 0xB1, 0x03, 0x01, 0xB0, 0xBA, 0xB0, 
0x33, 0x2B, 0x00, 0x00, 0xFF, 0xFF, 0x00, 0x3C, 0xFF, 0x3A, 0x02, 0x6B, 0x03, 0x16, 0x00, 0x22, 
0x00, 0xC6, 0x00, 0x00, 0x00, 0x23, 0x03, 0x2C, 0x02, 0x1A, 0x00, 0x00, 0x00, 0x03, 0x03, 0x37, 
0x01, 0xB4, 0x00, 0x00, 0xFF, 0xFF, 0x00, 0x3C, 0xFF, 0xFA, 0x02, 0x6B, 0x03, 0xF0, 0x00, 0x22, 
0x00, 0xC6, 0x00, 0x00, 0x00, 0x23, 0x03, 0x2C, 0x02, 0x1A, 0x00, 0x00, 0x01, 0x07, 0x03, 0x28, 
0x01, 0xF9, 0x00, 0xBA, 0x00, 0x08, 0xB1, 0x03, 0x01, 0xB0, 0xBA, 0xB0, 0x33, 0x2B, 0x00, 0x00, 
0xFF, 0xFF, 0x00, 0x3C, 0xFF, 0xFA, 0x02, 0x6B, 0x04, 0x0C, 0x00, 0x22, 0x00, 0xC6, 0x00, 0x00, 
0x00, 0x23, 0x03, 0x2C, 0x02, 0x1B, 0x00, 0x00, 0x01, 0x07, 0x03, 0x32, 0x02, 0x59, 0x00, 0xBA, 
0x00, 0x08, 0xB1, 0x03, 0x01, 0xB0, 0xBA, 0xB0, 0x33, 0x2B, 0x00, 0x00, 0xFF, 0xFF, 0x00, 0x3C, 
0xFF, 0xFA, 0x02, 0x6B, 0x03, 0xA4, 0x00, 0x22, 0x00, 0xC6, 0x00, 0x00, 0x00, 0x23, 0x03, 0x2C, 
0x02, 0x1A, 0x00, 0x00, 0x01, 0x07, 0x03, 0x40, 0x02, 0x1E, 0x00, 0xA6, 0x00, 0x08, 0xB1, 0x03, 
0x01, 0xB0, 0xA6, 0xB0, 0x33, 0x2B, 0x00, 0x00, 0xFF, 0xFF, 0x00, 0x3C, 0xFF, 0xFA, 0x02, 0x6B, 
0x03, 0x35, 0x00, 0x22, 0x00, 0xC6, 0x00, 0x00, 0x00, 0x03, 0x03, 0x33, 0x02, 0x06, 0x00, 0x00, 
0xFF, 0xFF, 0x00, 0x3C, 0xFF, 0xFA, 0x02, 0x6B, 0x02, 0xF8, 0x00, 0x22, 0x00, 0xC6, 0x00, 0x00, 
0x00, 0x03, 0x03, 0x26, 0x02, 0x4F, 0x00, 0x00, 0xFF, 0xFF, 0x00, 0x3C, 0xFF, 0x3A, 0x02, 0x6B, 
0x02, 0x29, 0x00, 0x22, 0x00, 0xC6, 0x00, 0x00, 0x00, 0x03, 0x03, 0x37, 0x01, 0xB4, 0x00, 0x00, 
0xFF, 0xFF, 0x00, 0x3C, 0xFF, 0xFA, 0x02, 0x6B, 0x03, 0x36, 0x00, 0x22, 0x00, 0xC6, 0x00, 0x00, 
0x00, 0x03, 0x03, 0x28, 0x01, 0x9E, 0x00, 0x00, 0xFF, 0xFF, 0x00, 0x3C, 0xFF, 0xFA, 0x02, 0x6B, 
0x03, 0x52, 0x00, 0x22, 0x00, 0xC6, 0x00, 0x00, 0x00, 0x03, 0x03, 0x32, 0x01, 0xFD, 0x00, 0x00, 
0xFF, 0xFF, 0x00, 0x3C, 0xFF, 0xFA, 0x02, 0x6B, 0x03, 0x16, 0x00, 0x22, 0x00, 0xC6, 0x00, 0x00, 
0x00, 0x03, 0x03, 0x34, 0x02, 0x1E, 0x00, 0x00, 0xFF, 0xFF, 0x00, 0x3C, 0xFF, 0xFA, 0x02, 0x6B, 
0x02, 0xD2, 0x00, 0x22, 0x00, 0xC6, 0x00, 0x00, 0x00, 0x03, 0x03, 0x31, 0x02, 0x66, 0x00, 0x00, 
0x00, 0x02, 0x00, 0x3C, 0xFF, 0x05, 0x02, 0xD3, 0x02, 0x29, 0x00, 0x35, 0x00, 0x45, 0x00, 0x80, 
0x40, 0x0B, 0x13, 0x01, 0x06, 0x05, 0x25, 0x0E, 0x02, 0x01, 0x06, 0x02, 0x4A, 0x4B, 0xB0, 0x1E, 
0x50, 0x58, 0x40, 0x29, 0x07, 0x01, 0x04, 0x01, 0x03, 0x01, 0x04, 0x03, 0x7E, 0x00, 0x05, 0x05, 
0x02, 0x5F, 0x00, 0x02, 0x02, 0x48, 0x4B, 0x08, 0x01, 0x06, 0x06, 0x01, 0x5F, 0x00, 0x01, 0x01, 
0x49, 0x4B, 0x00, 0x03, 0x03, 0x00, 0x5F, 0x00, 0x00, 0x00, 0x42, 0x00, 0x4C, 0x1B, 0x40, 0x26, 
0x07, 0x01, 0x04, 0x01, 0x03, 0x01, 0x04, 0x03, 0x7E, 0x00, 0x03, 0x00, 0x00, 0x03, 0x00, 0x63, 
0x00, 0x05, 0x05, 0x02, 0x5F, 0x00, 0x02, 0x02, 0x48, 0x4B, 0x08, 0x01, 0x06, 0x06, 0x01, 0x5F, 
0x00, 0x01, 0x01, 0x49, 0x01, 0x4C, 0x59, 0x40, 0x16, 0x36, 0x36, 0x00, 0x00, 0x36, 0x45, 0x36, 
0x44, 0x3E, 0x3C, 0x00, 0x35, 0x00, 0x34, 0x31, 0x2F, 0x26, 0x2D, 0x26, 0x09, 0x09, 0x17, 0x2B, 
0x04, 0x16, 0x15, 0x14, 0x07, 0x07, 0x06, 0x23, 0x22, 0x26, 0x35, 0x34, 0x37, 0x36, 0x37, 0x37, 
0x22, 0x26, 0x35, 0x35, 0x06, 0x06, 0x23, 0x22, 0x26, 0x26, 0x35, 0x34, 0x36, 0x36, 0x33, 0x32, 
0x16, 0x16, 0x15, 0x15, 0x14, 0x07, 0x16, 0x16, 0x15, 0x14, 0x06, 0x07, 0x06, 0x15, 0x14, 0x16, 
0x33, 0x32, 0x37, 0x37, 0x36, 0x33, 0x24, 0x36, 0x36, 0x35, 0x34, 0x26, 0x26, 0x23, 0x22, 0x06, 
0x06, 0x15, 0x14, 0x16, 0x16, 0x33, 0x02, 0xC1, 0x12, 0x0A, 0x29, 0x1C, 0x21, 0x2D, 0x42, 0x2F, 
0x1F, 0x07, 0x03, 0x0D, 0x10, 0x21, 0x73, 0x47, 0x4F, 0x80, 0x49, 0x49, 0x80, 0x4F, 0x4E, 0x80, 
0x49, 0x07, 0x0E, 0x10, 0x1E, 0x1E, 0x15, 0x1D, 0x15, 0x10, 0x0C, 0x23, 0x09, 0x09, 0xFE, 0xDE, 
0x64, 0x39, 0x39, 0x64, 0x3E, 0x3E, 0x64, 0x3A, 0x3A, 0x64, 0x3E, 0x96, 0x12, 0x0D, 0x0F, 0x08, 
0x1C, 0x13, 0x41, 0x2E, 0x35, 0x26, 0x19, 0x13, 0x05, 0x11, 0x0D, 0x4E, 0x35, 0x3D, 0x49, 0x80, 
0x4E, 0x4F, 0x80, 0x49, 0x49, 0x80, 0x4F, 0xF3, 0x0D, 0x07, 0x01, 0x0F, 0x0D, 0x13, 0x27, 0x16, 
0x10, 0x19, 0x15, 0x1D, 0x08, 0x1A, 0x06, 0xC8, 0x3A, 0x66, 0x3F, 0x3F, 0x66, 0x3B, 0x3B, 0x66, 
0x3F, 0x3F, 0x66, 0x3A, 0xFF, 0xFF, 0x00, 0x3C, 0xFF, 0xFA, 0x02, 0x6B, 0x03, 0x0D, 0x00, 0x22, 
0x00, 0xC6, 0x00, 0x00, 0x00, 0x03, 0x03, 0x2F, 0x01, 0xDF, 0x00, 0x00, 0xFF, 0xFF, 0x00, 0x3C, 
0xFF, 0xFA, 0x02, 0x6B, 0x03, 0xED, 0x00, 0x22, 0x00, 0xC6, 0x00, 0x00, 0x00, 0x23, 0x03, 0x2F, 
0x01, 0xDF, 0x00, 0x00, 0x01, 0x07, 0x03, 0x29, 0x02, 0x0D, 0x00, 0xC2, 0x00, 0x08, 0xB1, 0x04, 
0x01, 0xB0, 0xC2, 0xB0, 0x33, 0x2B, 0x00, 0x00, 0xFF, 0xFF, 0x00, 0x3C, 0xFF, 0xFA, 0x02, 0x6B, 
0x02, 0xEA, 0x00, 0x22, 0x00, 0xC6, 0x00, 0x00, 0x00, 0x03, 0x03, 0x30, 0x02, 0x4C, 0x00, 0x00, 
0x00, 0x03, 0x00, 0x3C, 0xFF, 0xFA, 0x04, 0x2C, 0x02, 0x29, 0x00, 0x34, 0x00, 0x44, 0x00, 0x4B, 
0x00, 0x9D, 0x40, 0x0F, 0x31, 0x01, 0x0A, 0x08, 0x1B, 0x01, 0x01, 0x02, 0x02, 0x4A, 0x23, 0x01, 
0x02, 0x01, 0x49, 0x4B, 0xB0, 0x2E, 0x50, 0x58, 0x40, 0x2D, 0x00, 0x02, 0x00, 0x01, 0x00, 0x02, 
0x01, 0x7E, 0x00, 0x0A, 0x00, 0x00, 0x02, 0x0A, 0x00, 0x65, 0x0E, 0x0B, 0x02, 0x08, 0x08, 0x06, 
0x5F, 0x0C, 0x07, 0x02, 0x06, 0x06, 0x48, 0x4B, 0x0D, 0x09, 0x02, 0x01, 0x01, 0x03, 0x5F, 0x05, 
0x04, 0x02, 0x03, 0x03, 0x49, 0x03, 0x4C, 0x1B, 0x40, 0x31, 0x00, 0x02, 0x00, 0x01, 0x00, 0x02, 
0x01, 0x7E, 0x00, 0x0A, 0x00, 0x00, 0x02, 0x0A, 0x00, 0x65, 0x0E, 0x0B, 0x02, 0x08, 0x08, 0x06, 
0x5F, 0x0C, 0x07, 0x02, 0x06, 0x06, 0x48, 0x4B, 0x00, 0x04, 0x04, 0x3E, 0x4B, 0x0D, 0x09, 0x02, 
0x01, 0x01, 0x03, 0x5F, 0x05, 0x01, 0x03, 0x03, 0x49, 0x03, 0x4C, 0x59, 0x40, 0x20, 0x45, 0x45, 
0x35, 0x35, 0x00, 0x00, 0x45, 0x4B, 0x45, 0x4A, 0x48, 0x47, 0x35, 0x44, 0x35, 0x43, 0x3D, 0x3B, 
0x00, 0x34, 0x00, 0x33, 0x26, 0x25, 0x25, 0x27, 0x22, 0x23, 0x25, 0x0F, 0x09, 0x1B, 0x2B, 0x00, 
0x16, 0x16, 0x15, 0x14, 0x06, 0x23, 0x21, 0x1E, 0x02, 0x33, 0x32, 0x37, 0x36, 0x33, 0x32, 0x17, 
0x16, 0x15, 0x14, 0x07, 0x06, 0x06, 0x23, 0x22, 0x26, 0x27, 0x15, 0x14, 0x06, 0x23, 0x22, 0x26, 
0x35, 0x35, 0x06, 0x06, 0x23, 0x22, 0x26, 0x26, 0x35, 0x34, 0x36, 0x36, 0x33, 0x32, 0x16, 0x17, 
0x36, 0x36, 0x33, 0x00, 0x36, 0x36, 0x35, 0x34, 0x26, 0x26, 0x23, 0x22, 0x06, 0x06, 0x15, 0x14, 
0x16, 0x16, 0x33, 0x00, 0x06, 0x07, 0x21, 0x26, 0x26, 0x23, 0x03, 0x79, 0x73, 0x40, 0x10, 0x0D, 
0xFE, 0x5D, 0x03, 0x38, 0x5E, 0x3A, 0x59, 0x34, 0x0A, 0x0B, 0x0B, 0x07, 0x0B, 0x09, 0x20, 0x67, 
0x2F, 0x43, 0x6E, 0x23, 0x10, 0x0E, 0x0D, 0x11, 0x21, 0x73, 0x47, 0x4F, 0x80, 0x49, 0x49, 0x80, 
0x4F, 0x54, 0x86, 0x22, 0x1D, 0x76, 0x4D, 0xFE, 0x62, 0x64, 0x39, 0x39, 0x64, 0x3E, 0x3E, 0x64, 
0x3A, 0x3A, 0x64, 0x3E, 0x01, 0x8E, 0x6B, 0x0A, 0x01, 0x85, 0x07, 0x6A, 0x51, 0x02, 0x28, 0x45, 
0x7A, 0x4E, 0x0D, 0x0F, 0x3B, 0x5D, 0x34, 0x31, 0x08, 0x06, 0x09, 0x0C, 0x0A, 0x09, 0x1D, 0x26, 
0x38, 0x33, 0x48, 0x0D, 0x11, 0x11, 0x0D, 0x4E, 0x35, 0x3D, 0x49, 0x80, 0x4E, 0x4F, 0x80, 0x49, 
0x54, 0x47, 0x47, 0x53, 0xFE, 0x0A, 0x3A, 0x66, 0x3F, 0x3F, 0x66, 0x3B, 0x3B, 0x66, 0x3F, 0x3F, 
0x66, 0x3A, 0x01, 0xBE, 0x68, 0x55, 0x55, 0x68, 0xFF, 0xFF, 0x00, 0x3C, 0xFF, 0xFA, 0x04, 0x2C, 
0x03, 0x2B, 0x00, 0x22, 0x00, 0xDF, 0x00, 0x00, 0x00, 0x03, 0x03, 0x29, 0x02, 0xED, 0x00, 0x00, 
0x00, 0x02, 0x00, 0x5A, 0xFF, 0xFA, 0x02, 0x89, 0x03, 0x0D, 0x00, 0x17, 0x00, 0x27, 0x00, 0x38, 
0x40, 0x35, 0x14, 0x01, 0x04, 0x03, 0x01, 0x4A, 0x00, 0x01, 0x01, 0x3D, 0x4B, 0x00, 0x03, 0x03, 
0x02, 0x5F, 0x05, 0x01, 0x02, 0x02, 0x48, 0x4B, 0x06, 0x01, 0x04, 0x04, 0x00, 0x5F, 0x00, 0x00, 
0x00, 0x49, 0x00, 0x4C, 0x18, 0x18, 0x00, 0x00, 0x18, 0x27, 0x18, 0x26, 0x20, 0x1E, 0x00, 0x17, 
0x00, 0x16, 0x27, 0x26, 0x07, 0x09, 0x16, 0x2B, 0x00, 0x16, 0x16, 0x15, 0x14, 0x06, 0x06, 0x23, 
0x22, 0x26, 0x26, 0x27, 0x35, 0x11, 0x34, 0x36, 0x33, 0x32, 0x16, 0x15, 0x11, 0x36, 0x36, 0x33, 
0x12, 0x36, 0x36, 0x35, 0x34, 0x26, 0x26, 0x23, 0x22, 0x06, 0x06, 0x15, 0x14, 0x16, 0x16, 0x33, 
0x01, 0xC0, 0x80, 0x49, 0x49, 0x80, 0x4F, 0x4D, 0x7F, 0x4A, 0x01, 0x11, 0x0D, 0x0E, 0x10, 0x21, 
0x73, 0x47, 0x3E, 0x64, 0x3A, 0x3A, 0x64, 0x3E, 0x3E, 0x64, 0x39, 0x39, 0x64, 0x3E, 0x02, 0x29, 
0x49, 0x80, 0x4E, 0x4F, 0x80, 0x49, 0x47, 0x7E, 0x4D, 0x02, 0x01, 0xE1, 0x0E, 0x10, 0x10, 0x0E, 
0xFE, 0xC8, 0x35, 0x3D, 0xFE, 0x09, 0x3B, 0x66, 0x3F, 0x3F, 0x66, 0x3A, 0x3A, 0x66, 0x3F, 0x3F, 
0x66, 0x3B, 0x00, 0x00, 0x00, 0x01, 0x00, 0x3C, 0xFF, 0xFA, 0x02, 0x15, 0x02, 0x28, 0x00, 0x29, 
0x00, 0x36, 0x40, 0x33, 0x00, 0x01, 0x02, 0x04, 0x02, 0x01, 0x04, 0x7E, 0x00, 0x04, 0x03, 0x02, 
0x04, 0x03, 0x7C, 0x00, 0x02, 0x02, 0x00, 0x5F, 0x00, 0x00, 0x00, 0x48, 0x4B, 0x00, 0x03, 0x03, 
0x05, 0x5F, 0x06, 0x01, 0x05, 0x05, 0x49, 0x05, 0x4C, 0x00, 0x00, 0x00, 0x29, 0x00, 0x28, 0x22, 
0x26, 0x22, 0x27, 0x26, 0x07, 0x09, 0x19, 0x2B, 0x04, 0x26, 0x26, 0x35, 0x34, 0x36, 0x36, 0x33, 
0x32, 0x16, 0x17, 0x16, 0x15, 0x14, 0x07, 0x06, 0x23, 0x22, 0x27, 0x26, 0x23, 0x22, 0x06, 0x06, 
0x15, 0x14, 0x16, 0x16, 0x33, 0x32, 0x37, 0x36, 0x33, 0x32, 0x17, 0x16, 0x15, 0x14, 0x07, 0x06, 
0x06, 0x23, 0x00, 0xFF, 0x7C, 0x47, 0x42, 0x76, 0x49, 0x40, 0x6A, 0x27, 0x07, 0x0E, 0x07, 0x09, 
0x0E, 0x09, 0x40, 0x63, 0x3A, 0x5A, 0x31, 0x36, 0x60, 0x3E, 0x58, 0x35, 0x09, 0x0C, 0x0B, 0x07, 
0x0A, 0x08, 0x23, 0x5E, 0x35, 0x06, 0x49, 0x80, 0x4E, 0x4F, 0x7F, 0x49, 0x32, 0x31, 0x0A, 0x07, 
0x0E, 0x08, 0x06, 0x0C, 0x4C, 0x39, 0x66, 0x40, 0x3F, 0x66, 0x3A, 0x31, 0x09, 0x07, 0x09, 0x0D, 
0x0B, 0x07, 0x20, 0x23, 0xFF, 0xFF, 0x00, 0x3C, 0xFF, 0xFA, 0x02, 0x15, 0x03, 0x2B, 0x00, 0x22, 
0x00, 0xE2, 0x00, 0x00, 0x00, 0x03, 0x03, 0x29, 0x01, 0xF7, 0x00, 0x00, 0xFF, 0xFF, 0x00, 0x3C, 
0xFF, 0xFA, 0x02, 0x15, 0x03, 0x12, 0x00, 0x22, 0x00, 0xE2, 0x00, 0x00, 0x00, 0x03, 0x03, 0x2D, 
0x02, 0x04, 0x00, 0x00, 0x00, 0x01, 0x00, 0x3C, 0xFF, 0x18, 0x02, 0x15, 0x02, 0x28, 0x00, 0x49, 
0x00, 0x58, 0x40, 0x55, 0x34, 0x01, 0x02, 0x00, 0x31, 0x15, 0x02, 0x04, 0x02, 0x02, 0x4A, 0x00, 
0x07, 0x08, 0x01, 0x08, 0x07, 0x01, 0x7E, 0x00, 0x01, 0x00, 0x08, 0x01, 0x00, 0x7C, 0x00, 0x04, 
0x02, 0x05, 0x02, 0x04, 0x05, 0x7E, 0x09, 0x01, 0x08, 0x08, 0x06, 0x5F, 0x00, 0x06, 0x06, 0x48, 
0x4B, 0x00, 0x00, 0x00, 0x02, 0x5F, 0x00, 0x02, 0x02, 0x49, 0x4B, 0x00, 0x05, 0x05, 0x03, 0x5F, 
0x00, 0x03, 0x03, 0x42, 0x03, 0x4C, 0x00, 0x00, 0x00, 0x49, 0x00, 0x48, 0x46, 0x44, 0x3D, 0x3B, 
0x26, 0x14, 0x26, 0x17, 0x22, 0x26, 0x0A, 0x09, 0x1A, 0x2B, 0x00, 0x06, 0x06, 0x15, 0x14, 0x16, 
0x16, 0x33, 0x32, 0x37, 0x36, 0x33, 0x32, 0x17, 0x16, 0x15, 0x14, 0x07, 0x06, 0x06, 0x07, 0x07, 
0x16, 0x16, 0x15, 0x14, 0x06, 0x23, 0x22, 0x26, 0x35, 0x34, 0x36, 0x33, 0x32, 0x16, 0x16, 0x17, 
0x16, 0x16, 0x33, 0x32, 0x36, 0x35, 0x34, 0x26, 0x27, 0x26, 0x26, 0x35, 0x34, 0x37, 0x37, 0x2E, 
0x02, 0x35, 0x34, 0x36, 0x36, 0x33, 0x32, 0x16, 0x17, 0x16, 0x15, 0x14, 0x07, 0x06, 0x23, 0x22, 
0x27, 0x26, 0x23, 0x01, 0x03, 0x5A, 0x31, 0x36, 0x60, 0x3E, 0x58, 0x35, 0x09, 0x0C, 0x0B, 0x07, 
0x0A, 0x08, 0x1F, 0x52, 0x2F, 0x0D, 0x32, 0x26, 0x4C, 0x33, 0x30, 0x3F, 0x11, 0x0D, 0x08, 0x0C, 
0x0C, 0x03, 0x0A, 0x13, 0x11, 0x1A, 0x21, 0x1A, 0x1F, 0x10, 0x10, 0x05, 0x0C, 0x42, 0x69, 0x3A, 
0x42, 0x76, 0x49, 0x40, 0x6A, 0x27, 0x07, 0x0E, 0x07, 0x09, 0x0E, 0x09, 0x40, 0x63, 0x01, 0xF0, 
0x39, 0x66, 0x40, 0x3F, 0x66, 0x3A, 0x31, 0x09, 0x07, 0x09, 0x0D, 0x0B, 0x07, 0x1D, 0x22, 0x03, 
0x1F, 0x0F, 0x2C, 0x21, 0x2C, 0x3C, 0x28, 0x1A, 0x0D, 0x12, 0x07, 0x09, 0x03, 0x08, 0x09, 0x16, 
0x13, 0x13, 0x17, 0x09, 0x04, 0x0C, 0x0B, 0x06, 0x0D, 0x1E, 0x0A, 0x4D, 0x76, 0x47, 0x4F, 0x7F, 
0x49, 0x32, 0x31, 0x0A, 0x07, 0x0E, 0x08, 0x06, 0x0C, 0x4C, 0x00, 0x00, 0xFF, 0xFF, 0x00, 0x3C, 
0xFF, 0xFA, 0x02, 0x15, 0x03, 0x16, 0x00, 0x22, 0x00, 0xE2, 0x00, 0x00, 0x00, 0x03, 0x03, 0x2C, 
0x02, 0x04, 0x00, 0x00, 0xFF, 0xFF, 0x00, 0x3C, 0xFF, 0xFA, 0x02, 0x15, 0x02, 0xF3, 0x00, 0x22, 
0x00, 0xE2, 0x00, 0x00, 0x00, 0x03, 0x03, 0x27, 0x01, 0xCA, 0x00, 0x00, 0x00, 0x02, 0x00, 0x3C, 
0xFF, 0xFA, 0x02, 0x6B, 0x03, 0x0D, 0x00, 0x17, 0x00, 0x27, 0x00, 0x38, 0x40, 0x35, 0x13, 0x01, 
0x04, 0x03, 0x01, 0x4A, 0x05, 0x01, 0x02, 0x02, 0x3D, 0x4B, 0x00, 0x03, 0x03, 0x01, 0x5F, 0x00, 
0x01, 0x01, 0x48, 0x4B, 0x06, 0x01, 0x04, 0x04, 0x00, 0x5F, 0x00, 0x00, 0x00, 0x49, 0x00, 0x4C, 
0x18, 0x18, 0x00, 0x00, 0x18, 0x27, 0x18, 0x26, 0x20, 0x1E, 0x00, 0x17, 0x00, 0x16, 0x26, 0x27, 
0x07, 0x09, 0x16, 0x2B, 0x00, 0x16, 0x15, 0x11, 0x15, 0x0E, 0x02, 0x23, 0x22, 0x26, 0x26, 0x35, 
0x34, 0x36, 0x36, 0x33, 0x32, 0x16, 0x17, 0x11, 0x34, 0x36, 0x33, 0x02, 0x36, 0x36, 0x35, 0x34, 
0x26, 0x26, 0x23, 0x22, 0x06, 0x06, 0x15, 0x14, 0x16, 0x16, 0x33, 0x02, 0x5B, 0x10, 0x01, 0x4A, 
0x7F, 0x4D, 0x4F, 0x80, 0x49, 0x49, 0x80, 0x4F, 0x47, 0x73, 0x21, 0x11, 0x0D, 0xBB, 0x64, 0x39, 
0x39, 0x64, 0x3E, 0x3E, 0x64, 0x3A, 0x3A, 0x64, 0x3E, 0x03, 0x0D, 0x10, 0x0E, 0xFE, 0x1F, 0x02, 
0x4D, 0x7E, 0x47, 0x49, 0x80, 0x4F, 0x4E, 0x80, 0x49, 0x3D, 0x35, 0x01, 0x38, 0x0E, 0x10, 0xFD, 
0x25, 0x3B, 0x66, 0x3F, 0x3F, 0x66, 0x3A, 0x3A, 0x66, 0x3F, 0x3F, 0x66, 0x3B, 0x00, 0x00, 0x00, 
0x00, 0x02, 0x00, 0x3C, 0xFF, 0xFA, 0x02, 0x51, 0x03, 0x4C, 0x00, 0x36, 0x00, 0x46, 0x00, 0xAF, 
0x40, 0x13, 0x33, 0x01, 0x03, 0x04, 0x36, 0x2C, 0x24, 0x1F, 0x1C, 0x15, 0x06, 0x02, 0x03, 0x12, 
0x01, 0x06, 0x05, 0x03, 0x4A, 0x4B, 0xB0, 0x0C, 0x50, 0x58, 0x40, 0x26, 0x00, 0x04, 0x03, 0x04, 
0x83, 0x00, 0x02, 0x03, 0x01, 0x03, 0x02, 0x01, 0x7E, 0x00, 0x01, 0x00, 0x05, 0x06, 0x01, 0x05, 
0x68, 0x00, 0x03, 0x03, 0x45, 0x4B, 0x07, 0x01, 0x06, 0x06, 0x00, 0x5F, 0x00, 0x00, 0x00, 0x49, 
0x00, 0x4C, 0x1B, 0x4B, 0xB0, 0x15, 0x50, 0x58, 0x40, 0x28, 0x00, 0x04, 0x03, 0x04, 0x83, 0x00, 
0x02, 0x03, 0x01, 0x03, 0x02, 0x01, 0x7E, 0x00, 0x03, 0x03, 0x45, 0x4B, 0x00, 0x05, 0x05, 0x01, 
0x5F, 0x00, 0x01, 0x01, 0x40, 0x4B, 0x07, 0x01, 0x06, 0x06, 0x00, 0x5F, 0x00, 0x00, 0x00, 0x49, 
0x00, 0x4C, 0x1B, 0x40, 0x26, 0x00, 0x04, 0x03, 0x04, 0x83, 0x00, 0x02, 0x03, 0x01, 0x03, 0x02, 
0x01, 0x7E, 0x00, 0x01, 0x00, 0x05, 0x06, 0x01, 0x05, 0x68, 0x00, 0x03, 0x03, 0x45, 0x4B, 0x07, 
0x01, 0x06, 0x06, 0x00, 0x5F, 0x00, 0x00, 0x00, 0x49, 0x00, 0x4C, 0x59, 0x59, 0x40, 0x0F, 0x37, 
0x37, 0x37, 0x46, 0x37, 0x45, 0x2E, 0x16, 0x1F, 0x17, 0x26, 0x26, 0x08, 0x09, 0x1A, 0x2B, 0x00, 
0x16, 0x15, 0x15, 0x0E, 0x02, 0x23, 0x22, 0x26, 0x26, 0x35, 0x34, 0x36, 0x36, 0x33, 0x32, 0x16, 
0x17, 0x26, 0x26, 0x27, 0x07, 0x06, 0x23, 0x22, 0x27, 0x26, 0x35, 0x34, 0x37, 0x37, 0x26, 0x27, 
0x26, 0x26, 0x35, 0x34, 0x37, 0x36, 0x33, 0x32, 0x17, 0x16, 0x17, 0x37, 0x36, 0x33, 0x32, 0x17, 
0x16, 0x15, 0x14, 0x07, 0x07, 0x12, 0x36, 0x36, 0x35, 0x34, 0x26, 0x26, 0x23, 0x22, 0x06, 0x06, 
0x15, 0x14, 0x16, 0x16, 0x33, 0x01, 0xE1, 0x70, 0x01, 0x44, 0x78, 0x4D, 0x4D, 0x7A, 0x44, 0x44, 
0x7A, 0x4D, 0x51, 0x75, 0x15, 0x04, 0x68, 0x71, 0x22, 0x07, 0x10, 0x07, 0x03, 0x0D, 0x03, 0x21, 
0x2D, 0x11, 0x0B, 0x10, 0x01, 0x06, 0x15, 0x08, 0x07, 0x22, 0x25, 0x1C, 0x08, 0x0F, 0x05, 0x06, 
0x0D, 0x03, 0x1C, 0x25, 0x5E, 0x34, 0x34, 0x5E, 0x3C, 0x3C, 0x5E, 0x35, 0x35, 0x5E, 0x3C, 0x02, 
0xAF, 0xBC, 0x98, 0x3D, 0x55, 0x84, 0x4B, 0x44, 0x7A, 0x4D, 0x4C, 0x77, 0x43, 0x55, 0x48, 0x7D, 
0x9B, 0x34, 0x46, 0x10, 0x02, 0x07, 0x0E, 0x07, 0x06, 0x45, 0x11, 0x05, 0x04, 0x11, 0x0A, 0x05, 
0x03, 0x13, 0x03, 0x0B, 0x0F, 0x3B, 0x11, 0x03, 0x07, 0x0E, 0x07, 0x06, 0x3A, 0xFD, 0x45, 0x36, 
0x60, 0x3D, 0x3C, 0x5E, 0x34, 0x34, 0x5E, 0x3C, 0x3D, 0x60, 0x36, 0x00, 0xFF, 0xFF, 0x00, 0x3C, 
0xFF, 0xFA, 0x03, 0x16, 0x03, 0x0D, 0x00, 0x22, 0x00, 0xE8, 0x00, 0x00, 0x00, 0x03, 0x03, 0x2B, 
0x03, 0x48, 0x00, 0x00, 0x00, 0x02, 0x00, 0x3C, 0xFF, 0xFA, 0x02, 0xC5, 0x03, 0x0D, 0x00, 0x29, 
0x00, 0x39, 0x00, 0x46, 0x40, 0x43, 0x17, 0x01, 0x08, 0x07, 0x01, 0x4A, 0x09, 0x06, 0x02, 0x04, 
0x03, 0x01, 0x00, 0x02, 0x04, 0x00, 0x67, 0x00, 0x05, 0x05, 0x3D, 0x4B, 0x00, 0x07, 0x07, 0x02, 
0x5F, 0x00, 0x02, 0x02, 0x48, 0x4B, 0x0A, 0x01, 0x08, 0x08, 0x01, 0x5F, 0x00, 0x01, 0x01, 0x49, 
0x01, 0x4C, 0x2A, 0x2A, 0x00, 0x00, 0x2A, 0x39, 0x2A, 0x38, 0x32, 0x30, 0x00, 0x29, 0x00, 0x28, 
0x23, 0x24, 0x23, 0x26, 0x25, 0x24, 0x0B, 0x09, 0x1A, 0x2B, 0x00, 0x16, 0x15, 0x14, 0x06, 0x23, 
0x23, 0x11, 0x15, 0x0E, 0x02, 0x23, 0x22, 0x26, 0x26, 0x35, 0x34, 0x36, 0x36, 0x33, 0x32, 0x16, 
0x17, 0x35, 0x23, 0x22, 0x26, 0x35, 0x34, 0x36, 0x33, 0x33, 0x35, 0x34, 0x36, 0x33, 0x32, 0x16, 
0x15, 0x15, 0x33, 0x00, 0x36, 0x36, 0x35, 0x34, 0x26, 0x26, 0x23, 0x22, 0x06, 0x06, 0x15, 0x14, 
0x16, 0x16, 0x33, 0x02, 0xB6, 0x0F, 0x0F, 0x0C, 0x3F, 0x01, 0x4A, 0x7F, 0x4D, 0x4F, 0x80, 0x49, 
0x49, 0x80, 0x4F, 0x47, 0x73, 0x21, 0xAF, 0x0C, 0x0F, 0x0F, 0x0C, 0xAF, 0x11, 0x0D, 0x0E, 0x10, 
0x3F, 0xFE, 0xE8, 0x64, 0x39, 0x39, 0x64, 0x3E, 0x3E, 0x64, 0x3A, 0x3A, 0x64, 0x3E, 0x02, 0xAC, 
0x0F, 0x0C, 0x0C, 0x0F, 0xFE, 0x98, 0x02, 0x4D, 0x7E, 0x47, 0x49, 0x80, 0x4F, 0x4E, 0x80, 0x49, 
0x3D, 0x35, 0xBF, 0x0F, 0x0C, 0x0C, 0x0F, 0x43, 0x0E, 0x10, 0x10, 0x0E, 0x43, 0xFD, 0x86, 0x3B, 
0x66, 0x3F, 0x3F, 0x66, 0x3A, 0x3A, 0x66, 0x3F, 0x3F, 0x66, 0x3B, 0x00, 0x00, 0x02, 0x00, 0x3C, 
0xFF, 0xFB, 0x02, 0x39, 0x02, 0x28, 0x00, 0x21, 0x00, 0x28, 0x00, 0x3F, 0x40, 0x3C, 0x00, 0x02, 
0x00, 0x01, 0x00, 0x02, 0x01, 0x7E, 0x00, 0x05, 0x00, 0x00, 0x02, 0x05, 0x00, 0x65, 0x08, 0x01, 
0x06, 0x06, 0x04, 0x5F, 0x07, 0x01, 0x04, 0x04, 0x48, 0x4B, 0x00, 0x01, 0x01, 0x03, 0x5F, 0x00, 
0x03, 0x03, 0x49, 0x03, 0x4C, 0x22, 0x22, 0x00, 0x00, 0x22, 0x28, 0x22, 0x27, 0x25, 0x24, 0x00, 
0x21, 0x00, 0x20, 0x27, 0x23, 0x23, 0x25, 0x09, 0x09, 0x18, 0x2B, 0x00, 0x16, 0x16, 0x15, 0x14, 
0x06, 0x23, 0x21, 0x1E, 0x02, 0x33, 0x32, 0x36, 0x37, 0x36, 0x33, 0x32, 0x17, 0x16, 0x15, 0x14, 
0x07, 0x06, 0x06, 0x23, 0x22, 0x26, 0x26, 0x35, 0x34, 0x36, 0x36, 0x33, 0x06, 0x06, 0x07, 0x21, 
0x26, 0x26, 0x23, 0x01, 0x86, 0x73, 0x40, 0x10, 0x0D, 0xFE, 0x5D, 0x03, 0x38, 0x5E, 0x3A, 0x27, 
0x4F, 0x17, 0x0A, 0x0B, 0x0B, 0x07, 0x0B, 0x09, 0x20, 0x67, 0x2F, 0x4F, 0x7B, 0x46, 0x41, 0x75, 
0x4B, 0x4E, 0x6B, 0x0A, 0x01, 0x85, 0x07, 0x6A, 0x51, 0x02, 0x28, 0x45, 0x7A, 0x4E, 0x0D, 0x0F, 
0x3B, 0x5D, 0x34, 0x1B, 0x16, 0x08, 0x06, 0x09, 0x0C, 0x0A, 0x09, 0x1D, 0x26, 0x47, 0x7F, 0x50, 
0x51, 0x7F, 0x47, 0x38, 0x68, 0x55, 0x55, 0x68, 0xFF, 0xFF, 0x00, 0x3C, 0xFF, 0xFB, 0x02, 0x39, 
0x03, 0x2B, 0x00, 0x22, 0x00, 0xEC, 0x00, 0x00, 0x00, 0x03, 0x03, 0x29, 0x01, 0xF4, 0x00, 0x00, 
0xFF, 0xFF, 0x00, 0x3C, 0xFF, 0xFB, 0x02, 0x39, 0x03, 0x16, 0x00, 0x22, 0x00, 0xEC, 0x00, 0x00, 
0x00, 0x03, 0x03, 0x2E, 0x02, 0x00, 0x00, 0x00, 0xFF, 0xFF, 0x00, 0x3C, 0xFF, 0xFB, 0x02, 0x39, 
0x03, 0x12, 0x00, 0x22, 0x00, 0xEC, 0x00, 0x00, 0x00, 0x03, 0x03, 0x2D, 0x02, 0x01, 0x00, 0x00, 
0xFF, 0xFF, 0x00, 0x3C, 0xFF, 0xFB, 0x02, 0x39, 0x03, 0x16, 0x00, 0x22, 0x00, 0xEC, 0x00, 0x00, 
0x00, 0x03, 0x03, 0x2C, 0x02, 0x01, 0x00, 0x00, 0xFF, 0xFF, 0x00, 0x3C, 0xFF, 0xFB, 0x02, 0x39, 
0x03, 0xE5, 0x00, 0x22, 0x00, 0xEC, 0x00, 0x00, 0x00, 0x23, 0x03, 0x2C, 0x02, 0x01, 0x00, 0x00, 
0x01, 0x07, 0x03, 0x29, 0x02, 0x4F, 0x00, 0xBA, 0x00, 0x08, 0xB1, 0x03, 0x01, 0xB0, 0xBA, 0xB0, 
0x33, 0x2B, 0x00, 0x00, 0xFF, 0xFF, 0x00, 0x3C, 0xFF, 0x3A, 0x02, 0x39, 0x03, 0x16, 0x00, 0x22, 
0x00, 0xEC, 0x00, 0x00, 0x00, 0x23, 0x03, 0x2C, 0x02, 0x01, 0x00, 0x00, 0x00, 0x03, 0x03, 0x37, 
0x01, 0x9B, 0x00, 0x00, 0xFF, 0xFF, 0x00, 0x3C, 0xFF, 0xFB, 0x02, 0x39, 0x03, 0xF0, 0x00, 0x22, 
0x00, 0xEC, 0x00, 0x00, 0x00, 0x23, 0x03, 0x2C, 0x02, 0x01, 0x00, 0x00, 0x01, 0x07, 0x03, 0x28, 
0x01, 0xE0, 0x00, 0xBA, 0x00, 0x08, 0xB1, 0x03, 0x01, 0xB0, 0xBA, 0xB0, 0x33, 0x2B, 0x00, 0x00, 
0xFF, 0xFF, 0x00, 0x3C, 0xFF, 0xFB, 0x02, 0x39, 0x04, 0x0C, 0x00, 0x22, 0x00, 0xEC, 0x00, 0x00, 
0x00, 0x23, 0x03, 0x2C, 0x02, 0x02, 0x00, 0x00, 0x01, 0x07, 0x03, 0x32, 0x02, 0x40, 0x00, 0xBA, 
0x00, 0x08, 0xB1, 0x03, 0x01, 0xB0, 0xBA, 0xB0, 0x33, 0x2B, 0x00, 0x00, 0xFF, 0xFF, 0x00, 0x3C, 
0xFF, 0xFB, 0x02, 0x39, 0x03, 0xA4, 0x00, 0x22, 0x00, 0xEC, 0x00, 0x00, 0x00, 0x23, 0x03, 0x2C, 
0x02, 0x01, 0x00, 0x00, 0x01, 0x07, 0x03, 0x40, 0x02, 0x05, 0x00, 0xA6, 0x00, 0x08, 0xB1, 0x03, 
0x01, 0xB0, 0xA6, 0xB0, 0x33, 0x2B, 0x00, 0x00, 0xFF, 0xFF, 0x00, 0x3C, 0xFF, 0xFB, 0x02, 0x39, 
0x03, 0x35, 0x00, 0x22, 0x00, 0xEC, 0x00, 0x00, 0x00, 0x03, 0x03, 0x33, 0x01, 0xED, 0x00, 0x00, 
0xFF, 0xFF, 0x00, 0x3C, 0xFF, 0xFB, 0x02, 0x39, 0x02, 0xF8, 0x00, 0x22, 0x00, 0xEC, 0x00, 0x00, 
0x00, 0x03, 0x03, 0x26, 0x02, 0x36, 0x00, 0x00, 0xFF, 0xFF, 0x00, 0x3C, 0xFF, 0xFB, 0x02, 0x39, 
0x02, 0xF3, 0x00, 0x22, 0x00, 0xEC, 0x00, 0x00, 0x00, 0x03, 0x03, 0x27, 0x01, 0xC7, 0x00, 0x00, 
0xFF, 0xFF, 0x00, 0x3C, 0xFF, 0x3A, 0x02, 0x39, 0x02, 0x28, 0x00, 0x22, 0x00, 0xEC, 0x00, 0x00, 
0x00, 0x03, 0x03, 0x37, 0x01, 0x9B, 0x00, 0x00, 0xFF, 0xFF, 0x00, 0x3C, 0xFF, 0xFB, 0x02, 0x39, 
0x03, 0x36, 0x00, 0x22, 0x00, 0xEC, 0x00, 0x00, 0x00, 0x03, 0x03, 0x28, 0x01, 0x85, 0x00, 0x00, 
0xFF, 0xFF, 0x00, 0x3C, 0xFF, 0xFB, 0x02, 0x39, 0x03, 0x52, 0x00, 0x22, 0x00, 0xEC, 0x00, 0x00, 
0x00, 0x03, 0x03, 0x32, 0x01, 0xE4, 0x00, 0x00, 0xFF, 0xFF, 0x00, 0x3C, 0xFF, 0xFB, 0x02, 0x39, 
0x03, 0x16, 0x00, 0x22, 0x00, 0xEC, 0x00, 0x00, 0x00, 0x03, 0x03, 0x34, 0x02, 0x05, 0x00, 0x00, 
0xFF, 0xFF, 0x00, 0x3C, 0xFF, 0xFB, 0x02, 0x39, 0x02, 0xD2, 0x00, 0x22, 0x00, 0xEC, 0x00, 0x00, 
0x00, 0x03, 0x03, 0x31, 0x02, 0x4D, 0x00, 0x00, 0x00, 0x02, 0x00, 0x3C, 0xFF, 0x37, 0x02, 0x39, 
0x02, 0x28, 0x00, 0x39, 0x00, 0x40, 0x00, 0x51, 0x40, 0x4E, 0x00, 0x02, 0x00, 0x01, 0x00, 0x02, 
0x01, 0x7E, 0x00, 0x04, 0x06, 0x03, 0x06, 0x04, 0x03, 0x7E, 0x00, 0x08, 0x00, 0x00, 0x02, 0x08, 
0x00, 0x65, 0x00, 0x03, 0x00, 0x05, 0x03, 0x05, 0x63, 0x0B, 0x01, 0x09, 0x09, 0x07, 0x5F, 0x0A, 
0x01, 0x07, 0x07, 0x48, 0x4B, 0x00, 0x01, 0x01, 0x06, 0x5F, 0x00, 0x06, 0x06, 0x49, 0x06, 0x4C, 
0x3A, 0x3A, 0x00, 0x00, 0x3A, 0x40, 0x3A, 0x3F, 0x3D, 0x3C, 0x00, 0x39, 0x00, 0x38, 0x14, 0x26, 
0x23, 0x2D, 0x23, 0x23, 0x25, 0x0C, 0x09, 0x1B, 0x2B, 0x00, 0x16, 0x16, 0x15, 0x14, 0x06, 0x23, 
0x21, 0x1E, 0x02, 0x33, 0x32, 0x36, 0x37, 0x36, 0x33, 0x32, 0x17, 0x16, 0x15, 0x14, 0x07, 0x06, 
0x07, 0x06, 0x07, 0x06, 0x15, 0x14, 0x16, 0x33, 0x32, 0x37, 0x37, 0x36, 0x33, 0x32, 0x16, 0x15, 
0x14, 0x07, 0x07, 0x06, 0x23, 0x22, 0x26, 0x35, 0x34, 0x37, 0x22, 0x26, 0x26, 0x35, 0x34, 0x36, 
0x36, 0x33, 0x06, 0x06, 0x07, 0x21, 0x26, 0x26, 0x23, 0x01, 0x86, 0x73, 0x40, 0x10, 0x0D, 0xFE, 
0x5D, 0x03, 0x38, 0x5E, 0x3A, 0x27, 0x4F, 0x17, 0x0A, 0x0B, 0x0B, 0x07, 0x0B, 0x09, 0x21, 0x34, 
0x0B, 0x2E, 0x15, 0x1D, 0x15, 0x10, 0x0C, 0x23, 0x09, 0x09, 0x0D, 0x12, 0x0A, 0x29, 0x1C, 0x21, 
0x2D, 0x42, 0x28, 0x4E, 0x7B, 0x45, 0x41, 0x75, 0x4B, 0x4E, 0x6B, 0x0A, 0x01, 0x85, 0x07, 0x6A, 
0x51, 0x02, 0x28, 0x45, 0x7A, 0x4E, 0x0D, 0x0F, 0x3B, 0x5D, 0x34, 0x1B, 0x16, 0x08, 0x06, 0x09, 
0x0C, 0x0A, 0x09, 0x1E, 0x13, 0x1D, 0x21, 0x11, 0x18, 0x15, 0x1D, 0x08, 0x1A, 0x06, 0x12, 0x0D, 
0x0F, 0x08, 0x1C, 0x13, 0x41, 0x2E, 0x30, 0x25, 0x48, 0x7E, 0x50, 0x51, 0x7F, 0x47, 0x38, 0x68, 
0x55, 0x55, 0x68, 0x00, 0xFF, 0xFF, 0x00, 0x3C, 0xFF, 0xFB, 0x02, 0x39, 0x02, 0xEA, 0x00, 0x22, 
0x00, 0xEC, 0x00, 0x00, 0x00, 0x03, 0x03, 0x30, 0x02, 0x33, 0x00, 0x00, 0x00, 0x02, 0x00, 0x28, 
0xFF, 0xFB, 0x02, 0x25, 0x02, 0x28, 0x00, 0x21, 0x00, 0x28, 0x00, 0x3F, 0x40, 0x3C, 0x00, 0x03, 
0x02, 0x01, 0x02, 0x03, 0x01, 0x7E, 0x00, 0x01, 0x00, 0x05, 0x06, 0x01, 0x05, 0x65, 0x00, 0x02, 
0x02, 0x04, 0x5F, 0x07, 0x01, 0x04, 0x04, 0x48, 0x4B, 0x08, 0x01, 0x06, 0x06, 0x00, 0x5F, 0x00, 
0x00, 0x00, 0x49, 0x00, 0x4C, 0x22, 0x22, 0x00, 0x00, 0x22, 0x28, 0x22, 0x27, 0x25, 0x24, 0x00, 
0x21, 0x00, 0x20, 0x23, 0x23, 0x25, 0x26, 0x09, 0x09, 0x18, 0x2B, 0x00, 0x16, 0x16, 0x15, 0x14, 
0x06, 0x06, 0x23, 0x22, 0x26, 0x26, 0x35, 0x34, 0x36, 0x33, 0x21, 0x2E, 0x02, 0x23, 0x22, 0x06, 
0x07, 0x06, 0x23, 0x22, 0x27, 0x26, 0x35, 0x34, 0x37, 0x36, 0x36, 0x33, 0x12, 0x36, 0x37, 0x21, 
0x16, 0x16, 0x33, 0x01, 0x64, 0x7B, 0x46, 0x41, 0x75, 0x4B, 0x49, 0x73, 0x40, 0x10, 0x0D, 0x01, 
0xA3, 0x03, 0x38, 0x5E, 0x3A, 0x27, 0x4F, 0x17, 0x0A, 0x0B, 0x0A, 0x08, 0x0B, 0x09, 0x20, 0x67, 
0x2F, 0x5D, 0x6B, 0x0A, 0xFE, 0x7B, 0x07, 0x6A, 0x51, 0x02, 0x28, 0x47, 0x7F, 0x50, 0x51, 0x7F, 
0x47, 0x45, 0x7A, 0x4E, 0x0D, 0x0F, 0x3B, 0x5D, 0x34, 0x1B, 0x16, 0x08, 0x06, 0x09, 0x0C, 0x0A, 
0x09, 0x1D, 0x26, 0xFE, 0x0B, 0x68, 0x55, 0x55, 0x68, 0x00, 0x00, 0x00, 0x00, 0x01, 0x00, 0x1E, 
0x00, 0x00, 0x01, 0x6D, 0x03, 0x0D, 0x00, 0x25, 0x00, 0x55, 0x4B, 0xB0, 0x19, 0x50, 0x58, 0x40, 
0x1D, 0x07, 0x01, 0x06, 0x06, 0x05, 0x5F, 0x00, 0x05, 0x05, 0x3D, 0x4B, 0x03, 0x01, 0x01, 0x01, 
0x00, 0x5D, 0x04, 0x01, 0x00, 0x00, 0x40, 0x4B, 0x00, 0x02, 0x02, 0x3E, 0x02, 0x4C, 0x1B, 0x40, 
0x1B, 0x04, 0x01, 0x00, 0x03, 0x01, 0x01, 0x02, 0x00, 0x01, 0x65, 0x07, 0x01, 0x06, 0x06, 0x05, 
0x5F, 0x00, 0x05, 0x05, 0x3D, 0x4B, 0x00, 0x02, 0x02, 0x3E, 0x02, 0x4C, 0x59, 0x40, 0x0F, 0x00, 
0x00, 0x00, 0x25, 0x00, 0x24, 0x23, 0x24, 0x23, 0x23, 0x24, 0x23, 0x08, 0x09, 0x1A, 0x2B, 0x00, 
0x06, 0x15, 0x15, 0x33, 0x32, 0x16, 0x15, 0x14, 0x06, 0x23, 0x23, 0x11, 0x14, 0x06, 0x23, 0x22, 
0x26, 0x35, 0x11, 0x23, 0x22, 0x26, 0x35, 0x34, 0x36, 0x33, 0x33, 0x35, 0x34, 0x36, 0x33, 0x32, 
0x16, 0x15, 0x14, 0x06, 0x23, 0x01, 0x06, 0x42, 0x84, 0x0C, 0x0F, 0x0F, 0x0C, 0x84, 0x11, 0x0E, 
0x0D, 0x11, 0x4E, 0x0C, 0x0F, 0x0F, 0x0C, 0x4E, 0x64, 0x64, 0x0D, 0x11, 0x11, 0x0D, 0x02, 0xD7, 
0x61, 0x52, 0x15, 0x0F, 0x0C, 0x0C, 0x0F, 0xFE, 0x45, 0x0D, 0x11, 0x11, 0x0D, 0x01, 0xBB, 0x0F, 
0x0C, 0x0C, 0x0F, 0x15, 0x6B, 0x7E, 0x0F, 0x0C, 0x0C, 0x0F, 0x00, 0x00, 0x00, 0x02, 0x00, 0x3C, 
0xFF, 0x2F, 0x02, 0x6B, 0x02, 0x29, 0x00, 0x26, 0x00, 0x36, 0x00, 0x44, 0x40, 0x41, 0x1B, 0x01, 
0x06, 0x05, 0x01, 0x4A, 0x00, 0x01, 0x03, 0x02, 0x03, 0x01, 0x02, 0x7E, 0x00, 0x02, 0x00, 0x00, 
0x02, 0x00, 0x63, 0x00, 0x05, 0x05, 0x04, 0x5F, 0x07, 0x01, 0x04, 0x04, 0x48, 0x4B, 0x08, 0x01, 
0x06, 0x06, 0x03, 0x5F, 0x00, 0x03, 0x03, 0x49, 0x03, 0x4C, 0x27, 0x27, 0x00, 0x00, 0x27, 0x36, 
0x27, 0x35, 0x2F, 0x2D, 0x00, 0x26, 0x00, 0x25, 0x26, 0x23, 0x27, 0x27, 0x09, 0x09, 0x18, 0x2B, 
0x00, 0x16, 0x16, 0x15, 0x15, 0x14, 0x06, 0x06, 0x23, 0x22, 0x26, 0x27, 0x26, 0x35, 0x34, 0x37, 
0x36, 0x33, 0x32, 0x17, 0x16, 0x16, 0x33, 0x32, 0x36, 0x36, 0x35, 0x35, 0x06, 0x06, 0x23, 0x22, 
0x26, 0x26, 0x35, 0x34, 0x36, 0x36, 0x33, 0x12, 0x36, 0x36, 0x35, 0x34, 0x26, 0x26, 0x23, 0x22, 
0x06, 0x06, 0x15, 0x14, 0x16, 0x16, 0x33, 0x01, 0xA5, 0x7F, 0x47, 0x48, 0x7E, 0x4D, 0x4F, 0x77, 
0x28, 0x08, 0x0A, 0x08, 0x0A, 0x10, 0x0A, 0x21, 0x61, 0x3E, 0x3D, 0x62, 0x38, 0x1D, 0x73, 0x4B, 
0x51, 0x7F, 0x48, 0x4A, 0x80, 0x4E, 0x3F, 0x64, 0x38, 0x38, 0x64, 0x3F, 0x40, 0x64, 0x38, 0x38, 
0x64, 0x40, 0x02, 0x29, 0x48, 0x7F, 0x51, 0xC4, 0x50, 0x83, 0x4B, 0x3B, 0x33, 0x0A, 0x0A, 0x0C, 
0x07, 0x06, 0x0D, 0x28, 0x2E, 0x3C, 0x69, 0x41, 0x2C, 0x3B, 0x44, 0x47, 0x7F, 0x51, 0x50, 0x80, 
0x48, 0xFE, 0x09, 0x39, 0x65, 0x41, 0x41, 0x66, 0x39, 0x39, 0x66, 0x41, 0x41, 0x65, 0x39, 0x00, 
0xFF, 0xFF, 0x00, 0x3C, 0xFF, 0x2F, 0x02, 0x6B, 0x03, 0x16, 0x00, 0x22, 0x01, 0x02, 0x00, 0x00, 
0x00, 0x03, 0x03, 0x2E, 0x02, 0x19, 0x00, 0x00, 0xFF, 0xFF, 0x00, 0x3C, 0xFF, 0x2F, 0x02, 0x6B, 
0x03, 0x12, 0x00, 0x22, 0x01, 0x02, 0x00, 0x00, 0x00, 0x03, 0x03, 0x2D, 0x02, 0x1A, 0x00, 0x00, 
0xFF, 0xFF, 0x00, 0x3C, 0xFF, 0x2F, 0x02, 0x6B, 0x03, 0x16, 0x00, 0x22, 0x01, 0x02, 0x00, 0x00, 
0x00, 0x03, 0x03, 0x2C, 0x02, 0x1A, 0x00, 0x00, 0xFF, 0xFF, 0x00, 0x3C, 0xFF, 0x2F, 0x02, 0x6B, 
0x03, 0x89, 0x00, 0x22, 0x01, 0x02, 0x00, 0x00, 0x00, 0x03, 0x03, 0x35, 0x01, 0xBE, 0x00, 0x00, 
0xFF, 0xFF, 0x00, 0x3C, 0xFF, 0x2F, 0x02, 0x6B, 0x02, 0xF3, 0x00, 0x22, 0x01, 0x02, 0x00, 0x00, 
0x00, 0x03, 0x03, 0x27, 0x01, 0xE0, 0x00, 0x00, 0x00, 0x01, 0x00, 0x5A, 0x00, 0x00, 0x02, 0x51, 
0x03, 0x0D, 0x00, 0x24, 0x00, 0x2D, 0x40, 0x2A, 0x21, 0x01, 0x00, 0x01, 0x01, 0x4A, 0x00, 0x03, 
0x03, 0x3D, 0x4B, 0x00, 0x01, 0x01, 0x04, 0x5F, 0x05, 0x01, 0x04, 0x04, 0x48, 0x4B, 0x02, 0x01, 
0x00, 0x00, 0x3E, 0x00, 0x4C, 0x00, 0x00, 0x00, 0x24, 0x00, 0x23, 0x25, 0x26, 0x25, 0x26, 0x06, 
0x09, 0x18, 0x2B, 0x00, 0x16, 0x16, 0x15, 0x11, 0x14, 0x06, 0x23, 0x22, 0x26, 0x35, 0x11, 0x34, 
0x26, 0x23, 0x22, 0x06, 0x06, 0x15, 0x11, 0x14, 0x06, 0x23, 0x22, 0x26, 0x35, 0x11, 0x34, 0x36, 
0x33, 0x32, 0x16, 0x15, 0x11, 0x36, 0x36, 0x33, 0x01, 0x9D, 0x73, 0x41, 0x11, 0x0D, 0x0D, 0x11, 
0x6B, 0x56, 0x35, 0x57, 0x32, 0x10, 0x0E, 0x0D, 0x11, 0x11, 0x0D, 0x0E, 0x10, 0x22, 0x62, 0x3A, 
0x02, 0x2A, 0x3C, 0x73, 0x50, 0xFE, 0xF3, 0x0D, 0x11, 0x11, 0x0D, 0x01, 0x0D, 0x5F, 0x64, 0x29, 
0x49, 0x2C, 0xFE, 0xCE, 0x0D, 0x11, 0x11, 0x0D, 0x02, 0xD1, 0x0E, 0x10, 0x10, 0x0E, 0xFE, 0xE2, 
0x2A, 0x2F, 0x00, 0x00, 0x00, 0x01, 0xFF, 0xFD, 0x00, 0x00, 0x02, 0x51, 0x03, 0x0D, 0x00, 0x36, 
0x00, 0x3B, 0x40, 0x38, 0x33, 0x01, 0x00, 0x01, 0x01, 0x4A, 0x06, 0x01, 0x04, 0x07, 0x01, 0x03, 
0x08, 0x04, 0x03, 0x67, 0x00, 0x05, 0x05, 0x3D, 0x4B, 0x00, 0x01, 0x01, 0x08, 0x5F, 0x09, 0x01, 
0x08, 0x08, 0x48, 0x4B, 0x02, 0x01, 0x00, 0x00, 0x3E, 0x00, 0x4C, 0x00, 0x00, 0x00, 0x36, 0x00, 
0x35, 0x24, 0x23, 0x23, 0x24, 0x23, 0x26, 0x25, 0x26, 0x0A, 0x09, 0x1C, 0x2B, 0x00, 0x16, 0x16, 
0x15, 0x11, 0x14, 0x06, 0x23, 0x22, 0x26, 0x35, 0x11, 0x34, 0x26, 0x23, 0x22, 0x06, 0x06, 0x15, 
0x11, 0x14, 0x06, 0x23, 0x22, 0x26, 0x35, 0x11, 0x23, 0x22, 0x26, 0x35, 0x34, 0x36, 0x33, 0x33, 
0x35, 0x34, 0x36, 0x33, 0x32, 0x16, 0x15, 0x15, 0x33, 0x32, 0x16, 0x15, 0x14, 0x06, 0x23, 0x23, 
0x15, 0x36, 0x36, 0x33, 0x01, 0x9D, 0x73, 0x41, 0x11, 0x0D, 0x0D, 0x11, 0x6B, 0x56, 0x35, 0x57, 
0x32, 0x10, 0x0E, 0x0D, 0x11, 0x42, 0x0C, 0x0F, 0x0F, 0x0C, 0x42, 0x11, 0x0D, 0x0E, 0x10, 0xC0, 
0x0C, 0x0F, 0x0F, 0x0C, 0xC0, 0x22, 0x62, 0x3A, 0x02, 0x2A, 0x3C, 0x73, 0x50, 0xFE, 0xF3, 0x0D, 
0x11, 0x11, 0x0D, 0x01, 0x0D, 0x5F, 0x64, 0x29, 0x49, 0x2C, 0xFE, 0xCE, 0x0D, 0x11, 0x11, 0x0D, 
0x02, 0x4F, 0x0F, 0x0C, 0x0C, 0x0F, 0x4C, 0x0E, 0x10, 0x10, 0x0E, 0x4C, 0x0F, 0x0C, 0x0C, 0x0F, 
0x9C, 0x2A, 0x2F, 0x00, 0xFF, 0xFF, 0xFF, 0xE0, 0x00, 0x00, 0x02, 0x51, 0x04, 0x00, 0x00, 0x22, 
0x01, 0x08, 0x00, 0x00, 0x01, 0x07, 0x03, 0x2C, 0x01, 0x3E, 0x00, 0xEA, 0x00, 0x08, 0xB1, 0x01, 
0x01, 0xB0, 0xEA, 0xB0, 0x33, 0x2B, 0x00, 0x00, 0xFF, 0xFF, 0x00, 0x5D, 0x00, 0x00, 0x00, 0xBA, 
0x02, 0xF3, 0x00, 0x22, 0x01, 0x0C, 0x00, 0x00, 0x00, 0x03, 0x03, 0x27, 0x01, 0x18, 0x00, 0x00, 
0x00, 0x01, 0x00, 0x6E, 0x00, 0x00, 0x00, 0xAA, 0x02, 0x23, 0x00, 0x0D, 0x00, 0x19, 0x40, 0x16, 
0x00, 0x00, 0x00, 0x40, 0x4B, 0x02, 0x01, 0x01, 0x01, 0x3E, 0x01, 0x4C, 0x00, 0x00, 0x00, 0x0D, 
0x00, 0x0C, 0x25, 0x03, 0x09, 0x15, 0x2B, 0x32, 0x26, 0x35, 0x11, 0x34, 0x36, 0x33, 0x32, 0x16, 
0x15, 0x11, 0x14, 0x06, 0x23, 0x7F, 0x11, 0x11, 0x0D, 0x0E, 0x10, 0x10, 0x0E, 0x11, 0x0D, 0x01, 
0xE7, 0x0E, 0x10, 0x10, 0x0E, 0xFE, 0x19, 0x0D, 0x11, 0x00, 0x00, 0x00, 0xFF, 0xFF, 0x00, 0x5E, 
0x00, 0x00, 0x01, 0x15, 0x03, 0x2B, 0x00, 0x22, 0x01, 0x0C, 0x00, 0x00, 0x00, 0x03, 0x03, 0x29, 
0x01, 0x45, 0x00, 0x00, 0x00, 0x02, 0x00, 0x02, 0x00, 0x00, 0x01, 0x14, 0x03, 0x16, 0x00, 0x18, 
0x00, 0x26, 0x00, 0x38, 0x40, 0x35, 0x15, 0x01, 0x01, 0x00, 0x01, 0x4A, 0x00, 0x01, 0x06, 0x01, 
0x03, 0x04, 0x01, 0x03, 0x67, 0x02, 0x01, 0x00, 0x00, 0x45, 0x4B, 0x00, 0x04, 0x04, 0x40, 0x4B, 
0x07, 0x01, 0x05, 0x05, 0x3E, 0x05, 0x4C, 0x19, 0x19, 0x00, 0x00, 0x19, 0x26, 0x19, 0x25, 0x20, 
0x1E, 0x00, 0x18, 0x00, 0x17, 0x24, 0x24, 0x25, 0x08, 0x09, 0x17, 0x2B, 0x12, 0x26, 0x26, 0x35, 
0x34, 0x36, 0x33, 0x32, 0x16, 0x15, 0x14, 0x16, 0x33, 0x32, 0x36, 0x35, 0x34, 0x36, 0x33, 0x32, 
0x16, 0x17, 0x06, 0x06, 0x23, 0x02, 0x26, 0x35, 0x11, 0x34, 0x36, 0x33, 0x32, 0x16, 0x15, 0x11, 
0x14, 0x06, 0x23, 0x66, 0x3F, 0x25, 0x10, 0x0C, 0x0B, 0x10, 0x2C, 0x26, 0x25, 0x2D, 0x10, 0x0B, 
0x0C, 0x0F, 0x01, 0x03, 0x50, 0x36, 0x0C, 0x11, 0x11, 0x0D, 0x0E, 0x10, 0x10, 0x0E, 0x02, 0x88, 
0x1E, 0x33, 0x1E, 0x0D, 0x12, 0x12, 0x0D, 0x18, 0x21, 0x21, 0x18, 0x0D, 0x12, 0x12, 0x0C, 0x32, 
0x3E, 0xFD, 0x78, 0x11, 0x0D, 0x01, 0xE7, 0x0E, 0x10, 0x10, 0x0E, 0xFE, 0x19, 0x0D, 0x11, 0x00, 
0x00, 0x02, 0x00, 0x03, 0x00, 0x00, 0x01, 0x14, 0x03, 0x16, 0x00, 0x15, 0x00, 0x23, 0x00, 0x37, 
0x40, 0x34, 0x12, 0x01, 0x01, 0x00, 0x01, 0x4A, 0x05, 0x02, 0x02, 0x01, 0x00, 0x03, 0x00, 0x01, 
0x03, 0x7E, 0x00, 0x00, 0x00, 0x45, 0x4B, 0x00, 0x03, 0x03, 0x40, 0x4B, 0x06, 0x01, 0x04, 0x04, 
0x3E, 0x04, 0x4C, 0x16, 0x16, 0x00, 0x00, 0x16, 0x23, 0x16, 0x22, 0x1D, 0x1B, 0x00, 0x15, 0x00, 
0x14, 0x26, 0x26, 0x07, 0x09, 0x16, 0x2B, 0x12, 0x26, 0x35, 0x34, 0x37, 0x37, 0x36, 0x33, 0x32, 
0x17, 0x17, 0x16, 0x15, 0x14, 0x06, 0x23, 0x22, 0x27, 0x27, 0x07, 0x06, 0x23, 0x12, 0x26, 0x35, 
0x11, 0x34, 0x36, 0x33, 0x32, 0x16, 0x15, 0x11, 0x14, 0x06, 0x23, 0x13, 0x10, 0x0E, 0x6D, 0x08, 
0x06, 0x07, 0x06, 0x6D, 0x0E, 0x0F, 0x0C, 0x09, 0x09, 0x5B, 0x5C, 0x09, 0x07, 0x5F, 0x11, 0x11, 
0x0D, 0x0E, 0x10, 0x10, 0x0E, 0x02, 0x88, 0x11, 0x0D, 0x11, 0x0A, 0x51, 0x04, 0x04, 0x51, 0x0A, 
0x11, 0x0D, 0x11, 0x06, 0x44, 0x44, 0x06, 0xFD, 0x78, 0x11, 0x0D, 0x01, 0xE7, 0x0E, 0x10, 0x10, 
0x0E, 0xFE, 0x19, 0x0D, 0x11, 0x00, 0x00, 0x00, 0xFF, 0xFF, 0x00, 0x08, 0x00, 0x00, 0x01, 0x0F, 
0x03, 0x35, 0x00, 0x22, 0x01, 0x0C, 0x00, 0x00, 0x00, 0x03, 0x03, 0x33, 0x01, 0x3E, 0x00, 0x00, 
0x00, 0x03, 0xFF, 0xFE, 0x00, 0x00, 0x01, 0x19, 0x03, 0x0C, 0x00, 0x0B, 0x00, 0x17, 0x00, 0x25, 
0x00, 0x37, 0x40, 0x34, 0x07, 0x03, 0x06, 0x03, 0x01, 0x01, 0x00, 0x5F, 0x02, 0x01, 0x00, 0x00, 
0x3D, 0x4B, 0x00, 0x04, 0x04, 0x40, 0x4B, 0x08, 0x01, 0x05, 0x05, 0x3E, 0x05, 0x4C, 0x18, 0x18, 
0x0C, 0x0C, 0x00, 0x00, 0x18, 0x25, 0x18, 0x24, 0x1F, 0x1D, 0x0C, 0x17, 0x0C, 0x16, 0x12, 0x10, 
0x00, 0x0B, 0x00, 0x0A, 0x24, 0x09, 0x09, 0x15, 0x2B, 0x12, 0x26, 0x35, 0x34, 0x36, 0x33, 0x32, 
0x16, 0x15, 0x14, 0x06, 0x23, 0x32, 0x26, 0x35, 0x34, 0x36, 0x33, 0x32, 0x16, 0x15, 0x14, 0x06, 
0x23, 0x02, 0x26, 0x35, 0x11, 0x34, 0x36, 0x33, 0x32, 0x16, 0x15, 0x11, 0x14, 0x06, 0x23, 0x1C, 
0x1E, 0x1E, 0x16, 0x16, 0x1D, 0x1D, 0x16, 0x9E, 0x1E, 0x1E, 0x16, 0x16, 0x1D, 0x1D, 0x16, 0x67, 
0x11, 0x11, 0x0D, 0x0E, 0x10, 0x10, 0x0E, 0x02, 0xA5, 0x1E, 0x16, 0x15, 0x1E, 0x1E, 0x15, 0x16, 
0x1E, 0x1E, 0x16, 0x15, 0x1E, 0x1E, 0x15, 0x16, 0x1E, 0xFD, 0x5B, 0x11, 0x0D, 0x01, 0xE7, 0x0E, 
0x10, 0x10, 0x0E, 0xFE, 0x19, 0x0D, 0x11, 0x00, 0xFF, 0xFF, 0x00, 0x5D, 0x00, 0x00, 0x00, 0xBA, 
0x02, 0xF3, 0x00, 0x22, 0x01, 0x0C, 0x00, 0x00, 0x00, 0x03, 0x03, 0x27, 0x01, 0x18, 0x00, 0x00, 
0xFF, 0xFF, 0x00, 0x5D, 0xFF, 0x3A, 0x00, 0xBA, 0x02, 0xF3, 0x00, 0x22, 0x01, 0x0C, 0x00, 0x00, 
0x00, 0x23, 0x03, 0x27, 0x01, 0x18, 0x00, 0x00, 0x00, 0x03, 0x03, 0x37, 0x00, 0xEC, 0x00, 0x00, 
0xFF, 0xFF, 0xFF, 0xF5, 0x00, 0x00, 0x00, 0xAB, 0x03, 0x36, 0x00, 0x22, 0x01, 0x0C, 0x00, 0x00, 
0x00, 0x03, 0x03, 0x28, 0x00, 0xD6, 0x00, 0x00, 0xFF, 0xFF, 0x00, 0x38, 0x00, 0x00, 0x01, 0x03, 
0x03, 0x52, 0x00, 0x22, 0x01, 0x0C, 0x00, 0x00, 0x00, 0x03, 0x03, 0x32, 0x01, 0x35, 0x00, 0x00, 
0x00, 0x02, 0x00, 0x02, 0x00, 0x00, 0x01, 0x14, 0x03, 0x16, 0x00, 0x18, 0x00, 0x26, 0x00, 0x37, 
0x40, 0x34, 0x02, 0x01, 0x00, 0x01, 0x04, 0x01, 0x00, 0x04, 0x7E, 0x00, 0x01, 0x01, 0x03, 0x5F, 
0x06, 0x01, 0x03, 0x03, 0x45, 0x4B, 0x00, 0x04, 0x04, 0x40, 0x4B, 0x07, 0x01, 0x05, 0x05, 0x3E, 
0x05, 0x4C, 0x19, 0x19, 0x00, 0x00, 0x19, 0x26, 0x19, 0x25, 0x20, 0x1E, 0x00, 0x18, 0x00, 0x17, 
0x24, 0x24, 0x24, 0x08, 0x09, 0x17, 0x2B, 0x12, 0x16, 0x17, 0x14, 0x06, 0x23, 0x22, 0x26, 0x35, 
0x34, 0x26, 0x23, 0x22, 0x06, 0x15, 0x14, 0x06, 0x23, 0x22, 0x26, 0x35, 0x34, 0x36, 0x36, 0x33, 
0x02, 0x26, 0x35, 0x11, 0x34, 0x36, 0x33, 0x32, 0x16, 0x15, 0x11, 0x14, 0x06, 0x23, 0xC1, 0x50, 
0x03, 0x10, 0x0B, 0x0C, 0x0F, 0x2E, 0x25, 0x25, 0x2D, 0x10, 0x0B, 0x0B, 0x11, 0x25, 0x3F, 0x25, 
0x0C, 0x11, 0x11, 0x0D, 0x0E, 0x10, 0x10, 0x0E, 0x03, 0x16, 0x3E, 0x32, 0x0C, 0x12, 0x12, 0x0D, 
0x18, 0x21, 0x21, 0x18, 0x0D, 0x12, 0x12, 0x0D, 0x1E, 0x33, 0x1E, 0xFC, 0xEA, 0x11, 0x0D, 0x01, 
0xE7, 0x0E, 0x10, 0x10, 0x0E, 0xFE, 0x19, 0x0D, 0x11, 0x00, 0x00, 0x00, 0xFF, 0xFF, 0x00, 0x5D, 
0xFF, 0x16, 0x01, 0xD5, 0x02, 0xF3, 0x00, 0x22, 0x01, 0x0C, 0x00, 0x00, 0x00, 0x23, 0x03, 0x27, 
0x01, 0x18, 0x00, 0x00, 0x00, 0x23, 0x01, 0x1C, 0x01, 0x18, 0x00, 0x00, 0x00, 0x03, 0x03, 0x27, 
0x02, 0x33, 0x00, 0x00, 0x00, 0x02, 0x00, 0x0A, 0x00, 0x00, 0x01, 0x0E, 0x02, 0xD2, 0x00, 0x0D, 
0x00, 0x1B, 0x00, 0x2A, 0x40, 0x27, 0x00, 0x00, 0x04, 0x01, 0x01, 0x02, 0x00, 0x01, 0x65, 0x00, 
0x02, 0x02, 0x40, 0x4B, 0x05, 0x01, 0x03, 0x03, 0x3E, 0x03, 0x4C, 0x0E, 0x0E, 0x00, 0x00, 0x0E, 
0x1B, 0x0E, 0x1A, 0x15, 0x13, 0x00, 0x0D, 0x00, 0x0B, 0x34, 0x06, 0x09, 0x15, 0x2B, 0x12, 0x26, 
0x35, 0x34, 0x36, 0x33, 0x33, 0x32, 0x16, 0x15, 0x14, 0x06, 0x23, 0x23, 0x12, 0x26, 0x35, 0x11, 
0x34, 0x36, 0x33, 0x32, 0x16, 0x15, 0x11, 0x14, 0x06, 0x23, 0x18, 0x0E, 0x0E, 0x0A, 0xD4, 0x0A, 
0x0E, 0x0E, 0x0A, 0xD4, 0x5D, 0x11, 0x11, 0x0D, 0x0E, 0x10, 0x10, 0x0E, 0x02, 0x95, 0x11, 0x0D, 
0x0D, 0x12, 0x12, 0x0D, 0x0D, 0x11, 0xFD, 0x6B, 0x11, 0x0D, 0x01, 0xE7, 0x0E, 0x10, 0x10, 0x0E, 
0xFE, 0x19, 0x0D, 0x11, 0x00, 0x02, 0x00, 0x1D, 0xFF, 0x05, 0x00, 0xFC, 0x02, 0xF3, 0x00, 0x0B, 
0x00, 0x37, 0x00, 0x6D, 0xB6, 0x28, 0x1C, 0x02, 0x05, 0x03, 0x01, 0x4A, 0x4B, 0xB0, 0x1E, 0x50, 
0x58, 0x40, 0x22, 0x07, 0x01, 0x05, 0x03, 0x04, 0x03, 0x05, 0x04, 0x7E, 0x00, 0x00, 0x06, 0x01, 
0x01, 0x03, 0x00, 0x01, 0x67, 0x00, 0x03, 0x03, 0x40, 0x4B, 0x00, 0x04, 0x04, 0x02, 0x5F, 0x00, 
0x02, 0x02, 0x42, 0x02, 0x4C, 0x1B, 0x40, 0x1F, 0x07, 0x01, 0x05, 0x03, 0x04, 0x03, 0x05, 0x04, 
0x7E, 0x00, 0x00, 0x06, 0x01, 0x01, 0x03, 0x00, 0x01, 0x67, 0x00, 0x04, 0x00, 0x02, 0x04, 0x02, 
0x63, 0x00, 0x03, 0x03, 0x40, 0x03, 0x4C, 0x59, 0x40, 0x16, 0x0C, 0x0C, 0x00, 0x00, 0x0C, 0x37, 
0x0C, 0x36, 0x33, 0x31, 0x23, 0x21, 0x14, 0x12, 0x00, 0x0B, 0x00, 0x0A, 0x24, 0x08, 0x09, 0x15, 
0x2B, 0x12, 0x26, 0x35, 0x34, 0x36, 0x33, 0x32, 0x16, 0x15, 0x14, 0x06, 0x23, 0x12, 0x16, 0x15, 
0x14, 0x07, 0x07, 0x06, 0x23, 0x22, 0x26, 0x35, 0x34, 0x37, 0x36, 0x37, 0x36, 0x37, 0x26, 0x35, 
0x11, 0x34, 0x36, 0x33, 0x32, 0x16, 0x15, 0x11, 0x14, 0x07, 0x16, 0x15, 0x14, 0x06, 0x07, 0x06, 
0x15, 0x14, 0x16, 0x33, 0x32, 0x37, 0x37, 0x36, 0x33, 0x77, 0x1A, 0x1C, 0x13, 0x13, 0x1B, 0x1B, 
0x14, 0x5F, 0x12, 0x0A, 0x29, 0x1C, 0x21, 0x2D, 0x42, 0x2F, 0x1F, 0x07, 0x03, 0x06, 0x0D, 0x11, 
0x0D, 0x0E, 0x10, 0x0C, 0x0D, 0x1E, 0x1E, 0x15, 0x1D, 0x15, 0x10, 0x0C, 0x23, 0x09, 0x09, 0x02, 
0x96, 0x1B, 0x14, 0x16, 0x18, 0x18, 0x16, 0x14, 0x1B, 0xFC, 0xD4, 0x12, 0x0D, 0x0F, 0x08, 0x1C, 
0x13, 0x41, 0x2E, 0x35, 0x26, 0x19, 0x13, 0x05, 0x05, 0x08, 0x11, 0x01, 0xE7, 0x0E, 0x10, 0x10, 
0x0E, 0xFE, 0x19, 0x11, 0x08, 0x08, 0x10, 0x13, 0x27, 0x16, 0x11, 0x18, 0x15, 0x1D, 0x08, 0x1A, 
0x06, 0x00, 0x00, 0x00, 0xFF, 0xFF, 0xFF, 0xF0, 0x00, 0x00, 0x01, 0x19, 0x02, 0xFE, 0x00, 0x22, 
0x01, 0x0C, 0x00, 0x00, 0x00, 0x03, 0x03, 0x40, 0x01, 0x57, 0x00, 0x00, 0xFF, 0xFF, 0xFF, 0xA6, 
0xFF, 0x16, 0x00, 0xBD, 0x02, 0xF3, 0x00, 0x22, 0x01, 0x1C, 0x00, 0x00, 0x00, 0x03, 0x03, 0x27, 
0x01, 0x1B, 0x00, 0x00, 0x00, 0x01, 0xFF, 0xA6, 0xFF, 0x16, 0x00, 0xAE, 0x02, 0x23, 0x00, 0x14, 
0x00, 0x1F, 0x40, 0x1C, 0x00, 0x01, 0x01, 0x40, 0x4B, 0x00, 0x00, 0x00, 0x02, 0x5F, 0x03, 0x01, 
0x02, 0x02, 0x42, 0x02, 0x4C, 0x00, 0x00, 0x00, 0x14, 0x00, 0x13, 0x25, 0x24, 0x04, 0x09, 0x16, 
0x2B, 0x06, 0x26, 0x35, 0x34, 0x36, 0x33, 0x32, 0x36, 0x35, 0x11, 0x34, 0x36, 0x33, 0x32, 0x16, 
0x15, 0x11, 0x14, 0x06, 0x06, 0x23, 0x49, 0x11, 0x11, 0x0E, 0x4C, 0x60, 0x11, 0x0D, 0x0E, 0x11, 
0x3C, 0x6A, 0x43, 0xEA, 0x11, 0x0D, 0x0D, 0x12, 0x60, 0x4C, 0x02, 0x06, 0x0E, 0x10, 0x11, 0x0D, 
0xFD, 0xFA, 0x43, 0x6A, 0x3C, 0x00, 0x00, 0x00, 0x00, 0x02, 0xFF, 0xA6, 0xFF, 0x16, 0x01, 0x17, 
0x03, 0x16, 0x00, 0x15, 0x00, 0x2A, 0x00, 0x3E, 0x40, 0x3B, 0x12, 0x01, 0x01, 0x00, 0x01, 0x4A, 
0x06, 0x02, 0x02, 0x01, 0x00, 0x04, 0x00, 0x01, 0x04, 0x7E, 0x00, 0x00, 0x00, 0x45, 0x4B, 0x00, 
0x04, 0x04, 0x40, 0x4B, 0x00, 0x03, 0x03, 0x05, 0x5F, 0x07, 0x01, 0x05, 0x05, 0x42, 0x05, 0x4C, 
0x16, 0x16, 0x00, 0x00, 0x16, 0x2A, 0x16, 0x29, 0x23, 0x21, 0x1C, 0x1A, 0x00, 0x15, 0x00, 0x14, 
0x26, 0x26, 0x08, 0x09, 0x16, 0x2B, 0x12, 0x26, 0x35, 0x34, 0x37, 0x37, 0x36, 0x33, 0x32, 0x17, 
0x17, 0x16, 0x15, 0x14, 0x06, 0x23, 0x22, 0x27, 0x27, 0x07, 0x06, 0x23, 0x02, 0x26, 0x35, 0x34, 
0x36, 0x33, 0x32, 0x36, 0x35, 0x11, 0x34, 0x36, 0x33, 0x32, 0x16, 0x15, 0x11, 0x14, 0x06, 0x06, 
0x23, 0x16, 0x10, 0x0E, 0x6D, 0x08, 0x06, 0x07, 0x06, 0x6D, 0x0E, 0x0F, 0x0C, 0x09, 0x09, 0x5B, 
0x5C, 0x09, 0x07, 0x6C, 0x11, 0x11, 0x0E, 0x4C, 0x60, 0x11, 0x0D, 0x0E, 0x11, 0x3C, 0x6A, 0x43, 
0x02, 0x88, 0x11, 0x0D, 0x11, 0x0A, 0x51, 0x04, 0x04, 0x51, 0x0A, 0x11, 0x0D, 0x11, 0x06, 0x44, 
0x44, 0x06, 0xFC, 0x8E, 0x11, 0x0D, 0x0D, 0x12, 0x60, 0x4C, 0x02, 0x06, 0x0E, 0x10, 0x11, 0x0D, 
0xFD, 0xFA, 0x43, 0x6A, 0x3C, 0x00, 0x00, 0x00, 0x00, 0x01, 0x00, 0x5A, 0xFF, 0xFD, 0x01, 0xFE, 
0x03, 0x0D, 0x00, 0x23, 0x00, 0x5B, 0x40, 0x09, 0x22, 0x18, 0x09, 0x08, 0x04, 0x00, 0x03, 0x01, 
0x4A, 0x4B, 0xB0, 0x0C, 0x50, 0x58, 0x40, 0x11, 0x00, 0x02, 0x02, 0x3D, 0x4B, 0x00, 0x03, 0x03, 
0x48, 0x4B, 0x01, 0x01, 0x00, 0x00, 0x49, 0x00, 0x4C, 0x1B, 0x4B, 0xB0, 0x0D, 0x50, 0x58, 0x40, 
0x11, 0x00, 0x02, 0x02, 0x3D, 0x4B, 0x00, 0x03, 0x03, 0x48, 0x4B, 0x01, 0x01, 0x00, 0x00, 0x3E, 
0x00, 0x4C, 0x1B, 0x40, 0x11, 0x00, 0x02, 0x02, 0x3D, 0x4B, 0x00, 0x03, 0x03, 0x48, 0x4B, 0x01, 
0x01, 0x00, 0x00, 0x49, 0x00, 0x4C, 0x59, 0x59, 0xB6, 0x25, 0x25, 0x26, 0x24, 0x04, 0x09, 0x18, 
0x2B, 0x24, 0x15, 0x14, 0x07, 0x06, 0x23, 0x22, 0x27, 0x03, 0x07, 0x15, 0x14, 0x06, 0x23, 0x22, 
0x26, 0x35, 0x11, 0x34, 0x36, 0x33, 0x32, 0x16, 0x15, 0x11, 0x01, 0x36, 0x33, 0x32, 0x17, 0x16, 
0x15, 0x14, 0x07, 0x07, 0x13, 0x01, 0xFE, 0x0B, 0x0A, 0x08, 0x0C, 0x09, 0xD9, 0x5D, 0x10, 0x0E, 
0x0D, 0x11, 0x11, 0x0D, 0x0E, 0x10, 0x01, 0x36, 0x0A, 0x09, 0x0A, 0x09, 0x09, 0x0A, 0xD4, 0xDA, 
0x24, 0x0A, 0x0B, 0x0A, 0x08, 0x0C, 0x01, 0x09, 0x55, 0x9F, 0x0D, 0x11, 0x11, 0x0D, 0x02, 0xD1, 
0x0E, 0x10, 0x10, 0x0E, 0xFE, 0x17, 0x01, 0x1A, 0x08, 0x0A, 0x09, 0x0A, 0x0A, 0x09, 0xC1, 0xFE, 
0xF5, 0x00, 0x00, 0x00, 0xFF, 0xFF, 0x00, 0x5A, 0xFF, 0x18, 0x01, 0xFE, 0x03, 0x0D, 0x00, 0x22, 
0x01, 0x1E, 0x00, 0x00, 0x00, 0x03, 0x03, 0x39, 0x01, 0xBE, 0x00, 0x00, 0x00, 0x01, 0x00, 0x5A, 
0xFF, 0xFD, 0x01, 0xFE, 0x02, 0x28, 0x00, 0x23, 0x00, 0x69, 0x40, 0x09, 0x22, 0x18, 0x09, 0x08, 
0x04, 0x00, 0x02, 0x01, 0x4A, 0x4B, 0xB0, 0x0C, 0x50, 0x58, 0x40, 0x0D, 0x03, 0x01, 0x02, 0x02, 
0x40, 0x4B, 0x01, 0x01, 0x00, 0x00, 0x49, 0x00, 0x4C, 0x1B, 0x4B, 0xB0, 0x0D, 0x50, 0x58, 0x40, 
0x0D, 0x03, 0x01, 0x02, 0x02, 0x40, 0x4B, 0x01, 0x01, 0x00, 0x00, 0x3E, 0x00, 0x4C, 0x1B, 0x4B, 
0xB0, 0x2E, 0x50, 0x58, 0x40, 0x0D, 0x03, 0x01, 0x02, 0x02, 0x40, 0x4B, 0x01, 0x01, 0x00, 0x00, 
0x49, 0x00, 0x4C, 0x1B, 0x40, 0x11, 0x00, 0x03, 0x03, 0x48, 0x4B, 0x00, 0x02, 0x02, 0x40, 0x4B, 
0x01, 0x01, 0x00, 0x00, 0x49, 0x00, 0x4C, 0x59, 0x59, 0x59, 0xB6, 0x25, 0x25, 0x26, 0x24, 0x04, 
0x09, 0x18, 0x2B, 0x24, 0x15, 0x14, 0x07, 0x06, 0x23, 0x22, 0x27, 0x03, 0x07, 0x15, 0x14, 0x06, 
0x23, 0x22, 0x26, 0x35, 0x11, 0x34, 0x36, 0x33, 0x32, 0x16, 0x15, 0x15, 0x01, 0x36, 0x33, 0x32, 
0x17, 0x16, 0x15, 0x14, 0x07, 0x07, 0x13, 0x01, 0xFE, 0x0B, 0x0A, 0x08, 0x0C, 0x09, 0xD9, 0x5D, 
0x10, 0x0E, 0x0D, 0x11, 0x11, 0x0D, 0x0E, 0x10, 0x01, 0x36, 0x0A, 0x09, 0x0A, 0x09, 0x09, 0x0A, 
0xD4, 0xDA, 0x24, 0x0A, 0x0B, 0x0A, 0x08, 0x0C, 0x01, 0x09, 0x55, 0x9F, 0x0D, 0x11, 0x11, 0x0D, 
0x01, 0xE7, 0x0E, 0x10, 0x10, 0x0E, 0xFF, 0x01, 0x1A, 0x08, 0x0A, 0x09, 0x0A, 0x0A, 0x09, 0xC1, 
0xFE, 0xF5, 0x00, 0x00, 0x00, 0x01, 0x00, 0x46, 0x00, 0x00, 0x00, 0xFA, 0x03, 0x0D, 0x00, 0x15, 
0x00, 0x1F, 0x40, 0x1C, 0x00, 0x00, 0x00, 0x3D, 0x4B, 0x00, 0x01, 0x01, 0x02, 0x5F, 0x03, 0x01, 
0x02, 0x02, 0x3E, 0x02, 0x4C, 0x00, 0x00, 0x00, 0x15, 0x00, 0x13, 0x35, 0x25, 0x04, 0x09, 0x16, 
0x2B, 0x32, 0x26, 0x35, 0x11, 0x34, 0x36, 0x33, 0x32, 0x16, 0x15, 0x11, 0x14, 0x16, 0x33, 0x33, 
0x32, 0x16, 0x15, 0x14, 0x06, 0x23, 0x23, 0x8F, 0x49, 0x11, 0x0D, 0x0E, 0x10, 0x27, 0x1F, 0x19, 
0x0B, 0x0E, 0x10, 0x0E, 0x14, 0x5C, 0x49, 0x02, 0x4A, 0x0E, 0x10, 0x10, 0x0E, 0xFD, 0xB6, 0x2E, 
0x3B, 0x10, 0x0E, 0x0D, 0x11, 0x00, 0x00, 0x00, 0x00, 0x02, 0x00, 0x36, 0x00, 0x00, 0x00, 0xFA, 
0x03, 0xB1, 0x00, 0x0F, 0x00, 0x25, 0x00, 0x33, 0x40, 0x30, 0x00, 0x00, 0x01, 0x00, 0x83, 0x05, 
0x01, 0x01, 0x02, 0x01, 0x83, 0x00, 0x02, 0x03, 0x02, 0x83, 0x00, 0x03, 0x03, 0x04, 0x5F, 0x06, 
0x01, 0x04, 0x04, 0x3E, 0x04, 0x4C, 0x10, 0x10, 0x00, 0x00, 0x10, 0x25, 0x10, 0x23, 0x1F, 0x1C, 
0x17, 0x15, 0x00, 0x0F, 0x00, 0x0E, 0x26, 0x07, 0x09, 0x15, 0x2B, 0x12, 0x26, 0x35, 0x34, 0x37, 
0x37, 0x36, 0x33, 0x32, 0x16, 0x15, 0x14, 0x07, 0x07, 0x06, 0x23, 0x12, 0x26, 0x35, 0x11, 0x34, 
0x36, 0x33, 0x32, 0x16, 0x15, 0x11, 0x14, 0x16, 0x33, 0x33, 0x32, 0x16, 0x15, 0x14, 0x06, 0x23, 
0x23, 0x48, 0x12, 0x07, 0x7B, 0x09, 0x0D, 0x0D, 0x12, 0x09, 0x7B, 0x08, 0x0C, 0x3A, 0x49, 0x11, 
0x0D, 0x0E, 0x10, 0x27, 0x1F, 0x19, 0x0B, 0x0E, 0x10, 0x0E, 0x14, 0x02, 0xFA, 0x12, 0x0D, 0x0B, 
0x09, 0x7B, 0x09, 0x12, 0x0D, 0x0C, 0x09, 0x7B, 0x08, 0xFD, 0x06, 0x5C, 0x49, 0x01, 0xE6, 0x0E, 
0x10, 0x10, 0x0E, 0xFE, 0x1A, 0x2E, 0x3B, 0x10, 0x0E, 0x0D, 0x11, 0x00, 0xFF, 0xFF, 0x00, 0x46, 
0x00, 0x00, 0x01, 0x47, 0x03, 0x0D, 0x00, 0x22, 0x01, 0x21, 0x00, 0x00, 0x00, 0x03, 0x03, 0x2B, 
0x01, 0x79, 0x00, 0x00, 0xFF, 0xFF, 0x00, 0x46, 0xFF, 0x18, 0x01, 0x44, 0x03, 0x0D, 0x00, 0x22, 
0x01, 0x21, 0x00, 0x00, 0x00, 0x03, 0x03, 0x39, 0x01, 0x67, 0x00, 0x00, 0xFF, 0xFF, 0x00, 0x46, 
0x00, 0x00, 0x01, 0x44, 0x03, 0x0D, 0x00, 0x22, 0x01, 0x21, 0x00, 0x00, 0x00, 0x03, 0x02, 0xA8, 
0x00, 0xB4, 0x00, 0x00, 0x00, 0x01, 0x00, 0x0E, 0x00, 0x00, 0x01, 0x31, 0x03, 0x16, 0x00, 0x26, 
0x00, 0x37, 0x40, 0x34, 0x1D, 0x14, 0x0C, 0x03, 0x04, 0x00, 0x02, 0x01, 0x4A, 0x00, 0x00, 0x02, 
0x03, 0x02, 0x00, 0x03, 0x7E, 0x00, 0x01, 0x01, 0x45, 0x4B, 0x00, 0x02, 0x02, 0x40, 0x4B, 0x00, 
0x03, 0x03, 0x04, 0x5D, 0x05, 0x01, 0x04, 0x04, 0x3E, 0x04, 0x4C, 0x00, 0x00, 0x00, 0x26, 0x00, 
0x24, 0x26, 0x25, 0x28, 0x25, 0x06, 0x09, 0x18, 0x2B, 0x32, 0x26, 0x35, 0x11, 0x07, 0x06, 0x23, 
0x22, 0x26, 0x35, 0x34, 0x37, 0x37, 0x11, 0x34, 0x36, 0x33, 0x32, 0x16, 0x15, 0x11, 0x37, 0x36, 
0x33, 0x32, 0x16, 0x15, 0x14, 0x07, 0x07, 0x11, 0x33, 0x32, 0x16, 0x15, 0x14, 0x06, 0x23, 0x23, 
0x8C, 0x11, 0x3A, 0x09, 0x0A, 0x0D, 0x13, 0x08, 0x65, 0x11, 0x0D, 0x0D, 0x12, 0x45, 0x09, 0x0D, 
0x0C, 0x12, 0x09, 0x70, 0x32, 0x0D, 0x12, 0x12, 0x0D, 0x51, 0x11, 0x0D, 0x01, 0x26, 0x39, 0x09, 
0x11, 0x0E, 0x0D, 0x08, 0x63, 0x01, 0x5F, 0x0D, 0x11, 0x11, 0x0D, 0xFE, 0xDD, 0x45, 0x09, 0x12, 
0x0C, 0x0D, 0x09, 0x70, 0xFE, 0xBE, 0x12, 0x0D, 0x0D, 0x11, 0x00, 0x00, 0x00, 0x01, 0x00, 0x5A, 
0x00, 0x00, 0x03, 0x69, 0x02, 0x2A, 0x00, 0x38, 0x00, 0x56, 0xB6, 0x35, 0x2F, 0x02, 0x00, 0x01, 
0x01, 0x4A, 0x4B, 0xB0, 0x22, 0x50, 0x58, 0x40, 0x16, 0x03, 0x01, 0x01, 0x01, 0x05, 0x5F, 0x08, 
0x07, 0x06, 0x03, 0x05, 0x05, 0x40, 0x4B, 0x04, 0x02, 0x02, 0x00, 0x00, 0x3E, 0x00, 0x4C, 0x1B, 
0x40, 0x1A, 0x00, 0x05, 0x05, 0x40, 0x4B, 0x03, 0x01, 0x01, 0x01, 0x06, 0x5F, 0x08, 0x07, 0x02, 
0x06, 0x06, 0x48, 0x4B, 0x04, 0x02, 0x02, 0x00, 0x00, 0x3E, 0x00, 0x4C, 0x59, 0x40, 0x10, 0x00, 
0x00, 0x00, 0x38, 0x00, 0x37, 0x25, 0x25, 0x25, 0x25, 0x26, 0x25, 0x26, 0x09, 0x09, 0x1B, 0x2B, 
0x00, 0x16, 0x16, 0x15, 0x11, 0x14, 0x06, 0x23, 0x22, 0x26, 0x35, 0x11, 0x34, 0x26, 0x23, 0x22, 
0x06, 0x17, 0x15, 0x11, 0x14, 0x06, 0x23, 0x22, 0x26, 0x35, 0x11, 0x34, 0x26, 0x23, 0x22, 0x06, 
0x15, 0x11, 0x14, 0x06, 0x23, 0x22, 0x26, 0x35, 0x11, 0x34, 0x36, 0x33, 0x32, 0x16, 0x15, 0x15, 
0x36, 0x36, 0x33, 0x32, 0x16, 0x17, 0x36, 0x36, 0x33, 0x02, 0xD7, 0x5E, 0x34, 0x10, 0x0E, 0x0D, 
0x11, 0x52, 0x40, 0x46, 0x56, 0x02, 0x10, 0x0E, 0x0D, 0x11, 0x52, 0x40, 0x45, 0x58, 0x10, 0x0E, 
0x0D, 0x11, 0x11, 0x0D, 0x0E, 0x10, 0x1C, 0x52, 0x2F, 0x3A, 0x5C, 0x1B, 0x1B, 0x60, 0x3C, 0x02, 
0x2A, 0x3C, 0x6B, 0x44, 0xFE, 0xDF, 0x0D, 0x11, 0x11, 0x0D, 0x01, 0x21, 0x4D, 0x62, 0x5C, 0x4C, 
0x07, 0xFE, 0xDF, 0x0D, 0x11, 0x11, 0x0D, 0x01, 0x21, 0x4D, 0x62, 0x58, 0x46, 0xFE, 0xCE, 0x0D, 
0x11, 0x11, 0x0D, 0x01, 0xE7, 0x0E, 0x10, 0x10, 0x0E, 0x27, 0x24, 0x28, 0x39, 0x32, 0x32, 0x39, 
0x00, 0x01, 0x00, 0x5A, 0x00, 0x00, 0x02, 0x51, 0x02, 0x2A, 0x00, 0x24, 0x00, 0x4C, 0xB5, 0x21, 
0x01, 0x00, 0x01, 0x01, 0x4A, 0x4B, 0xB0, 0x22, 0x50, 0x58, 0x40, 0x13, 0x00, 0x01, 0x01, 0x03, 
0x5F, 0x05, 0x04, 0x02, 0x03, 0x03, 0x40, 0x4B, 0x02, 0x01, 0x00, 0x00, 0x3E, 0x00, 0x4C, 0x1B, 
0x40, 0x17, 0x00, 0x03, 0x03, 0x40, 0x4B, 0x00, 0x01, 0x01, 0x04, 0x5F, 0x05, 0x01, 0x04, 0x04, 
0x48, 0x4B, 0x02, 0x01, 0x00, 0x00, 0x3E, 0x00, 0x4C, 0x59, 0x40, 0x0D, 0x00, 0x00, 0x00, 0x24, 
0x00, 0x23, 0x25, 0x26, 0x25, 0x26, 0x06, 0x09, 0x18, 0x2B, 0x00, 0x16, 0x16, 0x15, 0x11, 0x14, 
0x06, 0x23, 0x22, 0x26, 0x35, 0x11, 0x34, 0x26, 0x23, 0x22, 0x06, 0x06, 0x15, 0x11, 0x14, 0x06, 
0x23, 0x22, 0x26, 0x35, 0x11, 0x34, 0x36, 0x33, 0x32, 0x16, 0x15, 0x15, 0x36, 0x36, 0x33, 0x01, 
0x9D, 0x73, 0x41, 0x11, 0x0D, 0x0D, 0x11, 0x6B, 0x56, 0x35, 0x57, 0x32, 0x10, 0x0E, 0x0D, 0x11, 
0x11, 0x0D, 0x0E, 0x10, 0x22, 0x62, 0x3A, 0x02, 0x2A, 0x3C, 0x73, 0x50, 0xFE, 0xF3, 0x0D, 0x11, 
0x11, 0x0D, 0x01, 0x0D, 0x5F, 0x64, 0x29, 0x49, 0x2C, 0xFE, 0xCE, 0x0D, 0x11, 0x11, 0x0D, 0x01, 
0xE7, 0x0E, 0x10, 0x10, 0x0E, 0x34, 0x2A, 0x2F, 0xFF, 0xFF, 0x00, 0x5A, 0x00, 0x00, 0x02, 0x51, 
0x03, 0x2B, 0x00, 0x22, 0x01, 0x28, 0x00, 0x00, 0x00, 0x03, 0x03, 0x29, 0x02, 0x0A, 0x00, 0x00, 
0xFF, 0xFF, 0x00, 0x5A, 0x00, 0x00, 0x02, 0x51, 0x03, 0x12, 0x00, 0x22, 0x01, 0x28, 0x00, 0x00, 
0x00, 0x03, 0x03, 0x2D, 0x02, 0x17, 0x00, 0x00, 0xFF, 0xFF, 0x00, 0x5A, 0xFF, 0x18, 0x02, 0x51, 
0x02, 0x2A, 0x00, 0x22, 0x01, 0x28, 0x00, 0x00, 0x00, 0x03, 0x03, 0x39, 0x01, 0xF0, 0x00, 0x00, 
0x00, 0x01, 0x00, 0x5A, 0xFF, 0x42, 0x02, 0x51, 0x02, 0x2A, 0x00, 0x32, 0x00, 0x6A, 0xB5, 0x2F, 
0x01, 0x04, 0x03, 0x01, 0x4A, 0x4B, 0xB0, 0x22, 0x50, 0x58, 0x40, 0x21, 0x00, 0x01, 0x04, 0x02, 
0x04, 0x01, 0x02, 0x7E, 0x00, 0x02, 0x00, 0x00, 0x02, 0x00, 0x63, 0x00, 0x03, 0x03, 0x05, 0x5F, 
0x07, 0x06, 0x02, 0x05, 0x05, 0x40, 0x4B, 0x00, 0x04, 0x04, 0x3E, 0x04, 0x4C, 0x1B, 0x40, 0x25, 
0x00, 0x01, 0x04, 0x02, 0x04, 0x01, 0x02, 0x7E, 0x00, 0x02, 0x00, 0x00, 0x02, 0x00, 0x63, 0x00, 
0x05, 0x05, 0x40, 0x4B, 0x00, 0x03, 0x03, 0x06, 0x5F, 0x07, 0x01, 0x06, 0x06, 0x48, 0x4B, 0x00, 
0x04, 0x04, 0x3E, 0x04, 0x4C, 0x59, 0x40, 0x0F, 0x00, 0x00, 0x00, 0x32, 0x00, 0x31, 0x25, 0x26, 
0x26, 0x24, 0x24, 0x27, 0x08, 0x09, 0x1A, 0x2B, 0x00, 0x16, 0x16, 0x15, 0x15, 0x14, 0x06, 0x06, 
0x23, 0x22, 0x26, 0x27, 0x26, 0x36, 0x33, 0x32, 0x16, 0x17, 0x16, 0x16, 0x33, 0x32, 0x36, 0x35, 
0x35, 0x34, 0x26, 0x26, 0x23, 0x22, 0x06, 0x06, 0x15, 0x11, 0x14, 0x06, 0x23, 0x22, 0x26, 0x35, 
0x11, 0x34, 0x36, 0x33, 0x32, 0x16, 0x15, 0x15, 0x36, 0x36, 0x33, 0x01, 0x9D, 0x73, 0x41, 0x35, 
0x5F, 0x3F, 0x45, 0x60, 0x0C, 0x03, 0x0D, 0x0E, 0x09, 0x12, 0x04, 0x0D, 0x41, 0x2C, 0x45, 0x52, 
0x31, 0x58, 0x38, 0x37, 0x56, 0x31, 0x10, 0x0E, 0x0D, 0x11, 0x11, 0x0D, 0x0E, 0x10, 0x1F, 0x63, 
0x3C, 0x02, 0x2A, 0x41, 0x74, 0x4A, 0xAC, 0x66, 0x8E, 0x49, 0x3C, 0x2F, 0x0D, 0x10, 0x0E, 0x0A, 
0x19, 0x1F, 0x85, 0x80, 0xAC, 0x38, 0x59, 0x32, 0x28, 0x48, 0x2E, 0xFE, 0xCE, 0x0D, 0x11, 0x11, 
0x0D, 0x01, 0xE7, 0x0E, 0x10, 0x10, 0x0E, 0x3A, 0x2D, 0x32, 0x00, 0x00, 0xFF, 0xFF, 0x00, 0x5A, 
0x00, 0x00, 0x02, 0x51, 0x02, 0xEA, 0x00, 0x22, 0x01, 0x28, 0x00, 0x00, 0x00, 0x03, 0x03, 0x30, 
0x02, 0x49, 0x00, 0x00, 0x00, 0x02, 0x00, 0x3C, 0xFF, 0xFA, 0x02, 0x6B, 0x02, 0x29, 0x00, 0x0F, 
0x00, 0x1F, 0x00, 0x2C, 0x40, 0x29, 0x00, 0x02, 0x02, 0x00, 0x5F, 0x00, 0x00, 0x00, 0x48, 0x4B, 
0x05, 0x01, 0x03, 0x03, 0x01, 0x5F, 0x04, 0x01, 0x01, 0x01, 0x49, 0x01, 0x4C, 0x10, 0x10, 0x00, 
0x00, 0x10, 0x1F, 0x10, 0x1E, 0x18, 0x16, 0x00, 0x0F, 0x00, 0x0E, 0x26, 0x06, 0x09, 0x15, 0x2B, 
0x04, 0x26, 0x26, 0x35, 0x34, 0x36, 0x36, 0x33, 0x32, 0x16, 0x16, 0x15, 0x14, 0x06, 0x06, 0x23, 
0x3E, 0x02, 0x35, 0x34, 0x26, 0x26, 0x23, 0x22, 0x06, 0x06, 0x15, 0x14, 0x16, 0x16, 0x33, 0x01, 
0x05, 0x80, 0x49, 0x49, 0x80, 0x4F, 0x4E, 0x80, 0x49, 0x49, 0x80, 0x4E, 0x3E, 0x64, 0x39, 0x39, 
0x64, 0x3E, 0x3E, 0x64, 0x3A, 0x3A, 0x64, 0x3E, 0x06, 0x49, 0x80, 0x4E, 0x4F, 0x80, 0x49, 0x49, 
0x80, 0x4F, 0x4E, 0x80, 0x49, 0x38, 0x3A, 0x66, 0x3F, 0x3F, 0x66, 0x3B, 0x3B, 0x66, 0x3F, 0x3F, 
0x66, 0x3A, 0x00, 0x00, 0xFF, 0xFF, 0x00, 0x3C, 0xFF, 0xFA, 0x02, 0x6B, 0x03, 0x2B, 0x00, 0x22, 
0x01, 0x2E, 0x00, 0x00, 0x00, 0x03, 0x03, 0x29, 0x02, 0x0D, 0x00, 0x00, 0xFF, 0xFF, 0x00, 0x3C, 
0xFF, 0xFA, 0x02, 0x6B, 0x03, 0x16, 0x00, 0x22, 0x01, 0x2E, 0x00, 0x00, 0x00, 0x03, 0x03, 0x2E, 
0x02, 0x19, 0x00, 0x00, 0xFF, 0xFF, 0x00, 0x3C, 0xFF, 0xFA, 0x02, 0x6B, 0x03, 0x16, 0x00, 0x22, 
0x01, 0x2E, 0x00, 0x00, 0x00, 0x03, 0x03, 0x2C, 0x02, 0x1A, 0x00, 0x00, 0xFF, 0xFF, 0x00, 0x3C, 
0xFF, 0xFA, 0x02, 0x6B, 0x03, 0xE5, 0x00, 0x22, 0x01, 0x2E, 0x00, 0x00, 0x00, 0x23, 0x03, 0x2C, 
0x02, 0x1A, 0x00, 0x00, 0x01, 0x07, 0x03, 0x29, 0x02, 0x68, 0x00, 0xBA, 0x00, 0x08, 0xB1, 0x03, 
0x01, 0xB0, 0xBA, 0xB0, 0x33, 0x2B, 0x00, 0x00, 0xFF, 0xFF, 0x00, 0x3C, 0xFF, 0x3A, 0x02, 0x6B, 
0x03, 0x16, 0x00, 0x22, 0x01, 0x2E, 0x00, 0x00, 0x00, 0x23, 0x03, 0x2C, 0x02, 0x1A, 0x00, 0x00, 
0x00, 0x03, 0x03, 0x37, 0x01, 0xB4, 0x00, 0x00, 0xFF, 0xFF, 0x00, 0x3C, 0xFF, 0xFA, 0x02, 0x6B, 
0x03, 0xF0, 0x00, 0x22, 0x01, 0x2E, 0x00, 0x00, 0x00, 0x23, 0x03, 0x2C, 0x02, 0x1A, 0x00, 0x00, 
0x01, 0x07, 0x03, 0x28, 0x01, 0xF9, 0x00, 0xBA, 0x00, 0x08, 0xB1, 0x03, 0x01, 0xB0, 0xBA, 0xB0, 
0x33, 0x2B, 0x00, 0x00, 0xFF, 0xFF, 0x00, 0x3C, 0xFF, 0xFA, 0x02, 0x6B, 0x04, 0x0C, 0x00, 0x22, 
0x01, 0x2E, 0x00, 0x00, 0x00, 0x23, 0x03, 0x2C, 0x02, 0x1B, 0x00, 0x00, 0x01, 0x07, 0x03, 0x32, 
0x02, 0x59, 0x00, 0xBA, 0x00, 0x08, 0xB1, 0x03, 0x01, 0xB0, 0xBA, 0xB0, 0x33, 0x2B, 0x00, 0x00, 
0xFF, 0xFF, 0x00, 0x3C, 0xFF, 0xFA, 0x02, 0x6B, 0x03, 0xA4, 0x00, 0x22, 0x01, 0x2E, 0x00, 0x00, 
0x00, 0x23, 0x03, 0x2C, 0x02, 0x1A, 0x00, 0x00, 0x01, 0x07, 0x03, 0x40, 0x02, 0x1E, 0x00, 0xA6, 
0x00, 0x08, 0xB1, 0x03, 0x01, 0xB0, 0xA6, 0xB0, 0x33, 0x2B, 0x00, 0x00, 0xFF, 0xFF, 0x00, 0x3C, 
0xFF, 0xFA, 0x02, 0x6B, 0x03, 0x35, 0x00, 0x22, 0x01, 0x2E, 0x00, 0x00, 0x00, 0x03, 0x03, 0x33, 
0x02, 0x06, 0x00, 0x00, 0xFF, 0xFF, 0x00, 0x3C, 0xFF, 0xFA, 0x02, 0x6B, 0x02, 0xF8, 0x00, 0x22, 
0x01, 0x2E, 0x00, 0x00, 0x00, 0x03, 0x03, 0x26, 0x02, 0x4F, 0x00, 0x00, 0xFF, 0xFF, 0x00, 0x3C, 
0xFF, 0xFA, 0x02, 0x6B, 0x03, 0x89, 0x00, 0x22, 0x01, 0x2E, 0x00, 0x00, 0x00, 0x23, 0x03, 0x26, 
0x02, 0x4F, 0x00, 0x00, 0x01, 0x07, 0x03, 0x31, 0x02, 0x66, 0x00, 0xB7, 0x00, 0x08, 0xB1, 0x04, 
0x01, 0xB0, 0xB7, 0xB0, 0x33, 0x2B, 0x00, 0x00, 0xFF, 0xFF, 0x00, 0x3C, 0xFF, 0xFA, 0x02, 0x6B, 
0x03, 0x70, 0x00, 0x22, 0x01, 0x2E, 0x00, 0x00, 0x00, 0x23, 0x03, 0x27, 0x01, 0xE0, 0x00, 0x00, 
0x01, 0x07, 0x03, 0x31, 0x02, 0x66, 0x00, 0x9E, 0x00, 0x08, 0xB1, 0x03, 0x01, 0xB0, 0x9E, 0xB0, 
0x33, 0x2B, 0x00, 0x00, 0xFF, 0xFF, 0x00, 0x3C, 0xFF, 0x3A, 0x02, 0x6B, 0x02, 0x29, 0x00, 0x22, 
0x01, 0x2E, 0x00, 0x00, 0x00, 0x03, 0x03, 0x37, 0x01, 0xB4, 0x00, 0x00, 0xFF, 0xFF, 0x00, 0x3C, 
0xFF, 0xFA, 0x02, 0x6B, 0x03, 0x36, 0x00, 0x22, 0x01, 0x2E, 0x00, 0x00, 0x00, 0x03, 0x03, 0x28, 
0x01, 0x9E, 0x00, 0x00, 0xFF, 0xFF, 0x00, 0x3C, 0xFF, 0xFA, 0x02, 0x6B, 0x03, 0x52, 0x00, 0x22, 
0x01, 0x2E, 0x00, 0x00, 0x00, 0x03, 0x03, 0x32, 0x01, 0xFD, 0x00, 0x00, 0x00, 0x02, 0x00, 0x3C, 
0xFF, 0xFA, 0x02, 0x6B, 0x02, 0x6B, 0x00, 0x1F, 0x00, 0x2F, 0x00, 0x3A, 0x40, 0x37, 0x1F, 0x01, 
0x05, 0x04, 0x01, 0x4A, 0x00, 0x03, 0x01, 0x03, 0x83, 0x00, 0x02, 0x01, 0x04, 0x01, 0x02, 0x04, 
0x7E, 0x00, 0x04, 0x04, 0x01, 0x5F, 0x00, 0x01, 0x01, 0x48, 0x4B, 0x06, 0x01, 0x05, 0x05, 0x00, 
0x5F, 0x00, 0x00, 0x00, 0x49, 0x00, 0x4C, 0x20, 0x20, 0x20, 0x2F, 0x20, 0x2E, 0x2D, 0x25, 0x21, 
0x26, 0x25, 0x07, 0x09, 0x19, 0x2B, 0x00, 0x16, 0x15, 0x14, 0x06, 0x06, 0x23, 0x22, 0x26, 0x26, 
0x35, 0x34, 0x36, 0x36, 0x33, 0x32, 0x17, 0x33, 0x32, 0x36, 0x35, 0x35, 0x34, 0x36, 0x33, 0x32, 
0x16, 0x15, 0x15, 0x14, 0x06, 0x07, 0x02, 0x36, 0x36, 0x35, 0x34, 0x26, 0x26, 0x23, 0x22, 0x06, 
0x06, 0x15, 0x14, 0x16, 0x16, 0x33, 0x02, 0x44, 0x27, 0x49, 0x80, 0x4E, 0x4F, 0x80, 0x49, 0x49, 
0x80, 0x4F, 0x4B, 0x3B, 0x25, 0x12, 0x17, 0x0F, 0x0E, 0x0E, 0x0F, 0x24, 0x1E, 0x8E, 0x64, 0x39, 
0x39, 0x64, 0x3E, 0x3E, 0x64, 0x3A, 0x3A, 0x64, 0x3E, 0x01, 0xAF, 0x64, 0x3A, 0x4E, 0x80, 0x49, 
0x49, 0x80, 0x4E, 0x4F, 0x80, 0x49, 0x20, 0x1A, 0x14, 0x17, 0x0D, 0x10, 0x13, 0x0F, 0x12, 0x23, 
0x35, 0x0B, 0xFE, 0x5E, 0x3A, 0x66, 0x3F, 0x3F, 0x66, 0x3B, 0x3B, 0x66, 0x3F, 0x3F, 0x66, 0x3A, 
0xFF, 0xFF, 0x00, 0x3C, 0xFF, 0xFA, 0x02, 0x6B, 0x03, 0x2B, 0x00, 0x22, 0x01, 0x3E, 0x00, 0x00, 
0x00, 0x03, 0x03, 0x29, 0x02, 0x0D, 0x00, 0x00, 0xFF, 0xFF, 0x00, 0x3C, 0xFF, 0x3A, 0x02, 0x6B, 
0x02, 0x6B, 0x00, 0x22, 0x01, 0x3E, 0x00, 0x00, 0x00, 0x03, 0x03, 0x37, 0x01, 0xB4, 0x00, 0x00, 
0xFF, 0xFF, 0x00, 0x3C, 0xFF, 0xFA, 0x02, 0x6B, 0x03, 0x36, 0x00, 0x22, 0x01, 0x3E, 0x00, 0x00, 
0x00, 0x03, 0x03, 0x28, 0x01, 0x9E, 0x00, 0x00, 0xFF, 0xFF, 0x00, 0x3C, 0xFF, 0xFA, 0x02, 0x6B, 
0x03, 0x52, 0x00, 0x22, 0x01, 0x3E, 0x00, 0x00, 0x00, 0x03, 0x03, 0x32, 0x01, 0xFD, 0x00, 0x00, 
0xFF, 0xFF, 0x00, 0x3C, 0xFF, 0xFA, 0x02, 0x6B, 0x02, 0xEA, 0x00, 0x22, 0x01, 0x3E, 0x00, 0x00, 
0x00, 0x03, 0x03, 0x30, 0x02, 0x4C, 0x00, 0x00, 0xFF, 0xFF, 0x00, 0x3C, 0xFF, 0xFA, 0x02, 0x6B, 
0x03, 0x35, 0x00, 0x22, 0x01, 0x2E, 0x00, 0x00, 0x00, 0x03, 0x03, 0x2A, 0x02, 0x24, 0x00, 0x00, 
0xFF, 0xFF, 0x00, 0x3C, 0xFF, 0xFA, 0x02, 0x6B, 0x03, 0x16, 0x00, 0x22, 0x01, 0x2E, 0x00, 0x00, 
0x00, 0x03, 0x03, 0x34, 0x02, 0x1E, 0x00, 0x00, 0xFF, 0xFF, 0x00, 0x3C, 0xFF, 0xFA, 0x02, 0x6B, 
0x02, 0xD2, 0x00, 0x22, 0x01, 0x2E, 0x00, 0x00, 0x00, 0x03, 0x03, 0x31, 0x02, 0x66, 0x00, 0x00, 
0x00, 0x02, 0x00, 0x3C, 0xFF, 0x23, 0x02, 0x6B, 0x02, 0x29, 0x00, 0x2D, 0x00, 0x3D, 0x00, 0x74, 
0xB6, 0x20, 0x0D, 0x02, 0x01, 0x05, 0x01, 0x4A, 0x4B, 0xB0, 0x25, 0x50, 0x58, 0x40, 0x28, 0x07, 
0x01, 0x04, 0x01, 0x03, 0x01, 0x04, 0x03, 0x7E, 0x00, 0x06, 0x06, 0x02, 0x5F, 0x00, 0x02, 0x02, 
0x48, 0x4B, 0x00, 0x05, 0x05, 0x01, 0x5F, 0x00, 0x01, 0x01, 0x49, 0x4B, 0x00, 0x03, 0x03, 0x00, 
0x5F, 0x00, 0x00, 0x00, 0x42, 0x00, 0x4C, 0x1B, 0x40, 0x25, 0x07, 0x01, 0x04, 0x01, 0x03, 0x01, 
0x04, 0x03, 0x7E, 0x00, 0x03, 0x00, 0x00, 0x03, 0x00, 0x63, 0x00, 0x06, 0x06, 0x02, 0x5F, 0x00, 
0x02, 0x02, 0x48, 0x4B, 0x00, 0x05, 0x05, 0x01, 0x5F, 0x00, 0x01, 0x01, 0x49, 0x01, 0x4C, 0x59, 
0x40, 0x11, 0x00, 0x00, 0x3A, 0x38, 0x32, 0x30, 0x00, 0x2D, 0x00, 0x2C, 0x2F, 0x26, 0x26, 0x26, 
0x08, 0x09, 0x18, 0x2B, 0x04, 0x16, 0x15, 0x14, 0x07, 0x07, 0x06, 0x23, 0x22, 0x26, 0x35, 0x34, 
0x37, 0x37, 0x06, 0x23, 0x22, 0x26, 0x26, 0x35, 0x34, 0x36, 0x36, 0x33, 0x32, 0x16, 0x16, 0x15, 
0x14, 0x06, 0x07, 0x16, 0x15, 0x14, 0x06, 0x07, 0x06, 0x15, 0x14, 0x16, 0x33, 0x32, 0x37, 0x37, 
0x36, 0x33, 0x00, 0x16, 0x16, 0x33, 0x32, 0x36, 0x36, 0x35, 0x34, 0x26, 0x26, 0x23, 0x22, 0x06, 
0x06, 0x15, 0x02, 0x0C, 0x12, 0x0A, 0x29, 0x1C, 0x21, 0x2D, 0x42, 0x2F, 0x12, 0x15, 0x17, 0x4F, 
0x80, 0x49, 0x49, 0x80, 0x4F, 0x4E, 0x80, 0x49, 0x56, 0x49, 0x01, 0x1E, 0x1E, 0x15, 0x1D, 0x15, 
0x10, 0x0C, 0x23, 0x09, 0x09, 0xFE, 0x79, 0x3A, 0x64, 0x3E, 0x3E, 0x64, 0x39, 0x39, 0x64, 0x3E, 
0x3E, 0x64, 0x3A, 0x78, 0x12, 0x0D, 0x0F, 0x08, 0x1C, 0x13, 0x41, 0x2E, 0x35, 0x26, 0x10, 0x03, 
0x49, 0x80, 0x4E, 0x4F, 0x80, 0x49, 0x49, 0x80, 0x4F, 0x56, 0x87, 0x21, 0x02, 0x06, 0x13, 0x27, 
0x16, 0x11, 0x18, 0x15, 0x1D, 0x08, 0x1A, 0x06, 0x01, 0x4A, 0x66, 0x3A, 0x3A, 0x66, 0x3F, 0x3F, 
0x66, 0x3B, 0x3B, 0x66, 0x3F, 0x00, 0x00, 0x00, 0x00, 0x03, 0x00, 0x3C, 0xFF, 0xEF, 0x02, 0x7A, 
0x02, 0x29, 0x00, 0x23, 0x00, 0x2D, 0x00, 0x36, 0x00, 0xB6, 0x40, 0x0D, 0x34, 0x33, 0x2A, 0x29, 
0x23, 0x1A, 0x11, 0x08, 0x08, 0x05, 0x04, 0x01, 0x4A, 0x4B, 0xB0, 0x0A, 0x50, 0x58, 0x40, 0x1D, 
0x06, 0x01, 0x04, 0x04, 0x02, 0x5F, 0x03, 0x01, 0x02, 0x02, 0x48, 0x4B, 0x07, 0x01, 0x05, 0x05, 
0x00, 0x5F, 0x00, 0x00, 0x00, 0x49, 0x4B, 0x00, 0x01, 0x01, 0x46, 0x01, 0x4C, 0x1B, 0x4B, 0xB0, 
0x0C, 0x50, 0x58, 0x40, 0x19, 0x06, 0x01, 0x04, 0x04, 0x02, 0x5F, 0x03, 0x01, 0x02, 0x02, 0x48, 
0x4B, 0x07, 0x01, 0x05, 0x05, 0x00, 0x5F, 0x01, 0x01, 0x00, 0x00, 0x49, 0x00, 0x4C, 0x1B, 0x4B, 
0xB0, 0x27, 0x50, 0x58, 0x40, 0x1D, 0x06, 0x01, 0x04, 0x04, 0x02, 0x5F, 0x03, 0x01, 0x02, 0x02, 
0x48, 0x4B, 0x07, 0x01, 0x05, 0x05, 0x00, 0x5F, 0x00, 0x00, 0x00, 0x49, 0x4B, 0x00, 0x01, 0x01, 
0x46, 0x01, 0x4C, 0x1B, 0x40, 0x21, 0x00, 0x03, 0x03, 0x40, 0x4B, 0x06, 0x01, 0x04, 0x04, 0x02, 
0x5F, 0x00, 0x02, 0x02, 0x48, 0x4B, 0x07, 0x01, 0x05, 0x05, 0x00, 0x5F, 0x00, 0x00, 0x00, 0x49, 
0x4B, 0x00, 0x01, 0x01, 0x46, 0x01, 0x4C, 0x59, 0x59, 0x59, 0x40, 0x13, 0x2E, 0x2E, 0x24, 0x24, 
0x2E, 0x36, 0x2E, 0x35, 0x24, 0x2D, 0x24, 0x2C, 0x24, 0x2A, 0x24, 0x24, 0x08, 0x09, 0x18, 0x2B, 
0x00, 0x15, 0x14, 0x06, 0x06, 0x23, 0x22, 0x26, 0x27, 0x07, 0x06, 0x23, 0x22, 0x26, 0x35, 0x34, 
0x37, 0x37, 0x26, 0x35, 0x34, 0x36, 0x36, 0x33, 0x32, 0x16, 0x17, 0x37, 0x36, 0x33, 0x32, 0x16, 
0x15, 0x14, 0x07, 0x07, 0x24, 0x06, 0x06, 0x15, 0x14, 0x17, 0x01, 0x26, 0x26, 0x23, 0x12, 0x36, 
0x36, 0x35, 0x34, 0x27, 0x01, 0x16, 0x33, 0x02, 0x7A, 0x49, 0x80, 0x4E, 0x33, 0x5B, 0x25, 0x3F, 
0x09, 0x0D, 0x0D, 0x12, 0x09, 0x40, 0x3A, 0x49, 0x80, 0x4F, 0x34, 0x5B, 0x25, 0x2E, 0x08, 0x0F, 
0x0E, 0x0F, 0x07, 0x31, 0xFE, 0xE4, 0x64, 0x3A, 0x2D, 0x01, 0x3B, 0x1C, 0x48, 0x28, 0x3E, 0x64, 
0x39, 0x27, 0xFE, 0xC8, 0x39, 0x4B, 0x01, 0x75, 0x64, 0x4E, 0x80, 0x49, 0x20, 0x1D, 0x3F, 0x09, 
0x13, 0x0C, 0x0C, 0x09, 0x3F, 0x4B, 0x64, 0x4F, 0x80, 0x49, 0x20, 0x1E, 0x2E, 0x0A, 0x13, 0x0D, 
0x0D, 0x07, 0x30, 0x32, 0x3B, 0x66, 0x3F, 0x4E, 0x3D, 0x01, 0x3A, 0x18, 0x19, 0xFE, 0x41, 0x3A, 
0x66, 0x3F, 0x4B, 0x38, 0xFE, 0xC9, 0x2B, 0x00, 0xFF, 0xFF, 0x00, 0x3C, 0xFF, 0xEF, 0x02, 0x7A, 
0x03, 0x2B, 0x00, 0x22, 0x01, 0x48, 0x00, 0x00, 0x00, 0x03, 0x03, 0x29, 0x02, 0x1C, 0x00, 0x00, 
0xFF, 0xFF, 0x00, 0x3C, 0xFF, 0xFA, 0x02, 0x6B, 0x02, 0xEA, 0x00, 0x22, 0x01, 0x2E, 0x00, 0x00, 
0x00, 0x03, 0x03, 0x30, 0x02, 0x4C, 0x00, 0x00, 0xFF, 0xFF, 0x00, 0x3C, 0xFF, 0xFA, 0x02, 0x6B, 
0x03, 0x65, 0x00, 0x22, 0x01, 0x2E, 0x00, 0x00, 0x00, 0x23, 0x03, 0x30, 0x02, 0x4C, 0x00, 0x00, 
0x01, 0x07, 0x03, 0x31, 0x02, 0x70, 0x00, 0x93, 0x00, 0x08, 0xB1, 0x03, 0x01, 0xB0, 0x93, 0xB0, 
0x33, 0x2B, 0x00, 0x00, 0x00, 0x03, 0x00, 0x3C, 0xFF, 0xFA, 0x04, 0x2C, 0x02, 0x29, 0x00, 0x2D, 
0x00, 0x3D, 0x00, 0x44, 0x00, 0x58, 0x40, 0x55, 0x2A, 0x01, 0x09, 0x07, 0x1C, 0x01, 0x02, 0x00, 
0x02, 0x4A, 0x00, 0x02, 0x00, 0x01, 0x00, 0x02, 0x01, 0x7E, 0x00, 0x09, 0x00, 0x00, 0x02, 0x09, 
0x00, 0x65, 0x0D, 0x0A, 0x02, 0x07, 0x07, 0x05, 0x5F, 0x0B, 0x06, 0x02, 0x05, 0x05, 0x48, 0x4B, 
0x0C, 0x08, 0x02, 0x01, 0x01, 0x03, 0x5F, 0x04, 0x01, 0x03, 0x03, 0x49, 0x03, 0x4C, 0x3E, 0x3E, 
0x2E, 0x2E, 0x00, 0x00, 0x3E, 0x44, 0x3E, 0x43, 0x41, 0x40, 0x2E, 0x3D, 0x2E, 0x3C, 0x36, 0x34, 
0x00, 0x2D, 0x00, 0x2C, 0x26, 0x24, 0x27, 0x23, 0x23, 0x25, 0x0E, 0x09, 0x1A, 0x2B, 0x00, 0x16, 
0x16, 0x15, 0x14, 0x06, 0x23, 0x21, 0x1E, 0x02, 0x33, 0x32, 0x36, 0x37, 0x36, 0x33, 0x32, 0x17, 
0x16, 0x15, 0x14, 0x07, 0x06, 0x06, 0x23, 0x22, 0x26, 0x27, 0x06, 0x06, 0x23, 0x22, 0x26, 0x26, 
0x35, 0x34, 0x36, 0x36, 0x33, 0x32, 0x16, 0x17, 0x36, 0x36, 0x33, 0x00, 0x36, 0x36, 0x35, 0x34, 
0x26, 0x26, 0x23, 0x22, 0x06, 0x06, 0x15, 0x14, 0x16, 0x16, 0x33, 0x00, 0x06, 0x07, 0x21, 0x26, 
0x26, 0x23, 0x03, 0x79, 0x73, 0x40, 0x10, 0x0D, 0xFE, 0x5D, 0x03, 0x38, 0x5E, 0x3A, 0x27, 0x4F, 
0x17, 0x0A, 0x0B, 0x0B, 0x07, 0x0B, 0x09, 0x20, 0x67, 0x2F, 0x55, 0x80, 0x1F, 0x1F, 0x81, 0x57, 
0x51, 0x7F, 0x48, 0x47, 0x80, 0x51, 0x57, 0x81, 0x1F, 0x1D, 0x78, 0x50, 0xFE, 0x63, 0x64, 0x38, 
0x38, 0x64, 0x3F, 0x40, 0x64, 0x38, 0x38, 0x64, 0x40, 0x01, 0x8E, 0x6B, 0x0A, 0x01, 0x85, 0x07, 
0x6A, 0x51, 0x02, 0x28, 0x45, 0x7A, 0x4E, 0x0D, 0x0F, 0x3B, 0x5D, 0x34, 0x1B, 0x16, 0x08, 0x06, 
0x09, 0x0C, 0x0A, 0x09, 0x1D, 0x26, 0x53, 0x48, 0x48, 0x54, 0x47, 0x7F, 0x51, 0x51, 0x80, 0x47, 
0x53, 0x48, 0x48, 0x52, 0xFE, 0x0A, 0x39, 0x65, 0x41, 0x41, 0x66, 0x39, 0x39, 0x66, 0x41, 0x41, 
0x65, 0x39, 0x01, 0xBE, 0x68, 0x55, 0x55, 0x68, 0x00, 0x02, 0x00, 0x5A, 0xFF, 0x16, 0x02, 0x89, 
0x02, 0x29, 0x00, 0x17, 0x00, 0x27, 0x00, 0x38, 0x40, 0x35, 0x0A, 0x01, 0x04, 0x03, 0x01, 0x4A, 
0x00, 0x03, 0x03, 0x02, 0x5F, 0x05, 0x01, 0x02, 0x02, 0x48, 0x4B, 0x06, 0x01, 0x04, 0x04, 0x00, 
0x5F, 0x00, 0x00, 0x00, 0x49, 0x4B, 0x00, 0x01, 0x01, 0x42, 0x01, 0x4C, 0x18, 0x18, 0x00, 0x00, 
0x18, 0x27, 0x18, 0x26, 0x20, 0x1E, 0x00, 0x17, 0x00, 0x16, 0x25, 0x26, 0x07, 0x09, 0x16, 0x2B, 
0x00, 0x16, 0x16, 0x15, 0x14, 0x06, 0x06, 0x23, 0x22, 0x26, 0x27, 0x11, 0x14, 0x06, 0x23, 0x22, 
0x26, 0x35, 0x11, 0x35, 0x3E, 0x02, 0x33, 0x12, 0x36, 0x36, 0x35, 0x34, 0x26, 0x26, 0x23, 0x22, 
0x06, 0x06, 0x15, 0x14, 0x16, 0x16, 0x33, 0x01, 0xC0, 0x80, 0x49, 0x49, 0x80, 0x4F, 0x47, 0x73, 
0x21, 0x10, 0x0E, 0x0D, 0x11, 0x01, 0x4A, 0x7F, 0x4D, 0x3E, 0x64, 0x3A, 0x3A, 0x64, 0x3E, 0x3E, 
0x64, 0x39, 0x39, 0x64, 0x3E, 0x02, 0x29, 0x49, 0x80, 0x4F, 0x4E, 0x80, 0x49, 0x3D, 0x35, 0xFE, 
0xC8, 0x0E, 0x10, 0x10, 0x0E, 0x01, 0xE1, 0x02, 0x4D, 0x7E, 0x47, 0xFE, 0x09, 0x3A, 0x66, 0x3F, 
0x3F, 0x66, 0x3B, 0x3B, 0x66, 0x3F, 0x3F, 0x66, 0x3A, 0x00, 0x00, 0x00, 0x00, 0x02, 0x00, 0x5A, 
0xFF, 0x16, 0x02, 0x89, 0x03, 0x0D, 0x00, 0x1C, 0x00, 0x2C, 0x00, 0x3F, 0x40, 0x3C, 0x19, 0x0A, 
0x02, 0x05, 0x04, 0x01, 0x4A, 0x00, 0x02, 0x02, 0x3D, 0x4B, 0x00, 0x04, 0x04, 0x03, 0x5F, 0x06, 
0x01, 0x03, 0x03, 0x48, 0x4B, 0x07, 0x01, 0x05, 0x05, 0x00, 0x5F, 0x00, 0x00, 0x00, 0x49, 0x4B, 
0x00, 0x01, 0x01, 0x42, 0x01, 0x4C, 0x1D, 0x1D, 0x00, 0x00, 0x1D, 0x2C, 0x1D, 0x2B, 0x25, 0x23, 
0x00, 0x1C, 0x00, 0x1B, 0x25, 0x25, 0x26, 0x08, 0x09, 0x17, 0x2B, 0x00, 0x16, 0x16, 0x15, 0x14, 
0x06, 0x06, 0x23, 0x22, 0x26, 0x27, 0x11, 0x14, 0x06, 0x23, 0x22, 0x26, 0x35, 0x11, 0x34, 0x36, 
0x33, 0x32, 0x16, 0x15, 0x11, 0x36, 0x36, 0x33, 0x12, 0x36, 0x36, 0x35, 0x34, 0x26, 0x26, 0x23, 
0x22, 0x06, 0x06, 0x15, 0x14, 0x16, 0x16, 0x33, 0x01, 0xC2, 0x80, 0x47, 0x48, 0x7F, 0x51, 0x4B, 
0x73, 0x1D, 0x10, 0x0E, 0x0D, 0x11, 0x11, 0x0D, 0x0E, 0x10, 0x1E, 0x78, 0x45, 0x40, 0x64, 0x38, 
0x38, 0x64, 0x40, 0x3F, 0x64, 0x38, 0x38, 0x64, 0x3F, 0x02, 0x29, 0x47, 0x80, 0x51, 0x51, 0x7F, 
0x47, 0x44, 0x3B, 0xFE, 0xBB, 0x0E, 0x10, 0x10, 0x0E, 0x03, 0xBB, 0x0E, 0x10, 0x10, 0x0E, 0xFE, 
0xBB, 0x3F, 0x40, 0xFE, 0x09, 0x39, 0x65, 0x41, 0x41, 0x66, 0x39, 0x39, 0x66, 0x41, 0x41, 0x65, 
0x39, 0x00, 0x00, 0x00, 0x00, 0x02, 0x00, 0x3C, 0xFF, 0x16, 0x02, 0x6B, 0x02, 0x29, 0x00, 0x17, 
0x00, 0x27, 0x00, 0x31, 0x40, 0x2E, 0x08, 0x01, 0x04, 0x03, 0x01, 0x4A, 0x00, 0x03, 0x03, 0x02, 
0x5F, 0x00, 0x02, 0x02, 0x48, 0x4B, 0x05, 0x01, 0x04, 0x04, 0x01, 0x5F, 0x00, 0x01, 0x01, 0x49, 
0x4B, 0x00, 0x00, 0x00, 0x42, 0x00, 0x4C, 0x18, 0x18, 0x18, 0x27, 0x18, 0x26, 0x2A, 0x26, 0x25, 
0x23, 0x06, 0x09, 0x18, 0x2B, 0x01, 0x11, 0x14, 0x06, 0x23, 0x22, 0x26, 0x35, 0x11, 0x06, 0x06, 
0x23, 0x22, 0x26, 0x26, 0x35, 0x34, 0x36, 0x36, 0x33, 0x32, 0x16, 0x16, 0x17, 0x06, 0x36, 0x36, 
0x35, 0x34, 0x26, 0x26, 0x23, 0x22, 0x06, 0x06, 0x15, 0x14, 0x16, 0x16, 0x33, 0x02, 0x6B, 0x10, 
0x0E, 0x0D, 0x11, 0x21, 0x73, 0x47, 0x4F, 0x80, 0x49, 0x49, 0x80, 0x4F, 0x4D, 0x7F, 0x4A, 0x01, 
0xD9, 0x64, 0x39, 0x39, 0x64, 0x3E, 0x3E, 0x64, 0x3A, 0x3A, 0x64, 0x3E, 0x01, 0x15, 0xFE, 0x1F, 
0x0E, 0x10, 0x10, 0x0E, 0x01, 0x38, 0x35, 0x3D, 0x49, 0x80, 0x4E, 0x4F, 0x80, 0x49, 0x47, 0x7E, 
0x4D, 0xE5, 0x3A, 0x66, 0x3F, 0x3F, 0x66, 0x3B, 0x3B, 0x66, 0x3F, 0x3F, 0x66, 0x3A, 0x00, 0x00, 
0x00, 0x01, 0x00, 0x5A, 0x00, 0x00, 0x01, 0x8E, 0x02, 0x29, 0x00, 0x1F, 0x00, 0x51, 0x40, 0x0A, 
0x01, 0x01, 0x00, 0x03, 0x1C, 0x01, 0x02, 0x00, 0x02, 0x4A, 0x4B, 0xB0, 0x27, 0x50, 0x58, 0x40, 
0x13, 0x01, 0x01, 0x00, 0x00, 0x03, 0x5F, 0x05, 0x04, 0x02, 0x03, 0x03, 0x40, 0x4B, 0x00, 0x02, 
0x02, 0x3E, 0x02, 0x4C, 0x1B, 0x40, 0x17, 0x00, 0x03, 0x03, 0x40, 0x4B, 0x01, 0x01, 0x00, 0x00, 
0x04, 0x5F, 0x05, 0x01, 0x04, 0x04, 0x48, 0x4B, 0x00, 0x02, 0x02, 0x3E, 0x02, 0x4C, 0x59, 0x40, 
0x0D, 0x00, 0x00, 0x00, 0x1F, 0x00, 0x1E, 0x25, 0x26, 0x21, 0x25, 0x06, 0x09, 0x18, 0x2B, 0x00, 
0x15, 0x14, 0x07, 0x06, 0x06, 0x23, 0x22, 0x26, 0x23, 0x22, 0x06, 0x06, 0x15, 0x11, 0x14, 0x06, 
0x23, 0x22, 0x26, 0x35, 0x11, 0x34, 0x36, 0x33, 0x32, 0x16, 0x15, 0x15, 0x36, 0x36, 0x33, 0x01, 
0x8E, 0x01, 0x03, 0x0D, 0x0B, 0x09, 0x1D, 0x0A, 0x32, 0x4E, 0x2C, 0x10, 0x0E, 0x0D, 0x11, 0x11, 
0x0D, 0x0E, 0x10, 0x1D, 0x5A, 0x35, 0x02, 0x29, 0x21, 0x05, 0x03, 0x0B, 0x09, 0x04, 0x2A, 0x4A, 
0x2E, 0xFE, 0xD0, 0x0D, 0x11, 0x11, 0x0D, 0x01, 0xE7, 0x0E, 0x10, 0x10, 0x0E, 0x3E, 0x2E, 0x34, 
0xFF, 0xFF, 0x00, 0x5A, 0x00, 0x00, 0x01, 0x8E, 0x03, 0x2B, 0x00, 0x22, 0x01, 0x50, 0x00, 0x00, 
0x00, 0x03, 0x03, 0x29, 0x01, 0xA8, 0x00, 0x00, 0xFF, 0xFF, 0x00, 0x57, 0x00, 0x00, 0x01, 0x8E, 
0x03, 0x12, 0x00, 0x22, 0x01, 0x50, 0x00, 0x00, 0x00, 0x03, 0x03, 0x2D, 0x01, 0xB5, 0x00, 0x00, 
0xFF, 0xFF, 0x00, 0x09, 0xFF, 0x18, 0x01, 0x8E, 0x02, 0x29, 0x00, 0x22, 0x01, 0x50, 0x00, 0x00, 
0x00, 0x03, 0x03, 0x39, 0x01, 0x17, 0x00, 0x00, 0xFF, 0xFF, 0x00, 0x5A, 0x00, 0x00, 0x01, 0x8E, 
0x03, 0x35, 0x00, 0x22, 0x01, 0x50, 0x00, 0x00, 0x00, 0x03, 0x03, 0x33, 0x01, 0xA1, 0x00, 0x00, 
0xFF, 0xFF, 0x00, 0x56, 0x00, 0x00, 0x01, 0x8E, 0x03, 0x16, 0x00, 0x22, 0x01, 0x50, 0x00, 0x00, 
0x00, 0x03, 0x03, 0x34, 0x01, 0xB9, 0x00, 0x00, 0x00, 0x01, 0x00, 0x41, 0xFF, 0xFA, 0x01, 0xEB, 
0x02, 0x29, 0x00, 0x30, 0x00, 0x36, 0x40, 0x33, 0x00, 0x03, 0x04, 0x00, 0x04, 0x03, 0x00, 0x7E, 
0x00, 0x00, 0x01, 0x04, 0x00, 0x01, 0x7C, 0x00, 0x04, 0x04, 0x02, 0x5F, 0x00, 0x02, 0x02, 0x48, 
0x4B, 0x00, 0x01, 0x01, 0x05, 0x5F, 0x06, 0x01, 0x05, 0x05, 0x49, 0x05, 0x4C, 0x00, 0x00, 0x00, 
0x30, 0x00, 0x2F, 0x22, 0x26, 0x29, 0x22, 0x27, 0x07, 0x09, 0x19, 0x2B, 0x16, 0x26, 0x27, 0x26, 
0x35, 0x34, 0x37, 0x36, 0x33, 0x32, 0x17, 0x16, 0x33, 0x32, 0x36, 0x35, 0x34, 0x27, 0x26, 0x26, 
0x35, 0x34, 0x36, 0x33, 0x32, 0x17, 0x16, 0x15, 0x14, 0x07, 0x06, 0x23, 0x22, 0x27, 0x26, 0x23, 
0x22, 0x06, 0x15, 0x14, 0x16, 0x17, 0x16, 0x16, 0x15, 0x14, 0x06, 0x06, 0x23, 0xDA, 0x6E, 0x24, 
0x07, 0x0D, 0x06, 0x0B, 0x0E, 0x09, 0x32, 0x6F, 0x4F, 0x4B, 0x99, 0x61, 0x63, 0x6B, 0x56, 0x7E, 
0x41, 0x06, 0x10, 0x0A, 0x05, 0x0F, 0x0A, 0x33, 0x5C, 0x3D, 0x48, 0x45, 0x51, 0x6A, 0x5D, 0x3B, 
0x62, 0x3A, 0x06, 0x29, 0x2A, 0x08, 0x0A, 0x0E, 0x09, 0x05, 0x0B, 0x3D, 0x38, 0x2C, 0x4F, 0x16, 
0x0E, 0x4E, 0x37, 0x49, 0x51, 0x5A, 0x07, 0x0A, 0x0E, 0x09, 0x04, 0x0D, 0x41, 0x35, 0x27, 0x28, 
0x30, 0x0C, 0x0F, 0x53, 0x3B, 0x2E, 0x46, 0x26, 0xFF, 0xFF, 0x00, 0x41, 0xFF, 0xFA, 0x01, 0xEB, 
0x03, 0x2B, 0x00, 0x22, 0x01, 0x56, 0x00, 0x00, 0x00, 0x03, 0x03, 0x29, 0x01, 0xCF, 0x00, 0x00, 
0xFF, 0xFF, 0x00, 0x41, 0xFF, 0xFA, 0x01, 0xEB, 0x03, 0x12, 0x00, 0x22, 0x01, 0x56, 0x00, 0x00, 
0x00, 0x03, 0x03, 0x2D, 0x01, 0xDC, 0x00, 0x00, 0x00, 0x01, 0x00, 0x41, 0xFF, 0x18, 0x01, 0xEB, 
0x02, 0x29, 0x00, 0x4F, 0x00, 0x4C, 0x40, 0x49, 0x1F, 0x03, 0x02, 0x01, 0x03, 0x01, 0x4A, 0x00, 
0x07, 0x08, 0x04, 0x08, 0x07, 0x04, 0x7E, 0x00, 0x04, 0x05, 0x08, 0x04, 0x05, 0x7C, 0x00, 0x01, 
0x03, 0x02, 0x03, 0x01, 0x02, 0x7E, 0x00, 0x08, 0x08, 0x06, 0x5F, 0x00, 0x06, 0x06, 0x48, 0x4B, 
0x00, 0x05, 0x05, 0x03, 0x5F, 0x00, 0x03, 0x03, 0x49, 0x4B, 0x00, 0x02, 0x02, 0x00, 0x5F, 0x00, 
0x00, 0x00, 0x42, 0x00, 0x4C, 0x22, 0x26, 0x29, 0x22, 0x27, 0x1B, 0x26, 0x14, 0x28, 0x09, 0x09, 
0x1D, 0x2B, 0x24, 0x06, 0x07, 0x07, 0x16, 0x16, 0x15, 0x14, 0x06, 0x23, 0x22, 0x26, 0x35, 0x34, 
0x36, 0x33, 0x32, 0x16, 0x16, 0x17, 0x16, 0x16, 0x33, 0x32, 0x36, 0x35, 0x34, 0x26, 0x27, 0x26, 
0x26, 0x35, 0x34, 0x37, 0x37, 0x26, 0x26, 0x27, 0x26, 0x35, 0x34, 0x37, 0x36, 0x33, 0x32, 0x17, 
0x16, 0x33, 0x32, 0x36, 0x35, 0x34, 0x27, 0x26, 0x26, 0x35, 0x34, 0x36, 0x33, 0x32, 0x17, 0x16, 
0x15, 0x14, 0x07, 0x06, 0x23, 0x22, 0x27, 0x26, 0x23, 0x22, 0x06, 0x15, 0x14, 0x16, 0x17, 0x16, 
0x16, 0x15, 0x01, 0xEB, 0x5D, 0x48, 0x0E, 0x32, 0x26, 0x4C, 0x33, 0x30, 0x3F, 0x11, 0x0D, 0x08, 
0x0C, 0x0C, 0x03, 0x0A, 0x13, 0x11, 0x1A, 0x21, 0x1A, 0x1F, 0x10, 0x10, 0x05, 0x0B, 0x36, 0x64, 
0x21, 0x07, 0x0D, 0x06, 0x0B, 0x0E, 0x09, 0x32, 0x6F, 0x4F, 0x4B, 0x99, 0x61, 0x63, 0x6B, 0x56, 
0x7E, 0x41, 0x06, 0x10, 0x0A, 0x05, 0x0F, 0x0A, 0x33, 0x5C, 0x3D, 0x48, 0x45, 0x51, 0x6A, 0x5D, 
0x59, 0x4F, 0x0C, 0x22, 0x0F, 0x2C, 0x21, 0x2C, 0x3C, 0x28, 0x1A, 0x0D, 0x12, 0x07, 0x09, 0x03, 
0x08, 0x09, 0x16, 0x13, 0x13, 0x17, 0x09, 0x04, 0x0C, 0x0B, 0x06, 0x0D, 0x1B, 0x03, 0x29, 0x27, 
0x08, 0x0A, 0x0E, 0x09, 0x05, 0x0B, 0x3D, 0x38, 0x2C, 0x4F, 0x16, 0x0E, 0x4E, 0x37, 0x49, 0x51, 
0x5A, 0x07, 0x0A, 0x0E, 0x09, 0x04, 0x0D, 0x41, 0x35, 0x27, 0x28, 0x30, 0x0C, 0x0F, 0x53, 0x3B, 
0xFF, 0xFF, 0x00, 0x41, 0xFF, 0xFA, 0x01, 0xEB, 0x03, 0x16, 0x00, 0x22, 0x01, 0x56, 0x00, 0x00, 
0x00, 0x03, 0x03, 0x2C, 0x01, 0xDC, 0x00, 0x00, 0xFF, 0xFF, 0x00, 0x41, 0xFF, 0x18, 0x01, 0xEB, 
0x02, 0x29, 0x00, 0x22, 0x01, 0x56, 0x00, 0x00, 0x00, 0x03, 0x03, 0x39, 0x01, 0xB5, 0x00, 0x00, 
0x00, 0x01, 0x00, 0x3E, 0xFF, 0xFA, 0x02, 0x02, 0x03, 0x02, 0x00, 0x41, 0x00, 0x8C, 0x4B, 0xB0, 
0x27, 0x50, 0x58, 0x40, 0x1F, 0x00, 0x02, 0x04, 0x03, 0x04, 0x02, 0x03, 0x7E, 0x00, 0x04, 0x04, 
0x00, 0x5F, 0x00, 0x00, 0x00, 0x3D, 0x4B, 0x00, 0x03, 0x03, 0x01, 0x5F, 0x06, 0x05, 0x02, 0x01, 
0x01, 0x49, 0x01, 0x4C, 0x1B, 0x4B, 0xB0, 0x2D, 0x50, 0x58, 0x40, 0x23, 0x00, 0x02, 0x04, 0x03, 
0x04, 0x02, 0x03, 0x7E, 0x00, 0x04, 0x04, 0x00, 0x5F, 0x00, 0x00, 0x00, 0x3D, 0x4B, 0x06, 0x01, 
0x05, 0x05, 0x3E, 0x4B, 0x00, 0x03, 0x03, 0x01, 0x5F, 0x00, 0x01, 0x01, 0x49, 0x01, 0x4C, 0x1B, 
0x40, 0x21, 0x00, 0x02, 0x04, 0x03, 0x04, 0x02, 0x03, 0x7E, 0x00, 0x00, 0x00, 0x04, 0x02, 0x00, 
0x04, 0x67, 0x06, 0x01, 0x05, 0x05, 0x3E, 0x4B, 0x00, 0x03, 0x03, 0x01, 0x5F, 0x00, 0x01, 0x01, 
0x49, 0x01, 0x4C, 0x59, 0x59, 0x40, 0x12, 0x00, 0x00, 0x00, 0x41, 0x00, 0x40, 0x3B, 0x39, 0x29, 
0x27, 0x23, 0x21, 0x1C, 0x1A, 0x26, 0x07, 0x09, 0x15, 0x2B, 0x32, 0x26, 0x35, 0x11, 0x34, 0x36, 
0x36, 0x33, 0x32, 0x16, 0x16, 0x15, 0x14, 0x06, 0x07, 0x06, 0x06, 0x15, 0x14, 0x16, 0x17, 0x16, 
0x16, 0x15, 0x14, 0x06, 0x06, 0x23, 0x22, 0x26, 0x26, 0x35, 0x34, 0x36, 0x33, 0x32, 0x16, 0x17, 
0x16, 0x16, 0x17, 0x32, 0x36, 0x35, 0x34, 0x26, 0x27, 0x26, 0x26, 0x35, 0x34, 0x36, 0x37, 0x36, 
0x36, 0x35, 0x34, 0x26, 0x23, 0x22, 0x06, 0x15, 0x11, 0x14, 0x06, 0x23, 0x4F, 0x11, 0x33, 0x5D, 
0x3C, 0x35, 0x55, 0x31, 0x1D, 0x1B, 0x15, 0x14, 0x1E, 0x20, 0x2E, 0x32, 0x31, 0x57, 0x35, 0x25, 
0x46, 0x2C, 0x0D, 0x0B, 0x0B, 0x0C, 0x08, 0x0F, 0x27, 0x2A, 0x3D, 0x44, 0x29, 0x28, 0x27, 0x26, 
0x18, 0x17, 0x1A, 0x18, 0x45, 0x3C, 0x3D, 0x51, 0x12, 0x0D, 0x11, 0x0C, 0x02, 0x25, 0x35, 0x57, 
0x34, 0x2A, 0x4E, 0x34, 0x25, 0x34, 0x21, 0x18, 0x21, 0x13, 0x14, 0x25, 0x1D, 0x2A, 0x45, 0x2F, 
0x2C, 0x4A, 0x2C, 0x18, 0x24, 0x11, 0x0C, 0x10, 0x07, 0x08, 0x0E, 0x0F, 0x01, 0x32, 0x34, 0x23, 
0x37, 0x24, 0x23, 0x32, 0x20, 0x19, 0x28, 0x19, 0x1E, 0x29, 0x1E, 0x3B, 0x3D, 0x50, 0x3E, 0xFD, 
0xE5, 0x0C, 0x11, 0x00, 0x00, 0x01, 0x00, 0x3C, 0x00, 0x00, 0x01, 0x22, 0x03, 0x0D, 0x00, 0x13, 
0x00, 0x1F, 0x40, 0x1C, 0x00, 0x01, 0x01, 0x00, 0x5F, 0x00, 0x00, 0x00, 0x3D, 0x4B, 0x03, 0x01, 
0x02, 0x02, 0x3E, 0x02, 0x4C, 0x00, 0x00, 0x00, 0x13, 0x00, 0x12, 0x24, 0x25, 0x04, 0x09, 0x16, 
0x2B, 0x32, 0x26, 0x35, 0x11, 0x34, 0x36, 0x33, 0x32, 0x16, 0x15, 0x14, 0x06, 0x23, 0x22, 0x06, 
0x15, 0x11, 0x14, 0x06, 0x23, 0x4D, 0x11, 0x64, 0x64, 0x0D, 0x11, 0x11, 0x0D, 0x49, 0x42, 0x11, 
0x0E, 0x11, 0x0D, 0x02, 0x06, 0x6B, 0x7E, 0x0F, 0x0C, 0x0C, 0x0F, 0x61, 0x52, 0xFD, 0xFA, 0x0D, 
0x11, 0x00, 0x00, 0x00, 0x00, 0x01, 0x00, 0x14, 0x00, 0x00, 0x01, 0x70, 0x02, 0xD1, 0x00, 0x28, 
0x00, 0x55, 0x4B, 0xB0, 0x19, 0x50, 0x58, 0x40, 0x1D, 0x00, 0x03, 0x02, 0x03, 0x83, 0x05, 0x01, 
0x01, 0x01, 0x02, 0x5D, 0x04, 0x01, 0x02, 0x02, 0x40, 0x4B, 0x07, 0x01, 0x06, 0x06, 0x00, 0x5F, 
0x00, 0x00, 0x00, 0x3E, 0x00, 0x4C, 0x1B, 0x40, 0x1B, 0x00, 0x03, 0x02, 0x03, 0x83, 0x04, 0x01, 
0x02, 0x05, 0x01, 0x01, 0x06, 0x02, 0x01, 0x65, 0x07, 0x01, 0x06, 0x06, 0x00, 0x5F, 0x00, 0x00, 
0x00, 0x3E, 0x00, 0x4C, 0x59, 0x40, 0x0F, 0x00, 0x00, 0x00, 0x28, 0x00, 0x26, 0x24, 0x23, 0x23, 
0x24, 0x24, 0x34, 0x08, 0x09, 0x1A, 0x2B, 0x24, 0x16, 0x15, 0x14, 0x06, 0x23, 0x23, 0x22, 0x26, 
0x26, 0x35, 0x11, 0x23, 0x22, 0x26, 0x35, 0x34, 0x36, 0x33, 0x33, 0x35, 0x34, 0x36, 0x33, 0x32, 
0x16, 0x15, 0x15, 0x33, 0x32, 0x16, 0x15, 0x14, 0x06, 0x23, 0x23, 0x11, 0x14, 0x16, 0x33, 0x33, 
0x01, 0x5F, 0x11, 0x11, 0x0E, 0x17, 0x37, 0x56, 0x30, 0x4E, 0x0C, 0x0F, 0x0F, 0x0C, 0x4E, 0x11, 
0x0D, 0x0E, 0x11, 0x84, 0x0C, 0x0F, 0x0F, 0x0C, 0x84, 0x48, 0x39, 0x16, 0x3D, 0x11, 0x0E, 0x0D, 
0x11, 0x32, 0x57, 0x37, 0x01, 0x19, 0x0F, 0x0C, 0x0C, 0x0F, 0xA3, 0x0E, 0x11, 0x11, 0x0E, 0xA3, 
0x0F, 0x0C, 0x0C, 0x0F, 0xFE, 0xE7, 0x3A, 0x49, 0x00, 0x01, 0x00, 0x14, 0x00, 0x00, 0x01, 0x70, 
0x02, 0xD1, 0x00, 0x3A, 0x00, 0x6E, 0x4B, 0xB0, 0x19, 0x50, 0x58, 0x40, 0x27, 0x00, 0x05, 0x04, 
0x05, 0x83, 0x08, 0x01, 0x02, 0x09, 0x01, 0x01, 0x0A, 0x02, 0x01, 0x65, 0x07, 0x01, 0x03, 0x03, 
0x04, 0x5D, 0x06, 0x01, 0x04, 0x04, 0x40, 0x4B, 0x0B, 0x01, 0x0A, 0x0A, 0x00, 0x5F, 0x00, 0x00, 
0x00, 0x3E, 0x00, 0x4C, 0x1B, 0x40, 0x25, 0x00, 0x05, 0x04, 0x05, 0x83, 0x06, 0x01, 0x04, 0x07, 
0x01, 0x03, 0x02, 0x04, 0x03, 0x65, 0x08, 0x01, 0x02, 0x09, 0x01, 0x01, 0x0A, 0x02, 0x01, 0x65, 
0x0B, 0x01, 0x0A, 0x0A, 0x00, 0x5F, 0x00, 0x00, 0x00, 0x3E, 0x00, 0x4C, 0x59, 0x40, 0x14, 0x00, 
0x00, 0x00, 0x3A, 0x00, 0x38, 0x35, 0x33, 0x21, 0x24, 0x23, 0x23, 0x24, 0x21, 0x24, 0x24, 0x34, 
0x0C, 0x09, 0x1D, 0x2B, 0x24, 0x16, 0x15, 0x14, 0x06, 0x23, 0x23, 0x22, 0x26, 0x26, 0x35, 0x35, 
0x23, 0x22, 0x26, 0x35, 0x34, 0x36, 0x33, 0x33, 0x35, 0x23, 0x22, 0x26, 0x35, 0x34, 0x36, 0x33, 
0x33, 0x35, 0x34, 0x36, 0x33, 0x32, 0x16, 0x15, 0x15, 0x33, 0x32, 0x16, 0x15, 0x14, 0x06, 0x23, 
0x23, 0x15, 0x33, 0x32, 0x16, 0x15, 0x14, 0x06, 0x23, 0x23, 0x15, 0x14, 0x16, 0x33, 0x33, 0x01, 
0x5F, 0x11, 0x11, 0x0E, 0x17, 0x37, 0x56, 0x30, 0x4E, 0x0C, 0x0F, 0x0F, 0x0C, 0x4E, 0x4E, 0x0C, 
0x0F, 0x0F, 0x0C, 0x4E, 0x11, 0x0D, 0x0E, 0x11, 0x84, 0x0C, 0x0F, 0x0F, 0x0C, 0x84, 0x70, 0x0C, 
0x0F, 0x0F, 0x0C, 0x70, 0x48, 0x39, 0x16, 0x3D, 0x11, 0x0E, 0x0D, 0x11, 0x32, 0x57, 0x37, 0x65, 
0x0F, 0x0C, 0x0C, 0x0F, 0x7E, 0x0F, 0x0C, 0x0C, 0x0F, 0xA3, 0x0E, 0x11, 0x11, 0x0E, 0xA3, 0x0F, 
0x0C, 0x0C, 0x0F, 0x7E, 0x0F, 0x0C, 0x0C, 0x0F, 0x65, 0x3A, 0x49, 0x00, 0xFF, 0xFF, 0x00, 0x14, 
0x00, 0x00, 0x01, 0x70, 0x03, 0x53, 0x00, 0x22, 0x01, 0x5E, 0x00, 0x00, 0x01, 0x07, 0x03, 0x2B, 
0x01, 0x8C, 0x00, 0x46, 0x00, 0x08, 0xB1, 0x01, 0x01, 0xB0, 0x46, 0xB0, 0x33, 0x2B, 0x00, 0x00, 
0x00, 0x01, 0x00, 0x14, 0xFF, 0x18, 0x01, 0x70, 0x02, 0xD1, 0x00, 0x4D, 0x00, 0x89, 0x40, 0x0B, 
0x23, 0x01, 0x09, 0x08, 0x1E, 0x02, 0x02, 0x01, 0x09, 0x02, 0x4A, 0x4B, 0xB0, 0x19, 0x50, 0x58, 
0x40, 0x2E, 0x00, 0x05, 0x04, 0x05, 0x83, 0x00, 0x01, 0x09, 0x02, 0x09, 0x01, 0x02, 0x7E, 0x07, 
0x01, 0x03, 0x03, 0x04, 0x5D, 0x06, 0x01, 0x04, 0x04, 0x40, 0x4B, 0x00, 0x08, 0x08, 0x09, 0x5F, 
0x00, 0x09, 0x09, 0x3E, 0x4B, 0x00, 0x02, 0x02, 0x00, 0x5F, 0x00, 0x00, 0x00, 0x42, 0x00, 0x4C, 
0x1B, 0x40, 0x2C, 0x00, 0x05, 0x04, 0x05, 0x83, 0x00, 0x01, 0x09, 0x02, 0x09, 0x01, 0x02, 0x7E, 
0x06, 0x01, 0x04, 0x07, 0x01, 0x03, 0x08, 0x04, 0x03, 0x65, 0x00, 0x08, 0x08, 0x09, 0x5F, 0x00, 
0x09, 0x09, 0x3E, 0x4B, 0x00, 0x02, 0x02, 0x00, 0x5F, 0x00, 0x00, 0x00, 0x42, 0x00, 0x4C, 0x59, 
0x40, 0x14, 0x4C, 0x49, 0x45, 0x42, 0x3F, 0x3D, 0x39, 0x37, 0x34, 0x32, 0x2F, 0x2D, 0x29, 0x27, 
0x26, 0x14, 0x27, 0x0A, 0x09, 0x17, 0x2B, 0x24, 0x07, 0x07, 0x16, 0x16, 0x15, 0x14, 0x06, 0x23, 
0x22, 0x26, 0x35, 0x34, 0x36, 0x33, 0x32, 0x16, 0x16, 0x17, 0x16, 0x16, 0x33, 0x32, 0x36, 0x35, 
0x34, 0x26, 0x27, 0x26, 0x26, 0x35, 0x34, 0x37, 0x37, 0x36, 0x37, 0x26, 0x26, 0x35, 0x11, 0x23, 
0x22, 0x26, 0x35, 0x34, 0x36, 0x33, 0x33, 0x35, 0x34, 0x36, 0x33, 0x32, 0x16, 0x15, 0x15, 0x33, 
0x32, 0x16, 0x15, 0x14, 0x06, 0x23, 0x23, 0x11, 0x14, 0x16, 0x33, 0x33, 0x32, 0x16, 0x15, 0x14, 
0x06, 0x23, 0x23, 0x22, 0x27, 0x01, 0x10, 0x01, 0x0F, 0x32, 0x26, 0x4C, 0x33, 0x30, 0x3F, 0x11, 
0x0D, 0x08, 0x0C, 0x0C, 0x03, 0x0A, 0x13, 0x11, 0x1A, 0x21, 0x1A, 0x1F, 0x10, 0x10, 0x05, 0x14, 
0x01, 0x04, 0x2B, 0x31, 0x4E, 0x0C, 0x0F, 0x0F, 0x0C, 0x4E, 0x11, 0x0D, 0x0E, 0x11, 0x84, 0x0C, 
0x0F, 0x0F, 0x0C, 0x84, 0x48, 0x39, 0x16, 0x0E, 0x11, 0x11, 0x0E, 0x17, 0x0E, 0x1C, 0x01, 0x01, 
0x24, 0x0F, 0x2C, 0x21, 0x2C, 0x3C, 0x28, 0x1A, 0x0D, 0x12, 0x07, 0x09, 0x03, 0x08, 0x09, 0x16, 
0x13, 0x13, 0x17, 0x09, 0x04, 0x0C, 0x0B, 0x06, 0x0D, 0x31, 0x03, 0x06, 0x18, 0x57, 0x38, 0x01, 
0x19, 0x0F, 0x0C, 0x0C, 0x0F, 0xA3, 0x0E, 0x11, 0x11, 0x0E, 0xA3, 0x0F, 0x0C, 0x0C, 0x0F, 0xFE, 
0xE7, 0x3A, 0x49, 0x11, 0x0E, 0x0D, 0x11, 0x04, 0xFF, 0xFF, 0x00, 0x14, 0xFF, 0x18, 0x01, 0x70, 
0x02, 0xD1, 0x00, 0x22, 0x01, 0x5E, 0x00, 0x00, 0x00, 0x03, 0x03, 0x39, 0x01, 0x7D, 0x00, 0x00, 
0x00, 0x01, 0x00, 0x50, 0xFF, 0xF9, 0x02, 0x47, 0x02, 0x23, 0x00, 0x24, 0x00, 0x4C, 0xB5, 0x0A, 
0x01, 0x03, 0x02, 0x01, 0x4A, 0x4B, 0xB0, 0x22, 0x50, 0x58, 0x40, 0x13, 0x05, 0x04, 0x02, 0x02, 
0x02, 0x40, 0x4B, 0x00, 0x03, 0x03, 0x00, 0x5F, 0x01, 0x01, 0x00, 0x00, 0x3E, 0x00, 0x4C, 0x1B, 
0x40, 0x17, 0x05, 0x04, 0x02, 0x02, 0x02, 0x40, 0x4B, 0x00, 0x00, 0x00, 0x3E, 0x4B, 0x00, 0x03, 
0x03, 0x01, 0x5F, 0x00, 0x01, 0x01, 0x49, 0x01, 0x4C, 0x59, 0x40, 0x0D, 0x00, 0x00, 0x00, 0x24, 
0x00, 0x23, 0x25, 0x26, 0x25, 0x25, 0x06, 0x09, 0x18, 0x2B, 0x00, 0x16, 0x15, 0x11, 0x14, 0x06, 
0x23, 0x22, 0x26, 0x35, 0x35, 0x06, 0x06, 0x23, 0x22, 0x26, 0x26, 0x35, 0x11, 0x34, 0x36, 0x33, 
0x32, 0x16, 0x15, 0x11, 0x14, 0x16, 0x33, 0x32, 0x36, 0x36, 0x35, 0x11, 0x34, 0x36, 0x33, 0x02, 
0x37, 0x10, 0x10, 0x0E, 0x0D, 0x11, 0x22, 0x62, 0x3A, 0x49, 0x73, 0x41, 0x11, 0x0D, 0x0D, 0x11, 
0x6B, 0x56, 0x35, 0x57, 0x32, 0x11, 0x0D, 0x02, 0x23, 0x10, 0x0E, 0xFE, 0x19, 0x0D, 0x11, 0x11, 
0x0D, 0x34, 0x2A, 0x2F, 0x3C, 0x73, 0x50, 0x01, 0x0D, 0x0D, 0x11, 0x11, 0x0D, 0xFE, 0xF3, 0x5F, 
0x64, 0x29, 0x49, 0x2C, 0x01, 0x32, 0x0E, 0x10, 0xFF, 0xFF, 0x00, 0x50, 0xFF, 0xF9, 0x02, 0x47, 
0x03, 0x2B, 0x00, 0x22, 0x01, 0x63, 0x00, 0x00, 0x00, 0x03, 0x03, 0x29, 0x02, 0x0A, 0x00, 0x00, 
0xFF, 0xFF, 0x00, 0x50, 0xFF, 0xF9, 0x02, 0x47, 0x03, 0x16, 0x00, 0x22, 0x01, 0x63, 0x00, 0x00, 
0x00, 0x03, 0x03, 0x2E, 0x02, 0x16, 0x00, 0x00, 0xFF, 0xFF, 0x00, 0x50, 0xFF, 0xF9, 0x02, 0x47, 
0x03, 0x16, 0x00, 0x22, 0x01, 0x63, 0x00, 0x00, 0x00, 0x03, 0x03, 0x2C, 0x02, 0x17, 0x00, 0x00, 
0xFF, 0xFF, 0x00, 0x50, 0xFF, 0xF9, 0x02, 0x47, 0x03, 0x35, 0x00, 0x22, 0x01, 0x63, 0x00, 0x00, 
0x00, 0x03, 0x03, 0x33, 0x02, 0x03, 0x00, 0x00, 0xFF, 0xFF, 0x00, 0x50, 0xFF, 0xF9, 0x02, 0x47, 
0x02, 0xF8, 0x00, 0x22, 0x01, 0x63, 0x00, 0x00, 0x00, 0x03, 0x03, 0x26, 0x02, 0x4C, 0x00, 0x00, 
0xFF, 0xFF, 0x00, 0x50, 0xFF, 0x3A, 0x02, 0x47, 0x02, 0x23, 0x00, 0x22, 0x01, 0x63, 0x00, 0x00, 
0x00, 0x03, 0x03, 0x37, 0x01, 0xB1, 0x00, 0x00, 0xFF, 0xFF, 0x00, 0x50, 0xFF, 0xF9, 0x02, 0x47, 
0x03, 0x36, 0x00, 0x22, 0x01, 0x63, 0x00, 0x00, 0x00, 0x03, 0x03, 0x28, 0x01, 0x9B, 0x00, 0x00, 
0xFF, 0xFF, 0x00, 0x50, 0xFF, 0xF9, 0x02, 0x47, 0x03, 0x52, 0x00, 0x22, 0x01, 0x63, 0x00, 0x00, 
0x00, 0x03, 0x03, 0x32, 0x01, 0xFA, 0x00, 0x00, 0x00, 0x01, 0x00, 0x50, 0xFF, 0xF9, 0x02, 0xB6, 
0x02, 0x85, 0x00, 0x31, 0x00, 0x62, 0xB5, 0x0F, 0x01, 0x04, 0x00, 0x01, 0x4A, 0x4B, 0xB0, 0x22, 
0x50, 0x58, 0x40, 0x1D, 0x07, 0x01, 0x06, 0x03, 0x06, 0x83, 0x00, 0x00, 0x00, 0x03, 0x5F, 0x05, 
0x01, 0x03, 0x03, 0x40, 0x4B, 0x00, 0x04, 0x04, 0x01, 0x5F, 0x02, 0x01, 0x01, 0x01, 0x3E, 0x01, 
0x4C, 0x1B, 0x40, 0x21, 0x07, 0x01, 0x06, 0x03, 0x06, 0x83, 0x00, 0x00, 0x00, 0x03, 0x5F, 0x05, 
0x01, 0x03, 0x03, 0x40, 0x4B, 0x00, 0x01, 0x01, 0x3E, 0x4B, 0x00, 0x04, 0x04, 0x02, 0x5F, 0x00, 
0x02, 0x02, 0x49, 0x02, 0x4C, 0x59, 0x40, 0x0F, 0x00, 0x00, 0x00, 0x31, 0x00, 0x30, 0x36, 0x25, 
0x26, 0x25, 0x23, 0x25, 0x08, 0x09, 0x1A, 0x2B, 0x00, 0x16, 0x15, 0x15, 0x14, 0x06, 0x23, 0x23, 
0x11, 0x14, 0x06, 0x23, 0x22, 0x26, 0x35, 0x35, 0x06, 0x06, 0x23, 0x22, 0x26, 0x26, 0x35, 0x11, 
0x34, 0x36, 0x33, 0x32, 0x16, 0x15, 0x11, 0x14, 0x16, 0x33, 0x32, 0x36, 0x36, 0x35, 0x11, 0x34, 
0x36, 0x33, 0x33, 0x32, 0x36, 0x35, 0x35, 0x34, 0x36, 0x33, 0x02, 0xA7, 0x0F, 0x39, 0x2A, 0x0C, 
0x10, 0x0E, 0x0D, 0x11, 0x22, 0x62, 0x3A, 0x49, 0x73, 0x41, 0x11, 0x0D, 0x0D, 0x11, 0x6B, 0x56, 
0x35, 0x57, 0x32, 0x11, 0x0D, 0x2A, 0x12, 0x17, 0x0F, 0x0E, 0x02, 0x85, 0x13, 0x0F, 0x12, 0x2C, 
0x3C, 0xFE, 0x35, 0x0D, 0x11, 0x11, 0x0D, 0x34, 0x2A, 0x2F, 0x3C, 0x73, 0x50, 0x01, 0x0D, 0x0D, 
0x11, 0x11, 0x0D, 0xFE, 0xF3, 0x5F, 0x64, 0x29, 0x49, 0x2C, 0x01, 0x32, 0x0E, 0x10, 0x1A, 0x14, 
0x17, 0x0D, 0x10, 0x00, 0xFF, 0xFF, 0x00, 0x50, 0xFF, 0xF9, 0x02, 0xB6, 0x03, 0x2B, 0x00, 0x22, 
0x01, 0x6C, 0x00, 0x00, 0x00, 0x03, 0x03, 0x29, 0x02, 0x0A, 0x00, 0x00, 0xFF, 0xFF, 0x00, 0x50, 
0xFF, 0x3A, 0x02, 0xB6, 0x02, 0x85, 0x00, 0x22, 0x01, 0x6C, 0x00, 0x00, 0x00, 0x03, 0x03, 0x37, 
0x01, 0xB1, 0x00, 0x00, 0xFF, 0xFF, 0x00, 0x50, 0xFF, 0xF9, 0x02, 0xB6, 0x03, 0x36, 0x00, 0x22, 
0x01, 0x6C, 0x00, 0x00, 0x00, 0x03, 0x03, 0x28, 0x01, 0x9B, 0x00, 0x00, 0xFF, 0xFF, 0x00, 0x50, 
0xFF, 0xF9, 0x02, 0xB6, 0x03, 0x52, 0x00, 0x22, 0x01, 0x6C, 0x00, 0x00, 0x00, 0x03, 0x03, 0x32, 
0x01, 0xFA, 0x00, 0x00, 0xFF, 0xFF, 0x00, 0x50, 0xFF, 0xF9, 0x02, 0xB6, 0x02, 0xEA, 0x00, 0x22, 
0x01, 0x6C, 0x00, 0x00, 0x00, 0x03, 0x03, 0x30, 0x02, 0x49, 0x00, 0x00, 0xFF, 0xFF, 0x00, 0x50, 
0xFF, 0xF9, 0x02, 0x47, 0x03, 0x35, 0x00, 0x22, 0x01, 0x63, 0x00, 0x00, 0x00, 0x03, 0x03, 0x2A, 
0x02, 0x21, 0x00, 0x00, 0xFF, 0xFF, 0x00, 0x50, 0xFF, 0xF9, 0x02, 0x47, 0x03, 0x16, 0x00, 0x22, 
0x01, 0x63, 0x00, 0x00, 0x00, 0x03, 0x03, 0x34, 0x02, 0x1B, 0x00, 0x00, 0xFF, 0xFF, 0x00, 0x50, 
0xFF, 0xF9, 0x02, 0x47, 0x02, 0xD2, 0x00, 0x22, 0x01, 0x63, 0x00, 0x00, 0x00, 0x03, 0x03, 0x31, 
0x02, 0x63, 0x00, 0x00, 0x00, 0x01, 0x00, 0x50, 0xFF, 0x05, 0x02, 0x98, 0x02, 0x23, 0x00, 0x42, 
0x00, 0xC8, 0x40, 0x0A, 0x13, 0x01, 0x03, 0x02, 0x33, 0x01, 0x01, 0x03, 0x02, 0x4A, 0x4B, 0xB0, 
0x0C, 0x50, 0x58, 0x40, 0x24, 0x07, 0x01, 0x06, 0x01, 0x05, 0x01, 0x06, 0x05, 0x7E, 0x04, 0x01, 
0x02, 0x02, 0x40, 0x4B, 0x00, 0x03, 0x03, 0x01, 0x5F, 0x00, 0x01, 0x01, 0x49, 0x4B, 0x00, 0x05, 
0x05, 0x00, 0x5F, 0x00, 0x00, 0x00, 0x42, 0x00, 0x4C, 0x1B, 0x4B, 0xB0, 0x0D, 0x50, 0x58, 0x40, 
0x24, 0x07, 0x01, 0x06, 0x01, 0x05, 0x01, 0x06, 0x05, 0x7E, 0x04, 0x01, 0x02, 0x02, 0x40, 0x4B, 
0x00, 0x03, 0x03, 0x01, 0x5F, 0x00, 0x01, 0x01, 0x46, 0x4B, 0x00, 0x05, 0x05, 0x00, 0x5F, 0x00, 
0x00, 0x00, 0x42, 0x00, 0x4C, 0x1B, 0x4B, 0xB0, 0x1E, 0x50, 0x58, 0x40, 0x24, 0x07, 0x01, 0x06, 
0x01, 0x05, 0x01, 0x06, 0x05, 0x7E, 0x04, 0x01, 0x02, 0x02, 0x40, 0x4B, 0x00, 0x03, 0x03, 0x01, 
0x5F, 0x00, 0x01, 0x01, 0x49, 0x4B, 0x00, 0x05, 0x05, 0x00, 0x5F, 0x00, 0x00, 0x00, 0x42, 0x00, 
0x4C, 0x1B, 0x40, 0x21, 0x07, 0x01, 0x06, 0x01, 0x05, 0x01, 0x06, 0x05, 0x7E, 0x00, 0x05, 0x00, 
0x00, 0x05, 0x00, 0x63, 0x04, 0x01, 0x02, 0x02, 0x40, 0x4B, 0x00, 0x03, 0x03, 0x01, 0x5F, 0x00, 
0x01, 0x01, 0x49, 0x01, 0x4C, 0x59, 0x59, 0x59, 0x40, 0x0F, 0x00, 0x00, 0x00, 0x42, 0x00, 0x41, 
0x2E, 0x26, 0x25, 0x26, 0x2D, 0x26, 0x08, 0x09, 0x1A, 0x2B, 0x04, 0x16, 0x15, 0x14, 0x07, 0x07, 
0x06, 0x23, 0x22, 0x26, 0x35, 0x34, 0x37, 0x36, 0x37, 0x36, 0x37, 0x26, 0x35, 0x35, 0x06, 0x06, 
0x23, 0x22, 0x26, 0x26, 0x35, 0x11, 0x34, 0x36, 0x33, 0x32, 0x16, 0x15, 0x11, 0x14, 0x16, 0x33, 
0x32, 0x36, 0x36, 0x35, 0x11, 0x34, 0x36, 0x33, 0x32, 0x16, 0x15, 0x11, 0x14, 0x07, 0x16, 0x15, 
0x14, 0x06, 0x07, 0x06, 0x15, 0x14, 0x16, 0x33, 0x32, 0x37, 0x37, 0x36, 0x33, 0x02, 0x86, 0x12, 
0x0A, 0x29, 0x1C, 0x21, 0x2D, 0x42, 0x2F, 0x1F, 0x07, 0x04, 0x05, 0x0C, 0x22, 0x62, 0x3A, 0x49, 
0x73, 0x41, 0x11, 0x0D, 0x0D, 0x11, 0x6B, 0x56, 0x35, 0x57, 0x32, 0x11, 0x0D, 0x0E, 0x10, 0x0C, 
0x0C, 0x1E, 0x1E, 0x15, 0x1D, 0x15, 0x10, 0x0C, 0x23, 0x09, 0x09, 0x96, 0x12, 0x0D, 0x0F, 0x08, 
0x1C, 0x13, 0x41, 0x2E, 0x35, 0x26, 0x19, 0x13, 0x07, 0x03, 0x08, 0x11, 0x34, 0x2A, 0x2F, 0x3C, 
0x73, 0x50, 0x01, 0x0D, 0x0D, 0x11, 0x11, 0x0D, 0xFE, 0xF3, 0x5F, 0x64, 0x29, 0x49, 0x2C, 0x01, 
0x32, 0x0E, 0x10, 0x10, 0x0E, 0xFE, 0x19, 0x10, 0x09, 0x09, 0x0F, 0x13, 0x27, 0x16, 0x11, 0x18, 
0x15, 0x1D, 0x08, 0x1A, 0x06, 0x00, 0x00, 0x00, 0xFF, 0xFF, 0x00, 0x50, 0xFF, 0xF9, 0x02, 0x47, 
0x03, 0x0D, 0x00, 0x22, 0x01, 0x63, 0x00, 0x00, 0x00, 0x03, 0x03, 0x2F, 0x01, 0xDC, 0x00, 0x00, 
0xFF, 0xFF, 0x00, 0x50, 0xFF, 0xF9, 0x02, 0x47, 0x02, 0xEA, 0x00, 0x22, 0x01, 0x63, 0x00, 0x00, 
0x00, 0x03, 0x03, 0x30, 0x02, 0x49, 0x00, 0x00, 0x00, 0x01, 0x00, 0x14, 0xFF, 0xFF, 0x02, 0x19, 
0x02, 0x25, 0x00, 0x18, 0x00, 0x1D, 0x40, 0x1A, 0x13, 0x0C, 0x01, 0x03, 0x00, 0x01, 0x01, 0x4A, 
0x02, 0x01, 0x01, 0x01, 0x40, 0x4B, 0x00, 0x00, 0x00, 0x3E, 0x00, 0x4C, 0x14, 0x28, 0x25, 0x03, 
0x09, 0x17, 0x2B, 0x00, 0x15, 0x14, 0x07, 0x03, 0x06, 0x23, 0x22, 0x26, 0x27, 0x03, 0x26, 0x35, 
0x34, 0x37, 0x36, 0x33, 0x32, 0x17, 0x13, 0x13, 0x36, 0x33, 0x32, 0x17, 0x02, 0x19, 0x02, 0xE1, 
0x0A, 0x16, 0x09, 0x0F, 0x04, 0xE4, 0x02, 0x11, 0x06, 0x06, 0x11, 0x08, 0xCD, 0xCA, 0x08, 0x12, 
0x07, 0x06, 0x02, 0x1A, 0x12, 0x07, 0x04, 0xFE, 0x17, 0x15, 0x0B, 0x0A, 0x01, 0xE8, 0x04, 0x07, 
0x12, 0x08, 0x03, 0x11, 0xFE, 0x44, 0x01, 0xBD, 0x11, 0x03, 0x00, 0x00, 0x00, 0x01, 0x00, 0x14, 
0x00, 0x00, 0x02, 0xD9, 0x02, 0x23, 0x00, 0x25, 0x00, 0x28, 0x40, 0x25, 0x22, 0x1B, 0x0C, 0x02, 
0x04, 0x00, 0x02, 0x01, 0x4A, 0x05, 0x04, 0x03, 0x03, 0x02, 0x02, 0x40, 0x4B, 0x01, 0x01, 0x00, 
0x00, 0x3E, 0x00, 0x4C, 0x00, 0x00, 0x00, 0x25, 0x00, 0x24, 0x26, 0x26, 0x25, 0x27, 0x06, 0x09, 
0x18, 0x2B, 0x00, 0x16, 0x15, 0x14, 0x07, 0x03, 0x06, 0x06, 0x23, 0x22, 0x26, 0x27, 0x03, 0x03, 
0x06, 0x23, 0x22, 0x26, 0x27, 0x03, 0x26, 0x35, 0x34, 0x33, 0x32, 0x16, 0x17, 0x13, 0x13, 0x36, 
0x36, 0x33, 0x32, 0x17, 0x13, 0x13, 0x36, 0x33, 0x02, 0xCB, 0x0E, 0x03, 0xA1, 0x03, 0x0F, 0x0B, 
0x0A, 0x10, 0x02, 0x88, 0x84, 0x07, 0x15, 0x0A, 0x0F, 0x03, 0xA2, 0x02, 0x19, 0x09, 0x0F, 0x04, 
0x8D, 0x82, 0x03, 0x10, 0x0B, 0x16, 0x08, 0x83, 0x8B, 0x08, 0x14, 0x02, 0x23, 0x10, 0x0C, 0x07, 
0x08, 0xFE, 0x1B, 0x09, 0x0A, 0x0A, 0x09, 0x01, 0xA7, 0xFE, 0x59, 0x13, 0x0A, 0x09, 0x01, 0xE5, 
0x0C, 0x04, 0x1B, 0x09, 0x09, 0xFE, 0x56, 0x01, 0xA4, 0x0B, 0x0D, 0x18, 0xFE, 0x64, 0x01, 0xA2, 
0x12, 0x00, 0x00, 0x00, 0xFF, 0xFF, 0x00, 0x14, 0x00, 0x00, 0x02, 0xD9, 0x03, 0x2B, 0x00, 0x22, 
0x01, 0x79, 0x00, 0x00, 0x00, 0x03, 0x03, 0x29, 0x02, 0x30, 0x00, 0x00, 0xFF, 0xFF, 0x00, 0x14, 
0x00, 0x00, 0x02, 0xD9, 0x03, 0x16, 0x00, 0x22, 0x01, 0x79, 0x00, 0x00, 0x00, 0x03, 0x03, 0x2C, 
0x02, 0x3D, 0x00, 0x00, 0xFF, 0xFF, 0x00, 0x14, 0x00, 0x00, 0x02, 0xD9, 0x02, 0xF8, 0x00, 0x22, 
0x01, 0x79, 0x00, 0x00, 0x00, 0x03, 0x03, 0x26, 0x02, 0x72, 0x00, 0x00, 0xFF, 0xFF, 0x00, 0x14, 
0x00, 0x00, 0x02, 0xD9, 0x03, 0x36, 0x00, 0x22, 0x01, 0x79, 0x00, 0x00, 0x00, 0x03, 0x03, 0x28, 
0x01, 0xC1, 0x00, 0x00, 0x00, 0x01, 0x00, 0x23, 0x00, 0x00, 0x01, 0xF1, 0x02, 0x23, 0x00, 0x24, 
0x00, 0x20, 0x40, 0x1D, 0x23, 0x1A, 0x11, 0x08, 0x04, 0x00, 0x02, 0x01, 0x4A, 0x03, 0x01, 0x02, 
0x02, 0x40, 0x4B, 0x01, 0x01, 0x00, 0x00, 0x3E, 0x00, 0x4C, 0x24, 0x2A, 0x25, 0x23, 0x04, 0x09, 
0x18, 0x2B, 0x24, 0x15, 0x14, 0x06, 0x23, 0x22, 0x26, 0x27, 0x27, 0x07, 0x06, 0x23, 0x22, 0x26, 
0x35, 0x34, 0x37, 0x37, 0x27, 0x26, 0x35, 0x34, 0x36, 0x33, 0x32, 0x17, 0x17, 0x37, 0x36, 0x33, 
0x32, 0x16, 0x15, 0x14, 0x07, 0x07, 0x17, 0x01, 0xF1, 0x12, 0x09, 0x0C, 0x0D, 0x09, 0xA8, 0xB6, 
0x06, 0x0F, 0x0D, 0x11, 0x07, 0xBA, 0xA4, 0x07, 0x11, 0x0D, 0x0D, 0x09, 0xA0, 0xA7, 0x0F, 0x10, 
0x0D, 0x0F, 0x08, 0xB1, 0xB2, 0x25, 0x0B, 0x0C, 0x0E, 0x08, 0x0B, 0xDF, 0xE9, 0x09, 0x12, 0x0C, 
0x0B, 0x08, 0xE7, 0xD9, 0x08, 0x0C, 0x0C, 0x12, 0x09, 0xD5, 0xCC, 0x12, 0x10, 0x0C, 0x0B, 0x0B, 
0xD3, 0xED, 0x00, 0x00, 0x00, 0x01, 0x00, 0x19, 0xFF, 0x13, 0x02, 0x20, 0x02, 0x25, 0x00, 0x1E, 
0x00, 0x1E, 0x40, 0x1B, 0x19, 0x0D, 0x0A, 0x01, 0x04, 0x00, 0x01, 0x01, 0x4A, 0x02, 0x01, 0x01, 
0x01, 0x40, 0x4B, 0x00, 0x00, 0x00, 0x42, 0x00, 0x4C, 0x14, 0x2F, 0x15, 0x03, 0x09, 0x17, 0x2B, 
0x00, 0x15, 0x14, 0x07, 0x01, 0x06, 0x23, 0x22, 0x27, 0x26, 0x35, 0x34, 0x37, 0x37, 0x26, 0x27, 
0x03, 0x26, 0x35, 0x34, 0x37, 0x36, 0x33, 0x32, 0x17, 0x13, 0x13, 0x36, 0x33, 0x32, 0x17, 0x02, 
0x20, 0x04, 0xFE, 0xB0, 0x09, 0x0E, 0x06, 0x08, 0x13, 0x04, 0x64, 0x01, 0x03, 0xDB, 0x04, 0x11, 
0x08, 0x08, 0x0F, 0x08, 0xCB, 0xCC, 0x09, 0x0E, 0x07, 0x07, 0x02, 0x1A, 0x0F, 0x04, 0x0A, 0xFD, 
0x28, 0x12, 0x03, 0x08, 0x0F, 0x04, 0x0A, 0xD8, 0x01, 0x06, 0x01, 0xE0, 0x08, 0x08, 0x0F, 0x08, 
0x04, 0x11, 0xFE, 0x44, 0x01, 0xBB, 0x12, 0x03, 0xFF, 0xFF, 0x00, 0x19, 0xFF, 0x13, 0x02, 0x20, 
0x03, 0x2B, 0x00, 0x22, 0x01, 0x7F, 0x00, 0x00, 0x00, 0x03, 0x03, 0x29, 0x01, 0xD6, 0x00, 0x00, 
0xFF, 0xFF, 0x00, 0x19, 0xFF, 0x13, 0x02, 0x20, 0x03, 0x16, 0x00, 0x22, 0x01, 0x7F, 0x00, 0x00, 
0x00, 0x03, 0x03, 0x2C, 0x01, 0xE3, 0x00, 0x00, 0xFF, 0xFF, 0x00, 0x19, 0xFF, 0x13, 0x02, 0x20, 
0x02, 0xF8, 0x00, 0x22, 0x01, 0x7F, 0x00, 0x00, 0x00, 0x03, 0x03, 0x26, 0x02, 0x18, 0x00, 0x00, 
0xFF, 0xFF, 0x00, 0x19, 0xFF, 0x13, 0x02, 0x20, 0x02, 0x25, 0x00, 0x22, 0x01, 0x7F, 0x00, 0x00, 
0x00, 0x03, 0x03, 0x37, 0x01, 0xD7, 0x00, 0x00, 0xFF, 0xFF, 0x00, 0x19, 0xFF, 0x13, 0x02, 0x20, 
0x03, 0x36, 0x00, 0x22, 0x01, 0x7F, 0x00, 0x00, 0x00, 0x03, 0x03, 0x28, 0x01, 0x67, 0x00, 0x00, 
0xFF, 0xFF, 0x00, 0x19, 0xFF, 0x13, 0x02, 0x20, 0x03, 0x52, 0x00, 0x22, 0x01, 0x7F, 0x00, 0x00, 
0x00, 0x03, 0x03, 0x32, 0x01, 0xC6, 0x00, 0x00, 0xFF, 0xFF, 0x00, 0x19, 0xFF, 0x13, 0x02, 0x20, 
0x02, 0xD2, 0x00, 0x22, 0x01, 0x7F, 0x00, 0x00, 0x00, 0x03, 0x03, 0x31, 0x02, 0x2F, 0x00, 0x00, 
0xFF, 0xFF, 0x00, 0x19, 0xFF, 0x13, 0x02, 0x20, 0x02, 0xEA, 0x00, 0x22, 0x01, 0x7F, 0x00, 0x00, 
0x00, 0x03, 0x03, 0x30, 0x02, 0x15, 0x00, 0x00, 0x00, 0x01, 0x00, 0x41, 0x00, 0x00, 0x01, 0xFE, 
0x02, 0x23, 0x00, 0x15, 0x00, 0x25, 0x40, 0x22, 0x00, 0x01, 0x01, 0x02, 0x5D, 0x00, 0x02, 0x02, 
0x40, 0x4B, 0x04, 0x01, 0x03, 0x03, 0x00, 0x5D, 0x00, 0x00, 0x00, 0x3E, 0x00, 0x4C, 0x00, 0x00, 
0x00, 0x15, 0x00, 0x14, 0x32, 0x24, 0x32, 0x05, 0x09, 0x17, 0x2B, 0x24, 0x15, 0x14, 0x23, 0x21, 
0x22, 0x35, 0x34, 0x37, 0x01, 0x21, 0x22, 0x35, 0x34, 0x33, 0x21, 0x32, 0x15, 0x14, 0x07, 0x01, 
0x21, 0x01, 0xFE, 0x1B, 0xFE, 0x79, 0x1B, 0x08, 0x01, 0x65, 0xFE, 0xAE, 0x1B, 0x1B, 0x01, 0x87, 
0x1B, 0x04, 0xFE, 0x9A, 0x01, 0x4F, 0x36, 0x1B, 0x1B, 0x1B, 0x0F, 0x06, 0x01, 0xBD, 0x1B, 0x1B, 
0x1B, 0x0C, 0x05, 0xFE, 0x3F, 0x00, 0x00, 0x00, 0xFF, 0xFF, 0x00, 0x41, 0x00, 0x00, 0x01, 0xFE, 
0x03, 0x2B, 0x00, 0x22, 0x01, 0x88, 0x00, 0x00, 0x00, 0x03, 0x03, 0x29, 0x01, 0xD9, 0x00, 0x00, 
0xFF, 0xFF, 0x00, 0x41, 0x00, 0x00, 0x01, 0xFE, 0x03, 0x12, 0x00, 0x22, 0x01, 0x88, 0x00, 0x00, 
0x00, 0x03, 0x03, 0x2D, 0x01, 0xE6, 0x00, 0x00, 0xFF, 0xFF, 0x00, 0x41, 0x00, 0x00, 0x01, 0xFE, 
0x02, 0xF3, 0x00, 0x22, 0x01, 0x88, 0x00, 0x00, 0x00, 0x03, 0x03, 0x27, 0x01, 0xAC, 0x00, 0x00, 
0xFF, 0xFF, 0x00, 0x1E, 0x00, 0x00, 0x02, 0xDA, 0x03, 0x0D, 0x00, 0x22, 0x01, 0x01, 0x00, 0x00, 
0x00, 0x03, 0x01, 0x01, 0x01, 0x6D, 0x00, 0x00, 0xFF, 0xFF, 0x00, 0x1E, 0x00, 0x00, 0x03, 0x94, 
0x03, 0x0D, 0x00, 0x22, 0x01, 0x01, 0x00, 0x00, 0x00, 0x23, 0x01, 0x01, 0x01, 0x6D, 0x00, 0x00, 
0x00, 0x23, 0x01, 0x0C, 0x02, 0xDA, 0x00, 0x00, 0x00, 0x03, 0x03, 0x27, 0x03, 0xF2, 0x00, 0x00, 
0xFF, 0xFF, 0x00, 0x1E, 0x00, 0x00, 0x03, 0xD4, 0x03, 0x0D, 0x00, 0x22, 0x01, 0x01, 0x00, 0x00, 
0x00, 0x23, 0x01, 0x01, 0x01, 0x6D, 0x00, 0x00, 0x00, 0x03, 0x01, 0x21, 0x02, 0xDA, 0x00, 0x00, 
0x00, 0x02, 0x00, 0x1E, 0x00, 0x00, 0x01, 0xEF, 0x03, 0x0D, 0x00, 0x2B, 0x00, 0x39, 0x00, 0x7C, 
0x4B, 0xB0, 0x19, 0x50, 0x58, 0x40, 0x2C, 0x00, 0x05, 0x06, 0x09, 0x06, 0x05, 0x09, 0x7E, 0x00, 
0x06, 0x06, 0x04, 0x5F, 0x00, 0x04, 0x04, 0x3D, 0x4B, 0x0B, 0x01, 0x09, 0x09, 0x40, 0x4B, 0x02, 
0x01, 0x00, 0x00, 0x03, 0x5D, 0x0A, 0x07, 0x02, 0x03, 0x03, 0x40, 0x4B, 0x08, 0x01, 0x01, 0x01, 
0x3E, 0x01, 0x4C, 0x1B, 0x40, 0x2A, 0x00, 0x05, 0x06, 0x09, 0x06, 0x05, 0x09, 0x7E, 0x0A, 0x07, 
0x02, 0x03, 0x02, 0x01, 0x00, 0x01, 0x03, 0x00, 0x65, 0x00, 0x06, 0x06, 0x04, 0x5F, 0x00, 0x04, 
0x04, 0x3D, 0x4B, 0x0B, 0x01, 0x09, 0x09, 0x40, 0x4B, 0x08, 0x01, 0x01, 0x01, 0x3E, 0x01, 0x4C, 
0x59, 0x40, 0x18, 0x2C, 0x2C, 0x00, 0x00, 0x2C, 0x39, 0x2C, 0x38, 0x33, 0x31, 0x00, 0x2B, 0x00, 
0x2A, 0x24, 0x24, 0x23, 0x24, 0x23, 0x23, 0x24, 0x0C, 0x09, 0x1B, 0x2B, 0x00, 0x16, 0x15, 0x14, 
0x06, 0x23, 0x23, 0x11, 0x14, 0x06, 0x23, 0x22, 0x26, 0x35, 0x11, 0x23, 0x22, 0x26, 0x35, 0x34, 
0x36, 0x33, 0x33, 0x35, 0x34, 0x36, 0x33, 0x32, 0x16, 0x15, 0x14, 0x06, 0x23, 0x22, 0x26, 0x27, 
0x26, 0x26, 0x23, 0x22, 0x06, 0x15, 0x15, 0x33, 0x36, 0x16, 0x15, 0x11, 0x14, 0x06, 0x23, 0x22, 
0x26, 0x35, 0x11, 0x34, 0x36, 0x33, 0x01, 0x54, 0x0F, 0x0F, 0x0C, 0x84, 0x12, 0x0D, 0x0D, 0x11, 
0x4E, 0x0C, 0x0F, 0x0F, 0x0C, 0x4E, 0x61, 0x6B, 0x3C, 0x60, 0x18, 0x15, 0x0B, 0x14, 0x10, 0x13, 
0x21, 0x17, 0x42, 0x42, 0x84, 0x90, 0x10, 0x10, 0x0E, 0x0D, 0x11, 0x11, 0x0D, 0x02, 0x0F, 0x0F, 
0x0C, 0x0C, 0x0F, 0xFE, 0x45, 0x0D, 0x11, 0x11, 0x0D, 0x01, 0xBB, 0x0F, 0x0C, 0x0C, 0x0F, 0x1F, 
0x64, 0x7B, 0x23, 0x21, 0x15, 0x15, 0x0B, 0x0C, 0x10, 0x11, 0x50, 0x59, 0x1F, 0x14, 0x10, 0x0E, 
0xFE, 0x19, 0x0D, 0x11, 0x11, 0x0D, 0x01, 0xE7, 0x0E, 0x10, 0x00, 0x00, 0x00, 0x01, 0x00, 0x1E, 
0x00, 0x00, 0x02, 0x6A, 0x03, 0x0D, 0x00, 0x38, 0x00, 0x72, 0x40, 0x0A, 0x2E, 0x01, 0x01, 0x07, 
0x0A, 0x01, 0x02, 0x01, 0x02, 0x4A, 0x4B, 0xB0, 0x19, 0x50, 0x58, 0x40, 0x24, 0x00, 0x01, 0x01, 
0x07, 0x5F, 0x08, 0x01, 0x07, 0x07, 0x3D, 0x4B, 0x05, 0x01, 0x03, 0x03, 0x02, 0x5D, 0x06, 0x01, 
0x02, 0x02, 0x40, 0x4B, 0x0A, 0x01, 0x09, 0x09, 0x00, 0x5F, 0x04, 0x01, 0x00, 0x00, 0x3E, 0x00, 
0x4C, 0x1B, 0x40, 0x22, 0x06, 0x01, 0x02, 0x05, 0x01, 0x03, 0x09, 0x02, 0x03, 0x65, 0x00, 0x01, 
0x01, 0x07, 0x5F, 0x08, 0x01, 0x07, 0x07, 0x3D, 0x4B, 0x0A, 0x01, 0x09, 0x09, 0x00, 0x5F, 0x04, 
0x01, 0x00, 0x00, 0x3E, 0x00, 0x4C, 0x59, 0x40, 0x12, 0x00, 0x00, 0x00, 0x38, 0x00, 0x36, 0x22, 
0x23, 0x24, 0x23, 0x23, 0x24, 0x23, 0x24, 0x34, 0x0B, 0x09, 0x1D, 0x2B, 0x24, 0x16, 0x15, 0x14, 
0x06, 0x23, 0x23, 0x22, 0x26, 0x35, 0x11, 0x26, 0x23, 0x22, 0x06, 0x15, 0x15, 0x33, 0x32, 0x16, 
0x15, 0x14, 0x06, 0x23, 0x23, 0x11, 0x14, 0x06, 0x23, 0x22, 0x26, 0x35, 0x11, 0x23, 0x22, 0x26, 
0x35, 0x34, 0x36, 0x33, 0x33, 0x35, 0x34, 0x36, 0x33, 0x32, 0x17, 0x36, 0x33, 0x32, 0x16, 0x15, 
0x11, 0x14, 0x16, 0x33, 0x33, 0x02, 0x5C, 0x0E, 0x10, 0x0E, 0x14, 0x39, 0x49, 0x3B, 0x1E, 0x4E, 
0x4B, 0x84, 0x0C, 0x0F, 0x0F, 0x0C, 0x84, 0x12, 0x0D, 0x0D, 0x11, 0x4E, 0x0C, 0x0F, 0x0F, 0x0C, 
0x4E, 0x6C, 0x65, 0x31, 0x31, 0x06, 0x14, 0x0E, 0x10, 0x27, 0x1F, 0x19, 0x3C, 0x10, 0x0E, 0x0D, 
0x11, 0x5C, 0x49, 0x02, 0x1E, 0x12, 0x4A, 0x54, 0x28, 0x0F, 0x0C, 0x0C, 0x0F, 0xFE, 0x45, 0x0D, 
0x11, 0x11, 0x0D, 0x01, 0xBB, 0x0F, 0x0C, 0x0C, 0x0F, 0x32, 0x5A, 0x72, 0x0F, 0x0F, 0x10, 0x0E, 
0xFD, 0xB6, 0x2E, 0x3B, 0x00, 0x02, 0x00, 0x28, 0x01, 0x94, 0x01, 0xAC, 0x03, 0x18, 0x00, 0x16, 
0x00, 0x22, 0x00, 0x31, 0x40, 0x2E, 0x0B, 0x01, 0x04, 0x03, 0x01, 0x4A, 0x06, 0x01, 0x04, 0x01, 
0x01, 0x00, 0x04, 0x00, 0x63, 0x00, 0x03, 0x03, 0x02, 0x5F, 0x05, 0x01, 0x02, 0x02, 0x59, 0x03, 
0x4C, 0x17, 0x17, 0x00, 0x00, 0x17, 0x22, 0x17, 0x21, 0x1D, 0x1B, 0x00, 0x16, 0x00, 0x15, 0x25, 
0x26, 0x07, 0x0A, 0x16, 0x2B, 0x00, 0x16, 0x16, 0x15, 0x15, 0x14, 0x06, 0x23, 0x22, 0x26, 0x35, 
0x35, 0x06, 0x06, 0x23, 0x22, 0x26, 0x26, 0x35, 0x34, 0x36, 0x36, 0x33, 0x12, 0x36, 0x35, 0x34, 
0x26, 0x23, 0x22, 0x06, 0x15, 0x14, 0x16, 0x33, 0x01, 0x21, 0x58, 0x33, 0x10, 0x0C, 0x0F, 0x0F, 
0x19, 0x47, 0x28, 0x37, 0x58, 0x33, 0x33, 0x58, 0x37, 0x3B, 0x4D, 0x4D, 0x3B, 0x3A, 0x4E, 0x4E, 
0x3A, 0x03, 0x18, 0x33, 0x58, 0x37, 0xA3, 0x0D, 0x11, 0x10, 0x0E, 0x21, 0x1E, 0x22, 0x33, 0x58, 
0x37, 0x37, 0x58, 0x33, 0xFE, 0xB6, 0x4E, 0x3A, 0x3B, 0x4D, 0x4D, 0x3B, 0x3A, 0x4E, 0x00, 0x00, 
0x00, 0x02, 0x00, 0x28, 0x01, 0x94, 0x01, 0xAC, 0x03, 0x18, 0x00, 0x0F, 0x00, 0x1B, 0x00, 0x29, 
0x40, 0x26, 0x05, 0x01, 0x03, 0x04, 0x01, 0x01, 0x03, 0x01, 0x63, 0x00, 0x02, 0x02, 0x00, 0x5F, 
0x00, 0x00, 0x00, 0x59, 0x02, 0x4C, 0x10, 0x10, 0x00, 0x00, 0x10, 0x1B, 0x10, 0x1A, 0x16, 0x14, 
0x00, 0x0F, 0x00, 0x0E, 0x26, 0x06, 0x0A, 0x15, 0x2B, 0x12, 0x26, 0x26, 0x35, 0x34, 0x36, 0x36, 
0x33, 0x32, 0x16, 0x16, 0x15, 0x14, 0x06, 0x06, 0x23, 0x36, 0x36, 0x35, 0x34, 0x26, 0x23, 0x22, 
0x06, 0x15, 0x14, 0x16, 0x33, 0xB3, 0x58, 0x33, 0x33, 0x58, 0x37, 0x37, 0x58, 0x33, 0x33, 0x58, 
0x37, 0x3B, 0x4D, 0x4D, 0x3B, 0x3A, 0x4E, 0x4E, 0x3A, 0x01, 0x94, 0x33, 0x58, 0x37, 0x37, 0x58, 
0x33, 0x33, 0x58, 0x37, 0x37, 0x58, 0x33, 0x3A, 0x4E, 0x3A, 0x3B, 0x4D, 0x4D, 0x3B, 0x3A, 0x4E, 
0x00, 0x02, 0x00, 0x13, 0x00, 0x00, 0x02, 0xB2, 0x03, 0x0D, 0x00, 0x16, 0x00, 0x19, 0x00, 0x29, 
0x40, 0x26, 0x19, 0x01, 0x04, 0x03, 0x0E, 0x01, 0x00, 0x01, 0x02, 0x4A, 0x00, 0x04, 0x00, 0x01, 
0x00, 0x04, 0x01, 0x66, 0x00, 0x03, 0x03, 0x17, 0x4B, 0x02, 0x01, 0x00, 0x00, 0x18, 0x00, 0x4C, 
0x13, 0x26, 0x22, 0x12, 0x23, 0x05, 0x07, 0x19, 0x2B, 0x24, 0x15, 0x14, 0x06, 0x23, 0x22, 0x27, 
0x27, 0x21, 0x07, 0x06, 0x23, 0x22, 0x26, 0x35, 0x34, 0x37, 0x01, 0x36, 0x33, 0x32, 0x17, 0x01, 
0x25, 0x21, 0x03, 0x02, 0xB2, 0x12, 0x0C, 0x14, 0x08, 0x4A, 0xFE, 0x69, 0x4A, 0x07, 0x15, 0x0E, 
0x10, 0x03, 0x01, 0x2F, 0x08, 0x15, 0x14, 0x09, 0x01, 0x30, 0xFD, 0xFF, 0x01, 0x69, 0xB5, 0x25, 
0x07, 0x0C, 0x12, 0x13, 0xB1, 0xB1, 0x13, 0x12, 0x0C, 0x07, 0x06, 0x02, 0xCD, 0x15, 0x15, 0xFD, 
0x33, 0xCF, 0x01, 0xB0, 0x00, 0x02, 0x00, 0x64, 0x00, 0x00, 0x02, 0x8A, 0x03, 0x0D, 0x00, 0x19, 
0x00, 0x24, 0x00, 0x36, 0x40, 0x33, 0x06, 0x01, 0x03, 0x00, 0x04, 0x05, 0x03, 0x04, 0x65, 0x00, 
0x02, 0x02, 0x01, 0x5D, 0x00, 0x01, 0x01, 0x17, 0x4B, 0x07, 0x01, 0x05, 0x05, 0x00, 0x5D, 0x00, 
0x00, 0x00, 0x18, 0x00, 0x4C, 0x1A, 0x1A, 0x00, 0x00, 0x1A, 0x24, 0x1A, 0x23, 0x22, 0x20, 0x00, 
0x19, 0x00, 0x18, 0x24, 0x35, 0x36, 0x08, 0x07, 0x17, 0x2B, 0x00, 0x16, 0x16, 0x15, 0x14, 0x06, 
0x06, 0x23, 0x21, 0x22, 0x26, 0x35, 0x11, 0x34, 0x36, 0x33, 0x21, 0x32, 0x16, 0x15, 0x14, 0x06, 
0x23, 0x21, 0x11, 0x21, 0x12, 0x36, 0x36, 0x35, 0x34, 0x26, 0x26, 0x23, 0x21, 0x11, 0x21, 0x01, 
0xE7, 0x68, 0x3B, 0x3B, 0x68, 0x43, 0xFE, 0xE7, 0x12, 0x15, 0x11, 0x0D, 0x01, 0xAC, 0x0B, 0x10, 
0x10, 0x0B, 0xFE, 0x72, 0x01, 0x04, 0x31, 0x4E, 0x2B, 0x2B, 0x4E, 0x31, 0xFE, 0xFC, 0x01, 0x04, 
0x01, 0xCD, 0x3B, 0x69, 0x43, 0x43, 0x68, 0x3B, 0x0F, 0x0F, 0x02, 0xD1, 0x0E, 0x10, 0x11, 0x0D, 
0x0F, 0x0F, 0xFE, 0xFC, 0xFE, 0x6F, 0x2D, 0x50, 0x31, 0x32, 0x4E, 0x2D, 0xFE, 0xA5, 0x00, 0x00, 
0xFF, 0xFF, 0x00, 0x64, 0x00, 0x00, 0x02, 0x6C, 0x03, 0x0D, 0x00, 0x02, 0x00, 0x1F, 0x00, 0x00, 
0x00, 0x01, 0x00, 0x64, 0x00, 0x00, 0x02, 0x47, 0x03, 0x0D, 0x00, 0x12, 0x00, 0x1F, 0x40, 0x1C, 
0x00, 0x01, 0x01, 0x00, 0x5D, 0x00, 0x00, 0x00, 0x17, 0x4B, 0x03, 0x01, 0x02, 0x02, 0x18, 0x02, 
0x4C, 0x00, 0x00, 0x00, 0x12, 0x00, 0x11, 0x24, 0x35, 0x04, 0x07, 0x16, 0x2B, 0x32, 0x26, 0x35, 
0x11, 0x34, 0x36, 0x33, 0x21, 0x32, 0x16, 0x15, 0x14, 0x06, 0x23, 0x21, 0x11, 0x14, 0x06, 0x23, 
0x75, 0x11, 0x11, 0x0D, 0x01, 0xA7, 0x0C, 0x12, 0x12, 0x0C, 0xFE, 0x77, 0x11, 0x0D, 0x11, 0x0D, 
0x02, 0xD1, 0x0D, 0x11, 0x11, 0x0D, 0x0C, 0x12, 0xFD, 0x4D, 0x0D, 0x11, 0xFF, 0xFF, 0x00, 0x64, 
0x00, 0x00, 0x02, 0x47, 0x04, 0x15, 0x00, 0x22, 0x01, 0x96, 0x00, 0x00, 0x01, 0x07, 0x03, 0x29, 
0x02, 0x0A, 0x00, 0xEA, 0x00, 0x08, 0xB1, 0x01, 0x01, 0xB0, 0xEA, 0xB0, 0x33, 0x2B, 0x00, 0x00, 
0x00, 0x01, 0x00, 0x64, 0x00, 0x00, 0x02, 0x48, 0x03, 0xB3, 0x00, 0x14, 0x00, 0x25, 0x40, 0x22, 
0x04, 0x01, 0x03, 0x02, 0x03, 0x83, 0x00, 0x00, 0x00, 0x02, 0x5D, 0x00, 0x02, 0x02, 0x17, 0x4B, 
0x00, 0x01, 0x01, 0x18, 0x01, 0x4C, 0x00, 0x00, 0x00, 0x14, 0x00, 0x13, 0x25, 0x23, 0x23, 0x05, 
0x07, 0x17, 0x2B, 0x00, 0x15, 0x15, 0x14, 0x23, 0x21, 0x11, 0x14, 0x06, 0x23, 0x22, 0x26, 0x35, 
0x11, 0x34, 0x36, 0x33, 0x21, 0x35, 0x34, 0x33, 0x02, 0x48, 0x1E, 0xFE, 0x76, 0x11, 0x0D, 0x0D, 
0x11, 0x11, 0x0D, 0x01, 0x8A, 0x1E, 0x03, 0xB3, 0x1E, 0xA6, 0x1E, 0xFD, 0x4D, 0x0D, 0x11, 0x11, 
0x0D, 0x02, 0xD1, 0x0D, 0x11, 0x88, 0x1E, 0x00, 0x00, 0x02, 0x00, 0x19, 0xFF, 0x5A, 0x03, 0x1B, 
0x03, 0x0D, 0x00, 0x18, 0x00, 0x1B, 0x00, 0x2C, 0x40, 0x29, 0x02, 0x01, 0x00, 0x01, 0x00, 0x84, 
0x00, 0x04, 0x04, 0x17, 0x4B, 0x06, 0x07, 0x05, 0x03, 0x03, 0x03, 0x01, 0x5D, 0x00, 0x01, 0x01, 
0x18, 0x01, 0x4C, 0x00, 0x00, 0x1B, 0x1A, 0x00, 0x18, 0x00, 0x17, 0x22, 0x23, 0x22, 0x12, 0x23, 
0x08, 0x07, 0x19, 0x2B, 0x24, 0x15, 0x15, 0x14, 0x23, 0x22, 0x35, 0x35, 0x21, 0x15, 0x14, 0x23, 
0x22, 0x35, 0x35, 0x34, 0x33, 0x33, 0x01, 0x36, 0x33, 0x32, 0x17, 0x01, 0x33, 0x01, 0x03, 0x21, 
0x03, 0x1B, 0x1E, 0x1E, 0xFD, 0x76, 0x1E, 0x1E, 0x1E, 0x24, 0x01, 0x1F, 0x09, 0x14, 0x15, 0x08, 
0x01, 0x1E, 0x2B, 0xFE, 0x99, 0xFC, 0x01, 0xFA, 0x3C, 0x1E, 0xA6, 0x1E, 0x1E, 0x88, 0x88, 0x1E, 
0x1E, 0xA6, 0x1E, 0x02, 0xBC, 0x15, 0x15, 0xFD, 0x44, 0x02, 0x70, 0xFD, 0x90, 0x00, 0x00, 0x00, 
0x00, 0x01, 0x00, 0x64, 0x00, 0x00, 0x02, 0x81, 0x03, 0x0D, 0x00, 0x20, 0x00, 0x2F, 0x40, 0x2C, 
0x00, 0x02, 0x00, 0x03, 0x04, 0x02, 0x03, 0x65, 0x00, 0x01, 0x01, 0x00, 0x5D, 0x00, 0x00, 0x00, 
0x17, 0x4B, 0x00, 0x04, 0x04, 0x05, 0x5D, 0x06, 0x01, 0x05, 0x05, 0x18, 0x05, 0x4C, 0x00, 0x00, 
0x00, 0x20, 0x00, 0x1E, 0x21, 0x24, 0x21, 0x24, 0x35, 0x07, 0x07, 0x19, 0x2B, 0x32, 0x26, 0x35, 
0x11, 0x34, 0x36, 0x33, 0x21, 0x32, 0x16, 0x15, 0x14, 0x06, 0x23, 0x21, 0x11, 0x21, 0x32, 0x16, 
0x15, 0x14, 0x06, 0x23, 0x21, 0x11, 0x21, 0x32, 0x16, 0x15, 0x14, 0x06, 0x23, 0x21, 0x75, 0x11, 
0x11, 0x0D, 0x01, 0xE1, 0x0C, 0x12, 0x12, 0x0C, 0xFE, 0x3D, 0x01, 0x4B, 0x0D, 0x11, 0x11, 0x0D, 
0xFE, 0xB5, 0x01, 0xC3, 0x0C, 0x12, 0x12, 0x0C, 0xFE, 0x1F, 0x11, 0x0D, 0x02, 0xD1, 0x0D, 0x11, 
0x11, 0x0D, 0x0C, 0x12, 0xFE, 0xD4, 0x11, 0x0D, 0x0D, 0x12, 0xFE, 0xD4, 0x12, 0x0C, 0x0D, 0x11, 
0xFF, 0xFF, 0x00, 0x64, 0x00, 0x00, 0x02, 0x81, 0x04, 0x20, 0x00, 0x22, 0x01, 0x9A, 0x00, 0x00, 
0x01, 0x07, 0x03, 0x28, 0x01, 0xBF, 0x00, 0xEA, 0x00, 0x08, 0xB1, 0x01, 0x01, 0xB0, 0xEA, 0xB0, 
0x33, 0x2B, 0x00, 0x00, 0xFF, 0xFF, 0x00, 0x64, 0x00, 0x00, 0x02, 0x81, 0x03, 0xE2, 0x00, 0x22, 
0x01, 0x9A, 0x00, 0x00, 0x01, 0x07, 0x03, 0x26, 0x02, 0x70, 0x00, 0xEA, 0x00, 0x08, 0xB1, 0x01, 
0x02, 0xB0, 0xEA, 0xB0, 0x33, 0x2B, 0x00, 0x00, 0x00, 0x01, 0x00, 0x16, 0xFF, 0xFF, 0x03, 0xCE, 
0x03, 0x0D, 0x00, 0x3B, 0x00, 0x31, 0x40, 0x2E, 0x3A, 0x1C, 0x02, 0x01, 0x06, 0x01, 0x4A, 0x08, 
0x01, 0x06, 0x03, 0x01, 0x01, 0x00, 0x06, 0x01, 0x65, 0x09, 0x07, 0x02, 0x05, 0x05, 0x17, 0x4B, 
0x04, 0x02, 0x02, 0x00, 0x00, 0x18, 0x00, 0x4C, 0x34, 0x32, 0x13, 0x23, 0x12, 0x2C, 0x22, 0x13, 
0x23, 0x12, 0x24, 0x0A, 0x07, 0x1D, 0x2B, 0x24, 0x15, 0x14, 0x07, 0x06, 0x23, 0x22, 0x27, 0x01, 
0x23, 0x11, 0x14, 0x06, 0x23, 0x22, 0x26, 0x35, 0x11, 0x23, 0x01, 0x06, 0x23, 0x22, 0x27, 0x26, 
0x35, 0x34, 0x37, 0x01, 0x03, 0x26, 0x35, 0x34, 0x37, 0x36, 0x33, 0x32, 0x17, 0x01, 0x33, 0x11, 
0x34, 0x36, 0x33, 0x32, 0x16, 0x15, 0x11, 0x33, 0x01, 0x36, 0x33, 0x32, 0x17, 0x16, 0x15, 0x14, 
0x07, 0x03, 0x01, 0x03, 0xCE, 0x09, 0x09, 0x0B, 0x0C, 0x08, 0xFE, 0xE0, 0x72, 0x11, 0x0D, 0x0D, 
0x11, 0x72, 0xFE, 0xEA, 0x08, 0x0C, 0x09, 0x0B, 0x09, 0x08, 0x01, 0x12, 0xF3, 0x08, 0x0A, 0x08, 
0x09, 0x0A, 0x09, 0x00, 0xFF, 0x6D, 0x11, 0x0D, 0x0D, 0x11, 0x6E, 0x01, 0x08, 0x09, 0x0A, 0x09, 
0x08, 0x0A, 0x08, 0xFD, 0x01, 0x1C, 0x26, 0x0A, 0x0B, 0x09, 0x09, 0x0A, 0x01, 0x66, 0xFE, 0xAF, 
0x0D, 0x11, 0x11, 0x0D, 0x01, 0x51, 0xFE, 0x9A, 0x0A, 0x09, 0x09, 0x0B, 0x0A, 0x0A, 0x01, 0x5F, 
0x01, 0x4F, 0x0B, 0x0A, 0x0A, 0x09, 0x07, 0x09, 0xFE, 0xA1, 0x01, 0x4A, 0x0D, 0x11, 0x11, 0x0D, 
0xFE, 0xB6, 0x01, 0x5F, 0x09, 0x07, 0x09, 0x0A, 0x0A, 0x0B, 0xFE, 0xB1, 0xFE, 0xA1, 0x00, 0x00, 
0x00, 0x01, 0x00, 0x37, 0xFF, 0xF6, 0x02, 0x2A, 0x03, 0x16, 0x00, 0x3B, 0x00, 0x45, 0x40, 0x42, 
0x30, 0x01, 0x06, 0x05, 0x3B, 0x01, 0x03, 0x04, 0x02, 0x4A, 0x00, 0x06, 0x05, 0x04, 0x05, 0x06, 
0x04, 0x7E, 0x00, 0x01, 0x03, 0x02, 0x03, 0x01, 0x02, 0x7E, 0x00, 0x04, 0x00, 0x03, 0x01, 0x04, 
0x03, 0x67, 0x00, 0x05, 0x05, 0x07, 0x5F, 0x00, 0x07, 0x07, 0x1E, 0x4B, 0x00, 0x02, 0x02, 0x00, 
0x5F, 0x00, 0x00, 0x00, 0x1F, 0x00, 0x4C, 0x27, 0x13, 0x24, 0x34, 0x34, 0x22, 0x27, 0x25, 0x08, 
0x07, 0x1C, 0x2B, 0x00, 0x16, 0x15, 0x14, 0x06, 0x06, 0x23, 0x22, 0x26, 0x27, 0x26, 0x35, 0x34, 
0x37, 0x36, 0x33, 0x32, 0x17, 0x16, 0x33, 0x32, 0x36, 0x35, 0x34, 0x26, 0x23, 0x23, 0x22, 0x26, 
0x35, 0x34, 0x36, 0x33, 0x33, 0x32, 0x36, 0x35, 0x34, 0x26, 0x23, 0x22, 0x06, 0x07, 0x06, 0x23, 
0x22, 0x27, 0x26, 0x35, 0x34, 0x37, 0x36, 0x33, 0x32, 0x16, 0x16, 0x15, 0x14, 0x06, 0x07, 0x01, 
0xD7, 0x53, 0x41, 0x73, 0x49, 0x48, 0x7B, 0x2C, 0x07, 0x0B, 0x08, 0x0B, 0x0C, 0x0B, 0x4E, 0x73, 
0x57, 0x6A, 0x5A, 0x4A, 0x3C, 0x0D, 0x11, 0x10, 0x0D, 0x3C, 0x3D, 0x4C, 0x5D, 0x4D, 0x37, 0x57, 
0x17, 0x09, 0x0F, 0x08, 0x0A, 0x0F, 0x07, 0x52, 0x85, 0x43, 0x68, 0x3B, 0x44, 0x37, 0x01, 0x8D, 
0x6C, 0x48, 0x42, 0x67, 0x3A, 0x32, 0x2E, 0x07, 0x0B, 0x0D, 0x0B, 0x08, 0x0B, 0x4B, 0x58, 0x4F, 
0x51, 0x59, 0x0F, 0x0C, 0x0C, 0x0F, 0x4F, 0x48, 0x43, 0x47, 0x2A, 0x23, 0x0D, 0x05, 0x09, 0x0E, 
0x08, 0x0A, 0x68, 0x33, 0x5A, 0x39, 0x3E, 0x5F, 0x13, 0x00, 0x00, 0x00, 0x00, 0x01, 0x00, 0x64, 
0x00, 0x00, 0x02, 0xD5, 0x03, 0x0D, 0x00, 0x1B, 0x00, 0x24, 0x40, 0x21, 0x11, 0x03, 0x02, 0x00, 
0x01, 0x01, 0x4A, 0x02, 0x01, 0x01, 0x01, 0x17, 0x4B, 0x04, 0x03, 0x02, 0x00, 0x00, 0x18, 0x00, 
0x4C, 0x00, 0x00, 0x00, 0x1B, 0x00, 0x1A, 0x25, 0x25, 0x25, 0x05, 0x07, 0x17, 0x2B, 0x20, 0x26, 
0x35, 0x11, 0x01, 0x06, 0x23, 0x22, 0x26, 0x35, 0x11, 0x34, 0x36, 0x33, 0x32, 0x16, 0x15, 0x11, 
0x01, 0x36, 0x33, 0x32, 0x16, 0x15, 0x11, 0x14, 0x06, 0x23, 0x02, 0xAA, 0x11, 0xFD, 0xFF, 0x07, 
0x0F, 0x0C, 0x12, 0x12, 0x0C, 0x0D, 0x11, 0x02, 0x00, 0x09, 0x0E, 0x0D, 0x11, 0x11, 0x0D, 0x11, 
0x0D, 0x02, 0x86, 0xFD, 0x65, 0x09, 0x11, 0x0D, 0x02, 0xD1, 0x0D, 0x11, 0x11, 0x0D, 0xFD, 0x7A, 
0x02, 0x9A, 0x0A, 0x11, 0x0D, 0xFD, 0x2F, 0x0D, 0x11, 0x00, 0x00, 0x00, 0xFF, 0xFF, 0x00, 0x64, 
0x00, 0x00, 0x02, 0xD5, 0x03, 0xEC, 0x00, 0x22, 0x01, 0x9F, 0x00, 0x00, 0x01, 0x07, 0x03, 0x52, 
0x02, 0x7F, 0x00, 0xEA, 0x00, 0x08, 0xB1, 0x01, 0x01, 0xB0, 0xEA, 0xB0, 0x33, 0x2B, 0x00, 0x00, 
0xFF, 0xFF, 0x00, 0x64, 0x00, 0x00, 0x02, 0xD5, 0x04, 0x20, 0x00, 0x22, 0x01, 0x9F, 0x00, 0x00, 
0x01, 0x07, 0x03, 0x28, 0x01, 0xE7, 0x00, 0xEA, 0x00, 0x08, 0xB1, 0x01, 0x01, 0xB0, 0xEA, 0xB0, 
0x33, 0x2B, 0x00, 0x00, 0x00, 0x01, 0x00, 0x64, 0xFF, 0xFF, 0x02, 0x7A, 0x03, 0x0D, 0x00, 0x24, 
0x00, 0x27, 0x40, 0x24, 0x23, 0x01, 0x01, 0x04, 0x01, 0x4A, 0x00, 0x04, 0x00, 0x01, 0x00, 0x04, 
0x01, 0x65, 0x05, 0x01, 0x03, 0x03, 0x17, 0x4B, 0x02, 0x01, 0x00, 0x00, 0x18, 0x00, 0x4C, 0x22, 
0x13, 0x25, 0x23, 0x12, 0x24, 0x06, 0x07, 0x1A, 0x2B, 0x24, 0x15, 0x14, 0x07, 0x06, 0x23, 0x22, 
0x27, 0x01, 0x23, 0x11, 0x14, 0x06, 0x23, 0x22, 0x26, 0x35, 0x11, 0x34, 0x36, 0x33, 0x32, 0x16, 
0x15, 0x11, 0x33, 0x01, 0x36, 0x33, 0x32, 0x17, 0x16, 0x15, 0x14, 0x07, 0x01, 0x01, 0x02, 0x7A, 
0x0C, 0x09, 0x0B, 0x0A, 0x0A, 0xFE, 0xD7, 0x7D, 0x11, 0x0D, 0x0D, 0x11, 0x11, 0x0D, 0x0D, 0x11, 
0x78, 0x01, 0x12, 0x09, 0x0D, 0x0B, 0x08, 0x0A, 0x08, 0xFE, 0xF9, 0x01, 0x26, 0x29, 0x09, 0x0C, 
0x0C, 0x09, 0x0A, 0x01, 0x66, 0xFE, 0xAF, 0x0D, 0x11, 0x11, 0x0D, 0x02, 0xD1, 0x0D, 0x11, 0x11, 
0x0D, 0xFE, 0xB6, 0x01, 0x5F, 0x09, 0x07, 0x09, 0x0B, 0x09, 0x0B, 0xFE, 0xB1, 0xFE, 0xA1, 0x00, 
0xFF, 0xFF, 0x00, 0x64, 0xFF, 0xFF, 0x02, 0x7A, 0x04, 0x15, 0x00, 0x22, 0x01, 0xA2, 0x00, 0x00, 
0x01, 0x07, 0x03, 0x29, 0x02, 0x01, 0x00, 0xEA, 0x00, 0x08, 0xB1, 0x01, 0x01, 0xB0, 0xEA, 0xB0, 
0x33, 0x2B, 0x00, 0x00, 0x00, 0x01, 0x00, 0x13, 0x00, 0x00, 0x02, 0xB2, 0x03, 0x0D, 0x00, 0x15, 
0x00, 0x1C, 0x40, 0x19, 0x0D, 0x07, 0x02, 0x00, 0x02, 0x01, 0x4A, 0x00, 0x02, 0x02, 0x17, 0x4B, 
0x01, 0x01, 0x00, 0x00, 0x18, 0x00, 0x4C, 0x26, 0x24, 0x23, 0x03, 0x07, 0x17, 0x2B, 0x24, 0x15, 
0x14, 0x06, 0x23, 0x22, 0x27, 0x01, 0x01, 0x06, 0x23, 0x22, 0x26, 0x35, 0x34, 0x37, 0x01, 0x36, 
0x33, 0x32, 0x17, 0x01, 0x02, 0xB2, 0x12, 0x0C, 0x14, 0x08, 0xFE, 0xEA, 0xFE, 0xEB, 0x07, 0x15, 
0x0E, 0x10, 0x03, 0x01, 0x2F, 0x08, 0x15, 0x14, 0x09, 0x01, 0x30, 0x25, 0x07, 0x0C, 0x12, 0x13, 
0x02, 0x97, 0xFD, 0x69, 0x13, 0x12, 0x0C, 0x07, 0x06, 0x02, 0xCD, 0x15, 0x15, 0xFD, 0x33, 0x00, 
0xFF, 0xFF, 0x00, 0x64, 0x00, 0x00, 0x03, 0x71, 0x03, 0x0D, 0x00, 0x02, 0x00, 0x61, 0x00, 0x00, 
0xFF, 0xFF, 0x00, 0x64, 0x00, 0x00, 0x02, 0xD5, 0x03, 0x0D, 0x00, 0x02, 0x00, 0x45, 0x00, 0x00, 
0x00, 0x02, 0x00, 0x3C, 0xFF, 0xF6, 0x03, 0x5D, 0x03, 0x17, 0x00, 0x0F, 0x00, 0x1F, 0x00, 0x2C, 
0x40, 0x29, 0x00, 0x02, 0x02, 0x00, 0x5F, 0x00, 0x00, 0x00, 0x1E, 0x4B, 0x05, 0x01, 0x03, 0x03, 
0x01, 0x5F, 0x04, 0x01, 0x01, 0x01, 0x1F, 0x01, 0x4C, 0x10, 0x10, 0x00, 0x00, 0x10, 0x1F, 0x10, 
0x1E, 0x18, 0x16, 0x00, 0x0F, 0x00, 0x0E, 0x26, 0x06, 0x07, 0x15, 0x2B, 0x04, 0x26, 0x26, 0x35, 
0x34, 0x36, 0x36, 0x33, 0x32, 0x16, 0x16, 0x15, 0x14, 0x06, 0x06, 0x23, 0x3E, 0x02, 0x35, 0x34, 
0x26, 0x26, 0x23, 0x22, 0x06, 0x06, 0x15, 0x14, 0x16, 0x16, 0x33, 0x01, 0x5C, 0xB7, 0x69, 0x69, 
0xB7, 0x71, 0x70, 0xB7, 0x69, 0x69, 0xB7, 0x70, 0x5F, 0x9C, 0x59, 0x59, 0x9C, 0x5F, 0x60, 0x9C, 
0x59, 0x59, 0x9C, 0x60, 0x0A, 0x69, 0xB7, 0x71, 0x70, 0xB7, 0x69, 0x69, 0xB7, 0x70, 0x71, 0xB7, 
0x69, 0x3C, 0x59, 0x9C, 0x60, 0x5F, 0x9C, 0x59, 0x59, 0x9C, 0x5F, 0x60, 0x9C, 0x59, 0x00, 0x00, 
0x00, 0x01, 0x00, 0x64, 0x00, 0x00, 0x02, 0xB4, 0x03, 0x0D, 0x00, 0x17, 0x00, 0x21, 0x40, 0x1E, 
0x00, 0x02, 0x02, 0x00, 0x5D, 0x00, 0x00, 0x00, 0x17, 0x4B, 0x04, 0x03, 0x02, 0x01, 0x01, 0x18, 
0x01, 0x4C, 0x00, 0x00, 0x00, 0x17, 0x00, 0x16, 0x13, 0x25, 0x35, 0x05, 0x07, 0x17, 0x2B, 0x32, 
0x26, 0x35, 0x11, 0x34, 0x36, 0x33, 0x21, 0x32, 0x16, 0x15, 0x11, 0x14, 0x06, 0x23, 0x22, 0x26, 
0x35, 0x11, 0x21, 0x11, 0x14, 0x06, 0x23, 0x75, 0x11, 0x11, 0x0D, 0x02, 0x14, 0x0E, 0x10, 0x10, 
0x0E, 0x0D, 0x11, 0xFE, 0x28, 0x10, 0x0E, 0x11, 0x0D, 0x02, 0xD1, 0x0E, 0x10, 0x10, 0x0E, 0xFD, 
0x2F, 0x0D, 0x11, 0x11, 0x0D, 0x02, 0xB3, 0xFD, 0x4D, 0x0D, 0x11, 0x00, 0xFF, 0xFF, 0x00, 0x64, 
0x00, 0x00, 0x02, 0x44, 0x03, 0x0D, 0x00, 0x02, 0x00, 0x87, 0x00, 0x00, 0xFF, 0xFF, 0x00, 0x3C, 
0xFF, 0xF6, 0x02, 0xC3, 0x03, 0x17, 0x00, 0x02, 0x00, 0x20, 0x00, 0x00, 0xFF, 0xFF, 0x00, 0x0F, 
0x00, 0x00, 0x02, 0x7B, 0x03, 0x0D, 0x00, 0x02, 0x00, 0x98, 0x00, 0x00, 0x00, 0x01, 0xFF, 0xFF, 
0xFF, 0xF8, 0x02, 0x88, 0x03, 0x0D, 0x00, 0x27, 0x00, 0x2C, 0x40, 0x29, 0x22, 0x18, 0x01, 0x03, 
0x01, 0x03, 0x01, 0x4A, 0x00, 0x01, 0x03, 0x02, 0x03, 0x01, 0x02, 0x7E, 0x04, 0x01, 0x03, 0x03, 
0x17, 0x4B, 0x00, 0x02, 0x02, 0x00, 0x5F, 0x00, 0x00, 0x00, 0x1F, 0x00, 0x4C, 0x14, 0x29, 0x23, 
0x26, 0x26, 0x05, 0x07, 0x19, 0x2B, 0x00, 0x15, 0x14, 0x07, 0x01, 0x06, 0x06, 0x23, 0x22, 0x27, 
0x26, 0x35, 0x34, 0x37, 0x36, 0x33, 0x32, 0x17, 0x16, 0x16, 0x33, 0x32, 0x36, 0x37, 0x37, 0x01, 
0x26, 0x35, 0x34, 0x37, 0x36, 0x33, 0x32, 0x17, 0x01, 0x13, 0x36, 0x33, 0x32, 0x17, 0x02, 0x88, 
0x04, 0xFE, 0xEB, 0x1F, 0x5F, 0x34, 0x2F, 0x2C, 0x0C, 0x0A, 0x0A, 0x0B, 0x0A, 0x0B, 0x0D, 0x17, 
0x11, 0x21, 0x41, 0x18, 0x0B, 0xFE, 0xC0, 0x05, 0x10, 0x0A, 0x07, 0x10, 0x08, 0x01, 0x27, 0xEE, 
0x0A, 0x0F, 0x03, 0x0C, 0x03, 0x00, 0x0F, 0x03, 0x0C, 0xFD, 0xA5, 0x44, 0x4B, 0x21, 0x09, 0x0C, 
0x0B, 0x0A, 0x0A, 0x08, 0x09, 0x08, 0x39, 0x33, 0x17, 0x02, 0x28, 0x08, 0x09, 0x0F, 0x09, 0x05, 
0x11, 0xFD, 0xF7, 0x02, 0x07, 0x13, 0x04, 0x00, 0xFF, 0xFF, 0xFF, 0xFF, 0xFF, 0xF8, 0x02, 0x88, 
0x03, 0xEC, 0x00, 0x22, 0x01, 0xAC, 0x00, 0x00, 0x01, 0x07, 0x03, 0x52, 0x02, 0x41, 0x00, 0xEA, 
0x00, 0x08, 0xB1, 0x01, 0x01, 0xB0, 0xEA, 0xB0, 0x33, 0x2B, 0x00, 0x00, 0x00, 0x03, 0x00, 0x3C, 
0x00, 0x00, 0x03, 0x17, 0x03, 0x0D, 0x00, 0x1F, 0x00, 0x28, 0x00, 0x31, 0x00, 0x3F, 0x40, 0x3C, 
0x13, 0x01, 0x03, 0x02, 0x2D, 0x01, 0x04, 0x03, 0x2C, 0x01, 0x00, 0x05, 0x0B, 0x01, 0x01, 0x00, 
0x04, 0x4A, 0x00, 0x03, 0x00, 0x04, 0x05, 0x03, 0x04, 0x67, 0x06, 0x01, 0x05, 0x00, 0x00, 0x01, 
0x05, 0x00, 0x67, 0x00, 0x02, 0x02, 0x17, 0x4B, 0x00, 0x01, 0x01, 0x18, 0x01, 0x4C, 0x20, 0x20, 
0x20, 0x28, 0x20, 0x28, 0x1A, 0x13, 0x2E, 0x23, 0x12, 0x07, 0x07, 0x19, 0x2B, 0x00, 0x06, 0x06, 
0x07, 0x15, 0x14, 0x06, 0x23, 0x22, 0x26, 0x35, 0x35, 0x2E, 0x02, 0x35, 0x34, 0x36, 0x36, 0x37, 
0x35, 0x34, 0x36, 0x33, 0x32, 0x16, 0x15, 0x15, 0x1E, 0x02, 0x15, 0x04, 0x36, 0x36, 0x35, 0x34, 
0x26, 0x26, 0x27, 0x11, 0x24, 0x16, 0x16, 0x17, 0x11, 0x0E, 0x02, 0x15, 0x03, 0x17, 0x5A, 0x9D, 
0x62, 0x11, 0x0D, 0x0D, 0x11, 0x5D, 0x95, 0x54, 0x54, 0x95, 0x5D, 0x11, 0x0D, 0x0D, 0x11, 0x62, 
0x9D, 0x5A, 0xFE, 0xF7, 0x83, 0x4A, 0x4A, 0x83, 0x51, 0xFE, 0xBB, 0x45, 0x7B, 0x4C, 0x4C, 0x7B, 
0x45, 0x01, 0x33, 0x8A, 0x53, 0x05, 0x33, 0x0D, 0x11, 0x11, 0x0D, 0x33, 0x07, 0x54, 0x88, 0x53, 
0x52, 0x88, 0x54, 0x07, 0x33, 0x0D, 0x11, 0x11, 0x0D, 0x33, 0x05, 0x53, 0x89, 0x54, 0xF6, 0x44, 
0x6F, 0x43, 0x43, 0x6E, 0x44, 0x04, 0xFE, 0x0D, 0xB8, 0x6D, 0x45, 0x06, 0x01, 0xF3, 0x06, 0x45, 
0x6D, 0x41, 0x00, 0x00, 0xFF, 0xFF, 0x00, 0x2D, 0x00, 0x00, 0x02, 0x91, 0x03, 0x0D, 0x00, 0x02, 
0x00, 0xB8, 0x00, 0x00, 0x00, 0x01, 0x00, 0x55, 0x00, 0x00, 0x02, 0x84, 0x03, 0x0D, 0x00, 0x24, 
0x00, 0x2C, 0x40, 0x29, 0x20, 0x0A, 0x02, 0x03, 0x02, 0x01, 0x4A, 0x00, 0x03, 0x00, 0x01, 0x00, 
0x03, 0x01, 0x67, 0x05, 0x04, 0x02, 0x02, 0x02, 0x17, 0x4B, 0x00, 0x00, 0x00, 0x18, 0x00, 0x4C, 
0x00, 0x00, 0x00, 0x24, 0x00, 0x23, 0x25, 0x26, 0x25, 0x25, 0x06, 0x07, 0x18, 0x2B, 0x00, 0x16, 
0x15, 0x11, 0x14, 0x06, 0x23, 0x22, 0x26, 0x35, 0x11, 0x06, 0x06, 0x23, 0x22, 0x26, 0x26, 0x35, 
0x35, 0x34, 0x36, 0x33, 0x32, 0x16, 0x15, 0x15, 0x14, 0x16, 0x33, 0x32, 0x36, 0x36, 0x37, 0x11, 
0x34, 0x36, 0x33, 0x02, 0x73, 0x11, 0x11, 0x0D, 0x0D, 0x11, 0x24, 0x74, 0x44, 0x55, 0x7E, 0x44, 
0x10, 0x0E, 0x0D, 0x11, 0x73, 0x68, 0x37, 0x61, 0x3F, 0x05, 0x11, 0x0D, 0x03, 0x0D, 0x11, 0x0D, 
0xFD, 0x2F, 0x0D, 0x11, 0x11, 0x0D, 0x01, 0x45, 0x27, 0x2C, 0x4B, 0x8D, 0x61, 0xA9, 0x0D, 0x0E, 
0x10, 0x0B, 0xA9, 0x77, 0x86, 0x1A, 0x2C, 0x1B, 0x01, 0x42, 0x0D, 0x11, 0x00, 0x01, 0x00, 0x64, 
0xFF, 0x5A, 0x03, 0x18, 0x03, 0x0D, 0x00, 0x1D, 0x00, 0x29, 0x40, 0x26, 0x00, 0x00, 0x01, 0x00, 
0x84, 0x04, 0x01, 0x02, 0x02, 0x17, 0x4B, 0x06, 0x05, 0x02, 0x03, 0x03, 0x01, 0x5D, 0x00, 0x01, 
0x01, 0x18, 0x01, 0x4C, 0x00, 0x00, 0x00, 0x1D, 0x00, 0x1C, 0x23, 0x13, 0x25, 0x22, 0x23, 0x07, 
0x07, 0x19, 0x2B, 0x24, 0x15, 0x15, 0x14, 0x23, 0x22, 0x35, 0x35, 0x21, 0x22, 0x26, 0x35, 0x11, 
0x34, 0x36, 0x33, 0x32, 0x16, 0x15, 0x11, 0x21, 0x11, 0x34, 0x36, 0x33, 0x32, 0x16, 0x15, 0x11, 
0x33, 0x03, 0x18, 0x1E, 0x1E, 0xFD, 0xA6, 0x0D, 0x11, 0x11, 0x0D, 0x0E, 0x10, 0x01, 0xD8, 0x11, 
0x0D, 0x0E, 0x10, 0x46, 0x3C, 0x1E, 0xA6, 0x1E, 0x1E, 0x88, 0x11, 0x0D, 0x02, 0xD1, 0x0E, 0x10, 
0x10, 0x0E, 0xFD, 0x4D, 0x02, 0xB3, 0x0E, 0x10, 0x10, 0x0E, 0xFD, 0x4D, 0x00, 0x01, 0x00, 0x64, 
0x00, 0x00, 0x03, 0xAC, 0x03, 0x0D, 0x00, 0x20, 0x00, 0x25, 0x40, 0x22, 0x04, 0x02, 0x02, 0x00, 
0x00, 0x17, 0x4B, 0x03, 0x01, 0x01, 0x01, 0x05, 0x5D, 0x06, 0x01, 0x05, 0x05, 0x18, 0x05, 0x4C, 
0x00, 0x00, 0x00, 0x20, 0x00, 0x1E, 0x23, 0x13, 0x23, 0x13, 0x25, 0x07, 0x07, 0x19, 0x2B, 0x32, 
0x26, 0x35, 0x11, 0x34, 0x36, 0x33, 0x32, 0x16, 0x15, 0x11, 0x21, 0x11, 0x34, 0x36, 0x33, 0x32, 
0x16, 0x15, 0x11, 0x21, 0x11, 0x34, 0x36, 0x33, 0x32, 0x16, 0x15, 0x11, 0x14, 0x06, 0x23, 0x21, 
0x75, 0x11, 0x11, 0x0D, 0x0D, 0x11, 0x01, 0x4A, 0x11, 0x0D, 0x0D, 0x11, 0x01, 0x4A, 0x11, 0x0D, 
0x0C, 0x12, 0x12, 0x0C, 0xFC, 0xF4, 0x11, 0x0D, 0x02, 0xD1, 0x0D, 0x11, 0x11, 0x0D, 0xFD, 0x47, 
0x02, 0xB9, 0x0D, 0x11, 0x11, 0x0D, 0xFD, 0x47, 0x02, 0xB9, 0x0D, 0x11, 0x11, 0x0D, 0xFD, 0x2F, 
0x0D, 0x11, 0x00, 0x00, 0x00, 0x01, 0x00, 0x64, 0xFF, 0x5A, 0x04, 0x10, 0x03, 0x0D, 0x00, 0x26, 
0x00, 0x2D, 0x40, 0x2A, 0x00, 0x00, 0x01, 0x00, 0x84, 0x06, 0x04, 0x02, 0x02, 0x02, 0x17, 0x4B, 
0x08, 0x07, 0x05, 0x03, 0x03, 0x03, 0x01, 0x5D, 0x00, 0x01, 0x01, 0x18, 0x01, 0x4C, 0x00, 0x00, 
0x00, 0x26, 0x00, 0x25, 0x23, 0x13, 0x23, 0x13, 0x25, 0x22, 0x23, 0x09, 0x07, 0x1B, 0x2B, 0x24, 
0x15, 0x15, 0x14, 0x23, 0x22, 0x35, 0x35, 0x21, 0x22, 0x26, 0x35, 0x11, 0x34, 0x36, 0x33, 0x32, 
0x16, 0x15, 0x11, 0x21, 0x11, 0x34, 0x36, 0x33, 0x32, 0x16, 0x15, 0x11, 0x21, 0x11, 0x34, 0x36, 
0x33, 0x32, 0x16, 0x15, 0x11, 0x33, 0x04, 0x10, 0x1E, 0x1E, 0xFC, 0xAE, 0x0D, 0x11, 0x11, 0x0D, 
0x0D, 0x11, 0x01, 0x4A, 0x11, 0x0D, 0x0D, 0x11, 0x01, 0x4A, 0x11, 0x0D, 0x0C, 0x12, 0x46, 0x36, 
0x1E, 0xA0, 0x1E, 0x1E, 0x88, 0x11, 0x0D, 0x02, 0xD1, 0x0D, 0x11, 0x11, 0x0D, 0xFD, 0x47, 0x02, 
0xB9, 0x0D, 0x11, 0x11, 0x0D, 0xFD, 0x47, 0x02, 0xB9, 0x0D, 0x11, 0x11, 0x0D, 0xFD, 0x47, 0x00, 
0x00, 0x01, 0x00, 0x64, 0xFF, 0x5A, 0x02, 0xB4, 0x03, 0x0D, 0x00, 0x1E, 0x00, 0x29, 0x40, 0x26, 
0x00, 0x01, 0x00, 0x01, 0x84, 0x06, 0x05, 0x02, 0x03, 0x03, 0x17, 0x4B, 0x00, 0x04, 0x04, 0x00, 
0x5D, 0x02, 0x01, 0x00, 0x00, 0x18, 0x00, 0x4C, 0x00, 0x00, 0x00, 0x1E, 0x00, 0x1D, 0x13, 0x25, 
0x22, 0x22, 0x25, 0x07, 0x07, 0x19, 0x2B, 0x00, 0x16, 0x15, 0x11, 0x14, 0x06, 0x23, 0x23, 0x15, 
0x14, 0x23, 0x22, 0x35, 0x35, 0x23, 0x22, 0x26, 0x35, 0x11, 0x34, 0x36, 0x33, 0x32, 0x16, 0x15, 
0x11, 0x21, 0x11, 0x34, 0x36, 0x33, 0x02, 0xA4, 0x10, 0x10, 0x0E, 0xEC, 0x1E, 0x1E, 0xEC, 0x0D, 
0x11, 0x11, 0x0D, 0x0E, 0x10, 0x01, 0xD8, 0x11, 0x0D, 0x03, 0x0D, 0x10, 0x0E, 0xFD, 0x2F, 0x0D, 
0x11, 0x88, 0x1E, 0x1E, 0x88, 0x11, 0x0D, 0x02, 0xD1, 0x0E, 0x10, 0x10, 0x0E, 0xFD, 0x4D, 0x02, 
0xB3, 0x0E, 0x10, 0x00, 0x00, 0x02, 0x00, 0x64, 0x00, 0x00, 0x02, 0x76, 0x03, 0x0D, 0x00, 0x14, 
0x00, 0x1F, 0x00, 0x30, 0x40, 0x2D, 0x05, 0x01, 0x02, 0x00, 0x03, 0x04, 0x02, 0x03, 0x65, 0x00, 
0x01, 0x01, 0x17, 0x4B, 0x06, 0x01, 0x04, 0x04, 0x00, 0x5D, 0x00, 0x00, 0x00, 0x18, 0x00, 0x4C, 
0x15, 0x15, 0x00, 0x00, 0x15, 0x1F, 0x15, 0x1E, 0x1D, 0x1B, 0x00, 0x14, 0x00, 0x13, 0x25, 0x36, 
0x07, 0x07, 0x16, 0x2B, 0x00, 0x16, 0x16, 0x15, 0x14, 0x06, 0x06, 0x23, 0x21, 0x22, 0x26, 0x35, 
0x11, 0x34, 0x36, 0x33, 0x32, 0x16, 0x15, 0x11, 0x33, 0x12, 0x36, 0x36, 0x35, 0x34, 0x26, 0x26, 
0x23, 0x23, 0x11, 0x33, 0x01, 0xD3, 0x68, 0x3B, 0x3B, 0x68, 0x43, 0xFE, 0xFB, 0x12, 0x15, 0x11, 
0x0D, 0x0D, 0x11, 0xF0, 0x31, 0x4D, 0x2C, 0x2B, 0x4E, 0x31, 0xF0, 0xF0, 0x01, 0xCD, 0x3B, 0x69, 
0x43, 0x43, 0x68, 0x3B, 0x0F, 0x0F, 0x02, 0xD4, 0x0C, 0x0F, 0x0F, 0x0C, 0xFE, 0xDB, 0xFE, 0x69, 
0x31, 0x53, 0x31, 0x31, 0x4F, 0x2C, 0xFE, 0x9F, 0x00, 0x02, 0x00, 0x0F, 0x00, 0x00, 0x03, 0x01, 
0x03, 0x0D, 0x00, 0x19, 0x00, 0x24, 0x00, 0x36, 0x40, 0x33, 0x00, 0x02, 0x00, 0x05, 0x04, 0x02, 
0x05, 0x65, 0x00, 0x00, 0x00, 0x01, 0x5D, 0x00, 0x01, 0x01, 0x17, 0x4B, 0x07, 0x01, 0x04, 0x04, 
0x03, 0x5D, 0x06, 0x01, 0x03, 0x03, 0x18, 0x03, 0x4C, 0x1B, 0x1A, 0x00, 0x00, 0x23, 0x21, 0x1A, 
0x24, 0x1B, 0x24, 0x00, 0x19, 0x00, 0x17, 0x23, 0x34, 0x23, 0x08, 0x07, 0x17, 0x2B, 0x20, 0x26, 
0x35, 0x11, 0x23, 0x22, 0x26, 0x35, 0x34, 0x36, 0x33, 0x33, 0x32, 0x16, 0x15, 0x11, 0x33, 0x32, 
0x16, 0x16, 0x15, 0x14, 0x06, 0x06, 0x23, 0x21, 0x25, 0x32, 0x36, 0x36, 0x35, 0x34, 0x26, 0x26, 
0x23, 0x23, 0x11, 0x01, 0x04, 0x15, 0xC5, 0x0C, 0x0F, 0x0F, 0x0C, 0xE2, 0x0E, 0x11, 0xF0, 0x43, 
0x68, 0x3B, 0x3B, 0x68, 0x43, 0xFE, 0xFB, 0x01, 0x05, 0x31, 0x4E, 0x2B, 0x2B, 0x4E, 0x31, 0xF0, 
0x0F, 0x0F, 0x02, 0xB9, 0x0F, 0x0C, 0x0C, 0x0F, 0x0F, 0x0C, 0xFE, 0xDB, 0x3B, 0x69, 0x43, 0x43, 
0x68, 0x3B, 0x3C, 0x2E, 0x50, 0x31, 0x31, 0x4F, 0x2C, 0xFE, 0xA5, 0x00, 0x00, 0x03, 0x00, 0x64, 
0x00, 0x00, 0x03, 0x21, 0x03, 0x0D, 0x00, 0x14, 0x00, 0x22, 0x00, 0x2D, 0x00, 0x3B, 0x40, 0x38, 
0x07, 0x01, 0x02, 0x00, 0x05, 0x06, 0x02, 0x05, 0x65, 0x03, 0x01, 0x01, 0x01, 0x17, 0x4B, 0x09, 
0x01, 0x06, 0x06, 0x00, 0x5F, 0x08, 0x04, 0x02, 0x00, 0x00, 0x18, 0x00, 0x4C, 0x23, 0x23, 0x15, 
0x15, 0x00, 0x00, 0x23, 0x2D, 0x23, 0x2C, 0x2B, 0x29, 0x15, 0x22, 0x15, 0x21, 0x1C, 0x1A, 0x00, 
0x14, 0x00, 0x13, 0x25, 0x36, 0x0A, 0x07, 0x16, 0x2B, 0x00, 0x16, 0x16, 0x15, 0x14, 0x06, 0x06, 
0x23, 0x23, 0x22, 0x26, 0x35, 0x11, 0x34, 0x36, 0x33, 0x32, 0x16, 0x15, 0x11, 0x33, 0x00, 0x26, 
0x35, 0x11, 0x34, 0x36, 0x33, 0x32, 0x16, 0x15, 0x11, 0x14, 0x06, 0x23, 0x24, 0x36, 0x36, 0x35, 
0x34, 0x26, 0x26, 0x23, 0x23, 0x11, 0x33, 0x01, 0xB5, 0x68, 0x3B, 0x3B, 0x68, 0x43, 0xE7, 0x12, 
0x15, 0x11, 0x0D, 0x0D, 0x11, 0xD2, 0x01, 0x84, 0x11, 0x11, 0x0D, 0x0C, 0x12, 0x12, 0x0C, 0xFE, 
0xA0, 0x4E, 0x2B, 0x2B, 0x4E, 0x31, 0xD2, 0xD2, 0x01, 0xCD, 0x3B, 0x69, 0x43, 0x43, 0x68, 0x3B, 
0x0F, 0x0F, 0x02, 0xD4, 0x0C, 0x0F, 0x0F, 0x0C, 0xFE, 0xDB, 0xFE, 0x33, 0x11, 0x0D, 0x02, 0xD1, 
0x0D, 0x11, 0x11, 0x0D, 0xFD, 0x2F, 0x0D, 0x11, 0x3C, 0x2E, 0x50, 0x31, 0x31, 0x4F, 0x2C, 0xFE, 
0xA5, 0x00, 0x00, 0x00, 0x00, 0x02, 0x00, 0x13, 0x00, 0x00, 0x03, 0xCA, 0x03, 0x0D, 0x00, 0x1B, 
0x00, 0x26, 0x00, 0x3C, 0x40, 0x39, 0x0C, 0x01, 0x03, 0x02, 0x12, 0x01, 0x00, 0x05, 0x02, 0x4A, 
0x06, 0x01, 0x03, 0x00, 0x04, 0x05, 0x03, 0x04, 0x65, 0x00, 0x02, 0x02, 0x17, 0x4B, 0x07, 0x01, 
0x05, 0x05, 0x00, 0x5F, 0x01, 0x01, 0x00, 0x00, 0x18, 0x00, 0x4C, 0x1C, 0x1C, 0x00, 0x00, 0x1C, 
0x26, 0x1C, 0x25, 0x24, 0x22, 0x00, 0x1B, 0x00, 0x1A, 0x26, 0x24, 0x46, 0x08, 0x07, 0x17, 0x2B, 
0x00, 0x16, 0x16, 0x15, 0x14, 0x06, 0x06, 0x2B, 0x02, 0x22, 0x27, 0x01, 0x01, 0x06, 0x23, 0x22, 
0x26, 0x35, 0x34, 0x37, 0x01, 0x36, 0x33, 0x32, 0x17, 0x13, 0x33, 0x12, 0x36, 0x36, 0x35, 0x34, 
0x26, 0x26, 0x23, 0x23, 0x13, 0x33, 0x03, 0x27, 0x68, 0x3B, 0x3B, 0x68, 0x43, 0x4F, 0x01, 0x14, 
0x08, 0xFE, 0xEA, 0xFE, 0xEB, 0x07, 0x15, 0x0E, 0x10, 0x03, 0x01, 0x2F, 0x08, 0x15, 0x14, 0x09, 
0x7F, 0xE6, 0x31, 0x4D, 0x2C, 0x2B, 0x4E, 0x31, 0xCF, 0x95, 0x3A, 0x01, 0xCD, 0x3B, 0x69, 0x43, 
0x43, 0x68, 0x3B, 0x13, 0x02, 0x97, 0xFD, 0x69, 0x13, 0x12, 0x0C, 0x07, 0x06, 0x02, 0xCD, 0x15, 
0x15, 0xFE, 0xD5, 0xFE, 0x69, 0x31, 0x53, 0x31, 0x31, 0x4F, 0x2C, 0xFE, 0x9F, 0x00, 0x00, 0x00, 
0x00, 0x02, 0x00, 0x64, 0x00, 0x00, 0x04, 0x47, 0x03, 0x0D, 0x00, 0x26, 0x00, 0x31, 0x00, 0x3E, 
0x40, 0x3B, 0x00, 0x03, 0x00, 0x08, 0x05, 0x03, 0x08, 0x65, 0x00, 0x01, 0x00, 0x05, 0x07, 0x01, 
0x05, 0x65, 0x02, 0x01, 0x00, 0x00, 0x17, 0x4B, 0x0A, 0x01, 0x07, 0x07, 0x04, 0x5F, 0x09, 0x06, 
0x02, 0x04, 0x04, 0x18, 0x04, 0x4C, 0x28, 0x27, 0x00, 0x00, 0x30, 0x2E, 0x27, 0x31, 0x28, 0x31, 
0x00, 0x26, 0x00, 0x25, 0x13, 0x36, 0x23, 0x23, 0x13, 0x25, 0x0B, 0x07, 0x1A, 0x2B, 0x32, 0x26, 
0x35, 0x11, 0x34, 0x36, 0x33, 0x32, 0x16, 0x15, 0x11, 0x21, 0x11, 0x34, 0x36, 0x33, 0x32, 0x16, 
0x15, 0x11, 0x33, 0x32, 0x16, 0x16, 0x15, 0x14, 0x06, 0x06, 0x23, 0x23, 0x22, 0x26, 0x35, 0x11, 
0x21, 0x11, 0x14, 0x06, 0x23, 0x25, 0x32, 0x36, 0x36, 0x35, 0x34, 0x26, 0x26, 0x23, 0x23, 0x11, 
0x75, 0x11, 0x11, 0x0D, 0x0D, 0x11, 0x01, 0xC7, 0x11, 0x0D, 0x0D, 0x11, 0xBE, 0x43, 0x68, 0x3B, 
0x3B, 0x68, 0x43, 0xD9, 0x10, 0x11, 0xFE, 0x39, 0x11, 0x0D, 0x02, 0xDF, 0x31, 0x4D, 0x2C, 0x2B, 
0x4E, 0x31, 0xBE, 0x11, 0x0D, 0x02, 0xD1, 0x0D, 0x11, 0x11, 0x0D, 0xFE, 0xB6, 0x01, 0x4D, 0x0C, 
0x0F, 0x0F, 0x0C, 0xFE, 0xDB, 0x3B, 0x69, 0x43, 0x43, 0x68, 0x3B, 0x11, 0x0D, 0x01, 0x51, 0xFE, 
0xAF, 0x0D, 0x11, 0x36, 0x31, 0x53, 0x31, 0x31, 0x4F, 0x2C, 0xFE, 0x9F, 0xFF, 0xFF, 0x00, 0x41, 
0xFF, 0xF6, 0x02, 0x43, 0x03, 0x17, 0x00, 0x02, 0x00, 0x90, 0x00, 0x00, 0x00, 0x01, 0x00, 0x3C, 
0xFF, 0xF6, 0x02, 0xC3, 0x03, 0x17, 0x00, 0x2D, 0x00, 0x3B, 0x40, 0x38, 0x00, 0x03, 0x04, 0x05, 
0x04, 0x03, 0x05, 0x7E, 0x00, 0x00, 0x06, 0x07, 0x06, 0x00, 0x07, 0x7E, 0x00, 0x05, 0x00, 0x06, 
0x00, 0x05, 0x06, 0x65, 0x00, 0x04, 0x04, 0x02, 0x5F, 0x00, 0x02, 0x02, 0x1E, 0x4B, 0x00, 0x07, 
0x07, 0x01, 0x5F, 0x00, 0x01, 0x01, 0x1F, 0x01, 0x4C, 0x23, 0x24, 0x23, 0x22, 0x25, 0x26, 0x25, 
0x20, 0x08, 0x07, 0x1C, 0x2B, 0x24, 0x33, 0x32, 0x16, 0x15, 0x14, 0x07, 0x06, 0x23, 0x22, 0x26, 
0x26, 0x35, 0x34, 0x36, 0x36, 0x33, 0x32, 0x17, 0x16, 0x15, 0x14, 0x06, 0x23, 0x22, 0x27, 0x26, 
0x23, 0x22, 0x06, 0x06, 0x07, 0x21, 0x32, 0x16, 0x15, 0x14, 0x06, 0x23, 0x21, 0x1E, 0x02, 0x33, 
0x32, 0x37, 0x02, 0x99, 0x08, 0x0C, 0x13, 0x07, 0x56, 0xA0, 0x69, 0xB4, 0x6A, 0x69, 0xB3, 0x6B, 
0x8C, 0x6B, 0x09, 0x10, 0x0E, 0x0B, 0x0E, 0x4C, 0x7D, 0x53, 0x92, 0x5D, 0x08, 0x01, 0x97, 0x0B, 
0x10, 0x10, 0x0B, 0xFE, 0x69, 0x06, 0x5B, 0x94, 0x55, 0x76, 0x59, 0x80, 0x12, 0x0D, 0x0D, 0x08, 
0x56, 0x6D, 0xB9, 0x6B, 0x6B, 0xB8, 0x6D, 0x59, 0x07, 0x0D, 0x0C, 0x13, 0x0C, 0x44, 0x54, 0x8F, 
0x53, 0x10, 0x0B, 0x0B, 0x10, 0x57, 0x91, 0x55, 0x49, 0x00, 0x00, 0x00, 0x00, 0x01, 0x00, 0x3C, 
0xFF, 0xF6, 0x02, 0xC3, 0x03, 0x17, 0x00, 0x2D, 0x00, 0x41, 0x40, 0x3E, 0x00, 0x06, 0x05, 0x04, 
0x05, 0x06, 0x04, 0x7E, 0x00, 0x01, 0x03, 0x02, 0x03, 0x01, 0x02, 0x7E, 0x00, 0x04, 0x00, 0x03, 
0x01, 0x04, 0x03, 0x65, 0x00, 0x05, 0x05, 0x07, 0x5F, 0x08, 0x01, 0x07, 0x07, 0x1E, 0x4B, 0x00, 
0x02, 0x02, 0x00, 0x5F, 0x00, 0x00, 0x00, 0x1F, 0x00, 0x4C, 0x00, 0x00, 0x00, 0x2D, 0x00, 0x2C, 
0x22, 0x23, 0x24, 0x23, 0x23, 0x15, 0x26, 0x09, 0x07, 0x1B, 0x2B, 0x00, 0x16, 0x16, 0x15, 0x14, 
0x06, 0x06, 0x23, 0x22, 0x27, 0x26, 0x35, 0x34, 0x36, 0x33, 0x32, 0x17, 0x16, 0x33, 0x32, 0x36, 
0x36, 0x37, 0x21, 0x22, 0x26, 0x35, 0x34, 0x36, 0x33, 0x21, 0x2E, 0x02, 0x23, 0x22, 0x07, 0x06, 
0x23, 0x22, 0x26, 0x35, 0x34, 0x37, 0x36, 0x33, 0x01, 0xA7, 0xB3, 0x69, 0x6A, 0xB4, 0x69, 0xA0, 
0x56, 0x07, 0x13, 0x0C, 0x08, 0x07, 0x59, 0x76, 0x55, 0x94, 0x5B, 0x06, 0xFE, 0x69, 0x0B, 0x10, 
0x10, 0x0B, 0x01, 0x97, 0x08, 0x5D, 0x92, 0x53, 0x7D, 0x4C, 0x0E, 0x0B, 0x0E, 0x10, 0x09, 0x6B, 
0x8C, 0x03, 0x17, 0x6D, 0xB8, 0x6B, 0x6B, 0xB9, 0x6D, 0x56, 0x08, 0x0D, 0x0D, 0x12, 0x05, 0x49, 
0x55, 0x91, 0x57, 0x10, 0x0B, 0x0B, 0x10, 0x53, 0x8F, 0x54, 0x44, 0x0C, 0x13, 0x0C, 0x0D, 0x07, 
0x59, 0x00, 0x00, 0x00, 0xFF, 0xFF, 0x00, 0x64, 0x00, 0x00, 0x00, 0xA0, 0x03, 0x0D, 0x00, 0x02, 
0x00, 0x48, 0x00, 0x00, 0xFF, 0xFF, 0xFF, 0xEA, 0x00, 0x00, 0x01, 0x19, 0x03, 0xE2, 0x00, 0x22, 
0x00, 0x48, 0x00, 0x00, 0x01, 0x07, 0x03, 0x26, 0x01, 0x7D, 0x00, 0xEA, 0x00, 0x08, 0xB1, 0x01, 
0x02, 0xB0, 0xEA, 0xB0, 0x33, 0x2B, 0x00, 0x00, 0xFF, 0xFF, 0x00, 0x2D, 0xFF, 0xF6, 0x01, 0xFA, 
0x03, 0x0D, 0x00, 0x02, 0x00, 0x57, 0x00, 0x00, 0x00, 0x01, 0x00, 0x0F, 0x00, 0x00, 0x02, 0xF8, 
0x03, 0x0D, 0x00, 0x2D, 0x00, 0x34, 0x40, 0x31, 0x2A, 0x12, 0x02, 0x00, 0x01, 0x01, 0x4A, 0x07, 
0x01, 0x06, 0x00, 0x01, 0x00, 0x06, 0x01, 0x67, 0x05, 0x01, 0x03, 0x03, 0x04, 0x5D, 0x00, 0x04, 
0x04, 0x17, 0x4B, 0x02, 0x01, 0x00, 0x00, 0x18, 0x00, 0x4C, 0x00, 0x00, 0x00, 0x2D, 0x00, 0x2C, 
0x24, 0x34, 0x23, 0x26, 0x25, 0x26, 0x08, 0x07, 0x1A, 0x2B, 0x00, 0x16, 0x16, 0x15, 0x15, 0x14, 
0x06, 0x23, 0x22, 0x26, 0x35, 0x35, 0x34, 0x26, 0x23, 0x22, 0x06, 0x06, 0x07, 0x11, 0x14, 0x06, 
0x23, 0x22, 0x26, 0x35, 0x11, 0x23, 0x22, 0x26, 0x35, 0x34, 0x36, 0x33, 0x21, 0x32, 0x16, 0x15, 
0x14, 0x06, 0x23, 0x21, 0x11, 0x36, 0x36, 0x33, 0x02, 0x3D, 0x7A, 0x41, 0x10, 0x0E, 0x0D, 0x11, 
0x6D, 0x64, 0x32, 0x58, 0x39, 0x05, 0x11, 0x0D, 0x0D, 0x11, 0xBD, 0x0C, 0x0F, 0x0F, 0x0C, 0x02, 
0x22, 0x0C, 0x0F, 0x0F, 0x0C, 0xFE, 0xD7, 0x21, 0x6A, 0x3D, 0x01, 0xFD, 0x4B, 0x8D, 0x61, 0xA9, 
0x0D, 0x0E, 0x10, 0x0B, 0xA9, 0x77, 0x86, 0x19, 0x2C, 0x1B, 0xFE, 0xBD, 0x0D, 0x11, 0x11, 0x0D, 
0x02, 0xB9, 0x0F, 0x0C, 0x0C, 0x0F, 0x0F, 0x0C, 0x0C, 0x0F, 0xFE, 0xD6, 0x26, 0x2A, 0x00, 0x00, 
0x00, 0x02, 0x00, 0x64, 0xFF, 0xF6, 0x04, 0x4D, 0x03, 0x17, 0x00, 0x20, 0x00, 0x30, 0x00, 0xA0, 
0x4B, 0xB0, 0x0A, 0x50, 0x58, 0x40, 0x29, 0x00, 0x04, 0x00, 0x01, 0x07, 0x04, 0x01, 0x65, 0x00, 
0x03, 0x03, 0x17, 0x4B, 0x00, 0x06, 0x06, 0x05, 0x5F, 0x08, 0x01, 0x05, 0x05, 0x1E, 0x4B, 0x00, 
0x02, 0x02, 0x18, 0x4B, 0x09, 0x01, 0x07, 0x07, 0x00, 0x5F, 0x00, 0x00, 0x00, 0x1F, 0x00, 0x4C, 
0x1B, 0x4B, 0xB0, 0x19, 0x50, 0x58, 0x40, 0x21, 0x00, 0x04, 0x00, 0x01, 0x07, 0x04, 0x01, 0x65, 
0x00, 0x06, 0x06, 0x03, 0x5F, 0x08, 0x05, 0x02, 0x03, 0x03, 0x17, 0x4B, 0x09, 0x01, 0x07, 0x07, 
0x00, 0x5F, 0x02, 0x01, 0x00, 0x00, 0x1F, 0x00, 0x4C, 0x1B, 0x40, 0x29, 0x00, 0x04, 0x00, 0x01, 
0x07, 0x04, 0x01, 0x65, 0x00, 0x03, 0x03, 0x17, 0x4B, 0x00, 0x06, 0x06, 0x05, 0x5F, 0x08, 0x01, 
0x05, 0x05, 0x1E, 0x4B, 0x00, 0x02, 0x02, 0x18, 0x4B, 0x09, 0x01, 0x07, 0x07, 0x00, 0x5F, 0x00, 
0x00, 0x00, 0x1F, 0x00, 0x4C, 0x59, 0x59, 0x40, 0x16, 0x21, 0x21, 0x00, 0x00, 0x21, 0x30, 0x21, 
0x2F, 0x29, 0x27, 0x00, 0x20, 0x00, 0x1F, 0x13, 0x25, 0x23, 0x13, 0x26, 0x0A, 0x07, 0x19, 0x2B, 
0x00, 0x16, 0x16, 0x15, 0x14, 0x06, 0x06, 0x23, 0x22, 0x26, 0x26, 0x27, 0x23, 0x11, 0x14, 0x06, 
0x23, 0x22, 0x26, 0x35, 0x11, 0x34, 0x36, 0x33, 0x32, 0x16, 0x15, 0x11, 0x33, 0x3E, 0x02, 0x33, 
0x12, 0x36, 0x36, 0x35, 0x34, 0x26, 0x26, 0x23, 0x22, 0x06, 0x06, 0x15, 0x14, 0x16, 0x16, 0x33, 
0x03, 0x34, 0xB3, 0x66, 0x66, 0xB3, 0x6D, 0x6A, 0xAE, 0x69, 0x05, 0xA1, 0x11, 0x0D, 0x0D, 0x11, 
0x11, 0x0D, 0x0D, 0x11, 0xA1, 0x07, 0x69, 0xAD, 0x69, 0x5C, 0x97, 0x57, 0x57, 0x97, 0x5C, 0x5D, 
0x97, 0x57, 0x57, 0x97, 0x5D, 0x03, 0x17, 0x69, 0xB7, 0x70, 0x71, 0xB7, 0x69, 0x62, 0xAC, 0x6B, 
0xFE, 0xAF, 0x0D, 0x11, 0x11, 0x0D, 0x02, 0xD1, 0x0D, 0x11, 0x11, 0x0D, 0xFE, 0xB6, 0x69, 0xA9, 
0x60, 0xFD, 0x1B, 0x59, 0x9C, 0x60, 0x5F, 0x9C, 0x59, 0x59, 0x9C, 0x5F, 0x60, 0x9C, 0x59, 0x00, 
0x00, 0x02, 0x00, 0x4B, 0x00, 0x00, 0x02, 0x42, 0x03, 0x0D, 0x00, 0x1E, 0x00, 0x29, 0x00, 0x33, 
0x40, 0x30, 0x15, 0x01, 0x01, 0x05, 0x01, 0x4A, 0x00, 0x05, 0x00, 0x01, 0x00, 0x05, 0x01, 0x65, 
0x00, 0x04, 0x04, 0x03, 0x5D, 0x06, 0x01, 0x03, 0x03, 0x17, 0x4B, 0x02, 0x01, 0x00, 0x00, 0x18, 
0x00, 0x4C, 0x00, 0x00, 0x29, 0x27, 0x21, 0x1F, 0x00, 0x1E, 0x00, 0x1C, 0x23, 0x13, 0x25, 0x07, 
0x07, 0x17, 0x2B, 0x00, 0x16, 0x15, 0x11, 0x14, 0x06, 0x23, 0x22, 0x26, 0x35, 0x11, 0x23, 0x03, 
0x06, 0x06, 0x23, 0x22, 0x26, 0x35, 0x34, 0x37, 0x13, 0x2E, 0x02, 0x35, 0x34, 0x36, 0x36, 0x33, 
0x33, 0x07, 0x23, 0x22, 0x06, 0x06, 0x15, 0x14, 0x16, 0x16, 0x33, 0x33, 0x02, 0x32, 0x10, 0x10, 
0x0E, 0x0D, 0x11, 0xC0, 0xBF, 0x05, 0x0C, 0x0A, 0x10, 0x11, 0x08, 0xB5, 0x33, 0x55, 0x33, 0x40, 
0x72, 0x48, 0xDD, 0x1E, 0xBF, 0x37, 0x56, 0x31, 0x31, 0x56, 0x37, 0xBF, 0x03, 0x0D, 0x10, 0x0E, 
0xFD, 0x2F, 0x0D, 0x11, 0x11, 0x0D, 0x01, 0x18, 0xFE, 0xDA, 0x08, 0x08, 0x0C, 0x0B, 0x09, 0x0E, 
0x01, 0x16, 0x0A, 0x3D, 0x5D, 0x38, 0x45, 0x6C, 0x3C, 0x3C, 0x2D, 0x51, 0x33, 0x32, 0x50, 0x2C, 
0x00, 0x01, 0x00, 0x0F, 0xFF, 0xEE, 0x02, 0xD4, 0x03, 0x0D, 0x00, 0x33, 0x00, 0x3D, 0x40, 0x3A, 
0x30, 0x18, 0x02, 0x00, 0x01, 0x01, 0x4A, 0x00, 0x00, 0x01, 0x02, 0x01, 0x00, 0x02, 0x7E, 0x05, 
0x01, 0x03, 0x03, 0x04, 0x5D, 0x00, 0x04, 0x04, 0x17, 0x4B, 0x00, 0x01, 0x01, 0x06, 0x5F, 0x07, 
0x01, 0x06, 0x06, 0x19, 0x4B, 0x00, 0x02, 0x02, 0x18, 0x02, 0x4C, 0x00, 0x00, 0x00, 0x33, 0x00, 
0x32, 0x24, 0x34, 0x23, 0x25, 0x26, 0x1D, 0x08, 0x07, 0x1A, 0x2B, 0x00, 0x16, 0x16, 0x15, 0x14, 
0x06, 0x06, 0x07, 0x06, 0x26, 0x35, 0x34, 0x36, 0x37, 0x3E, 0x02, 0x35, 0x34, 0x26, 0x26, 0x23, 
0x22, 0x06, 0x07, 0x11, 0x14, 0x06, 0x23, 0x22, 0x26, 0x35, 0x11, 0x23, 0x22, 0x26, 0x35, 0x34, 
0x36, 0x33, 0x21, 0x32, 0x16, 0x15, 0x14, 0x06, 0x23, 0x21, 0x15, 0x36, 0x36, 0x33, 0x02, 0x20, 
0x73, 0x41, 0x44, 0x78, 0x4D, 0x0E, 0x13, 0x10, 0x0D, 0x3C, 0x5F, 0x36, 0x31, 0x58, 0x38, 0x34, 
0x6C, 0x24, 0x11, 0x0D, 0x0D, 0x11, 0xAD, 0x0C, 0x0F, 0x0F, 0x0C, 0x02, 0x0E, 0x0C, 0x0F, 0x0F, 
0x0C, 0xFE, 0xDB, 0x2A, 0x66, 0x34, 0x02, 0x20, 0x45, 0x7A, 0x4E, 0x4D, 0x7F, 0x50, 0x07, 0x02, 
0x11, 0x0E, 0x0D, 0x11, 0x01, 0x03, 0x3E, 0x67, 0x3F, 0x3E, 0x61, 0x36, 0x25, 0x1D, 0xFE, 0x78, 
0x0D, 0x11, 0x11, 0x0D, 0x02, 0xB9, 0x0F, 0x0C, 0x0C, 0x0F, 0x0F, 0x0C, 0x0C, 0x0F, 0xF8, 0x1E, 
0x23, 0x00, 0x00, 0x00, 0x00, 0x02, 0x00, 0x0F, 0x00, 0x00, 0x02, 0xC6, 0x03, 0x0D, 0x00, 0x26, 
0x00, 0x31, 0x00, 0x3E, 0x40, 0x3B, 0x04, 0x01, 0x02, 0x05, 0x01, 0x01, 0x06, 0x02, 0x01, 0x65, 
0x09, 0x01, 0x06, 0x00, 0x07, 0x08, 0x06, 0x07, 0x65, 0x00, 0x03, 0x03, 0x17, 0x4B, 0x0A, 0x01, 
0x08, 0x08, 0x00, 0x5D, 0x00, 0x00, 0x00, 0x18, 0x00, 0x4C, 0x27, 0x27, 0x00, 0x00, 0x27, 0x31, 
0x27, 0x30, 0x2F, 0x2D, 0x00, 0x26, 0x00, 0x25, 0x24, 0x23, 0x23, 0x24, 0x23, 0x36, 0x0B, 0x07, 
0x1A, 0x2B, 0x00, 0x16, 0x16, 0x15, 0x14, 0x06, 0x06, 0x23, 0x21, 0x22, 0x26, 0x35, 0x11, 0x23, 
0x22, 0x26, 0x35, 0x34, 0x36, 0x33, 0x33, 0x35, 0x34, 0x36, 0x33, 0x32, 0x16, 0x15, 0x15, 0x21, 
0x32, 0x16, 0x15, 0x14, 0x06, 0x23, 0x21, 0x15, 0x33, 0x12, 0x36, 0x36, 0x35, 0x34, 0x26, 0x26, 
0x23, 0x23, 0x11, 0x33, 0x02, 0x23, 0x68, 0x3B, 0x3B, 0x68, 0x43, 0xFE, 0xFB, 0x12, 0x15, 0x8A, 
0x0C, 0x0F, 0x0F, 0x0C, 0x8A, 0x11, 0x0D, 0x0D, 0x11, 0x01, 0x0C, 0x0C, 0x0F, 0x0F, 0x0C, 0xFE, 
0xF4, 0xF0, 0x31, 0x4D, 0x2C, 0x2B, 0x4E, 0x31, 0xF0, 0xF0, 0x01, 0xCD, 0x3B, 0x69, 0x43, 0x43, 
0x68, 0x3B, 0x0F, 0x0F, 0x02, 0x33, 0x0F, 0x0C, 0x0C, 0x0F, 0x6B, 0x0C, 0x0F, 0x0F, 0x0C, 0x6B, 
0x0F, 0x0C, 0x0C, 0x0F, 0x84, 0xFE, 0x69, 0x31, 0x53, 0x31, 0x31, 0x4F, 0x2C, 0xFE, 0x9F, 0x00, 
0x00, 0x02, 0x00, 0x16, 0xFF, 0xFF, 0x03, 0x68, 0x03, 0x0D, 0x00, 0x3A, 0x00, 0x3D, 0x00, 0x38, 
0x40, 0x35, 0x18, 0x01, 0x08, 0x03, 0x01, 0x4A, 0x04, 0x01, 0x02, 0x06, 0x01, 0x00, 0x01, 0x02, 
0x00, 0x67, 0x00, 0x08, 0x08, 0x03, 0x5D, 0x00, 0x03, 0x03, 0x17, 0x4B, 0x09, 0x07, 0x05, 0x03, 
0x01, 0x01, 0x18, 0x01, 0x4C, 0x00, 0x00, 0x3D, 0x3C, 0x00, 0x3A, 0x00, 0x39, 0x15, 0x29, 0x16, 
0x36, 0x19, 0x25, 0x13, 0x0A, 0x07, 0x1B, 0x2B, 0x20, 0x26, 0x35, 0x11, 0x22, 0x06, 0x06, 0x07, 
0x03, 0x06, 0x23, 0x22, 0x27, 0x26, 0x35, 0x34, 0x37, 0x37, 0x3E, 0x02, 0x37, 0x03, 0x26, 0x35, 
0x34, 0x37, 0x36, 0x33, 0x21, 0x32, 0x17, 0x16, 0x15, 0x14, 0x07, 0x03, 0x1E, 0x02, 0x17, 0x17, 
0x16, 0x15, 0x14, 0x07, 0x06, 0x23, 0x22, 0x27, 0x03, 0x2E, 0x02, 0x23, 0x11, 0x14, 0x06, 0x23, 
0x13, 0x13, 0x21, 0x01, 0xAD, 0x11, 0x3A, 0x45, 0x3A, 0x11, 0x8C, 0x04, 0x0E, 0x0D, 0x09, 0x08, 
0x07, 0x68, 0x1C, 0x49, 0x52, 0x3D, 0xE3, 0x07, 0x03, 0x06, 0x12, 0x02, 0x2A, 0x12, 0x06, 0x03, 
0x07, 0xEC, 0x3A, 0x52, 0x4A, 0x1E, 0x71, 0x07, 0x08, 0x09, 0x0D, 0x0E, 0x04, 0x93, 0x13, 0x3E, 
0x44, 0x38, 0x11, 0x0D, 0x01, 0xE5, 0xFE, 0x3D, 0x11, 0x0D, 0x01, 0x51, 0x07, 0x20, 0x23, 0xFE, 
0xE4, 0x0A, 0x09, 0x08, 0x09, 0x09, 0x0E, 0xE3, 0x3F, 0x3F, 0x13, 0x01, 0x01, 0x39, 0x0A, 0x0A, 
0x07, 0x06, 0x0E, 0x0E, 0x06, 0x07, 0x0A, 0x0A, 0xFE, 0xC7, 0x01, 0x14, 0x3E, 0x3E, 0xE4, 0x0E, 
0x09, 0x09, 0x08, 0x09, 0x0A, 0x01, 0x1A, 0x24, 0x21, 0x07, 0xFE, 0xAF, 0x0D, 0x11, 0x01, 0xA6, 
0x01, 0x31, 0x00, 0x00, 0xFF, 0xFF, 0x00, 0x3C, 0xFF, 0xF6, 0x03, 0x5D, 0x03, 0x17, 0x00, 0x02, 
0x01, 0xE4, 0x00, 0x00, 0x00, 0x01, 0x00, 0x14, 0x00, 0x00, 0x02, 0xBC, 0x03, 0x10, 0x00, 0x1B, 
0x00, 0x1B, 0x40, 0x18, 0x17, 0x01, 0x01, 0x00, 0x01, 0x4A, 0x02, 0x01, 0x00, 0x00, 0x17, 0x4B, 
0x00, 0x01, 0x01, 0x18, 0x01, 0x4C, 0x26, 0x29, 0x11, 0x03, 0x07, 0x17, 0x2B, 0x00, 0x33, 0x32, 
0x15, 0x14, 0x06, 0x07, 0x06, 0x06, 0x07, 0x03, 0x06, 0x23, 0x22, 0x26, 0x27, 0x01, 0x26, 0x35, 
0x34, 0x33, 0x32, 0x17, 0x13, 0x13, 0x36, 0x36, 0x37, 0x02, 0x99, 0x07, 0x1C, 0x0F, 0x13, 0x1C, 
0x2D, 0x16, 0xD6, 0x07, 0x14, 0x0A, 0x0D, 0x04, 0xFE, 0xE8, 0x03, 0x1D, 0x15, 0x08, 0xFD, 0xBA, 
0x1C, 0x45, 0x2F, 0x03, 0x10, 0x17, 0x10, 0x0E, 0x03, 0x05, 0x3E, 0x3C, 0xFD, 0xBB, 0x14, 0x09, 
0x0A, 0x02, 0xC9, 0x0B, 0x08, 0x1E, 0x15, 0xFD, 0x75, 0x01, 0xFE, 0x4D, 0x50, 0x07, 0x00, 0x00, 
0x00, 0x01, 0xFF, 0xF5, 0x00, 0x00, 0x02, 0x47, 0x03, 0x0D, 0x00, 0x24, 0x00, 0x2D, 0x40, 0x2A, 
0x05, 0x01, 0x01, 0x04, 0x01, 0x02, 0x03, 0x01, 0x02, 0x65, 0x00, 0x00, 0x00, 0x06, 0x5D, 0x07, 
0x01, 0x06, 0x06, 0x17, 0x4B, 0x00, 0x03, 0x03, 0x18, 0x03, 0x4C, 0x00, 0x00, 0x00, 0x24, 0x00, 
0x22, 0x24, 0x23, 0x23, 0x24, 0x21, 0x24, 0x08, 0x07, 0x1A, 0x2B, 0x00, 0x16, 0x15, 0x14, 0x06, 
0x23, 0x21, 0x11, 0x33, 0x32, 0x16, 0x15, 0x14, 0x06, 0x23, 0x23, 0x11, 0x14, 0x06, 0x23, 0x22, 
0x26, 0x35, 0x11, 0x23, 0x22, 0x26, 0x35, 0x34, 0x36, 0x33, 0x33, 0x11, 0x34, 0x36, 0x33, 0x21, 
0x02, 0x35, 0x12, 0x12, 0x0C, 0xFE, 0x77, 0xAE, 0x0C, 0x0F, 0x0F, 0x0C, 0xAE, 0x11, 0x0D, 0x0D, 
0x11, 0x54, 0x0C, 0x0F, 0x0F, 0x0C, 0x54, 0x11, 0x0D, 0x01, 0xA7, 0x03, 0x0D, 0x11, 0x0D, 0x0C, 
0x12, 0xFE, 0xD1, 0x0F, 0x0C, 0x0C, 0x0F, 0xFE, 0xB2, 0x0D, 0x11, 0x11, 0x0D, 0x01, 0x4E, 0x0F, 
0x0C, 0x0C, 0x0F, 0x01, 0x4D, 0x0D, 0x11, 0x00, 0x00, 0x01, 0x00, 0x64, 0xFF, 0xEE, 0x02, 0x6D, 
0x03, 0x0D, 0x00, 0x2F, 0x00, 0x3B, 0x40, 0x38, 0x2C, 0x18, 0x02, 0x00, 0x01, 0x01, 0x4A, 0x00, 
0x00, 0x01, 0x02, 0x01, 0x00, 0x02, 0x7E, 0x00, 0x04, 0x04, 0x03, 0x5D, 0x00, 0x03, 0x03, 0x17, 
0x4B, 0x00, 0x01, 0x01, 0x05, 0x5F, 0x06, 0x01, 0x05, 0x05, 0x19, 0x4B, 0x00, 0x02, 0x02, 0x18, 
0x02, 0x4C, 0x00, 0x00, 0x00, 0x2F, 0x00, 0x2E, 0x24, 0x35, 0x25, 0x26, 0x1D, 0x07, 0x07, 0x19, 
0x2B, 0x00, 0x16, 0x16, 0x15, 0x14, 0x06, 0x06, 0x07, 0x06, 0x26, 0x35, 0x34, 0x36, 0x37, 0x3E, 
0x02, 0x35, 0x34, 0x26, 0x26, 0x23, 0x22, 0x06, 0x07, 0x11, 0x14, 0x06, 0x23, 0x22, 0x26, 0x35, 
0x11, 0x34, 0x36, 0x33, 0x21, 0x32, 0x16, 0x15, 0x14, 0x06, 0x23, 0x21, 0x15, 0x36, 0x36, 0x33, 
0x01, 0xB9, 0x73, 0x41, 0x44, 0x78, 0x4D, 0x0E, 0x13, 0x10, 0x0D, 0x3C, 0x5F, 0x36, 0x37, 0x5E, 
0x38, 0x32, 0x66, 0x2C, 0x11, 0x0D, 0x0D, 0x11, 0x11, 0x0D, 0x01, 0xA7, 0x0C, 0x12, 0x12, 0x0C, 
0xFE, 0x77, 0x2B, 0x6D, 0x38, 0x02, 0x20, 0x45, 0x7A, 0x4E, 0x4D, 0x7F, 0x4F, 0x08, 0x02, 0x11, 
0x0E, 0x0D, 0x11, 0x01, 0x03, 0x3E, 0x67, 0x3F, 0x43, 0x60, 0x32, 0x23, 0x20, 0xFE, 0x79, 0x0D, 
0x11, 0x11, 0x0D, 0x02, 0xD1, 0x0D, 0x11, 0x11, 0x0D, 0x0C, 0x12, 0xF1, 0x1D, 0x23, 0x00, 0x00, 
0x00, 0x01, 0x00, 0x16, 0xFF, 0x5A, 0x04, 0x00, 0x03, 0x0D, 0x00, 0x40, 0x00, 0x44, 0x40, 0x41, 
0x39, 0x1B, 0x02, 0x01, 0x06, 0x01, 0x4A, 0x0C, 0x01, 0x0B, 0x00, 0x0B, 0x84, 0x08, 0x01, 0x06, 
0x03, 0x01, 0x01, 0x0A, 0x06, 0x01, 0x65, 0x09, 0x07, 0x02, 0x05, 0x05, 0x17, 0x4B, 0x00, 0x0A, 
0x0A, 0x00, 0x5F, 0x04, 0x02, 0x02, 0x00, 0x00, 0x18, 0x00, 0x4C, 0x00, 0x00, 0x00, 0x40, 0x00, 
0x3F, 0x3C, 0x3A, 0x33, 0x31, 0x13, 0x23, 0x12, 0x2C, 0x22, 0x13, 0x23, 0x12, 0x32, 0x0D, 0x07, 
0x1D, 0x2B, 0x04, 0x35, 0x35, 0x23, 0x07, 0x22, 0x27, 0x01, 0x23, 0x11, 0x14, 0x06, 0x23, 0x22, 
0x26, 0x35, 0x11, 0x23, 0x01, 0x06, 0x23, 0x22, 0x27, 0x26, 0x35, 0x34, 0x37, 0x01, 0x03, 0x26, 
0x35, 0x34, 0x37, 0x36, 0x33, 0x32, 0x17, 0x01, 0x33, 0x11, 0x34, 0x36, 0x33, 0x32, 0x16, 0x15, 
0x11, 0x33, 0x01, 0x36, 0x33, 0x32, 0x17, 0x16, 0x15, 0x14, 0x07, 0x03, 0x01, 0x33, 0x32, 0x15, 
0x15, 0x14, 0x23, 0x03, 0xC4, 0x22, 0x05, 0x0C, 0x08, 0xFE, 0xF3, 0x71, 0x11, 0x0D, 0x0D, 0x11, 
0x72, 0xFE, 0xEA, 0x08, 0x0C, 0x09, 0x0B, 0x09, 0x08, 0x01, 0x12, 0xF3, 0x08, 0x0A, 0x08, 0x09, 
0x0A, 0x09, 0x00, 0xFF, 0x6D, 0x11, 0x0D, 0x0D, 0x11, 0x6E, 0x01, 0x08, 0x09, 0x0A, 0x09, 0x08, 
0x0A, 0x08, 0xFD, 0x00, 0xFF, 0x39, 0x1E, 0x1E, 0xA6, 0x1E, 0x88, 0x01, 0x0A, 0x01, 0x66, 0xFE, 
0xAF, 0x0D, 0x11, 0x11, 0x0D, 0x01, 0x51, 0xFE, 0x9A, 0x0A, 0x09, 0x09, 0x0B, 0x0A, 0x0A, 0x01, 
0x5F, 0x01, 0x4F, 0x0B, 0x0A, 0x0A, 0x09, 0x07, 0x09, 0xFE, 0xA1, 0x01, 0x4A, 0x0D, 0x11, 0x11, 
0x0D, 0xFE, 0xB6, 0x01, 0x5F, 0x09, 0x07, 0x09, 0x0A, 0x0A, 0x0B, 0xFE, 0xB1, 0xFE, 0xAD, 0x1E, 
0xA6, 0x1E, 0x00, 0x00, 0x00, 0x01, 0x00, 0x37, 0xFF, 0x5A, 0x02, 0x2A, 0x03, 0x16, 0x00, 0x40, 
0x00, 0x4F, 0x40, 0x4C, 0x32, 0x01, 0x07, 0x06, 0x3D, 0x01, 0x04, 0x05, 0x02, 0x01, 0x01, 0x03, 
0x03, 0x4A, 0x00, 0x07, 0x06, 0x05, 0x06, 0x07, 0x05, 0x7E, 0x00, 0x02, 0x04, 0x03, 0x04, 0x02, 
0x03, 0x7E, 0x00, 0x00, 0x01, 0x00, 0x84, 0x00, 0x05, 0x00, 0x04, 0x02, 0x05, 0x04, 0x67, 0x00, 
0x06, 0x06, 0x08, 0x5F, 0x00, 0x08, 0x08, 0x1E, 0x4B, 0x00, 0x03, 0x03, 0x01, 0x5F, 0x00, 0x01, 
0x01, 0x1F, 0x01, 0x4C, 0x27, 0x13, 0x24, 0x34, 0x34, 0x22, 0x27, 0x12, 0x24, 0x09, 0x07, 0x1D, 
0x2B, 0x24, 0x06, 0x07, 0x15, 0x14, 0x23, 0x22, 0x35, 0x35, 0x26, 0x26, 0x27, 0x26, 0x35, 0x34, 
0x37, 0x36, 0x33, 0x32, 0x17, 0x16, 0x33, 0x32, 0x36, 0x35, 0x34, 0x26, 0x23, 0x23, 0x22, 0x26, 
0x35, 0x34, 0x36, 0x33, 0x33, 0x32, 0x36, 0x35, 0x34, 0x26, 0x23, 0x22, 0x06, 0x07, 0x06, 0x23, 
0x22, 0x27, 0x26, 0x35, 0x34, 0x37, 0x36, 0x33, 0x32, 0x16, 0x16, 0x15, 0x14, 0x06, 0x07, 0x16, 
0x16, 0x15, 0x02, 0x2A, 0x71, 0x5C, 0x1E, 0x1E, 0x44, 0x75, 0x2A, 0x07, 0x0B, 0x08, 0x0B, 0x0C, 
0x0B, 0x4E, 0x73, 0x57, 0x6A, 0x5A, 0x4A, 0x3C, 0x0D, 0x11, 0x10, 0x0D, 0x3C, 0x3D, 0x4C, 0x5D, 
0x4D, 0x37, 0x57, 0x17, 0x09, 0x0F, 0x08, 0x0A, 0x0F, 0x07, 0x52, 0x85, 0x43, 0x68, 0x3B, 0x44, 
0x37, 0x44, 0x53, 0x81, 0x7A, 0x0E, 0x81, 0x1E, 0x1E, 0x7E, 0x02, 0x32, 0x2C, 0x07, 0x0B, 0x0D, 
0x0B, 0x08, 0x0B, 0x4B, 0x58, 0x4F, 0x51, 0x59, 0x0F, 0x0C, 0x0C, 0x0F, 0x4F, 0x48, 0x43, 0x47, 
0x2A, 0x23, 0x0D, 0x05, 0x09, 0x0E, 0x08, 0x0A, 0x68, 0x33, 0x5A, 0x39, 0x3E, 0x5F, 0x13, 0x13, 
0x6C, 0x48, 0x00, 0x00, 0x00, 0x01, 0x00, 0x64, 0xFF, 0x5A, 0x02, 0x8E, 0x03, 0x0D, 0x00, 0x29, 
0x00, 0x39, 0x40, 0x36, 0x27, 0x01, 0x02, 0x05, 0x01, 0x4A, 0x00, 0x00, 0x01, 0x00, 0x84, 0x00, 
0x05, 0x00, 0x02, 0x07, 0x05, 0x02, 0x65, 0x06, 0x01, 0x04, 0x04, 0x17, 0x4B, 0x08, 0x01, 0x07, 
0x07, 0x01, 0x5F, 0x03, 0x01, 0x01, 0x01, 0x18, 0x01, 0x4C, 0x00, 0x00, 0x00, 0x29, 0x00, 0x28, 
0x22, 0x13, 0x25, 0x23, 0x12, 0x32, 0x23, 0x09, 0x07, 0x1B, 0x2B, 0x24, 0x15, 0x15, 0x14, 0x23, 
0x22, 0x35, 0x35, 0x23, 0x07, 0x22, 0x27, 0x01, 0x23, 0x11, 0x14, 0x06, 0x23, 0x22, 0x26, 0x35, 
0x11, 0x34, 0x36, 0x33, 0x32, 0x16, 0x15, 0x11, 0x33, 0x01, 0x36, 0x33, 0x32, 0x17, 0x16, 0x15, 
0x14, 0x07, 0x01, 0x13, 0x33, 0x02, 0x8E, 0x1E, 0x1E, 0x1B, 0x05, 0x0C, 0x08, 0xFE, 0xFC, 0x7A, 
0x11, 0x0D, 0x0D, 0x11, 0x11, 0x0D, 0x0D, 0x11, 0x78, 0x01, 0x12, 0x09, 0x0D, 0x0B, 0x08, 0x0A, 
0x08, 0xFE, 0xF9, 0xF5, 0x2D, 0x3C, 0x1E, 0xA6, 0x1E, 0x1E, 0x88, 0x01, 0x0A, 0x01, 0x66, 0xFE, 
0xAF, 0x0D, 0x11, 0x11, 0x0D, 0x02, 0xD1, 0x0D, 0x11, 0x11, 0x0D, 0xFE, 0xB6, 0x01, 0x5F, 0x09, 
0x07, 0x09, 0x0B, 0x09, 0x0B, 0xFE, 0xB1, 0xFE, 0xAD, 0x00, 0x00, 0x00, 0x00, 0x01, 0x00, 0x64, 
0xFF, 0xFF, 0x02, 0x7A, 0x03, 0x0D, 0x00, 0x38, 0x00, 0x43, 0x40, 0x40, 0x24, 0x01, 0x05, 0x06, 
0x37, 0x01, 0x02, 0x05, 0x0A, 0x01, 0x01, 0x02, 0x03, 0x4A, 0x2C, 0x01, 0x05, 0x08, 0x01, 0x02, 
0x02, 0x49, 0x00, 0x05, 0x00, 0x02, 0x01, 0x05, 0x02, 0x65, 0x07, 0x01, 0x04, 0x04, 0x17, 0x4B, 
0x00, 0x01, 0x01, 0x06, 0x5F, 0x00, 0x06, 0x06, 0x19, 0x4B, 0x03, 0x01, 0x00, 0x00, 0x18, 0x00, 
0x4C, 0x27, 0x23, 0x13, 0x25, 0x23, 0x14, 0x26, 0x24, 0x08, 0x07, 0x1C, 0x2B, 0x24, 0x15, 0x14, 
0x07, 0x06, 0x23, 0x22, 0x27, 0x01, 0x23, 0x15, 0x14, 0x06, 0x23, 0x23, 0x22, 0x26, 0x35, 0x35, 
0x23, 0x11, 0x14, 0x06, 0x23, 0x22, 0x26, 0x35, 0x11, 0x34, 0x36, 0x33, 0x32, 0x16, 0x15, 0x11, 
0x33, 0x35, 0x34, 0x36, 0x33, 0x33, 0x32, 0x16, 0x15, 0x15, 0x33, 0x01, 0x36, 0x33, 0x32, 0x17, 
0x16, 0x15, 0x14, 0x07, 0x01, 0x01, 0x02, 0x7A, 0x0C, 0x09, 0x0B, 0x0A, 0x0A, 0xFE, 0xD7, 0x07, 
0x0D, 0x08, 0x05, 0x08, 0x0D, 0x47, 0x11, 0x0D, 0x0D, 0x11, 0x11, 0x0D, 0x0D, 0x11, 0x47, 0x0D, 
0x08, 0x05, 0x08, 0x0D, 0x02, 0x01, 0x12, 0x09, 0x0D, 0x0B, 0x08, 0x0A, 0x08, 0xFE, 0xF9, 0x01, 
0x26, 0x29, 0x09, 0x0C, 0x0C, 0x09, 0x0A, 0x01, 0x66, 0x71, 0x07, 0x0B, 0x0B, 0x07, 0x71, 0xFE, 
0xAF, 0x0D, 0x11, 0x11, 0x0D, 0x02, 0xD1, 0x0D, 0x11, 0x11, 0x0D, 0xFE, 0xB6, 0x7A, 0x07, 0x0B, 
0x0B, 0x07, 0x7A, 0x01, 0x5F, 0x09, 0x07, 0x09, 0x0B, 0x09, 0x0B, 0xFE, 0xB1, 0xFE, 0xA1, 0x00, 
0x00, 0x01, 0x00, 0x0F, 0xFF, 0xFF, 0x03, 0x0A, 0x03, 0x0D, 0x00, 0x29, 0x00, 0x2D, 0x40, 0x2A, 
0x28, 0x01, 0x01, 0x05, 0x01, 0x4A, 0x00, 0x05, 0x00, 0x01, 0x00, 0x05, 0x01, 0x65, 0x00, 0x03, 
0x03, 0x04, 0x5F, 0x06, 0x01, 0x04, 0x04, 0x17, 0x4B, 0x02, 0x01, 0x00, 0x00, 0x18, 0x00, 0x4C, 
0x22, 0x14, 0x24, 0x23, 0x23, 0x12, 0x24, 0x07, 0x07, 0x1B, 0x2B, 0x24, 0x15, 0x14, 0x07, 0x06, 
0x23, 0x22, 0x27, 0x01, 0x23, 0x11, 0x14, 0x06, 0x23, 0x22, 0x26, 0x35, 0x11, 0x23, 0x22, 0x26, 
0x35, 0x34, 0x36, 0x33, 0x33, 0x16, 0x16, 0x15, 0x11, 0x33, 0x01, 0x36, 0x33, 0x32, 0x17, 0x16, 
0x15, 0x14, 0x07, 0x01, 0x01, 0x03, 0x0A, 0x0C, 0x09, 0x0B, 0x0A, 0x0A, 0xFE, 0xD7, 0x7D, 0x11, 
0x0D, 0x0D, 0x11, 0xCA, 0x0C, 0x0F, 0x0F, 0x0C, 0xE9, 0x0D, 0x10, 0x78, 0x01, 0x12, 0x09, 0x0D, 
0x0B, 0x08, 0x0A, 0x08, 0xFE, 0xF9, 0x01, 0x26, 0x29, 0x09, 0x0C, 0x0C, 0x09, 0x0A, 0x01, 0x66, 
0xFE, 0xAF, 0x0D, 0x11, 0x11, 0x0D, 0x02, 0xB9, 0x0F, 0x0C, 0x0C, 0x0F, 0x01, 0x10, 0x0D, 0xFE, 
0xB6, 0x01, 0x5F, 0x09, 0x07, 0x09, 0x0B, 0x09, 0x0B, 0xFE, 0xB1, 0xFE, 0xA1, 0x00, 0x00, 0x00, 
0x00, 0x01, 0x00, 0x64, 0xFF, 0x5A, 0x03, 0x2D, 0x03, 0x0D, 0x00, 0x26, 0x00, 0x33, 0x40, 0x30, 
0x00, 0x00, 0x01, 0x00, 0x84, 0x00, 0x05, 0x00, 0x02, 0x07, 0x05, 0x02, 0x65, 0x06, 0x01, 0x04, 
0x04, 0x17, 0x4B, 0x08, 0x01, 0x07, 0x07, 0x01, 0x5F, 0x03, 0x01, 0x01, 0x01, 0x18, 0x01, 0x4C, 
0x00, 0x00, 0x00, 0x26, 0x00, 0x25, 0x23, 0x13, 0x25, 0x23, 0x14, 0x12, 0x23, 0x09, 0x07, 0x1B, 
0x2B, 0x24, 0x15, 0x15, 0x14, 0x23, 0x22, 0x35, 0x35, 0x23, 0x26, 0x26, 0x35, 0x11, 0x21, 0x11, 
0x14, 0x06, 0x23, 0x22, 0x26, 0x35, 0x11, 0x34, 0x36, 0x33, 0x32, 0x16, 0x15, 0x11, 0x21, 0x11, 
0x34, 0x36, 0x33, 0x32, 0x16, 0x15, 0x11, 0x33, 0x03, 0x2D, 0x1E, 0x1E, 0x3C, 0x0C, 0x10, 0xFE, 
0x07, 0x11, 0x0D, 0x0D, 0x11, 0x11, 0x0D, 0x0D, 0x11, 0x01, 0xF9, 0x11, 0x0D, 0x0C, 0x12, 0x3A, 
0x3C, 0x1E, 0xA6, 0x1E, 0x1E, 0x88, 0x01, 0x11, 0x0C, 0x01, 0x51, 0xFE, 0xAF, 0x0D, 0x11, 0x11, 
0x0D, 0x02, 0xD1, 0x0D, 0x11, 0x11, 0x0D, 0xFE, 0xB6, 0x01, 0x4A, 0x0D, 0x11, 0x11, 0x0D, 0xFD, 
0x4D, 0x00, 0x00, 0x00, 0x00, 0x01, 0x00, 0x64, 0x00, 0x00, 0x04, 0x40, 0x03, 0x0D, 0x00, 0x24, 
0x00, 0x2D, 0x40, 0x2A, 0x00, 0x05, 0x00, 0x02, 0x01, 0x05, 0x02, 0x65, 0x00, 0x00, 0x00, 0x04, 
0x5F, 0x07, 0x06, 0x02, 0x04, 0x04, 0x17, 0x4B, 0x03, 0x01, 0x01, 0x01, 0x18, 0x01, 0x4C, 0x00, 
0x00, 0x00, 0x24, 0x00, 0x22, 0x13, 0x25, 0x23, 0x13, 0x23, 0x24, 0x08, 0x07, 0x1A, 0x2B, 0x00, 
0x16, 0x15, 0x14, 0x06, 0x23, 0x21, 0x11, 0x14, 0x06, 0x23, 0x22, 0x26, 0x35, 0x11, 0x21, 0x11, 
0x14, 0x06, 0x23, 0x22, 0x26, 0x35, 0x11, 0x34, 0x36, 0x33, 0x32, 0x16, 0x15, 0x11, 0x21, 0x11, 
0x34, 0x36, 0x33, 0x21, 0x04, 0x2E, 0x12, 0x12, 0x0C, 0xFE, 0x81, 0x12, 0x0C, 0x0D, 0x11, 0xFE, 
0x39, 0x11, 0x0D, 0x0D, 0x11, 0x11, 0x0D, 0x0D, 0x11, 0x01, 0xC7, 0x11, 0x0D, 0x01, 0x9D, 0x03, 
0x0D, 0x11, 0x0D, 0x0C, 0x12, 0xFD, 0x4D, 0x0D, 0x11, 0x11, 0x0D, 0x01, 0x51, 0xFE, 0xAF, 0x0D, 
0x11, 0x11, 0x0D, 0x02, 0xD1, 0x0D, 0x11, 0x11, 0x0D, 0xFE, 0xB6, 0x01, 0x4A, 0x0D, 0x11, 0x00, 
0x00, 0x01, 0x00, 0x3C, 0xFF, 0x5A, 0x02, 0xC3, 0x03, 0x17, 0x00, 0x2B, 0x00, 0x3C, 0x40, 0x39, 
0x0E, 0x01, 0x02, 0x01, 0x01, 0x4A, 0x00, 0x04, 0x05, 0x00, 0x05, 0x04, 0x00, 0x7E, 0x00, 0x00, 
0x06, 0x05, 0x00, 0x06, 0x7C, 0x00, 0x02, 0x01, 0x02, 0x84, 0x00, 0x05, 0x05, 0x03, 0x5F, 0x00, 
0x03, 0x03, 0x1E, 0x4B, 0x00, 0x06, 0x06, 0x01, 0x5F, 0x00, 0x01, 0x01, 0x1A, 0x01, 0x4C, 0x26, 
0x22, 0x25, 0x29, 0x22, 0x15, 0x20, 0x07, 0x07, 0x1B, 0x2B, 0x24, 0x33, 0x32, 0x16, 0x15, 0x14, 
0x07, 0x06, 0x07, 0x15, 0x14, 0x23, 0x22, 0x35, 0x35, 0x2E, 0x02, 0x35, 0x34, 0x36, 0x36, 0x33, 
0x32, 0x17, 0x16, 0x15, 0x14, 0x06, 0x23, 0x22, 0x27, 0x26, 0x23, 0x22, 0x06, 0x06, 0x15, 0x14, 
0x16, 0x16, 0x33, 0x32, 0x37, 0x02, 0x99, 0x08, 0x0C, 0x13, 0x07, 0x4E, 0x8C, 0x1E, 0x1E, 0x62, 
0xA5, 0x60, 0x69, 0xB3, 0x6B, 0x8C, 0x6B, 0x09, 0x10, 0x0E, 0x0B, 0x0E, 0x4C, 0x7D, 0x58, 0x99, 
0x5A, 0x59, 0x99, 0x59, 0x76, 0x59, 0x80, 0x12, 0x0D, 0x0D, 0x08, 0x4E, 0x07, 0x7F, 0x1E, 0x1E, 
0x7F, 0x09, 0x70, 0xB1, 0x66, 0x6B, 0xB8, 0x6D, 0x59, 0x07, 0x0D, 0x0C, 0x13, 0x0C, 0x44, 0x5E, 
0x9D, 0x59, 0x5C, 0x9D, 0x5C, 0x49, 0x00, 0x00, 0xFF, 0xFF, 0x00, 0x05, 0x00, 0x00, 0x02, 0x74, 
0x03, 0x0D, 0x00, 0x02, 0x00, 0xB9, 0x00, 0x00, 0x00, 0x01, 0x00, 0x05, 0x00, 0x00, 0x02, 0x74, 
0x03, 0x0D, 0x00, 0x2A, 0x00, 0x2F, 0x40, 0x2C, 0x26, 0x01, 0x00, 0x05, 0x01, 0x4A, 0x04, 0x01, 
0x00, 0x03, 0x01, 0x01, 0x02, 0x00, 0x01, 0x65, 0x07, 0x06, 0x02, 0x05, 0x05, 0x17, 0x4B, 0x00, 
0x02, 0x02, 0x18, 0x02, 0x4C, 0x00, 0x00, 0x00, 0x2A, 0x00, 0x29, 0x25, 0x24, 0x23, 0x23, 0x24, 
0x25, 0x08, 0x07, 0x1A, 0x2B, 0x00, 0x16, 0x15, 0x14, 0x07, 0x01, 0x33, 0x32, 0x16, 0x15, 0x14, 
0x06, 0x23, 0x23, 0x15, 0x14, 0x06, 0x23, 0x22, 0x26, 0x35, 0x35, 0x23, 0x22, 0x26, 0x35, 0x34, 
0x36, 0x33, 0x33, 0x01, 0x26, 0x35, 0x34, 0x36, 0x33, 0x32, 0x17, 0x01, 0x01, 0x36, 0x36, 0x33, 
0x02, 0x65, 0x0F, 0x05, 0xFE, 0xFA, 0x78, 0x0C, 0x0F, 0x0F, 0x0C, 0x86, 0x11, 0x0D, 0x0D, 0x11, 
0x7C, 0x0C, 0x0F, 0x0F, 0x0C, 0x6E, 0xFE, 0xFA, 0x06, 0x10, 0x0D, 0x0D, 0x0B, 0x01, 0x03, 0x00, 
0xFF, 0x07, 0x0D, 0x09, 0x03, 0x0D, 0x10, 0x0C, 0x0B, 0x08, 0xFE, 0x5D, 0x0F, 0x0C, 0x0C, 0x0F, 
0xE7, 0x0D, 0x11, 0x11, 0x0D, 0xE7, 0x0F, 0x0C, 0x0C, 0x0F, 0x01, 0xA3, 0x0B, 0x08, 0x0C, 0x10, 
0x0C, 0xFE, 0x5A, 0x01, 0x9F, 0x0B, 0x08, 0x00, 0x00, 0x01, 0x00, 0x55, 0xFF, 0x5A, 0x02, 0xDB, 
0x03, 0x0D, 0x00, 0x2B, 0x00, 0x38, 0x40, 0x35, 0x22, 0x0C, 0x02, 0x04, 0x03, 0x01, 0x4A, 0x00, 
0x00, 0x01, 0x00, 0x84, 0x00, 0x04, 0x00, 0x02, 0x06, 0x04, 0x02, 0x67, 0x05, 0x01, 0x03, 0x03, 
0x17, 0x4B, 0x07, 0x01, 0x06, 0x06, 0x01, 0x5D, 0x00, 0x01, 0x01, 0x18, 0x01, 0x4C, 0x00, 0x00, 
0x00, 0x2B, 0x00, 0x2A, 0x26, 0x25, 0x26, 0x26, 0x12, 0x23, 0x08, 0x07, 0x1A, 0x2B, 0x24, 0x15, 
0x15, 0x14, 0x23, 0x22, 0x35, 0x35, 0x23, 0x26, 0x26, 0x35, 0x11, 0x06, 0x06, 0x23, 0x22, 0x26, 
0x26, 0x35, 0x35, 0x34, 0x36, 0x33, 0x32, 0x16, 0x15, 0x15, 0x14, 0x16, 0x33, 0x32, 0x36, 0x36, 
0x37, 0x11, 0x34, 0x36, 0x33, 0x32, 0x16, 0x15, 0x11, 0x33, 0x02, 0xDB, 0x1E, 0x1E, 0x3C, 0x0C, 
0x0F, 0x24, 0x74, 0x44, 0x55, 0x7E, 0x44, 0x10, 0x0E, 0x0D, 0x11, 0x73, 0x68, 0x37, 0x61, 0x3F, 
0x05, 0x11, 0x0D, 0x0D, 0x11, 0x39, 0x3C, 0x1E, 0xA6, 0x1E, 0x1E, 0x88, 0x02, 0x10, 0x0C, 0x01, 
0x45, 0x27, 0x2C, 0x4B, 0x8D, 0x61, 0xA9, 0x0D, 0x0E, 0x10, 0x0B, 0xA9, 0x77, 0x86, 0x1A, 0x2C, 
0x1B, 0x01, 0x42, 0x0D, 0x11, 0x11, 0x0D, 0xFD, 0x4D, 0x00, 0x00, 0x00, 0x00, 0x01, 0x00, 0x55, 
0x00, 0x00, 0x02, 0x84, 0x03, 0x0D, 0x00, 0x34, 0x00, 0x41, 0x40, 0x3E, 0x30, 0x25, 0x0A, 0x03, 
0x06, 0x05, 0x24, 0x01, 0x01, 0x06, 0x0E, 0x01, 0x02, 0x01, 0x03, 0x4A, 0x00, 0x06, 0x03, 0x01, 
0x01, 0x02, 0x06, 0x01, 0x67, 0x00, 0x05, 0x00, 0x02, 0x00, 0x05, 0x02, 0x67, 0x08, 0x07, 0x02, 
0x04, 0x04, 0x17, 0x4B, 0x00, 0x00, 0x00, 0x18, 0x00, 0x4C, 0x00, 0x00, 0x00, 0x34, 0x00, 0x33, 
0x14, 0x29, 0x25, 0x14, 0x23, 0x15, 0x25, 0x09, 0x07, 0x1B, 0x2B, 0x00, 0x16, 0x15, 0x11, 0x14, 
0x06, 0x23, 0x22, 0x26, 0x35, 0x11, 0x06, 0x06, 0x07, 0x15, 0x14, 0x06, 0x23, 0x23, 0x22, 0x26, 
0x35, 0x35, 0x26, 0x26, 0x35, 0x35, 0x34, 0x36, 0x33, 0x32, 0x16, 0x15, 0x15, 0x14, 0x16, 0x17, 
0x35, 0x34, 0x36, 0x33, 0x33, 0x32, 0x16, 0x15, 0x15, 0x36, 0x36, 0x37, 0x11, 0x34, 0x36, 0x33, 
0x02, 0x73, 0x11, 0x11, 0x0D, 0x0D, 0x11, 0x20, 0x69, 0x3D, 0x0D, 0x08, 0x05, 0x08, 0x0D, 0x76, 
0x88, 0x10, 0x0E, 0x0D, 0x11, 0x65, 0x5D, 0x0D, 0x08, 0x05, 0x08, 0x0D, 0x4E, 0x71, 0x07, 0x11, 
0x0D, 0x03, 0x0D, 0x11, 0x0D, 0xFD, 0x2F, 0x0D, 0x11, 0x11, 0x0D, 0x01, 0x45, 0x23, 0x2C, 0x03, 
0x57, 0x07, 0x0B, 0x0B, 0x07, 0x57, 0x08, 0xA5, 0x8B, 0xA9, 0x0D, 0x0E, 0x10, 0x0B, 0xA9, 0x6F, 
0x85, 0x08, 0x8E, 0x07, 0x0B, 0x0B, 0x07, 0x8E, 0x04, 0x35, 0x27, 0x01, 0x42, 0x0D, 0x11, 0x00, 
0x00, 0x01, 0x00, 0x64, 0x00, 0x00, 0x02, 0x93, 0x03, 0x0D, 0x00, 0x24, 0x00, 0x2C, 0x40, 0x29, 
0x21, 0x12, 0x02, 0x00, 0x01, 0x01, 0x4A, 0x05, 0x01, 0x04, 0x00, 0x01, 0x00, 0x04, 0x01, 0x67, 
0x00, 0x03, 0x03, 0x17, 0x4B, 0x02, 0x01, 0x00, 0x00, 0x18, 0x00, 0x4C, 0x00, 0x00, 0x00, 0x24, 
0x00, 0x23, 0x25, 0x26, 0x25, 0x26, 0x06, 0x07, 0x18, 0x2B, 0x00, 0x16, 0x16, 0x15, 0x15, 0x14, 
0x06, 0x23, 0x22, 0x26, 0x35, 0x35, 0x34, 0x26, 0x23, 0x22, 0x06, 0x06, 0x07, 0x11, 0x14, 0x06, 
0x23, 0x22, 0x26, 0x35, 0x11, 0x34, 0x36, 0x33, 0x32, 0x16, 0x15, 0x11, 0x36, 0x36, 0x33, 0x01, 
0xD1, 0x7E, 0x44, 0x10, 0x0E, 0x0D, 0x11, 0x73, 0x68, 0x37, 0x61, 0x3F, 0x05, 0x11, 0x0D, 0x0D, 
0x11, 0x11, 0x0D, 0x0D, 0x11, 0x24, 0x74, 0x44, 0x01, 0xFD, 0x4B, 0x8D, 0x61, 0xA9, 0x0D, 0x0E, 
0x10, 0x0B, 0xA9, 0x77, 0x86, 0x1A, 0x2C, 0x1B, 0xFE, 0xBE, 0x0D, 0x11, 0x11, 0x0D, 0x02, 0xD1, 
0x0D, 0x11, 0x11, 0x0D, 0xFE, 0xBB, 0x27, 0x2C, 0xFF, 0xFF, 0x00, 0x64, 0x00, 0x00, 0x00, 0xA0, 
0x03, 0x0D, 0x00, 0x02, 0x00, 0x48, 0x00, 0x00, 0xFF, 0xFF, 0x00, 0x16, 0xFF, 0xFF, 0x03, 0xCE, 
0x03, 0xEC, 0x00, 0x22, 0x01, 0x9D, 0x00, 0x00, 0x01, 0x07, 0x03, 0x52, 0x02, 0xD4, 0x00, 0xEA, 
0x00, 0x08, 0xB1, 0x01, 0x01, 0xB0, 0xEA, 0xB0, 0x33, 0x2B, 0x00, 0x00, 0x00, 0x01, 0x00, 0x55, 
0xFF, 0x5A, 0x02, 0x84, 0x03, 0x0D, 0x00, 0x2B, 0x00, 0x38, 0x40, 0x35, 0x27, 0x11, 0x02, 0x05, 
0x04, 0x01, 0x4A, 0x00, 0x01, 0x00, 0x01, 0x84, 0x00, 0x05, 0x00, 0x03, 0x02, 0x05, 0x03, 0x67, 
0x07, 0x06, 0x02, 0x04, 0x04, 0x17, 0x4B, 0x00, 0x02, 0x02, 0x00, 0x5D, 0x00, 0x00, 0x00, 0x18, 
0x00, 0x4C, 0x00, 0x00, 0x00, 0x2B, 0x00, 0x2A, 0x25, 0x26, 0x23, 0x23, 0x22, 0x25, 0x08, 0x07, 
0x1A, 0x2B, 0x00, 0x16, 0x15, 0x11, 0x14, 0x07, 0x15, 0x23, 0x15, 0x14, 0x23, 0x22, 0x35, 0x35, 
0x34, 0x33, 0x33, 0x11, 0x06, 0x06, 0x23, 0x22, 0x26, 0x26, 0x35, 0x35, 0x34, 0x36, 0x33, 0x32, 
0x16, 0x15, 0x15, 0x14, 0x16, 0x33, 0x32, 0x36, 0x36, 0x37, 0x11, 0x34, 0x36, 0x33, 0x02, 0x73, 
0x11, 0x0B, 0x5A, 0x1E, 0x1E, 0x1E, 0x47, 0x24, 0x74, 0x44, 0x55, 0x7E, 0x44, 0x10, 0x0E, 0x0D, 
0x11, 0x73, 0x68, 0x37, 0x61, 0x3F, 0x05, 0x11, 0x0D, 0x03, 0x0D, 0x11, 0x0D, 0xFD, 0x2F, 0x0F, 
0x09, 0x06, 0x88, 0x1E, 0x1E, 0xA6, 0x1E, 0x01, 0x27, 0x27, 0x2C, 0x4B, 0x8D, 0x61, 0xA9, 0x0D, 
0x0E, 0x10, 0x0B, 0xA9, 0x77, 0x86, 0x1A, 0x2C, 0x1B, 0x01, 0x42, 0x0D, 0x11, 0x00, 0x00, 0x00, 
0xFF, 0xFF, 0x00, 0x13, 0x00, 0x00, 0x02, 0xB2, 0x03, 0xEC, 0x00, 0x22, 0x01, 0x93, 0x00, 0x00, 
0x01, 0x07, 0x03, 0x52, 0x02, 0x42, 0x00, 0xEA, 0x00, 0x08, 0xB1, 0x02, 0x01, 0xB0, 0xEA, 0xB0, 
0x33, 0x2B, 0x00, 0x00, 0xFF, 0xFF, 0x00, 0x13, 0x00, 0x00, 0x02, 0xB2, 0x03, 0xE2, 0x00, 0x22, 
0x01, 0x93, 0x00, 0x00, 0x01, 0x07, 0x03, 0x26, 0x02, 0x5B, 0x00, 0xEA, 0x00, 0x08, 0xB1, 0x02, 
0x02, 0xB0, 0xEA, 0xB0, 0x33, 0x2B, 0x00, 0x00, 0xFF, 0xFF, 0x00, 0x12, 0x00, 0x00, 0x03, 0x76, 
0x03, 0x0D, 0x00, 0x02, 0x00, 0x1D, 0x00, 0x00, 0xFF, 0xFF, 0x00, 0x64, 0x00, 0x00, 0x02, 0x81, 
0x03, 0xEC, 0x00, 0x22, 0x01, 0x9A, 0x00, 0x00, 0x01, 0x07, 0x03, 0x52, 0x02, 0x57, 0x00, 0xEA, 
0x00, 0x08, 0xB1, 0x01, 0x01, 0xB0, 0xEA, 0xB0, 0x33, 0x2B, 0x00, 0x00, 0x00, 0x02, 0x00, 0x3C, 
0xFF, 0xF7, 0x02, 0xFF, 0x03, 0x16, 0x00, 0x21, 0x00, 0x2A, 0x00, 0x3F, 0x40, 0x3C, 0x00, 0x01, 
0x03, 0x02, 0x03, 0x01, 0x02, 0x7E, 0x00, 0x05, 0x00, 0x03, 0x01, 0x05, 0x03, 0x65, 0x08, 0x01, 
0x06, 0x06, 0x04, 0x5F, 0x07, 0x01, 0x04, 0x04, 0x1E, 0x4B, 0x00, 0x02, 0x02, 0x00, 0x5F, 0x00, 
0x00, 0x00, 0x1F, 0x00, 0x4C, 0x22, 0x22, 0x00, 0x00, 0x22, 0x2A, 0x22, 0x29, 0x26, 0x25, 0x00, 
0x21, 0x00, 0x20, 0x23, 0x23, 0x27, 0x26, 0x09, 0x07, 0x18, 0x2B, 0x00, 0x16, 0x16, 0x15, 0x14, 
0x06, 0x06, 0x23, 0x22, 0x26, 0x27, 0x26, 0x35, 0x34, 0x37, 0x36, 0x33, 0x32, 0x17, 0x16, 0x16, 
0x33, 0x32, 0x36, 0x36, 0x37, 0x21, 0x22, 0x26, 0x35, 0x34, 0x36, 0x36, 0x33, 0x0E, 0x02, 0x07, 
0x21, 0x2E, 0x02, 0x23, 0x01, 0xF7, 0xA7, 0x61, 0x61, 0xAC, 0x6D, 0x46, 0x8E, 0x2D, 0x0B, 0x0A, 
0x08, 0x0B, 0x10, 0x0E, 0x24, 0x73, 0x3A, 0x59, 0x8D, 0x55, 0x05, 0xFD, 0xA0, 0x12, 0x17, 0x57, 
0x9B, 0x62, 0x4F, 0x7F, 0x4A, 0x03, 0x02, 0x50, 0x05, 0x53, 0x88, 0x55, 0x03, 0x16, 0x67, 0xB6, 
0x73, 0x74, 0xB5, 0x66, 0x3C, 0x2D, 0x0B, 0x0F, 0x0C, 0x09, 0x07, 0x0E, 0x23, 0x33, 0x50, 0x8E, 
0x5C, 0x17, 0x11, 0x70, 0xAF, 0x63, 0x3B, 0x4F, 0x8F, 0x5B, 0x5B, 0x8F, 0x4F, 0x00, 0x00, 0x00, 
0xFF, 0xFF, 0x00, 0x16, 0xFF, 0xFF, 0x03, 0xCE, 0x03, 0xE2, 0x00, 0x22, 0x01, 0x9D, 0x00, 0x00, 
0x01, 0x07, 0x03, 0x26, 0x02, 0xED, 0x00, 0xEA, 0x00, 0x08, 0xB1, 0x01, 0x02, 0xB0, 0xEA, 0xB0, 
0x33, 0x2B, 0x00, 0x00, 0xFF, 0xFF, 0x00, 0x37, 0xFF, 0xF6, 0x02, 0x2A, 0x03, 0xE2, 0x00, 0x22, 
0x01, 0x9E, 0x00, 0x00, 0x01, 0x07, 0x03, 0x26, 0x02, 0x36, 0x00, 0xEA, 0x00, 0x08, 0xB1, 0x01, 
0x02, 0xB0, 0xEA, 0xB0, 0x33, 0x2B, 0x00, 0x00, 0xFF, 0xFF, 0x00, 0x64, 0x00, 0x00, 0x02, 0xD5, 
0x03, 0xBC, 0x00, 0x22, 0x01, 0x9F, 0x00, 0x00, 0x01, 0x07, 0x03, 0x31, 0x02, 0xAF, 0x00, 0xEA, 
0x00, 0x08, 0xB1, 0x01, 0x01, 0xB0, 0xEA, 0xB0, 0x33, 0x2B, 0x00, 0x00, 0xFF, 0xFF, 0x00, 0x64, 
0x00, 0x00, 0x02, 0xD5, 0x03, 0xE2, 0x00, 0x22, 0x01, 0x9F, 0x00, 0x00, 0x01, 0x07, 0x03, 0x26, 
0x02, 0x98, 0x00, 0xEA, 0x00, 0x08, 0xB1, 0x01, 0x02, 0xB0, 0xEA, 0xB0, 0x33, 0x2B, 0x00, 0x00, 
0xFF, 0xFF, 0x00, 0x3C, 0xFF, 0xF6, 0x03, 0x5D, 0x03, 0xE2, 0x00, 0x22, 0x01, 0xA7, 0x00, 0x00, 
0x01, 0x07, 0x03, 0x26, 0x02, 0xC8, 0x00, 0xEA, 0x00, 0x08, 0xB1, 0x02, 0x02, 0xB0, 0xEA, 0xB0, 
0x33, 0x2B, 0x00, 0x00, 0x00, 0x03, 0x00, 0x3C, 0xFF, 0xF6, 0x03, 0x5D, 0x03, 0x17, 0x00, 0x0F, 
0x00, 0x18, 0x00, 0x21, 0x00, 0x3D, 0x40, 0x3A, 0x00, 0x02, 0x00, 0x04, 0x05, 0x02, 0x04, 0x65, 
0x07, 0x01, 0x03, 0x03, 0x01, 0x5F, 0x06, 0x01, 0x01, 0x01, 0x1E, 0x4B, 0x08, 0x01, 0x05, 0x05, 
0x00, 0x5F, 0x00, 0x00, 0x00, 0x1F, 0x00, 0x4C, 0x19, 0x19, 0x10, 0x10, 0x00, 0x00, 0x19, 0x21, 
0x19, 0x20, 0x1D, 0x1C, 0x10, 0x18, 0x10, 0x17, 0x14, 0x13, 0x00, 0x0F, 0x00, 0x0E, 0x26, 0x09, 
0x07, 0x15, 0x2B, 0x00, 0x16, 0x16, 0x15, 0x14, 0x06, 0x06, 0x23, 0x22, 0x26, 0x26, 0x35, 0x34, 
0x36, 0x36, 0x33, 0x0E, 0x02, 0x07, 0x21, 0x2E, 0x02, 0x23, 0x12, 0x36, 0x36, 0x37, 0x21, 0x1E, 
0x02, 0x33, 0x02, 0x3D, 0xB7, 0x69, 0x69, 0xB7, 0x70, 0x71, 0xB7, 0x69, 0x69, 0xB7, 0x71, 0x5B, 
0x97, 0x5C, 0x06, 0x02, 0xA7, 0x06, 0x5C, 0x96, 0x5B, 0x5B, 0x96, 0x5C, 0x06, 0xFD, 0x59, 0x06, 
0x5C, 0x97, 0x5B, 0x03, 0x17, 0x69, 0xB7, 0x70, 0x71, 0xB7, 0x69, 0x69, 0xB7, 0x71, 0x70, 0xB7, 
0x69, 0x3C, 0x51, 0x8F, 0x59, 0x59, 0x8F, 0x51, 0xFD, 0x57, 0x52, 0x8F, 0x59, 0x59, 0x8F, 0x52, 
0xFF, 0xFF, 0xFF, 0xFF, 0xFF, 0xF8, 0x02, 0x88, 0x03, 0xBC, 0x00, 0x22, 0x01, 0xAC, 0x00, 0x00, 
0x01, 0x07, 0x03, 0x31, 0x02, 0x71, 0x00, 0xEA, 0x00, 0x08, 0xB1, 0x01, 0x01, 0xB0, 0xEA, 0xB0, 
0x33, 0x2B, 0x00, 0x00, 0xFF, 0xFF, 0xFF, 0xFF, 0xFF, 0xF8, 0x02, 0x88, 0x03, 0xE2, 0x00, 0x22, 
0x01, 0xAC, 0x00, 0x00, 0x01, 0x07, 0x03, 0x26, 0x02, 0x5A, 0x00, 0xEA, 0x00, 0x08, 0xB1, 0x01, 
0x02, 0xB0, 0xEA, 0xB0, 0x33, 0x2B, 0x00, 0x00, 0xFF, 0xFF, 0xFF, 0xFF, 0xFF, 0xF8, 0x02, 0x88, 
0x04, 0x1F, 0x00, 0x22, 0x01, 0xAC, 0x00, 0x00, 0x01, 0x07, 0x03, 0x2A, 0x02, 0x2F, 0x00, 0xEA, 
0x00, 0x08, 0xB1, 0x01, 0x02, 0xB0, 0xEA, 0xB0, 0x33, 0x2B, 0x00, 0x00, 0xFF, 0xFF, 0x00, 0x55, 
0x00, 0x00, 0x02, 0x84, 0x03, 0xE2, 0x00, 0x22, 0x01, 0xB0, 0x00, 0x00, 0x01, 0x07, 0x03, 0x26, 
0x02, 0x65, 0x00, 0xEA, 0x00, 0x08, 0xB1, 0x01, 0x02, 0xB0, 0xEA, 0xB0, 0x33, 0x2B, 0x00, 0x00, 
0x00, 0x01, 0x00, 0x64, 0xFF, 0x5A, 0x02, 0x47, 0x03, 0x0D, 0x00, 0x19, 0x00, 0x2B, 0x40, 0x28, 
0x00, 0x02, 0x03, 0x02, 0x84, 0x00, 0x00, 0x00, 0x04, 0x5D, 0x05, 0x01, 0x04, 0x04, 0x17, 0x4B, 
0x00, 0x01, 0x01, 0x03, 0x5F, 0x00, 0x03, 0x03, 0x18, 0x03, 0x4C, 0x00, 0x00, 0x00, 0x19, 0x00, 
0x17, 0x22, 0x23, 0x21, 0x24, 0x06, 0x07, 0x18, 0x2B, 0x00, 0x16, 0x15, 0x14, 0x06, 0x23, 0x21, 
0x11, 0x33, 0x32, 0x15, 0x15, 0x14, 0x23, 0x22, 0x35, 0x35, 0x23, 0x22, 0x26, 0x35, 0x11, 0x34, 
0x36, 0x33, 0x21, 0x02, 0x35, 0x12, 0x12, 0x0C, 0xFE, 0x77, 0x3C, 0x1E, 0x1E, 0x1E, 0x3C, 0x0D, 
0x11, 0x11, 0x0D, 0x01, 0xA7, 0x03, 0x0D, 0x11, 0x0D, 0x0C, 0x12, 0xFD, 0x6B, 0x1E, 0xA6, 0x1E, 
0x1E, 0x88, 0x11, 0x0D, 0x02, 0xD1, 0x0D, 0x11, 0xFF, 0xFF, 0x00, 0x64, 0x00, 0x00, 0x03, 0x21, 
0x03, 0xE2, 0x00, 0x22, 0x01, 0xB7, 0x00, 0x00, 0x01, 0x07, 0x03, 0x26, 0x02, 0xC8, 0x00, 0xEA, 
0x00, 0x08, 0xB1, 0x03, 0x02, 0xB0, 0xEA, 0xB0, 0x33, 0x2B, 0x00, 0x00, 0xFF, 0xFF, 0x00, 0x3C, 
0xFF, 0xF6, 0x03, 0x5D, 0x03, 0x17, 0x00, 0x02, 0x00, 0x89, 0x00, 0x00, 0xFF, 0xFF, 0x00, 0x1C, 
0x00, 0x00, 0x03, 0x8C, 0x03, 0x0D, 0x00, 0x02, 0x00, 0xB3, 0x00, 0x00, 0x00, 0x02, 0x00, 0x3C, 
0xFF, 0xFA, 0x02, 0x6B, 0x02, 0x29, 0x00, 0x16, 0x00, 0x26, 0x00, 0x5C, 0xB5, 0x0B, 0x01, 0x04, 
0x03, 0x01, 0x4A, 0x4B, 0xB0, 0x27, 0x50, 0x58, 0x40, 0x18, 0x00, 0x03, 0x03, 0x02, 0x5F, 0x05, 
0x01, 0x02, 0x02, 0x19, 0x4B, 0x06, 0x01, 0x04, 0x04, 0x00, 0x5F, 0x01, 0x01, 0x00, 0x00, 0x18, 
0x00, 0x4C, 0x1B, 0x40, 0x1C, 0x00, 0x03, 0x03, 0x02, 0x5F, 0x05, 0x01, 0x02, 0x02, 0x19, 0x4B, 
0x00, 0x00, 0x00, 0x18, 0x4B, 0x06, 0x01, 0x04, 0x04, 0x01, 0x5F, 0x00, 0x01, 0x01, 0x1A, 0x01, 
0x4C, 0x59, 0x40, 0x13, 0x17, 0x17, 0x00, 0x00, 0x17, 0x26, 0x17, 0x25, 0x1F, 0x1D, 0x00, 0x16, 
0x00, 0x15, 0x25, 0x26, 0x07, 0x07, 0x16, 0x2B, 0x00, 0x16, 0x16, 0x15, 0x15, 0x14, 0x06, 0x23, 
0x22, 0x26, 0x35, 0x35, 0x06, 0x06, 0x23, 0x22, 0x26, 0x26, 0x35, 0x34, 0x36, 0x36, 0x33, 0x12, 
0x36, 0x36, 0x35, 0x34, 0x26, 0x26, 0x23, 0x22, 0x06, 0x06, 0x15, 0x14, 0x16, 0x16, 0x33, 0x01, 
0xA2, 0x80, 0x49, 0x10, 0x0E, 0x0D, 0x11, 0x21, 0x73, 0x47, 0x4F, 0x80, 0x49, 0x49, 0x80, 0x4F, 
0x3E, 0x64, 0x39, 0x39, 0x64, 0x3E, 0x3E, 0x64, 0x3A, 0x3A, 0x64, 0x3E, 0x02, 0x29, 0x49, 0x80, 
0x4F, 0xF3, 0x0D, 0x11, 0x11, 0x0D, 0x4E, 0x35, 0x3D, 0x49, 0x80, 0x4E, 0x4F, 0x80, 0x49, 0xFE, 
0x09, 0x3A, 0x66, 0x3F, 0x3F, 0x66, 0x3B, 0x3B, 0x66, 0x3F, 0x3F, 0x66, 0x3A, 0x00, 0x00, 0x00, 
0x00, 0x02, 0x00, 0x41, 0xFF, 0xFA, 0x02, 0x56, 0x03, 0x28, 0x00, 0x1F, 0x00, 0x2F, 0x00, 0x5C, 
0xB5, 0x1C, 0x01, 0x04, 0x03, 0x01, 0x4A, 0x4B, 0xB0, 0x1C, 0x50, 0x58, 0x40, 0x1A, 0x05, 0x01, 
0x02, 0x00, 0x03, 0x04, 0x02, 0x03, 0x67, 0x00, 0x01, 0x01, 0x1E, 0x4B, 0x06, 0x01, 0x04, 0x04, 
0x00, 0x5F, 0x00, 0x00, 0x00, 0x1A, 0x00, 0x4C, 0x1B, 0x40, 0x1A, 0x00, 0x01, 0x02, 0x01, 0x83, 
0x05, 0x01, 0x02, 0x00, 0x03, 0x04, 0x02, 0x03, 0x67, 0x06, 0x01, 0x04, 0x04, 0x00, 0x5F, 0x00, 
0x00, 0x00, 0x1A, 0x00, 0x4C, 0x59, 0x40, 0x13, 0x20, 0x20, 0x00, 0x00, 0x20, 0x2F, 0x20, 0x2E, 
0x28, 0x26, 0x00, 0x1F, 0x00, 0x1E, 0x1A, 0x26, 0x07, 0x07, 0x16, 0x2B, 0x00, 0x16, 0x16, 0x15, 
0x14, 0x06, 0x06, 0x23, 0x22, 0x26, 0x26, 0x27, 0x35, 0x34, 0x36, 0x37, 0x37, 0x36, 0x33, 0x32, 
0x17, 0x16, 0x15, 0x14, 0x07, 0x07, 0x06, 0x06, 0x07, 0x36, 0x36, 0x33, 0x12, 0x36, 0x36, 0x35, 
0x34, 0x26, 0x26, 0x23, 0x22, 0x06, 0x06, 0x15, 0x14, 0x16, 0x16, 0x33, 0x01, 0x98, 0x7A, 0x44, 
0x44, 0x7A, 0x4D, 0x4D, 0x78, 0x44, 0x01, 0x98, 0x98, 0x78, 0x04, 0x07, 0x12, 0x07, 0x02, 0x16, 
0x7C, 0x86, 0x81, 0x06, 0x15, 0x76, 0x50, 0x3C, 0x5E, 0x35, 0x35, 0x5E, 0x3C, 0x3C, 0x5E, 0x34, 
0x34, 0x5E, 0x3C, 0x02, 0x0B, 0x43, 0x77, 0x4C, 0x4D, 0x7A, 0x44, 0x4B, 0x84, 0x55, 0x3D, 0x94, 
0xD9, 0x35, 0x2A, 0x01, 0x14, 0x08, 0x03, 0x14, 0x05, 0x2C, 0x30, 0xB1, 0x74, 0x47, 0x55, 0xFE, 
0x27, 0x36, 0x60, 0x3D, 0x3C, 0x5E, 0x34, 0x34, 0x5E, 0x3C, 0x3D, 0x60, 0x36, 0x00, 0x00, 0x00, 
0x00, 0x03, 0x00, 0x5A, 0x00, 0x00, 0x02, 0x20, 0x02, 0x23, 0x00, 0x14, 0x00, 0x1D, 0x00, 0x26, 
0x00, 0x39, 0x40, 0x36, 0x0A, 0x01, 0x02, 0x01, 0x14, 0x01, 0x04, 0x03, 0x02, 0x4A, 0x00, 0x03, 
0x00, 0x04, 0x05, 0x03, 0x04, 0x65, 0x00, 0x02, 0x02, 0x01, 0x5D, 0x00, 0x01, 0x01, 0x19, 0x4B, 
0x06, 0x01, 0x05, 0x05, 0x00, 0x5D, 0x00, 0x00, 0x00, 0x18, 0x00, 0x4C, 0x1E, 0x1E, 0x1E, 0x26, 
0x1E, 0x25, 0x27, 0x21, 0x26, 0x45, 0x34, 0x07, 0x07, 0x19, 0x2B, 0x00, 0x16, 0x15, 0x14, 0x06, 
0x23, 0x23, 0x22, 0x26, 0x35, 0x11, 0x36, 0x36, 0x3B, 0x02, 0x32, 0x16, 0x15, 0x14, 0x07, 0x36, 
0x26, 0x23, 0x23, 0x15, 0x33, 0x32, 0x36, 0x35, 0x02, 0x36, 0x35, 0x34, 0x26, 0x23, 0x23, 0x15, 
0x33, 0x01, 0xEB, 0x35, 0x60, 0x4C, 0xFC, 0x0D, 0x11, 0x01, 0x10, 0x0D, 0x02, 0xF0, 0x44, 0x56, 
0x47, 0x0B, 0x35, 0x29, 0xD4, 0xD4, 0x29, 0x35, 0x21, 0x3D, 0x3D, 0x33, 0xDE, 0xDE, 0x01, 0x13, 
0x47, 0x2F, 0x45, 0x58, 0x11, 0x0D, 0x01, 0xE8, 0x0D, 0x10, 0x50, 0x3F, 0x55, 0x1B, 0x95, 0x34, 
0xB3, 0x32, 0x28, 0xFE, 0xA2, 0x34, 0x33, 0x33, 0x34, 0xCE, 0x00, 0x00, 0x00, 0x01, 0x00, 0x37, 
0xFF, 0xFA, 0x01, 0xD2, 0x02, 0x29, 0x00, 0x30, 0x00, 0x36, 0x40, 0x33, 0x00, 0x01, 0x00, 0x04, 
0x00, 0x01, 0x04, 0x7E, 0x00, 0x04, 0x03, 0x00, 0x04, 0x03, 0x7C, 0x00, 0x00, 0x00, 0x02, 0x5F, 
0x00, 0x02, 0x02, 0x19, 0x4B, 0x00, 0x03, 0x03, 0x05, 0x5F, 0x06, 0x01, 0x05, 0x05, 0x1A, 0x05, 
0x4C, 0x00, 0x00, 0x00, 0x30, 0x00, 0x2F, 0x22, 0x2A, 0x27, 0x12, 0x2A, 0x07, 0x07, 0x19, 0x2B, 
0x16, 0x26, 0x35, 0x34, 0x36, 0x37, 0x36, 0x36, 0x35, 0x34, 0x26, 0x23, 0x22, 0x07, 0x06, 0x23, 
0x22, 0x27, 0x26, 0x35, 0x34, 0x37, 0x36, 0x33, 0x32, 0x16, 0x15, 0x14, 0x06, 0x07, 0x06, 0x06, 
0x15, 0x14, 0x16, 0x33, 0x32, 0x37, 0x36, 0x33, 0x32, 0x17, 0x16, 0x15, 0x14, 0x07, 0x06, 0x06, 
0x23, 0xAA, 0x73, 0x59, 0x6E, 0x40, 0x37, 0x3B, 0x3A, 0x5C, 0x33, 0x0B, 0x0E, 0x05, 0x0A, 0x10, 
0x06, 0x41, 0x7E, 0x53, 0x60, 0x4C, 0x55, 0x57, 0x46, 0x42, 0x47, 0x6E, 0x33, 0x09, 0x0E, 0x0B, 
0x06, 0x0D, 0x07, 0x21, 0x72, 0x39, 0x06, 0x4D, 0x41, 0x37, 0x51, 0x19, 0x0F, 0x35, 0x28, 0x28, 
0x34, 0x41, 0x0D, 0x04, 0x09, 0x0E, 0x0A, 0x07, 0x5A, 0x4F, 0x48, 0x34, 0x50, 0x14, 0x14, 0x34, 
0x28, 0x2D, 0x2B, 0x3E, 0x0B, 0x05, 0x09, 0x0E, 0x0A, 0x08, 0x27, 0x2C, 0xFF, 0xFF, 0x00, 0x37, 
0xFF, 0xFA, 0x01, 0xD2, 0x03, 0x2B, 0x00, 0x22, 0x01, 0xF0, 0x00, 0x00, 0x00, 0x03, 0x03, 0x29, 
0x01, 0xC0, 0x00, 0x00, 0x00, 0x01, 0x00, 0x5A, 0x00, 0x00, 0x01, 0xB8, 0x02, 0xC9, 0x00, 0x14, 
0x00, 0x25, 0x40, 0x22, 0x04, 0x01, 0x03, 0x02, 0x03, 0x83, 0x00, 0x00, 0x00, 0x02, 0x5D, 0x00, 
0x02, 0x02, 0x19, 0x4B, 0x00, 0x01, 0x01, 0x18, 0x01, 0x4C, 0x00, 0x00, 0x00, 0x14, 0x00, 0x13, 
0x25, 0x23, 0x23, 0x05, 0x07, 0x17, 0x2B, 0x00, 0x15, 0x15, 0x14, 0x23, 0x21, 0x11, 0x14, 0x06, 
0x23, 0x22, 0x26, 0x35, 0x11, 0x34, 0x36, 0x33, 0x21, 0x35, 0x34, 0x33, 0x01, 0xB8, 0x1D, 0xFE, 
0xFB, 0x10, 0x0E, 0x0D, 0x11, 0x11, 0x0D, 0x01, 0x04, 0x1E, 0x02, 0xC9, 0x1E, 0xA0, 0x1E, 0xFE, 
0x31, 0x0D, 0x11, 0x11, 0x0D, 0x01, 0xE7, 0x0E, 0x10, 0x88, 0x1E, 0x00, 0xFF, 0xFF, 0x00, 0x3C, 
0xFF, 0x2F, 0x02, 0x6B, 0x02, 0x29, 0x00, 0x02, 0x01, 0x02, 0x00, 0x00, 0x00, 0x02, 0x00, 0x3C, 
0xFF, 0xFB, 0x02, 0x39, 0x02, 0x28, 0x00, 0x21, 0x00, 0x28, 0x00, 0x3F, 0x40, 0x3C, 0x00, 0x02, 
0x00, 0x01, 0x00, 0x02, 0x01, 0x7E, 0x00, 0x05, 0x00, 0x00, 0x02, 0x05, 0x00, 0x65, 0x08, 0x01, 
0x06, 0x06, 0x04, 0x5F, 0x07, 0x01, 0x04, 0x04, 0x19, 0x4B, 0x00, 0x01, 0x01, 0x03, 0x5F, 0x00, 
0x03, 0x03, 0x1A, 0x03, 0x4C, 0x22, 0x22, 0x00, 0x00, 0x22, 0x28, 0x22, 0x27, 0x25, 0x24, 0x00, 
0x21, 0x00, 0x20, 0x27, 0x23, 0x23, 0x25, 0x09, 0x07, 0x18, 0x2B, 0x00, 0x16, 0x16, 0x15, 0x14, 
0x06, 0x23, 0x21, 0x1E, 0x02, 0x33, 0x32, 0x36, 0x37, 0x36, 0x33, 0x32, 0x17, 0x16, 0x15, 0x14, 
0x07, 0x06, 0x06, 0x23, 0x22, 0x26, 0x26, 0x35, 0x34, 0x36, 0x36, 0x33, 0x06, 0x06, 0x07, 0x21, 
0x26, 0x26, 0x23, 0x01, 0x86, 0x73, 0x40, 0x10, 0x0D, 0xFE, 0x5D, 0x03, 0x38, 0x5E, 0x3A, 0x27, 
0x4F, 0x17, 0x0A, 0x0B, 0x0B, 0x07, 0x0B, 0x09, 0x20, 0x67, 0x2F, 0x4F, 0x7B, 0x46, 0x41, 0x75, 
0x4B, 0x4E, 0x6B, 0x0A, 0x01, 0x85, 0x07, 0x6A, 0x51, 0x02, 0x28, 0x45, 0x7A, 0x4E, 0x0D, 0x0F, 
0x3B, 0x5D, 0x34, 0x1B, 0x16, 0x08, 0x06, 0x09, 0x0C, 0x0A, 0x09, 0x1D, 0x26, 0x47, 0x7F, 0x50, 
0x51, 0x7F, 0x47, 0x38, 0x68, 0x55, 0x55, 0x68, 0xFF, 0xFF, 0x00, 0x3C, 0xFF, 0xFB, 0x02, 0x39, 
0x03, 0x36, 0x00, 0x22, 0x01, 0xF4, 0x00, 0x00, 0x00, 0x03, 0x03, 0x28, 0x01, 0x8C, 0x00, 0x00, 
0xFF, 0xFF, 0x00, 0x3C, 0xFF, 0xFB, 0x02, 0x39, 0x02, 0xF8, 0x00, 0x22, 0x01, 0xF4, 0x00, 0x00, 
0x00, 0x03, 0x03, 0x26, 0x02, 0x3D, 0x00, 0x00, 0x00, 0x01, 0x00, 0x23, 0xFF, 0xFF, 0x02, 0xF5, 
0x02, 0x23, 0x00, 0x3B, 0x00, 0x36, 0x40, 0x33, 0x2C, 0x0E, 0x02, 0x00, 0x03, 0x01, 0x4A, 0x05, 
0x01, 0x03, 0x08, 0x01, 0x00, 0x01, 0x03, 0x00, 0x65, 0x06, 0x04, 0x02, 0x02, 0x02, 0x19, 0x4B, 
0x0A, 0x09, 0x07, 0x03, 0x01, 0x01, 0x18, 0x01, 0x4C, 0x00, 0x00, 0x00, 0x3B, 0x00, 0x3A, 0x12, 
0x2C, 0x22, 0x13, 0x23, 0x12, 0x2C, 0x22, 0x13, 0x0B, 0x07, 0x1D, 0x2B, 0x20, 0x26, 0x35, 0x35, 
0x23, 0x07, 0x06, 0x23, 0x22, 0x27, 0x26, 0x35, 0x34, 0x37, 0x37, 0x27, 0x26, 0x35, 0x34, 0x37, 
0x36, 0x33, 0x32, 0x17, 0x17, 0x33, 0x35, 0x34, 0x36, 0x33, 0x32, 0x16, 0x15, 0x15, 0x33, 0x37, 
0x36, 0x33, 0x32, 0x17, 0x16, 0x15, 0x14, 0x07, 0x07, 0x17, 0x16, 0x15, 0x14, 0x07, 0x06, 0x23, 
0x22, 0x27, 0x27, 0x23, 0x15, 0x14, 0x06, 0x23, 0x01, 0x7F, 0x11, 0x69, 0xB1, 0x07, 0x0C, 0x0C, 
0x09, 0x09, 0x08, 0xAC, 0x95, 0x07, 0x09, 0x08, 0x09, 0x0A, 0x09, 0xA0, 0x66, 0x11, 0x0D, 0x0E, 
0x10, 0x63, 0xA3, 0x09, 0x0A, 0x09, 0x08, 0x09, 0x07, 0x95, 0xAC, 0x08, 0x09, 0x09, 0x0C, 0x0C, 
0x07, 0xB1, 0x69, 0x10, 0x0E, 0x11, 0x0D, 0xD5, 0xEA, 0x0A, 0x09, 0x09, 0x0B, 0x0A, 0x0A, 0xE3, 
0xE1, 0x0C, 0x09, 0x0C, 0x07, 0x07, 0x09, 0xF1, 0xDC, 0x0E, 0x10, 0x10, 0x0E, 0xDC, 0xF1, 0x09, 
0x07, 0x06, 0x0D, 0x0B, 0x0A, 0xE1, 0xE3, 0x0A, 0x0A, 0x0B, 0x09, 0x09, 0x0A, 0xEA, 0xD5, 0x0D, 
0x11, 0x00, 0x00, 0x00, 0x00, 0x01, 0x00, 0x2D, 0xFF, 0xF6, 0x01, 0xCA, 0x02, 0x2D, 0x00, 0x3D, 
0x00, 0x41, 0x40, 0x3E, 0x3D, 0x01, 0x03, 0x04, 0x01, 0x4A, 0x00, 0x06, 0x05, 0x04, 0x05, 0x06, 
0x04, 0x7E, 0x00, 0x01, 0x03, 0x02, 0x03, 0x01, 0x02, 0x7E, 0x00, 0x04, 0x00, 0x03, 0x01, 0x04, 
0x03, 0x67, 0x00, 0x05, 0x05, 0x07, 0x5F, 0x00, 0x07, 0x07, 0x19, 0x4B, 0x00, 0x02, 0x02, 0x00, 
0x5F, 0x00, 0x00, 0x00, 0x1F, 0x00, 0x4C, 0x28, 0x13, 0x24, 0x34, 0x34, 0x23, 0x18, 0x25, 0x08, 
0x07, 0x1C, 0x2B, 0x00, 0x16, 0x15, 0x14, 0x06, 0x06, 0x23, 0x22, 0x26, 0x27, 0x26, 0x35, 0x34, 
0x37, 0x36, 0x33, 0x32, 0x17, 0x16, 0x16, 0x33, 0x32, 0x36, 0x35, 0x34, 0x26, 0x27, 0x23, 0x22, 
0x26, 0x35, 0x34, 0x36, 0x33, 0x33, 0x32, 0x36, 0x35, 0x34, 0x26, 0x23, 0x22, 0x06, 0x07, 0x06, 
0x23, 0x22, 0x27, 0x26, 0x26, 0x35, 0x34, 0x37, 0x36, 0x33, 0x32, 0x16, 0x16, 0x15, 0x14, 0x06, 
0x07, 0x01, 0x8B, 0x3F, 0x35, 0x5D, 0x3A, 0x3D, 0x77, 0x1A, 0x03, 0x14, 0x06, 0x02, 0x10, 0x0E, 
0x1B, 0x4F, 0x2C, 0x41, 0x50, 0x43, 0x33, 0x2E, 0x10, 0x15, 0x15, 0x10, 0x2E, 0x29, 0x37, 0x45, 
0x34, 0x32, 0x3F, 0x16, 0x09, 0x12, 0x06, 0x08, 0x08, 0x0A, 0x05, 0x48, 0x75, 0x33, 0x53, 0x2F, 
0x33, 0x29, 0x01, 0x19, 0x4E, 0x35, 0x2D, 0x49, 0x2A, 0x39, 0x2A, 0x06, 0x06, 0x12, 0x09, 0x02, 
0x11, 0x1E, 0x25, 0x36, 0x33, 0x2D, 0x40, 0x02, 0x10, 0x0C, 0x0C, 0x10, 0x35, 0x27, 0x26, 0x34, 
0x22, 0x1F, 0x0E, 0x03, 0x04, 0x0D, 0x08, 0x07, 0x08, 0x5D, 0x25, 0x41, 0x28, 0x28, 0x43, 0x10, 
0x00, 0x01, 0x00, 0x50, 0xFF, 0xF9, 0x02, 0x47, 0x02, 0x23, 0x00, 0x24, 0x00, 0x4C, 0xB5, 0x0A, 
0x01, 0x03, 0x02, 0x01, 0x4A, 0x4B, 0xB0, 0x22, 0x50, 0x58, 0x40, 0x13, 0x05, 0x04, 0x02, 0x02, 
0x02, 0x19, 0x4B, 0x00, 0x03, 0x03, 0x00, 0x5F, 0x01, 0x01, 0x00, 0x00, 0x18, 0x00, 0x4C, 0x1B, 
0x40, 0x17, 0x05, 0x04, 0x02, 0x02, 0x02, 0x19, 0x4B, 0x00, 0x00, 0x00, 0x18, 0x4B, 0x00, 0x03, 
0x03, 0x01, 0x5F, 0x00, 0x01, 0x01, 0x1A, 0x01, 0x4C, 0x59, 0x40, 0x0D, 0x00, 0x00, 0x00, 0x24, 
0x00, 0x23, 0x25, 0x26, 0x25, 0x25, 0x06, 0x07, 0x18, 0x2B, 0x00, 0x16, 0x15, 0x11, 0x14, 0x06, 
0x23, 0x22, 0x26, 0x35, 0x35, 0x06, 0x06, 0x23, 0x22, 0x26, 0x26, 0x35, 0x11, 0x34, 0x36, 0x33, 
0x32, 0x16, 0x15, 0x11, 0x14, 0x16, 0x33, 0x32, 0x36, 0x36, 0x35, 0x11, 0x34, 0x36, 0x33, 0x02, 
0x37, 0x10, 0x10, 0x0E, 0x0D, 0x11, 0x22, 0x62, 0x3A, 0x49, 0x73, 0x41, 0x11, 0x0D, 0x0D, 0x11, 
0x6B, 0x56, 0x35, 0x57, 0x32, 0x11, 0x0D, 0x02, 0x23, 0x10, 0x0E, 0xFE, 0x19, 0x0D, 0x11, 0x11, 
0x0D, 0x34, 0x2A, 0x2F, 0x3C, 0x73, 0x50, 0x01, 0x0D, 0x0D, 0x11, 0x11, 0x0D, 0xFE, 0xF3, 0x5F, 
0x64, 0x29, 0x49, 0x2C, 0x01, 0x32, 0x0E, 0x10, 0xFF, 0xFF, 0x00, 0x50, 0xFF, 0xF9, 0x02, 0x47, 
0x03, 0x02, 0x00, 0x22, 0x01, 0xF9, 0x00, 0x00, 0x00, 0x03, 0x03, 0x52, 0x02, 0x33, 0x00, 0x00, 
0xFF, 0xFF, 0x00, 0x50, 0xFF, 0xF9, 0x02, 0x47, 0x03, 0x36, 0x00, 0x22, 0x01, 0xF9, 0x00, 0x00, 
0x00, 0x03, 0x03, 0x28, 0x01, 0x9B, 0x00, 0x00, 0x00, 0x01, 0x00, 0x5A, 0xFF, 0xFF, 0x01, 0xFF, 
0x02, 0x23, 0x00, 0x24, 0x00, 0x27, 0x40, 0x24, 0x23, 0x01, 0x01, 0x04, 0x01, 0x4A, 0x00, 0x04, 
0x00, 0x01, 0x00, 0x04, 0x01, 0x65, 0x05, 0x01, 0x03, 0x03, 0x19, 0x4B, 0x02, 0x01, 0x00, 0x00, 
0x18, 0x00, 0x4C, 0x22, 0x13, 0x25, 0x23, 0x12, 0x24, 0x06, 0x07, 0x1A, 0x2B, 0x24, 0x15, 0x14, 
0x07, 0x06, 0x23, 0x22, 0x27, 0x27, 0x23, 0x15, 0x14, 0x06, 0x23, 0x22, 0x26, 0x35, 0x11, 0x34, 
0x36, 0x33, 0x32, 0x16, 0x15, 0x15, 0x33, 0x37, 0x36, 0x33, 0x32, 0x17, 0x16, 0x15, 0x14, 0x07, 
0x07, 0x17, 0x01, 0xFF, 0x09, 0x09, 0x0B, 0x0A, 0x0A, 0xD1, 0x67, 0x10, 0x0E, 0x0D, 0x11, 0x11, 
0x0D, 0x0E, 0x10, 0x62, 0xCF, 0x09, 0x0A, 0x09, 0x08, 0x0A, 0x08, 0xC0, 0xCA, 0x26, 0x0A, 0x0B, 
0x09, 0x09, 0x0A, 0xEA, 0xD5, 0x0D, 0x11, 0x11, 0x0D, 0x01, 0xE7, 0x0E, 0x10, 0x10, 0x0E, 0xDC, 
0xF1, 0x09, 0x07, 0x09, 0x0B, 0x0A, 0x0A, 0xE1, 0xE3, 0x00, 0x00, 0x00, 0xFF, 0xFF, 0x00, 0x5A, 
0xFF, 0xFF, 0x01, 0xFF, 0x03, 0x2B, 0x00, 0x22, 0x01, 0xFC, 0x00, 0x00, 0x00, 0x03, 0x03, 0x29, 
0x01, 0xC0, 0x00, 0x00, 0x00, 0x01, 0x00, 0x23, 0xFF, 0xFE, 0x02, 0x29, 0x02, 0x24, 0x00, 0x18, 
0x00, 0x1C, 0x40, 0x19, 0x10, 0x09, 0x02, 0x00, 0x02, 0x01, 0x4A, 0x00, 0x02, 0x02, 0x19, 0x4B, 
0x01, 0x01, 0x00, 0x00, 0x18, 0x00, 0x4C, 0x26, 0x25, 0x25, 0x03, 0x07, 0x17, 0x2B, 0x24, 0x15, 
0x14, 0x06, 0x07, 0x06, 0x23, 0x22, 0x27, 0x03, 0x03, 0x06, 0x06, 0x23, 0x22, 0x26, 0x35, 0x34, 
0x37, 0x13, 0x36, 0x33, 0x32, 0x17, 0x13, 0x02, 0x29, 0x0A, 0x08, 0x06, 0x07, 0x12, 0x08, 0xC8, 
0xCB, 0x04, 0x0F, 0x09, 0x0E, 0x10, 0x02, 0xE4, 0x0B, 0x11, 0x18, 0x08, 0xE1, 0x20, 0x05, 0x08, 
0x0E, 0x04, 0x03, 0x11, 0x01, 0xB8, 0xFE, 0x49, 0x08, 0x09, 0x11, 0x0B, 0x08, 0x04, 0x01, 0xE8, 
0x15, 0x15, 0xFE, 0x17, 0x00, 0x01, 0x00, 0x5A, 0x00, 0x00, 0x02, 0xA8, 0x02, 0x23, 0x00, 0x1D, 
0x00, 0x2E, 0x40, 0x2B, 0x1A, 0x0E, 0x08, 0x03, 0x01, 0x03, 0x01, 0x4A, 0x00, 0x01, 0x03, 0x00, 
0x03, 0x01, 0x00, 0x7E, 0x05, 0x04, 0x02, 0x03, 0x03, 0x19, 0x4B, 0x02, 0x01, 0x00, 0x00, 0x18, 
0x00, 0x4C, 0x00, 0x00, 0x00, 0x1D, 0x00, 0x1C, 0x24, 0x24, 0x24, 0x24, 0x06, 0x07, 0x18, 0x2B, 
0x00, 0x15, 0x11, 0x14, 0x06, 0x23, 0x22, 0x35, 0x11, 0x03, 0x06, 0x23, 0x22, 0x27, 0x03, 0x11, 
0x14, 0x23, 0x22, 0x26, 0x35, 0x11, 0x34, 0x33, 0x32, 0x17, 0x13, 0x13, 0x36, 0x33, 0x02, 0xA8, 
0x10, 0x0E, 0x1E, 0xD2, 0x09, 0x10, 0x0F, 0x0A, 0xD2, 0x1E, 0x0E, 0x10, 0x1E, 0x16, 0x0D, 0xE6, 
0xE6, 0x0D, 0x16, 0x02, 0x23, 0x1E, 0xFE, 0x19, 0x0E, 0x10, 0x1E, 0x01, 0x9D, 0xFE, 0xCD, 0x0D, 
0x0D, 0x01, 0x2E, 0xFE, 0x68, 0x1E, 0x10, 0x0E, 0x01, 0xE7, 0x1E, 0x14, 0xFE, 0xB2, 0x01, 0x4E, 
0x14, 0x00, 0x00, 0x00, 0x00, 0x01, 0x00, 0x5A, 0x00, 0x00, 0x02, 0x51, 0x02, 0x23, 0x00, 0x1F, 
0x00, 0x27, 0x40, 0x24, 0x00, 0x04, 0x00, 0x01, 0x00, 0x04, 0x01, 0x65, 0x06, 0x05, 0x02, 0x03, 
0x03, 0x19, 0x4B, 0x02, 0x01, 0x00, 0x00, 0x18, 0x00, 0x4C, 0x00, 0x00, 0x00, 0x1F, 0x00, 0x1E, 
0x13, 0x25, 0x23, 0x13, 0x25, 0x07, 0x07, 0x19, 0x2B, 0x00, 0x16, 0x15, 0x11, 0x14, 0x06, 0x23, 
0x22, 0x26, 0x35, 0x35, 0x21, 0x15, 0x14, 0x06, 0x23, 0x22, 0x26, 0x35, 0x11, 0x34, 0x36, 0x33, 
0x32, 0x16, 0x15, 0x15, 0x21, 0x35, 0x34, 0x36, 0x33, 0x02, 0x41, 0x10, 0x10, 0x0E, 0x0D, 0x11, 
0xFE, 0x81, 0x10, 0x0E, 0x0D, 0x11, 0x11, 0x0D, 0x0E, 0x10, 0x01, 0x7F, 0x11, 0x0D, 0x02, 0x23, 
0x10, 0x0E, 0xFE, 0x19, 0x0D, 0x11, 0x11, 0x0D, 0xD5, 0xD5, 0x0D, 0x11, 0x11, 0x0D, 0x01, 0xE7, 
0x0E, 0x10, 0x10, 0x0E, 0xDC, 0xDC, 0x0E, 0x10, 0x00, 0x02, 0x00, 0x3C, 0xFF, 0xFA, 0x02, 0x6B, 
0x02, 0x29, 0x00, 0x0F, 0x00, 0x1F, 0x00, 0x2C, 0x40, 0x29, 0x00, 0x02, 0x02, 0x00, 0x5F, 0x00, 
0x00, 0x00, 0x19, 0x4B, 0x05, 0x01, 0x03, 0x03, 0x01, 0x5F, 0x04, 0x01, 0x01, 0x01, 0x1A, 0x01, 
0x4C, 0x10, 0x10, 0x00, 0x00, 0x10, 0x1F, 0x10, 0x1E, 0x18, 0x16, 0x00, 0x0F, 0x00, 0x0E, 0x26, 
0x06, 0x07, 0x15, 0x2B, 0x04, 0x26, 0x26, 0x35, 0x34, 0x36, 0x36, 0x33, 0x32, 0x16, 0x16, 0x15, 
0x14, 0x06, 0x06, 0x23, 0x3E, 0x02, 0x35, 0x34, 0x26, 0x26, 0x23, 0x22, 0x06, 0x06, 0x15, 0x14, 
0x16, 0x16, 0x33, 0x01, 0x05, 0x80, 0x49, 0x49, 0x80, 0x4F, 0x4E, 0x80, 0x49, 0x49, 0x80, 0x4E, 
0x3E, 0x64, 0x39, 0x39, 0x64, 0x3E, 0x3E, 0x64, 0x3A, 0x3A, 0x64, 0x3E, 0x06, 0x49, 0x80, 0x4E, 
0x4F, 0x80, 0x49, 0x49, 0x80, 0x4F, 0x4E, 0x80, 0x49, 0x38, 0x3A, 0x66, 0x3F, 0x3F, 0x66, 0x3B, 
0x3B, 0x66, 0x3F, 0x3F, 0x66, 0x3A, 0x00, 0x00, 0xFF, 0xFF, 0x00, 0x5A, 0x00, 0x00, 0x02, 0x51, 
0x02, 0x2A, 0x00, 0x02, 0x01, 0x28, 0x00, 0x00, 0xFF, 0xFF, 0x00, 0x5A, 0xFF, 0x16, 0x02, 0x89, 
0x02, 0x29, 0x00, 0x02, 0x01, 0x4D, 0x00, 0x00, 0xFF, 0xFF, 0x00, 0x3C, 0xFF, 0xFA, 0x02, 0x15, 
0x02, 0x28, 0x00, 0x02, 0x00, 0xE2, 0x00, 0x00, 0xFF, 0xFF, 0x00, 0x5A, 0x00, 0x00, 0x03, 0x69, 
0x02, 0x2A, 0x00, 0x02, 0x01, 0x27, 0x00, 0x00, 0x00, 0x01, 0xFF, 0xED, 0xFF, 0x11, 0x02, 0x09, 
0x02, 0x25, 0x00, 0x27, 0x00, 0x2C, 0x40, 0x29, 0x21, 0x17, 0x01, 0x03, 0x01, 0x03, 0x01, 0x4A, 
0x00, 0x01, 0x03, 0x02, 0x03, 0x01, 0x02, 0x7E, 0x04, 0x01, 0x03, 0x03, 0x19, 0x4B, 0x00, 0x02, 
0x02, 0x00, 0x5F, 0x00, 0x00, 0x00, 0x1B, 0x00, 0x4C, 0x25, 0x29, 0x22, 0x26, 0x26, 0x05, 0x07, 
0x19, 0x2B, 0x00, 0x15, 0x14, 0x07, 0x01, 0x06, 0x06, 0x23, 0x22, 0x27, 0x26, 0x35, 0x34, 0x37, 
0x36, 0x33, 0x32, 0x17, 0x16, 0x33, 0x32, 0x36, 0x37, 0x37, 0x03, 0x26, 0x35, 0x34, 0x37, 0x36, 
0x33, 0x32, 0x17, 0x13, 0x13, 0x36, 0x36, 0x33, 0x32, 0x17, 0x02, 0x09, 0x03, 0xFE, 0xFF, 0x1E, 
0x5A, 0x36, 0x2A, 0x30, 0x10, 0x08, 0x07, 0x0C, 0x0E, 0x0E, 0x1A, 0x16, 0x25, 0x40, 0x16, 0x29, 
0xDB, 0x04, 0x11, 0x08, 0x08, 0x0F, 0x08, 0xC6, 0xB7, 0x04, 0x0F, 0x08, 0x07, 0x06, 0x02, 0x18, 
0x13, 0x07, 0x06, 0xFD, 0xAB, 0x45, 0x4D, 0x1C, 0x0A, 0x10, 0x0B, 0x08, 0x08, 0x08, 0x0D, 0x37, 
0x35, 0x61, 0x01, 0xE0, 0x08, 0x08, 0x0F, 0x08, 0x04, 0x11, 0xFE, 0x4E, 0x01, 0xAE, 0x09, 0x0A, 
0x03, 0x00, 0x00, 0x00, 0xFF, 0xFF, 0xFF, 0xED, 0xFF, 0x11, 0x02, 0x09, 0x03, 0x02, 0x00, 0x22, 
0x02, 0x06, 0x00, 0x00, 0x00, 0x03, 0x03, 0x52, 0x01, 0xFF, 0x00, 0x00, 0x00, 0x03, 0x00, 0x3C, 
0xFF, 0x16, 0x02, 0xA7, 0x03, 0x0D, 0x00, 0x1F, 0x00, 0x28, 0x00, 0x31, 0x00, 0x42, 0x40, 0x3F, 
0x00, 0x04, 0x04, 0x17, 0x4B, 0x08, 0x01, 0x06, 0x06, 0x03, 0x5F, 0x0A, 0x05, 0x02, 0x03, 0x03, 
0x19, 0x4B, 0x0B, 0x09, 0x02, 0x07, 0x07, 0x00, 0x5F, 0x02, 0x01, 0x00, 0x00, 0x1A, 0x4B, 0x00, 
0x01, 0x01, 0x1B, 0x01, 0x4C, 0x29, 0x29, 0x00, 0x00, 0x29, 0x31, 0x29, 0x31, 0x30, 0x2F, 0x28, 
0x27, 0x21, 0x20, 0x00, 0x1F, 0x00, 0x1F, 0x23, 0x16, 0x13, 0x23, 0x16, 0x0C, 0x07, 0x19, 0x2B, 
0x00, 0x16, 0x16, 0x15, 0x14, 0x06, 0x06, 0x23, 0x15, 0x14, 0x06, 0x23, 0x22, 0x26, 0x35, 0x35, 
0x22, 0x26, 0x26, 0x35, 0x34, 0x36, 0x36, 0x33, 0x35, 0x34, 0x36, 0x33, 0x32, 0x16, 0x15, 0x15, 
0x07, 0x22, 0x06, 0x06, 0x15, 0x14, 0x16, 0x16, 0x33, 0x32, 0x36, 0x36, 0x35, 0x34, 0x26, 0x26, 
0x23, 0x11, 0x01, 0xE0, 0x7F, 0x48, 0x48, 0x7F, 0x51, 0x10, 0x0E, 0x0D, 0x11, 0x51, 0x7F, 0x47, 
0x47, 0x7F, 0x51, 0x11, 0x0D, 0x0E, 0x10, 0x3C, 0x40, 0x63, 0x38, 0x38, 0x63, 0x40, 0x7C, 0x64, 
0x38, 0x38, 0x64, 0x40, 0x02, 0x29, 0x48, 0x7F, 0x51, 0x51, 0x7F, 0x47, 0xC6, 0x0E, 0x10, 0x10, 
0x0E, 0xC6, 0x48, 0x7E, 0x51, 0x51, 0x7F, 0x48, 0xC6, 0x0E, 0x10, 0x10, 0x0E, 0xC6, 0x38, 0x3A, 
0x65, 0x41, 0x41, 0x65, 0x39, 0x39, 0x65, 0x41, 0x41, 0x66, 0x39, 0xFE, 0x41, 0x00, 0x00, 0x00, 
0xFF, 0xFF, 0x00, 0x23, 0x00, 0x00, 0x01, 0xF1, 0x02, 0x23, 0x00, 0x02, 0x01, 0x7E, 0x00, 0x00, 
0x00, 0x01, 0x00, 0x2D, 0x00, 0x00, 0x01, 0xE8, 0x02, 0x23, 0x00, 0x22, 0x00, 0x2B, 0x40, 0x28, 
0x0A, 0x01, 0x03, 0x02, 0x01, 0x4A, 0x00, 0x03, 0x00, 0x01, 0x00, 0x03, 0x01, 0x67, 0x05, 0x04, 
0x02, 0x02, 0x02, 0x19, 0x4B, 0x00, 0x00, 0x00, 0x18, 0x00, 0x4C, 0x00, 0x00, 0x00, 0x22, 0x00, 
0x21, 0x25, 0x25, 0x25, 0x25, 0x06, 0x07, 0x18, 0x2B, 0x00, 0x16, 0x15, 0x11, 0x14, 0x06, 0x23, 
0x22, 0x26, 0x35, 0x35, 0x06, 0x06, 0x23, 0x22, 0x26, 0x35, 0x35, 0x34, 0x36, 0x33, 0x32, 0x16, 
0x15, 0x15, 0x14, 0x16, 0x33, 0x32, 0x36, 0x35, 0x35, 0x34, 0x36, 0x33, 0x01, 0xD8, 0x10, 0x10, 
0x0E, 0x0D, 0x11, 0x19, 0x4D, 0x30, 0x6D, 0x7C, 0x11, 0x0D, 0x0E, 0x10, 0x5A, 0x53, 0x42, 0x54, 
0x11, 0x0D, 0x02, 0x23, 0x10, 0x0E, 0xFE, 0x19, 0x0D, 0x11, 0x11, 0x0D, 0xD2, 0x1F, 0x24, 0x7D, 
0x6E, 0x6D, 0x0E, 0x10, 0x10, 0x0E, 0x6D, 0x53, 0x5C, 0x31, 0x27, 0xC4, 0x0E, 0x10, 0x00, 0x00, 
0x00, 0x01, 0x00, 0x50, 0xFF, 0x5A, 0x02, 0xAB, 0x02, 0x23, 0x00, 0x2C, 0x00, 0x61, 0xB5, 0x0C, 
0x01, 0x04, 0x03, 0x01, 0x4A, 0x4B, 0xB0, 0x22, 0x50, 0x58, 0x40, 0x19, 0x00, 0x00, 0x01, 0x00, 
0x84, 0x05, 0x01, 0x03, 0x03, 0x19, 0x4B, 0x07, 0x06, 0x02, 0x04, 0x04, 0x01, 0x60, 0x02, 0x01, 
0x01, 0x01, 0x18, 0x01, 0x4C, 0x1B, 0x40, 0x24, 0x00, 0x00, 0x02, 0x00, 0x84, 0x05, 0x01, 0x03, 
0x03, 0x19, 0x4B, 0x07, 0x06, 0x02, 0x04, 0x04, 0x01, 0x60, 0x00, 0x01, 0x01, 0x18, 0x4B, 0x07, 
0x06, 0x02, 0x04, 0x04, 0x02, 0x60, 0x00, 0x02, 0x02, 0x1A, 0x02, 0x4C, 0x59, 0x40, 0x0F, 0x00, 
0x00, 0x00, 0x2C, 0x00, 0x2B, 0x26, 0x26, 0x26, 0x25, 0x22, 0x23, 0x08, 0x07, 0x1A, 0x2B, 0x24, 
0x15, 0x15, 0x14, 0x23, 0x22, 0x35, 0x35, 0x23, 0x22, 0x26, 0x35, 0x35, 0x06, 0x06, 0x23, 0x22, 
0x26, 0x26, 0x35, 0x11, 0x34, 0x36, 0x33, 0x32, 0x16, 0x15, 0x11, 0x14, 0x16, 0x16, 0x33, 0x32, 
0x36, 0x36, 0x35, 0x11, 0x34, 0x36, 0x33, 0x32, 0x16, 0x15, 0x11, 0x33, 0x02, 0xAB, 0x1E, 0x1E, 
0x21, 0x23, 0x20, 0x1F, 0x63, 0x3C, 0x49, 0x73, 0x41, 0x11, 0x0D, 0x0E, 0x10, 0x31, 0x58, 0x38, 
0x37, 0x56, 0x31, 0x11, 0x0D, 0x0E, 0x10, 0x46, 0x36, 0x1E, 0xA0, 0x1E, 0x1E, 0x88, 0x20, 0x23, 
0x15, 0x2D, 0x32, 0x41, 0x74, 0x4A, 0x01, 0x0D, 0x0E, 0x10, 0x10, 0x0E, 0xFE, 0xF3, 0x38, 0x59, 
0x32, 0x28, 0x48, 0x2E, 0x01, 0x32, 0x0E, 0x10, 0x10, 0x0E, 0xFE, 0x31, 0x00, 0x01, 0x00, 0x50, 
0xFF, 0xF9, 0x03, 0x5F, 0x02, 0x23, 0x00, 0x38, 0x00, 0x56, 0xB6, 0x10, 0x0A, 0x02, 0x04, 0x03, 
0x01, 0x4A, 0x4B, 0xB0, 0x22, 0x50, 0x58, 0x40, 0x16, 0x08, 0x07, 0x05, 0x03, 0x03, 0x03, 0x19, 
0x4B, 0x06, 0x01, 0x04, 0x04, 0x00, 0x5F, 0x02, 0x01, 0x02, 0x00, 0x00, 0x18, 0x00, 0x4C, 0x1B, 
0x40, 0x1A, 0x08, 0x07, 0x05, 0x03, 0x03, 0x03, 0x19, 0x4B, 0x00, 0x00, 0x00, 0x18, 0x4B, 0x06, 
0x01, 0x04, 0x04, 0x01, 0x5F, 0x02, 0x01, 0x01, 0x01, 0x1A, 0x01, 0x4C, 0x59, 0x40, 0x10, 0x00, 
0x00, 0x00, 0x38, 0x00, 0x37, 0x25, 0x26, 0x25, 0x26, 0x24, 0x25, 0x25, 0x09, 0x07, 0x1B, 0x2B, 
0x00, 0x16, 0x15, 0x11, 0x14, 0x06, 0x23, 0x22, 0x26, 0x35, 0x35, 0x06, 0x06, 0x23, 0x22, 0x26, 
0x27, 0x06, 0x06, 0x23, 0x22, 0x26, 0x26, 0x35, 0x11, 0x34, 0x36, 0x33, 0x32, 0x16, 0x15, 0x11, 
0x14, 0x16, 0x33, 0x32, 0x36, 0x27, 0x35, 0x11, 0x34, 0x36, 0x33, 0x32, 0x16, 0x15, 0x11, 0x14, 
0x16, 0x33, 0x32, 0x36, 0x35, 0x11, 0x34, 0x36, 0x33, 0x03, 0x4F, 0x10, 0x10, 0x0E, 0x0D, 0x11, 
0x1A, 0x52, 0x31, 0x40, 0x61, 0x18, 0x17, 0x5D, 0x3B, 0x3C, 0x5E, 0x34, 0x11, 0x0D, 0x0E, 0x10, 
0x52, 0x40, 0x46, 0x56, 0x02, 0x11, 0x0D, 0x0E, 0x10, 0x52, 0x40, 0x45, 0x58, 0x11, 0x0D, 0x02, 
0x23, 0x10, 0x0E, 0xFE, 0x19, 0x0D, 0x11, 0x11, 0x0D, 0x31, 0x29, 0x2D, 0x43, 0x3B, 0x3B, 0x43, 
0x3C, 0x6A, 0x44, 0x01, 0x22, 0x0E, 0x10, 0x10, 0x0E, 0xFE, 0xDE, 0x4D, 0x61, 0x5B, 0x4C, 0x07, 
0x01, 0x22, 0x0E, 0x10, 0x10, 0x0E, 0xFE, 0xDE, 0x4D, 0x61, 0x58, 0x45, 0x01, 0x33, 0x0E, 0x10, 
0x00, 0x01, 0x00, 0x50, 0xFF, 0x5A, 0x03, 0xC3, 0x02, 0x23, 0x00, 0x3F, 0x00, 0x6C, 0xB6, 0x12, 
0x0C, 0x02, 0x05, 0x04, 0x01, 0x4A, 0x4B, 0xB0, 0x22, 0x50, 0x58, 0x40, 0x1C, 0x00, 0x00, 0x01, 
0x00, 0x84, 0x08, 0x06, 0x02, 0x04, 0x04, 0x19, 0x4B, 0x0A, 0x09, 0x07, 0x03, 0x05, 0x05, 0x01, 
0x60, 0x03, 0x02, 0x02, 0x01, 0x01, 0x18, 0x01, 0x4C, 0x1B, 0x40, 0x28, 0x00, 0x00, 0x02, 0x00, 
0x84, 0x08, 0x06, 0x02, 0x04, 0x04, 0x19, 0x4B, 0x0A, 0x09, 0x07, 0x03, 0x05, 0x05, 0x01, 0x60, 
0x00, 0x01, 0x01, 0x18, 0x4B, 0x0A, 0x09, 0x07, 0x03, 0x05, 0x05, 0x02, 0x60, 0x03, 0x01, 0x02, 
0x02, 0x1A, 0x02, 0x4C, 0x59, 0x40, 0x12, 0x00, 0x00, 0x00, 0x3F, 0x00, 0x3E, 0x25, 0x25, 0x26, 
0x25, 0x26, 0x24, 0x25, 0x22, 0x23, 0x0B, 0x07, 0x1D, 0x2B, 0x24, 0x15, 0x15, 0x14, 0x23, 0x22, 
0x35, 0x35, 0x23, 0x22, 0x26, 0x35, 0x35, 0x06, 0x06, 0x23, 0x22, 0x26, 0x27, 0x06, 0x06, 0x23, 
0x22, 0x26, 0x26, 0x35, 0x11, 0x34, 0x36, 0x33, 0x32, 0x16, 0x15, 0x11, 0x14, 0x16, 0x33, 0x32, 
0x36, 0x27, 0x35, 0x11, 0x34, 0x36, 0x33, 0x32, 0x16, 0x15, 0x11, 0x14, 0x16, 0x33, 0x32, 0x36, 
0x35, 0x11, 0x34, 0x36, 0x33, 0x32, 0x16, 0x15, 0x11, 0x33, 0x03, 0xC3, 0x1E, 0x1E, 0x21, 0x23, 
0x20, 0x1A, 0x52, 0x31, 0x40, 0x61, 0x18, 0x17, 0x5D, 0x3B, 0x3C, 0x5E, 0x34, 0x11, 0x0D, 0x0E, 
0x10, 0x52, 0x40, 0x46, 0x56, 0x02, 0x11, 0x0D, 0x0E, 0x10, 0x52, 0x40, 0x45, 0x58, 0x11, 0x0D, 
0x0E, 0x10, 0x46, 0x36, 0x1E, 0xA0, 0x1E, 0x1E, 0x88, 0x20, 0x23, 0x0C, 0x29, 0x2D, 0x43, 0x3B, 
0x3B, 0x43, 0x3C, 0x6A, 0x44, 0x01, 0x22, 0x0E, 0x10, 0x10, 0x0E, 0xFE, 0xDE, 0x4D, 0x61, 0x5B, 
0x4C, 0x07, 0x01, 0x22, 0x0E, 0x10, 0x10, 0x0E, 0xFE, 0xDE, 0x4D, 0x61, 0x58, 0x45, 0x01, 0x33, 
0x0E, 0x10, 0x10, 0x0E, 0xFE, 0x31, 0x00, 0x00, 0x00, 0x01, 0x00, 0x28, 0xFF, 0x5E, 0x01, 0xF9, 
0x02, 0x23, 0x00, 0x20, 0x00, 0x29, 0x40, 0x26, 0x06, 0x01, 0x05, 0x00, 0x05, 0x84, 0x03, 0x01, 
0x01, 0x01, 0x19, 0x4B, 0x00, 0x02, 0x02, 0x00, 0x5E, 0x04, 0x01, 0x00, 0x00, 0x18, 0x00, 0x4C, 
0x00, 0x00, 0x00, 0x20, 0x00, 0x1F, 0x25, 0x23, 0x13, 0x25, 0x23, 0x07, 0x07, 0x19, 0x2B, 0x04, 
0x26, 0x35, 0x35, 0x23, 0x22, 0x26, 0x35, 0x11, 0x34, 0x36, 0x33, 0x32, 0x16, 0x15, 0x11, 0x21, 
0x11, 0x34, 0x36, 0x33, 0x32, 0x16, 0x15, 0x11, 0x14, 0x06, 0x23, 0x23, 0x15, 0x14, 0x06, 0x23, 
0x01, 0x03, 0x11, 0xAC, 0x0D, 0x11, 0x11, 0x0D, 0x0D, 0x12, 0x01, 0x58, 0x11, 0x0D, 0x0D, 0x11, 
0x11, 0x0D, 0xAC, 0x12, 0x0D, 0xA2, 0x11, 0x0D, 0x84, 0x11, 0x0D, 0x01, 0xE7, 0x0D, 0x11, 0x11, 
0x0D, 0xFE, 0x38, 0x01, 0xC8, 0x0D, 0x11, 0x11, 0x0D, 0xFE, 0x19, 0x0D, 0x11, 0x84, 0x0D, 0x11, 
0x00, 0x02, 0x00, 0x5A, 0xFF, 0xF6, 0x02, 0x0C, 0x02, 0x23, 0x00, 0x14, 0x00, 0x1F, 0x00, 0x36, 
0x40, 0x33, 0x04, 0x01, 0x01, 0x00, 0x01, 0x4A, 0x00, 0x01, 0x00, 0x03, 0x04, 0x01, 0x03, 0x65, 
0x00, 0x00, 0x00, 0x19, 0x4B, 0x06, 0x01, 0x04, 0x04, 0x02, 0x5F, 0x05, 0x01, 0x02, 0x02, 0x1F, 
0x02, 0x4C, 0x15, 0x15, 0x00, 0x00, 0x15, 0x1F, 0x15, 0x1E, 0x1B, 0x19, 0x00, 0x14, 0x00, 0x13, 
0x23, 0x26, 0x07, 0x07, 0x16, 0x2B, 0x16, 0x26, 0x26, 0x35, 0x11, 0x36, 0x36, 0x33, 0x32, 0x16, 
0x15, 0x15, 0x33, 0x32, 0x16, 0x16, 0x15, 0x14, 0x06, 0x06, 0x23, 0x36, 0x36, 0x35, 0x34, 0x26, 
0x23, 0x23, 0x15, 0x14, 0x16, 0x33, 0xF8, 0x65, 0x39, 0x01, 0x10, 0x0D, 0x0E, 0x10, 0xA2, 0x40, 
0x60, 0x34, 0x36, 0x61, 0x3D, 0x45, 0x53, 0x4E, 0x4A, 0xA2, 0x57, 0x4B, 0x0A, 0x31, 0x58, 0x37, 
0x01, 0x50, 0x0D, 0x10, 0x10, 0x0E, 0xA3, 0x2F, 0x53, 0x34, 0x35, 0x53, 0x2E, 0x36, 0x42, 0x3E, 
0x3C, 0x44, 0x77, 0x3D, 0x4C, 0x00, 0x00, 0x00, 0x00, 0x02, 0x00, 0x14, 0xFF, 0xFB, 0x02, 0x66, 
0x02, 0x23, 0x00, 0x17, 0x00, 0x22, 0x00, 0x36, 0x40, 0x33, 0x06, 0x01, 0x03, 0x00, 0x04, 0x05, 
0x03, 0x04, 0x65, 0x00, 0x01, 0x01, 0x02, 0x5D, 0x00, 0x02, 0x02, 0x19, 0x4B, 0x07, 0x01, 0x05, 
0x05, 0x00, 0x5F, 0x00, 0x00, 0x00, 0x1A, 0x00, 0x4C, 0x18, 0x18, 0x00, 0x00, 0x18, 0x22, 0x18, 
0x21, 0x1E, 0x1C, 0x00, 0x17, 0x00, 0x16, 0x34, 0x24, 0x24, 0x08, 0x07, 0x17, 0x2B, 0x00, 0x16, 
0x15, 0x14, 0x06, 0x23, 0x22, 0x26, 0x26, 0x35, 0x11, 0x23, 0x22, 0x26, 0x35, 0x34, 0x36, 0x33, 
0x33, 0x32, 0x16, 0x15, 0x15, 0x33, 0x12, 0x36, 0x35, 0x34, 0x26, 0x23, 0x23, 0x15, 0x14, 0x16, 
0x33, 0x01, 0xEF, 0x77, 0x6C, 0x5E, 0x40, 0x60, 0x34, 0x99, 0x0C, 0x0F, 0x0F, 0x0C, 0xB7, 0x0E, 
0x10, 0x8E, 0x4E, 0x4A, 0x55, 0x43, 0x8E, 0x51, 0x47, 0x01, 0x67, 0x61, 0x55, 0x55, 0x61, 0x32, 
0x57, 0x37, 0x01, 0x32, 0x0F, 0x0C, 0x0C, 0x0F, 0x10, 0x0E, 0x9E, 0xFE, 0xCA, 0x42, 0x3E, 0x3D, 
0x43, 0x77, 0x3C, 0x4D, 0x00, 0x03, 0x00, 0x5A, 0xFF, 0xF6, 0x02, 0x8A, 0x02, 0x23, 0x00, 0x14, 
0x00, 0x22, 0x00, 0x2D, 0x00, 0x98, 0xB5, 0x04, 0x01, 0x01, 0x00, 0x01, 0x4A, 0x4B, 0xB0, 0x0A, 
0x50, 0x58, 0x40, 0x21, 0x00, 0x01, 0x00, 0x05, 0x06, 0x01, 0x05, 0x65, 0x03, 0x01, 0x00, 0x00, 
0x19, 0x4B, 0x08, 0x01, 0x04, 0x04, 0x18, 0x4B, 0x09, 0x01, 0x06, 0x06, 0x02, 0x5F, 0x07, 0x01, 
0x02, 0x02, 0x1F, 0x02, 0x4C, 0x1B, 0x4B, 0xB0, 0x19, 0x50, 0x58, 0x40, 0x1D, 0x00, 0x01, 0x00, 
0x05, 0x06, 0x01, 0x05, 0x65, 0x03, 0x01, 0x00, 0x00, 0x19, 0x4B, 0x09, 0x01, 0x06, 0x06, 0x02, 
0x5F, 0x08, 0x04, 0x07, 0x03, 0x02, 0x02, 0x1F, 0x02, 0x4C, 0x1B, 0x40, 0x21, 0x00, 0x01, 0x00, 
0x05, 0x06, 0x01, 0x05, 0x65, 0x03, 0x01, 0x00, 0x00, 0x19, 0x4B, 0x08, 0x01, 0x04, 0x04, 0x18, 
0x4B, 0x09, 0x01, 0x06, 0x06, 0x02, 0x5F, 0x07, 0x01, 0x02, 0x02, 0x1F, 0x02, 0x4C, 0x59, 0x59, 
0x40, 0x1B, 0x23, 0x23, 0x15, 0x15, 0x00, 0x00, 0x23, 0x2D, 0x23, 0x2C, 0x29, 0x27, 0x15, 0x22, 
0x15, 0x21, 0x1C, 0x1A, 0x00, 0x14, 0x00, 0x13, 0x23, 0x26, 0x0A, 0x07, 0x16, 0x2B, 0x16, 0x26, 
0x26, 0x35, 0x11, 0x36, 0x36, 0x33, 0x32, 0x16, 0x15, 0x15, 0x33, 0x32, 0x16, 0x16, 0x15, 0x14, 
0x06, 0x06, 0x23, 0x24, 0x26, 0x35, 0x11, 0x34, 0x36, 0x33, 0x32, 0x16, 0x15, 0x11, 0x14, 0x06, 
0x23, 0x26, 0x36, 0x35, 0x34, 0x26, 0x23, 0x23, 0x15, 0x14, 0x16, 0x33, 0xF3, 0x62, 0x37, 0x01, 
0x10, 0x0D, 0x0E, 0x10, 0x9B, 0x39, 0x5B, 0x33, 0x33, 0x5B, 0x39, 0x01, 0x2E, 0x11, 0x11, 0x0D, 
0x0E, 0x10, 0x10, 0x0E, 0xFC, 0x4C, 0x4C, 0x3F, 0x9B, 0x57, 0x44, 0x0A, 0x31, 0x58, 0x37, 0x01, 
0x50, 0x0D, 0x10, 0x10, 0x0E, 0xA3, 0x2E, 0x53, 0x35, 0x35, 0x53, 0x2E, 0x0A, 0x11, 0x0D, 0x01, 
0xE7, 0x0E, 0x10, 0x10, 0x0E, 0xFE, 0x19, 0x0D, 0x11, 0x2C, 0x42, 0x3E, 0x3E, 0x42, 0x77, 0x3C, 
0x4D, 0x00, 0x00, 0x00, 0x00, 0x02, 0x00, 0x23, 0xFF, 0xFF, 0x02, 0xFC, 0x02, 0x24, 0x00, 0x1B, 
0x00, 0x23, 0x00, 0x37, 0x40, 0x34, 0x0B, 0x01, 0x03, 0x02, 0x12, 0x01, 0x00, 0x05, 0x02, 0x4A, 
0x06, 0x01, 0x03, 0x00, 0x04, 0x05, 0x03, 0x04, 0x65, 0x00, 0x02, 0x02, 0x19, 0x4B, 0x00, 0x05, 
0x05, 0x00, 0x5F, 0x01, 0x01, 0x00, 0x00, 0x18, 0x00, 0x4C, 0x00, 0x00, 0x21, 0x20, 0x1F, 0x1D, 
0x00, 0x1B, 0x00, 0x1A, 0x28, 0x15, 0x26, 0x07, 0x07, 0x17, 0x2B, 0x00, 0x16, 0x16, 0x15, 0x14, 
0x06, 0x06, 0x23, 0x22, 0x26, 0x27, 0x03, 0x03, 0x06, 0x23, 0x22, 0x27, 0x26, 0x35, 0x34, 0x37, 
0x13, 0x36, 0x33, 0x32, 0x17, 0x17, 0x33, 0x16, 0x26, 0x23, 0x23, 0x17, 0x32, 0x36, 0x35, 0x02, 
0x73, 0x58, 0x31, 0x36, 0x61, 0x3D, 0x1D, 0x1B, 0x0B, 0xBF, 0xCD, 0x08, 0x11, 0x06, 0x06, 0x11, 
0x02, 0xE4, 0x0B, 0x11, 0x18, 0x08, 0x50, 0xA7, 0x84, 0x48, 0x3C, 0x8F, 0x72, 0x50, 0x51, 0x01, 
0x62, 0x2E, 0x53, 0x35, 0x32, 0x4E, 0x2C, 0x0F, 0x18, 0x01, 0xA5, 0xFE, 0x44, 0x11, 0x03, 0x08, 
0x12, 0x07, 0x04, 0x01, 0xE8, 0x15, 0x15, 0xAD, 0x78, 0x42, 0xF6, 0x3E, 0x38, 0x00, 0x00, 0x00, 
0x00, 0x02, 0x00, 0x5A, 0xFF, 0xF6, 0x03, 0x8B, 0x02, 0x23, 0x00, 0x26, 0x00, 0x31, 0x00, 0xA9, 
0xB5, 0x16, 0x01, 0x05, 0x02, 0x01, 0x4A, 0x4B, 0xB0, 0x0A, 0x50, 0x58, 0x40, 0x28, 0x00, 0x05, 
0x00, 0x07, 0x03, 0x05, 0x07, 0x65, 0x00, 0x03, 0x00, 0x00, 0x08, 0x03, 0x00, 0x65, 0x04, 0x01, 
0x02, 0x02, 0x19, 0x4B, 0x00, 0x01, 0x01, 0x18, 0x4B, 0x0A, 0x01, 0x08, 0x08, 0x06, 0x5F, 0x09, 
0x01, 0x06, 0x06, 0x1F, 0x06, 0x4C, 0x1B, 0x4B, 0xB0, 0x19, 0x50, 0x58, 0x40, 0x24, 0x00, 0x05, 
0x00, 0x07, 0x03, 0x05, 0x07, 0x65, 0x00, 0x03, 0x00, 0x00, 0x08, 0x03, 0x00, 0x65, 0x04, 0x01, 
0x02, 0x02, 0x19, 0x4B, 0x0A, 0x01, 0x08, 0x08, 0x01, 0x5F, 0x09, 0x06, 0x02, 0x01, 0x01, 0x18, 
0x01, 0x4C, 0x1B, 0x40, 0x28, 0x00, 0x05, 0x00, 0x07, 0x03, 0x05, 0x07, 0x65, 0x00, 0x03, 0x00, 
0x00, 0x08, 0x03, 0x00, 0x65, 0x04, 0x01, 0x02, 0x02, 0x19, 0x4B, 0x00, 0x01, 0x01, 0x18, 0x4B, 
0x0A, 0x01, 0x08, 0x08, 0x06, 0x5F, 0x09, 0x01, 0x06, 0x06, 0x1F, 0x06, 0x4C, 0x59, 0x59, 0x40, 
0x17, 0x27, 0x27, 0x00, 0x00, 0x27, 0x31, 0x27, 0x30, 0x2D, 0x2B, 0x00, 0x26, 0x00, 0x25, 0x23, 
0x23, 0x13, 0x25, 0x23, 0x14, 0x0B, 0x07, 0x1A, 0x2B, 0x04, 0x26, 0x26, 0x35, 0x35, 0x21, 0x15, 
0x14, 0x06, 0x23, 0x22, 0x26, 0x35, 0x11, 0x34, 0x36, 0x33, 0x32, 0x16, 0x15, 0x15, 0x21, 0x35, 
0x36, 0x36, 0x33, 0x32, 0x16, 0x15, 0x15, 0x33, 0x32, 0x16, 0x16, 0x15, 0x14, 0x06, 0x06, 0x23, 
0x36, 0x36, 0x35, 0x34, 0x26, 0x23, 0x23, 0x15, 0x14, 0x16, 0x33, 0x02, 0x91, 0x5C, 0x34, 0xFE, 
0x95, 0x10, 0x0E, 0x0D, 0x11, 0x11, 0x0D, 0x0E, 0x10, 0x01, 0x6B, 0x01, 0x10, 0x0D, 0x0E, 0x10, 
0x8E, 0x37, 0x58, 0x31, 0x31, 0x58, 0x37, 0x3C, 0x48, 0x48, 0x3C, 0x8E, 0x50, 0x3E, 0x0A, 0x31, 
0x58, 0x37, 0x3D, 0xD5, 0x0D, 0x11, 0x11, 0x0D, 0x01, 0xE7, 0x0E, 0x10, 0x10, 0x0E, 0xDC, 0xDD, 
0x0E, 0x0F, 0x10, 0x0E, 0xA3, 0x2E, 0x53, 0x35, 0x35, 0x53, 0x2E, 0x36, 0x42, 0x3E, 0x3E, 0x42, 
0x77, 0x3C, 0x4D, 0x00, 0xFF, 0xFF, 0x00, 0x41, 0xFF, 0xFA, 0x01, 0xEB, 0x02, 0x29, 0x00, 0x02, 
0x01, 0x56, 0x00, 0x00, 0x00, 0x01, 0x00, 0x3C, 0xFF, 0xFA, 0x02, 0x15, 0x02, 0x28, 0x00, 0x30, 
0x00, 0x41, 0x40, 0x3E, 0x00, 0x06, 0x07, 0x00, 0x07, 0x06, 0x00, 0x7E, 0x00, 0x03, 0x01, 0x02, 
0x01, 0x03, 0x02, 0x7E, 0x00, 0x00, 0x00, 0x01, 0x03, 0x00, 0x01, 0x65, 0x08, 0x01, 0x07, 0x07, 
0x05, 0x5F, 0x00, 0x05, 0x05, 0x19, 0x4B, 0x00, 0x02, 0x02, 0x04, 0x5F, 0x00, 0x04, 0x04, 0x1A, 
0x04, 0x4C, 0x00, 0x00, 0x00, 0x30, 0x00, 0x2F, 0x27, 0x26, 0x27, 0x22, 0x23, 0x24, 0x22, 0x09, 
0x07, 0x1B, 0x2B, 0x12, 0x06, 0x07, 0x33, 0x32, 0x16, 0x15, 0x14, 0x06, 0x23, 0x23, 0x1E, 0x02, 
0x33, 0x32, 0x37, 0x36, 0x33, 0x32, 0x17, 0x16, 0x15, 0x14, 0x07, 0x06, 0x06, 0x23, 0x22, 0x26, 
0x26, 0x35, 0x34, 0x36, 0x36, 0x33, 0x32, 0x16, 0x17, 0x16, 0x15, 0x14, 0x07, 0x06, 0x23, 0x22, 
0x27, 0x26, 0x23, 0xED, 0x6A, 0x09, 0xF3, 0x0C, 0x0F, 0x0F, 0x0C, 0xF4, 0x04, 0x38, 0x5D, 0x3A, 
0x58, 0x35, 0x09, 0x0C, 0x0B, 0x07, 0x0A, 0x08, 0x23, 0x5E, 0x35, 0x4D, 0x7C, 0x47, 0x42, 0x76, 
0x49, 0x40, 0x6A, 0x27, 0x07, 0x0E, 0x07, 0x09, 0x0E, 0x09, 0x40, 0x63, 0x01, 0xF0, 0x69, 0x55, 
0x0F, 0x0C, 0x0C, 0x0F, 0x3A, 0x5C, 0x34, 0x31, 0x09, 0x07, 0x09, 0x0D, 0x0B, 0x07, 0x20, 0x23, 
0x49, 0x80, 0x4E, 0x4F, 0x7F, 0x49, 0x32, 0x31, 0x0A, 0x07, 0x0E, 0x08, 0x06, 0x0C, 0x4C, 0x00, 
0x00, 0x01, 0x00, 0x3C, 0xFF, 0xFA, 0x02, 0x15, 0x02, 0x28, 0x00, 0x30, 0x00, 0x47, 0x40, 0x44, 
0x2B, 0x01, 0x06, 0x05, 0x01, 0x4A, 0x00, 0x06, 0x05, 0x04, 0x05, 0x06, 0x04, 0x7E, 0x00, 0x01, 
0x03, 0x02, 0x03, 0x01, 0x02, 0x7E, 0x00, 0x04, 0x00, 0x03, 0x01, 0x04, 0x03, 0x65, 0x00, 0x05, 
0x05, 0x07, 0x5F, 0x08, 0x01, 0x07, 0x07, 0x19, 0x4B, 0x00, 0x02, 0x02, 0x00, 0x5F, 0x00, 0x00, 
0x00, 0x1A, 0x00, 0x4C, 0x00, 0x00, 0x00, 0x30, 0x00, 0x2F, 0x22, 0x22, 0x24, 0x23, 0x22, 0x27, 
0x26, 0x09, 0x07, 0x1B, 0x2B, 0x00, 0x16, 0x16, 0x15, 0x14, 0x06, 0x06, 0x23, 0x22, 0x26, 0x27, 
0x26, 0x35, 0x34, 0x37, 0x36, 0x33, 0x32, 0x17, 0x16, 0x33, 0x32, 0x36, 0x36, 0x37, 0x23, 0x22, 
0x26, 0x35, 0x34, 0x36, 0x33, 0x33, 0x26, 0x26, 0x23, 0x22, 0x07, 0x06, 0x23, 0x22, 0x27, 0x26, 
0x35, 0x34, 0x37, 0x36, 0x36, 0x33, 0x01, 0x5D, 0x76, 0x42, 0x47, 0x7C, 0x4D, 0x35, 0x5E, 0x23, 
0x08, 0x0A, 0x07, 0x0B, 0x0C, 0x09, 0x35, 0x58, 0x3A, 0x5D, 0x38, 0x04, 0xF4, 0x0C, 0x0F, 0x0F, 
0x0C, 0xF3, 0x09, 0x6A, 0x50, 0x63, 0x40, 0x0B, 0x0C, 0x09, 0x07, 0x0E, 0x07, 0x27, 0x6A, 0x40, 
0x02, 0x28, 0x49, 0x7F, 0x4F, 0x4E, 0x80, 0x49, 0x23, 0x20, 0x07, 0x0B, 0x0D, 0x09, 0x07, 0x09, 
0x31, 0x34, 0x5C, 0x3A, 0x0F, 0x0C, 0x0C, 0x0F, 0x55, 0x69, 0x4C, 0x0C, 0x06, 0x08, 0x0E, 0x07, 
0x0A, 0x31, 0x32, 0x00, 0xFF, 0xFF, 0x00, 0x5D, 0x00, 0x00, 0x00, 0xBA, 0x02, 0xF3, 0x00, 0x22, 
0x01, 0x0C, 0x00, 0x00, 0x00, 0x03, 0x03, 0x27, 0x01, 0x18, 0x00, 0x00, 0xFF, 0xFF, 0xFF, 0xF4, 
0x00, 0x00, 0x01, 0x23, 0x02, 0xF8, 0x00, 0x22, 0x01, 0x0C, 0x00, 0x00, 0x00, 0x03, 0x03, 0x26, 
0x01, 0x87, 0x00, 0x00, 0xFF, 0xFF, 0xFF, 0xA6, 0xFF, 0x16, 0x00, 0xBD, 0x02, 0xF3, 0x00, 0x22, 
0x01, 0x1C, 0x00, 0x00, 0x00, 0x03, 0x03, 0x27, 0x01, 0x1B, 0x00, 0x00, 0x00, 0x01, 0x00, 0x00, 
0x00, 0x00, 0x02, 0x5C, 0x03, 0x0D, 0x00, 0x37, 0x00, 0x3B, 0x40, 0x38, 0x34, 0x01, 0x00, 0x01, 
0x01, 0x4A, 0x06, 0x01, 0x04, 0x07, 0x01, 0x03, 0x08, 0x04, 0x03, 0x65, 0x00, 0x05, 0x05, 0x17, 
0x4B, 0x00, 0x01, 0x01, 0x08, 0x5F, 0x09, 0x01, 0x08, 0x08, 0x19, 0x4B, 0x02, 0x01, 0x00, 0x00, 
0x18, 0x00, 0x4C, 0x00, 0x00, 0x00, 0x37, 0x00, 0x36, 0x24, 0x23, 0x23, 0x24, 0x23, 0x26, 0x26, 
0x26, 0x0A, 0x07, 0x1C, 0x2B, 0x00, 0x16, 0x16, 0x15, 0x11, 0x14, 0x06, 0x23, 0x22, 0x26, 0x35, 
0x11, 0x34, 0x26, 0x26, 0x23, 0x22, 0x06, 0x06, 0x15, 0x11, 0x14, 0x06, 0x23, 0x22, 0x26, 0x35, 
0x11, 0x23, 0x22, 0x26, 0x35, 0x34, 0x36, 0x33, 0x33, 0x35, 0x34, 0x36, 0x33, 0x32, 0x16, 0x15, 
0x15, 0x33, 0x32, 0x16, 0x15, 0x14, 0x06, 0x23, 0x23, 0x15, 0x36, 0x36, 0x33, 0x01, 0xA8, 0x73, 
0x41, 0x10, 0x0E, 0x0D, 0x11, 0x31, 0x58, 0x38, 0x37, 0x56, 0x31, 0x10, 0x0E, 0x0D, 0x11, 0x4A, 
0x0C, 0x0F, 0x0F, 0x0C, 0x4A, 0x11, 0x0D, 0x0E, 0x10, 0xE3, 0x0C, 0x0F, 0x0F, 0x0C, 0xE3, 0x1F, 
0x63, 0x3C, 0x02, 0x20, 0x41, 0x74, 0x4A, 0xFE, 0xFD, 0x0D, 0x11, 0x11, 0x0D, 0x01, 0x03, 0x38, 
0x59, 0x32, 0x28, 0x48, 0x2E, 0xFE, 0xD8, 0x0D, 0x11, 0x11, 0x0D, 0x02, 0x50, 0x0F, 0x0C, 0x0C, 
0x0F, 0x4B, 0x0E, 0x10, 0x10, 0x0E, 0x4B, 0x0F, 0x0C, 0x0C, 0x0F, 0xAD, 0x2D, 0x32, 0x00, 0x00, 
0x00, 0x02, 0x00, 0x5A, 0xFF, 0xFA, 0x03, 0x33, 0x02, 0x29, 0x00, 0x20, 0x00, 0x30, 0x00, 0x6E, 
0x4B, 0xB0, 0x27, 0x50, 0x58, 0x40, 0x21, 0x00, 0x04, 0x00, 0x01, 0x07, 0x04, 0x01, 0x65, 0x00, 
0x06, 0x06, 0x03, 0x5F, 0x08, 0x05, 0x02, 0x03, 0x03, 0x19, 0x4B, 0x09, 0x01, 0x07, 0x07, 0x00, 
0x5F, 0x02, 0x01, 0x00, 0x00, 0x1A, 0x00, 0x4C, 0x1B, 0x40, 0x29, 0x00, 0x04, 0x00, 0x01, 0x07, 
0x04, 0x01, 0x65, 0x00, 0x03, 0x03, 0x19, 0x4B, 0x00, 0x06, 0x06, 0x05, 0x5F, 0x08, 0x01, 0x05, 
0x05, 0x19, 0x4B, 0x00, 0x02, 0x02, 0x18, 0x4B, 0x09, 0x01, 0x07, 0x07, 0x00, 0x5F, 0x00, 0x00, 
0x00, 0x1A, 0x00, 0x4C, 0x59, 0x40, 0x16, 0x21, 0x21, 0x00, 0x00, 0x21, 0x30, 0x21, 0x2F, 0x29, 
0x27, 0x00, 0x20, 0x00, 0x1F, 0x13, 0x25, 0x23, 0x13, 0x26, 0x0A, 0x07, 0x19, 0x2B, 0x00, 0x16, 
0x16, 0x15, 0x14, 0x06, 0x06, 0x23, 0x22, 0x26, 0x26, 0x27, 0x23, 0x15, 0x14, 0x06, 0x23, 0x22, 
0x26, 0x35, 0x11, 0x34, 0x36, 0x33, 0x32, 0x16, 0x15, 0x15, 0x33, 0x3E, 0x02, 0x33, 0x12, 0x36, 
0x36, 0x35, 0x34, 0x26, 0x26, 0x23, 0x22, 0x06, 0x06, 0x15, 0x14, 0x16, 0x16, 0x33, 0x02, 0x6A, 
0x80, 0x49, 0x49, 0x80, 0x4E, 0x4A, 0x7A, 0x4C, 0x07, 0x6F, 0x10, 0x0E, 0x0D, 0x11, 0x11, 0x0D, 
0x0E, 0x10, 0x6F, 0x05, 0x4C, 0x7B, 0x4B, 0x3E, 0x64, 0x39, 0x39, 0x64, 0x3E, 0x3E, 0x64, 0x3A, 
0x3A, 0x64, 0x3E, 0x02, 0x29, 0x49, 0x80, 0x4F, 0x4E, 0x80, 0x49, 0x40, 0x72, 0x47, 0xD5, 0x0D, 
0x11, 0x11, 0x0D, 0x01, 0xE7, 0x0E, 0x10, 0x10, 0x0E, 0xDC, 0x49, 0x75, 0x42, 0xFE, 0x09, 0x3A, 
0x66, 0x3F, 0x3F, 0x66, 0x3B, 0x3B, 0x66, 0x3F, 0x3F, 0x66, 0x3A, 0x00, 0x00, 0x02, 0x00, 0x41, 
0xFF, 0xFF, 0x01, 0xEC, 0x02, 0x23, 0x00, 0x1D, 0x00, 0x26, 0x00, 0x37, 0x40, 0x34, 0x15, 0x01, 
0x01, 0x05, 0x03, 0x01, 0x00, 0x01, 0x02, 0x4A, 0x00, 0x05, 0x00, 0x01, 0x00, 0x05, 0x01, 0x65, 
0x00, 0x04, 0x04, 0x03, 0x5D, 0x06, 0x01, 0x03, 0x03, 0x19, 0x4B, 0x02, 0x01, 0x00, 0x00, 0x18, 
0x00, 0x4C, 0x00, 0x00, 0x26, 0x24, 0x20, 0x1E, 0x00, 0x1D, 0x00, 0x1B, 0x22, 0x13, 0x25, 0x07, 
0x07, 0x17, 0x2B, 0x00, 0x16, 0x15, 0x11, 0x06, 0x06, 0x23, 0x22, 0x26, 0x35, 0x35, 0x23, 0x07, 
0x06, 0x23, 0x22, 0x27, 0x26, 0x35, 0x34, 0x37, 0x37, 0x26, 0x26, 0x35, 0x34, 0x36, 0x36, 0x33, 
0x33, 0x07, 0x23, 0x22, 0x06, 0x15, 0x14, 0x16, 0x33, 0x33, 0x01, 0xDC, 0x10, 0x01, 0x10, 0x0D, 
0x0D, 0x11, 0xA7, 0x97, 0x08, 0x0C, 0x09, 0x0B, 0x09, 0x08, 0x81, 0x34, 0x3E, 0x31, 0x57, 0x38, 
0xB6, 0x1E, 0x98, 0x3B, 0x49, 0x49, 0x3B, 0x98, 0x02, 0x23, 0x10, 0x0E, 0xFE, 0x18, 0x0D, 0x10, 
0x11, 0x0D, 0xA3, 0xB8, 0x0A, 0x09, 0x09, 0x0B, 0x0A, 0x0A, 0xA1, 0x11, 0x57, 0x3B, 0x33, 0x50, 
0x2C, 0x36, 0x41, 0x38, 0x3A, 0x43, 0x00, 0x00, 0x00, 0x01, 0x00, 0x14, 0xFF, 0x16, 0x02, 0x66, 
0x03, 0x0D, 0x00, 0x3A, 0x00, 0x3D, 0x40, 0x3A, 0x37, 0x01, 0x02, 0x01, 0x01, 0x4A, 0x00, 0x00, 
0x02, 0x00, 0x84, 0x06, 0x01, 0x04, 0x07, 0x01, 0x03, 0x08, 0x04, 0x03, 0x65, 0x09, 0x01, 0x08, 
0x00, 0x01, 0x02, 0x08, 0x01, 0x67, 0x00, 0x05, 0x05, 0x17, 0x4B, 0x00, 0x02, 0x02, 0x18, 0x02, 
0x4C, 0x00, 0x00, 0x00, 0x3A, 0x00, 0x39, 0x24, 0x23, 0x23, 0x24, 0x23, 0x26, 0x26, 0x1A, 0x0A, 
0x07, 0x1C, 0x2B, 0x00, 0x16, 0x16, 0x15, 0x14, 0x06, 0x07, 0x06, 0x26, 0x35, 0x34, 0x37, 0x36, 
0x36, 0x35, 0x34, 0x26, 0x26, 0x23, 0x22, 0x06, 0x06, 0x15, 0x11, 0x14, 0x06, 0x23, 0x22, 0x26, 
0x35, 0x11, 0x23, 0x22, 0x26, 0x35, 0x34, 0x36, 0x33, 0x33, 0x35, 0x34, 0x36, 0x33, 0x32, 0x16, 
0x15, 0x15, 0x33, 0x32, 0x16, 0x15, 0x14, 0x06, 0x23, 0x23, 0x15, 0x36, 0x36, 0x33, 0x01, 0xBA, 
0x6F, 0x3D, 0x7A, 0x71, 0x0D, 0x14, 0x1D, 0x58, 0x5B, 0x2F, 0x54, 0x34, 0x37, 0x56, 0x31, 0x10, 
0x0E, 0x0D, 0x11, 0x4A, 0x0C, 0x0F, 0x0F, 0x0C, 0x4A, 0x11, 0x0D, 0x0E, 0x10, 0xE3, 0x0C, 0x0F, 
0x0F, 0x0C, 0xE3, 0x20, 0x66, 0x38, 0x02, 0x0C, 0x59, 0x99, 0x5D, 0xB4, 0xE4, 0x0D, 0x02, 0x0F, 
0x10, 0x1D, 0x02, 0x08, 0xC5, 0x9C, 0x4C, 0x81, 0x4C, 0x2B, 0x4B, 0x2E, 0xFE, 0xEC, 0x0D, 0x11, 
0x11, 0x0D, 0x02, 0x50, 0x0F, 0x0C, 0x0C, 0x0F, 0x4B, 0x0E, 0x10, 0x10, 0x0E, 0x4B, 0x0F, 0x0C, 
0x0C, 0x0F, 0xC1, 0x2C, 0x33, 0x00, 0x00, 0x00, 0x00, 0x02, 0x00, 0x14, 0xFF, 0xF6, 0x02, 0x20, 
0x03, 0x0D, 0x00, 0x26, 0x00, 0x31, 0x00, 0x46, 0x40, 0x43, 0x15, 0x01, 0x02, 0x03, 0x01, 0x4A, 
0x09, 0x01, 0x06, 0x00, 0x07, 0x08, 0x06, 0x07, 0x65, 0x00, 0x03, 0x03, 0x17, 0x4B, 0x05, 0x01, 
0x01, 0x01, 0x02, 0x5D, 0x04, 0x01, 0x02, 0x02, 0x19, 0x4B, 0x0A, 0x01, 0x08, 0x08, 0x00, 0x5F, 
0x00, 0x00, 0x00, 0x1F, 0x00, 0x4C, 0x27, 0x27, 0x00, 0x00, 0x27, 0x31, 0x27, 0x30, 0x2D, 0x2B, 
0x00, 0x26, 0x00, 0x25, 0x24, 0x23, 0x23, 0x24, 0x24, 0x26, 0x0B, 0x07, 0x1A, 0x2B, 0x00, 0x16, 
0x16, 0x15, 0x14, 0x06, 0x06, 0x23, 0x22, 0x26, 0x26, 0x35, 0x11, 0x23, 0x22, 0x26, 0x35, 0x34, 
0x36, 0x33, 0x33, 0x35, 0x36, 0x36, 0x33, 0x32, 0x16, 0x15, 0x15, 0x33, 0x32, 0x16, 0x15, 0x14, 
0x06, 0x23, 0x23, 0x15, 0x33, 0x12, 0x36, 0x35, 0x34, 0x26, 0x23, 0x23, 0x15, 0x14, 0x16, 0x33, 
0x01, 0x97, 0x58, 0x31, 0x31, 0x58, 0x37, 0x3A, 0x5C, 0x34, 0x67, 0x0C, 0x0F, 0x0F, 0x0C, 0x67, 
0x01, 0x10, 0x0D, 0x0E, 0x10, 0x9B, 0x0C, 0x0F, 0x0F, 0x0C, 0x9B, 0x8E, 0x3C, 0x48, 0x48, 0x3C, 
0x8E, 0x50, 0x3E, 0x01, 0x62, 0x2E, 0x53, 0x35, 0x35, 0x53, 0x2E, 0x31, 0x58, 0x37, 0x01, 0x37, 
0x0F, 0x0C, 0x0C, 0x0F, 0xCD, 0x0D, 0x10, 0x10, 0x0E, 0xCC, 0x0F, 0x0C, 0x0C, 0x0F, 0x8B, 0xFE, 
0xCA, 0x42, 0x3E, 0x3E, 0x42, 0x77, 0x3C, 0x4D, 0x00, 0x02, 0x00, 0x23, 0xFF, 0xFD, 0x02, 0x9B, 
0x02, 0x23, 0x00, 0x34, 0x00, 0x37, 0x00, 0x38, 0x40, 0x35, 0x0D, 0x01, 0x01, 0x00, 0x01, 0x4A, 
0x04, 0x01, 0x02, 0x06, 0x01, 0x00, 0x01, 0x02, 0x00, 0x67, 0x00, 0x08, 0x08, 0x03, 0x5D, 0x00, 
0x03, 0x03, 0x19, 0x4B, 0x09, 0x07, 0x05, 0x03, 0x01, 0x01, 0x18, 0x01, 0x4C, 0x00, 0x00, 0x37, 
0x36, 0x00, 0x34, 0x00, 0x33, 0x14, 0x28, 0x15, 0x35, 0x18, 0x24, 0x13, 0x0A, 0x07, 0x1B, 0x2B, 
0x20, 0x26, 0x35, 0x35, 0x22, 0x06, 0x07, 0x07, 0x06, 0x23, 0x22, 0x27, 0x26, 0x35, 0x34, 0x37, 
0x37, 0x36, 0x36, 0x37, 0x27, 0x26, 0x35, 0x34, 0x36, 0x33, 0x21, 0x32, 0x16, 0x15, 0x14, 0x07, 
0x07, 0x16, 0x16, 0x17, 0x17, 0x16, 0x15, 0x14, 0x07, 0x06, 0x23, 0x22, 0x27, 0x27, 0x26, 0x26, 
0x23, 0x15, 0x14, 0x06, 0x23, 0x03, 0x37, 0x21, 0x01, 0x4F, 0x11, 0x43, 0x4D, 0x11, 0x46, 0x06, 
0x0E, 0x0C, 0x10, 0x04, 0x04, 0x3F, 0x18, 0x59, 0x45, 0x9E, 0x05, 0x0C, 0x07, 0x01, 0xA7, 0x09, 
0x0B, 0x06, 0xA9, 0x45, 0x5C, 0x1A, 0x45, 0x03, 0x04, 0x0D, 0x0E, 0x0D, 0x08, 0x48, 0x12, 0x51, 
0x42, 0x11, 0x0D, 0x02, 0x96, 0xFE, 0xDE, 0x11, 0x0E, 0xDA, 0x22, 0x2A, 0xA7, 0x08, 0x08, 0x03, 
0x08, 0x09, 0x08, 0x9F, 0x3D, 0x28, 0x03, 0xD9, 0x07, 0x06, 0x08, 0x0C, 0x0A, 0x08, 0x07, 0x08, 
0xD9, 0x03, 0x28, 0x3D, 0x9F, 0x07, 0x08, 0x09, 0x04, 0x09, 0x09, 0xA6, 0x29, 0x24, 0xDA, 0x0E, 
0x11, 0x01, 0x2F, 0xBE, 0xFF, 0xFF, 0x00, 0x3C, 0xFF, 0xFA, 0x02, 0x6B, 0x02, 0x29, 0x00, 0x02, 
0x02, 0x3E, 0x00, 0x00, 0x00, 0x01, 0x00, 0x14, 0xFF, 0xFF, 0x02, 0x2E, 0x02, 0x25, 0x00, 0x20, 
0x00, 0x1C, 0x40, 0x19, 0x1C, 0x14, 0x02, 0x01, 0x00, 0x01, 0x4A, 0x02, 0x01, 0x00, 0x00, 0x19, 
0x4B, 0x00, 0x01, 0x01, 0x18, 0x01, 0x4C, 0x28, 0x2B, 0x11, 0x03, 0x07, 0x17, 0x2B, 0x00, 0x33, 
0x32, 0x16, 0x15, 0x14, 0x07, 0x06, 0x07, 0x06, 0x06, 0x07, 0x03, 0x06, 0x23, 0x22, 0x26, 0x27, 
0x03, 0x26, 0x35, 0x34, 0x37, 0x36, 0x33, 0x32, 0x16, 0x17, 0x13, 0x13, 0x36, 0x36, 0x37, 0x02, 
0x09, 0x08, 0x0D, 0x10, 0x07, 0x08, 0x17, 0x19, 0x2B, 0x17, 0x85, 0x08, 0x18, 0x09, 0x0F, 0x04, 
0xD6, 0x02, 0x11, 0x06, 0x07, 0x08, 0x0D, 0x03, 0xBF, 0x6F, 0x1D, 0x43, 0x2D, 0x02, 0x25, 0x0C, 
0x0B, 0x0F, 0x07, 0x08, 0x04, 0x05, 0x3C, 0x3D, 0xFE, 0xA6, 0x15, 0x0B, 0x0A, 0x01, 0xE8, 0x04, 
0x07, 0x12, 0x08, 0x03, 0x09, 0x08, 0xFE, 0x48, 0x01, 0x25, 0x4E, 0x4F, 0x07, 0x00, 0x00, 0x00, 
0x00, 0x01, 0x00, 0x14, 0x00, 0x00, 0x01, 0xC2, 0x02, 0x23, 0x00, 0x24, 0x00, 0x2D, 0x40, 0x2A, 
0x05, 0x01, 0x01, 0x04, 0x01, 0x02, 0x03, 0x01, 0x02, 0x67, 0x00, 0x00, 0x00, 0x06, 0x5D, 0x07, 
0x01, 0x06, 0x06, 0x19, 0x4B, 0x00, 0x03, 0x03, 0x18, 0x03, 0x4C, 0x00, 0x00, 0x00, 0x24, 0x00, 
0x22, 0x24, 0x23, 0x23, 0x24, 0x21, 0x24, 0x08, 0x07, 0x1A, 0x2B, 0x00, 0x16, 0x15, 0x14, 0x06, 
0x23, 0x21, 0x15, 0x33, 0x32, 0x16, 0x15, 0x14, 0x06, 0x23, 0x23, 0x15, 0x14, 0x06, 0x23, 0x22, 
0x26, 0x35, 0x35, 0x23, 0x22, 0x26, 0x35, 0x34, 0x36, 0x33, 0x33, 0x35, 0x34, 0x36, 0x33, 0x21, 
0x01, 0xB3, 0x0F, 0x0F, 0x0C, 0xFE, 0xFB, 0x8F, 0x0C, 0x0F, 0x0F, 0x0C, 0x8F, 0x10, 0x0E, 0x0D, 
0x11, 0x37, 0x0C, 0x0F, 0x0F, 0x0C, 0x37, 0x11, 0x0D, 0x01, 0x23, 0x02, 0x23, 0x0F, 0x0C, 0x0C, 
0x0F, 0xC0, 0x0F, 0x0C, 0x0C, 0x0F, 0xD9, 0x0D, 0x11, 0x11, 0x0D, 0xD9, 0x0F, 0x0C, 0x0C, 0x0F, 
0xD8, 0x0E, 0x10, 0x00, 0x00, 0x01, 0x00, 0x5A, 0xFF, 0x5C, 0x02, 0x01, 0x02, 0x23, 0x00, 0x2D, 
0x00, 0x3C, 0x40, 0x39, 0x2B, 0x01, 0x02, 0x06, 0x17, 0x01, 0x03, 0x02, 0x02, 0x4A, 0x07, 0x01, 
0x06, 0x00, 0x02, 0x03, 0x06, 0x02, 0x67, 0x00, 0x01, 0x00, 0x00, 0x01, 0x00, 0x63, 0x00, 0x05, 
0x05, 0x04, 0x5D, 0x00, 0x04, 0x04, 0x19, 0x4B, 0x00, 0x03, 0x03, 0x18, 0x03, 0x4C, 0x00, 0x00, 
0x00, 0x2D, 0x00, 0x2C, 0x24, 0x35, 0x25, 0x25, 0x24, 0x26, 0x08, 0x07, 0x1A, 0x2B, 0x00, 0x16, 
0x16, 0x15, 0x14, 0x06, 0x06, 0x23, 0x22, 0x26, 0x35, 0x34, 0x36, 0x33, 0x32, 0x36, 0x36, 0x35, 
0x34, 0x26, 0x23, 0x22, 0x06, 0x07, 0x15, 0x14, 0x06, 0x23, 0x22, 0x26, 0x35, 0x11, 0x34, 0x36, 
0x33, 0x21, 0x32, 0x16, 0x15, 0x14, 0x06, 0x23, 0x21, 0x15, 0x36, 0x33, 0x01, 0x71, 0x5C, 0x34, 
0x3C, 0x65, 0x3E, 0x0E, 0x11, 0x12, 0x0D, 0x2F, 0x4A, 0x2A, 0x52, 0x45, 0x2C, 0x48, 0x24, 0x10, 
0x0E, 0x0D, 0x11, 0x11, 0x0D, 0x01, 0x23, 0x0C, 0x0F, 0x0F, 0x0C, 0xFE, 0xFB, 0x40, 0x60, 0x01, 
0x62, 0x3A, 0x6A, 0x47, 0x5C, 0x7F, 0x40, 0x11, 0x0D, 0x0D, 0x12, 0x36, 0x61, 0x3D, 0x52, 0x67, 
0x18, 0x1E, 0xD2, 0x0D, 0x11, 0x11, 0x0D, 0x01, 0xE7, 0x0E, 0x10, 0x0F, 0x0C, 0x0C, 0x0F, 0xB9, 
0x2E, 0x00, 0x00, 0x00, 0x00, 0x01, 0x00, 0x1E, 0xFF, 0x5A, 0x03, 0x17, 0x02, 0x23, 0x00, 0x40, 
0x00, 0x44, 0x40, 0x41, 0x39, 0x1B, 0x02, 0x01, 0x06, 0x01, 0x4A, 0x0C, 0x01, 0x0B, 0x00, 0x0B, 
0x84, 0x08, 0x01, 0x06, 0x03, 0x01, 0x01, 0x0A, 0x06, 0x01, 0x65, 0x09, 0x07, 0x02, 0x05, 0x05, 
0x19, 0x4B, 0x00, 0x0A, 0x0A, 0x00, 0x60, 0x04, 0x02, 0x02, 0x00, 0x00, 0x18, 0x00, 0x4C, 0x00, 
0x00, 0x00, 0x40, 0x00, 0x3F, 0x3C, 0x3A, 0x33, 0x31, 0x13, 0x23, 0x12, 0x2C, 0x22, 0x13, 0x23, 
0x12, 0x32, 0x0D, 0x07, 0x1D, 0x2B, 0x04, 0x35, 0x35, 0x23, 0x23, 0x22, 0x27, 0x27, 0x23, 0x15, 
0x14, 0x06, 0x23, 0x22, 0x26, 0x35, 0x35, 0x23, 0x07, 0x06, 0x23, 0x22, 0x27, 0x26, 0x35, 0x34, 
0x37, 0x37, 0x27, 0x26, 0x35, 0x34, 0x37, 0x36, 0x33, 0x32, 0x17, 0x17, 0x33, 0x35, 0x34, 0x36, 
0x33, 0x32, 0x16, 0x15, 0x15, 0x33, 0x37, 0x36, 0x33, 0x32, 0x17, 0x16, 0x15, 0x14, 0x07, 0x07, 
0x17, 0x33, 0x32, 0x15, 0x15, 0x14, 0x23, 0x02, 0xDB, 0x1F, 0x05, 0x10, 0x06, 0x93, 0x69, 0x10, 
0x0E, 0x0D, 0x11, 0x69, 0xB1, 0x07, 0x0C, 0x0C, 0x09, 0x09, 0x08, 0xAC, 0x95, 0x07, 0x09, 0x08, 
0x09, 0x0A, 0x09, 0xA0, 0x66, 0x11, 0x0D, 0x0E, 0x10, 0x63, 0xA3, 0x09, 0x0A, 0x09, 0x08, 0x09, 
0x07, 0x95, 0x8A, 0x33, 0x1E, 0x1E, 0xA6, 0x1E, 0x88, 0x09, 0xEA, 0xD5, 0x0D, 0x11, 0x11, 0x0D, 
0xD5, 0xEA, 0x0A, 0x09, 0x09, 0x0B, 0x0A, 0x0A, 0xE3, 0xE1, 0x0C, 0x09, 0x0C, 0x07, 0x07, 0x09, 
0xF1, 0xDC, 0x0E, 0x10, 0x10, 0x0E, 0xDC, 0xF1, 0x09, 0x07, 0x06, 0x0D, 0x0B, 0x0A, 0xE1, 0xDD, 
0x1E, 0xA0, 0x1E, 0x00, 0x00, 0x01, 0x00, 0x2D, 0xFF, 0x5A, 0x01, 0xCA, 0x02, 0x2D, 0x00, 0x42, 
0x00, 0x43, 0x40, 0x40, 0x3F, 0x01, 0x03, 0x04, 0x08, 0x02, 0x02, 0x00, 0x02, 0x02, 0x4A, 0x00, 
0x06, 0x05, 0x04, 0x05, 0x06, 0x04, 0x7E, 0x00, 0x01, 0x03, 0x02, 0x03, 0x01, 0x02, 0x7E, 0x00, 
0x04, 0x00, 0x03, 0x01, 0x04, 0x03, 0x67, 0x00, 0x02, 0x00, 0x00, 0x02, 0x00, 0x63, 0x00, 0x05, 
0x05, 0x07, 0x5F, 0x00, 0x07, 0x07, 0x19, 0x05, 0x4C, 0x28, 0x13, 0x24, 0x34, 0x34, 0x23, 0x1B, 
0x24, 0x08, 0x07, 0x1C, 0x2B, 0x24, 0x06, 0x07, 0x15, 0x14, 0x23, 0x22, 0x35, 0x35, 0x26, 0x26, 
0x27, 0x26, 0x35, 0x34, 0x37, 0x36, 0x33, 0x32, 0x17, 0x16, 0x16, 0x33, 0x32, 0x36, 0x35, 0x34, 
0x26, 0x27, 0x23, 0x22, 0x26, 0x35, 0x34, 0x36, 0x33, 0x33, 0x32, 0x36, 0x35, 0x34, 0x26, 0x23, 
0x22, 0x06, 0x07, 0x06, 0x23, 0x22, 0x27, 0x26, 0x26, 0x35, 0x34, 0x37, 0x36, 0x33, 0x32, 0x16, 
0x16, 0x15, 0x14, 0x06, 0x07, 0x16, 0x16, 0x15, 0x01, 0xCA, 0x5C, 0x48, 0x1E, 0x1E, 0x39, 0x69, 
0x18, 0x03, 0x14, 0x06, 0x02, 0x10, 0x0E, 0x1B, 0x4F, 0x2C, 0x41, 0x50, 0x43, 0x33, 0x2E, 0x10, 
0x15, 0x15, 0x10, 0x2E, 0x29, 0x37, 0x45, 0x34, 0x32, 0x3F, 0x16, 0x09, 0x12, 0x06, 0x08, 0x08, 
0x0A, 0x05, 0x48, 0x75, 0x33, 0x53, 0x2F, 0x33, 0x29, 0x33, 0x3F, 0x5A, 0x56, 0x0B, 0x81, 0x1E, 
0x1E, 0x7F, 0x05, 0x37, 0x26, 0x06, 0x06, 0x12, 0x09, 0x02, 0x11, 0x1E, 0x25, 0x36, 0x33, 0x2D, 
0x40, 0x02, 0x10, 0x0C, 0x0C, 0x10, 0x35, 0x27, 0x26, 0x34, 0x22, 0x1F, 0x0E, 0x03, 0x04, 0x0D, 
0x08, 0x07, 0x08, 0x5D, 0x25, 0x41, 0x28, 0x28, 0x43, 0x10, 0x0B, 0x4E, 0x35, 0x00, 0x00, 0x00, 
0x00, 0x01, 0x00, 0x5A, 0xFF, 0x5A, 0x02, 0x1D, 0x02, 0x23, 0x00, 0x28, 0x00, 0x39, 0x40, 0x36, 
0x26, 0x01, 0x02, 0x05, 0x01, 0x4A, 0x00, 0x00, 0x01, 0x00, 0x84, 0x00, 0x05, 0x00, 0x02, 0x07, 
0x05, 0x02, 0x65, 0x06, 0x01, 0x04, 0x04, 0x19, 0x4B, 0x08, 0x01, 0x07, 0x07, 0x01, 0x60, 0x03, 
0x01, 0x01, 0x01, 0x18, 0x01, 0x4C, 0x00, 0x00, 0x00, 0x28, 0x00, 0x27, 0x22, 0x13, 0x25, 0x23, 
0x12, 0x22, 0x23, 0x09, 0x07, 0x1B, 0x2B, 0x24, 0x15, 0x15, 0x14, 0x23, 0x22, 0x35, 0x35, 0x23, 
0x22, 0x27, 0x27, 0x23, 0x15, 0x14, 0x06, 0x23, 0x22, 0x26, 0x35, 0x11, 0x34, 0x36, 0x33, 0x32, 
0x16, 0x15, 0x15, 0x33, 0x37, 0x36, 0x33, 0x32, 0x17, 0x16, 0x15, 0x14, 0x07, 0x07, 0x17, 0x33, 
0x02, 0x1D, 0x1E, 0x1E, 0x0E, 0x12, 0x07, 0xB3, 0x71, 0x10, 0x0E, 0x0D, 0x11, 0x11, 0x0D, 0x0E, 
0x10, 0x6C, 0xCF, 0x09, 0x0A, 0x09, 0x08, 0x0A, 0x08, 0xC0, 0xA7, 0x21, 0x36, 0x1E, 0xA0, 0x1E, 
0x1E, 0x88, 0x09, 0xEA, 0xD5, 0x0D, 0x11, 0x11, 0x0D, 0x01, 0xE7, 0x0E, 0x10, 0x10, 0x0E, 0xDC, 
0xF1, 0x09, 0x07, 0x09, 0x0B, 0x0A, 0x0A, 0xE1, 0xDD, 0x00, 0x00, 0x00, 0x00, 0x01, 0x00, 0x5A, 
0xFF, 0xFF, 0x02, 0x09, 0x02, 0x23, 0x00, 0x38, 0x00, 0x40, 0x40, 0x3D, 0x24, 0x01, 0x06, 0x07, 
0x37, 0x01, 0x01, 0x06, 0x0A, 0x01, 0x02, 0x01, 0x03, 0x4A, 0x2C, 0x01, 0x06, 0x01, 0x49, 0x00, 
0x06, 0x03, 0x01, 0x01, 0x02, 0x06, 0x01, 0x65, 0x00, 0x07, 0x00, 0x02, 0x00, 0x07, 0x02, 0x67, 
0x08, 0x01, 0x05, 0x05, 0x19, 0x4B, 0x04, 0x01, 0x00, 0x00, 0x18, 0x00, 0x4C, 0x27, 0x23, 0x13, 
0x25, 0x23, 0x14, 0x23, 0x12, 0x24, 0x09, 0x07, 0x1D, 0x2B, 0x24, 0x15, 0x14, 0x07, 0x06, 0x23, 
0x22, 0x27, 0x27, 0x23, 0x15, 0x14, 0x06, 0x23, 0x23, 0x22, 0x26, 0x35, 0x35, 0x23, 0x15, 0x14, 
0x06, 0x23, 0x22, 0x26, 0x35, 0x11, 0x34, 0x36, 0x33, 0x32, 0x16, 0x15, 0x15, 0x33, 0x35, 0x34, 
0x36, 0x33, 0x33, 0x32, 0x16, 0x15, 0x15, 0x33, 0x37, 0x36, 0x33, 0x32, 0x17, 0x16, 0x15, 0x14, 
0x07, 0x07, 0x17, 0x02, 0x09, 0x09, 0x09, 0x0B, 0x0A, 0x0A, 0xD1, 0x0B, 0x0E, 0x08, 0x05, 0x08, 
0x0E, 0x35, 0x10, 0x0E, 0x0D, 0x11, 0x11, 0x0D, 0x0E, 0x10, 0x35, 0x0E, 0x08, 0x05, 0x08, 0x0E, 
0x06, 0xCF, 0x09, 0x0A, 0x09, 0x08, 0x0A, 0x08, 0xC0, 0xCA, 0x26, 0x0A, 0x0B, 0x09, 0x09, 0x0A, 
0xEA, 0x60, 0x07, 0x0B, 0x0B, 0x07, 0x60, 0xD5, 0x0D, 0x11, 0x11, 0x0D, 0x01, 0xE7, 0x0E, 0x10, 
0x10, 0x0E, 0xDC, 0x63, 0x07, 0x0B, 0x0B, 0x07, 0x63, 0xF1, 0x09, 0x07, 0x09, 0x0B, 0x0A, 0x0A, 
0xE1, 0xE3, 0x00, 0x00, 0x00, 0x01, 0x00, 0x14, 0xFF, 0xFF, 0x02, 0x63, 0x02, 0x23, 0x00, 0x2A, 
0x00, 0x2D, 0x40, 0x2A, 0x29, 0x01, 0x01, 0x05, 0x01, 0x4A, 0x00, 0x05, 0x00, 0x01, 0x00, 0x05, 
0x01, 0x65, 0x00, 0x03, 0x03, 0x04, 0x5F, 0x06, 0x01, 0x04, 0x04, 0x19, 0x4B, 0x02, 0x01, 0x00, 
0x00, 0x18, 0x00, 0x4C, 0x22, 0x13, 0x44, 0x23, 0x23, 0x12, 0x24, 0x07, 0x07, 0x1B, 0x2B, 0x24, 
0x15, 0x14, 0x07, 0x06, 0x23, 0x22, 0x27, 0x27, 0x23, 0x15, 0x14, 0x06, 0x23, 0x22, 0x26, 0x35, 
0x11, 0x23, 0x22, 0x26, 0x35, 0x34, 0x36, 0x3B, 0x02, 0x32, 0x16, 0x15, 0x15, 0x33, 0x37, 0x36, 
0x33, 0x32, 0x17, 0x16, 0x15, 0x14, 0x07, 0x07, 0x17, 0x02, 0x63, 0x09, 0x09, 0x0B, 0x0A, 0x0A, 
0xD1, 0x67, 0x10, 0x0E, 0x0D, 0x11, 0x8F, 0x0C, 0x0F, 0x0F, 0x0C, 0xAC, 0x01, 0x0E, 0x10, 0x62, 
0xCF, 0x09, 0x0A, 0x09, 0x08, 0x0A, 0x08, 0xC0, 0xCA, 0x26, 0x0A, 0x0B, 0x09, 0x09, 0x0A, 0xEA, 
0xD5, 0x0D, 0x11, 0x11, 0x0D, 0x01, 0xCF, 0x0F, 0x0C, 0x0C, 0x0F, 0x10, 0x0E, 0xDC, 0xF1, 0x09, 
0x07, 0x09, 0x0B, 0x0A, 0x0A, 0xE1, 0xE3, 0x00, 0x00, 0x01, 0x00, 0x5A, 0xFF, 0x5A, 0x02, 0xA9, 
0x02, 0x23, 0x00, 0x26, 0x00, 0x33, 0x40, 0x30, 0x00, 0x00, 0x01, 0x00, 0x84, 0x00, 0x05, 0x00, 
0x02, 0x07, 0x05, 0x02, 0x65, 0x06, 0x01, 0x04, 0x04, 0x19, 0x4B, 0x08, 0x01, 0x07, 0x07, 0x01, 
0x60, 0x03, 0x01, 0x01, 0x01, 0x18, 0x01, 0x4C, 0x00, 0x00, 0x00, 0x26, 0x00, 0x25, 0x23, 0x13, 
0x25, 0x23, 0x14, 0x12, 0x23, 0x09, 0x07, 0x1B, 0x2B, 0x24, 0x15, 0x15, 0x14, 0x23, 0x22, 0x35, 
0x35, 0x23, 0x26, 0x26, 0x35, 0x35, 0x21, 0x15, 0x14, 0x06, 0x23, 0x22, 0x26, 0x35, 0x11, 0x34, 
0x36, 0x33, 0x32, 0x16, 0x15, 0x15, 0x21, 0x35, 0x34, 0x36, 0x33, 0x32, 0x16, 0x15, 0x11, 0x33, 
0x02, 0xA9, 0x1E, 0x1E, 0x3C, 0x0D, 0x0F, 0xFE, 0x81, 0x10, 0x0E, 0x0D, 0x11, 0x11, 0x0D, 0x0E, 
0x10, 0x01, 0x7F, 0x11, 0x0D, 0x0E, 0x10, 0x3A, 0x36, 0x1E, 0xA0, 0x1E, 0x1E, 0x88, 0x01, 0x10, 
0x0D, 0xD5, 0xD5, 0x0D, 0x11, 0x11, 0x0D, 0x01, 0xE7, 0x0E, 0x10, 0x10, 0x0E, 0xDC, 0xDC, 0x0E, 
0x10, 0x10, 0x0E, 0xFE, 0x31, 0x00, 0x00, 0x00, 0x00, 0x01, 0x00, 0x5A, 0x00, 0x00, 0x03, 0x49, 
0x02, 0x23, 0x00, 0x24, 0x00, 0x2D, 0x40, 0x2A, 0x00, 0x01, 0x00, 0x05, 0x04, 0x01, 0x05, 0x65, 
0x00, 0x03, 0x03, 0x00, 0x5F, 0x02, 0x01, 0x00, 0x00, 0x19, 0x4B, 0x07, 0x06, 0x02, 0x04, 0x04, 
0x18, 0x04, 0x4C, 0x00, 0x00, 0x00, 0x24, 0x00, 0x23, 0x13, 0x23, 0x24, 0x33, 0x13, 0x25, 0x08, 
0x07, 0x1A, 0x2B, 0x32, 0x26, 0x35, 0x11, 0x34, 0x36, 0x33, 0x32, 0x16, 0x15, 0x15, 0x21, 0x35, 
0x34, 0x36, 0x33, 0x21, 0x32, 0x16, 0x15, 0x14, 0x06, 0x23, 0x21, 0x11, 0x14, 0x06, 0x23, 0x22, 
0x26, 0x35, 0x35, 0x21, 0x15, 0x14, 0x06, 0x23, 0x6B, 0x11, 0x11, 0x0D, 0x0E, 0x10, 0x01, 0x57, 
0x11, 0x0D, 0x01, 0x23, 0x0C, 0x0F, 0x0F, 0x0C, 0xFE, 0xFB, 0x10, 0x0E, 0x0D, 0x11, 0xFE, 0xA9, 
0x10, 0x0E, 0x11, 0x0D, 0x01, 0xE7, 0x0E, 0x10, 0x10, 0x0E, 0xDC, 0xDC, 0x0E, 0x10, 0x0F, 0x0C, 
0x0C, 0x0F, 0xFE, 0x31, 0x0D, 0x11, 0x11, 0x0D, 0xD5, 0xD5, 0x0D, 0x11, 0x00, 0x01, 0x00, 0x3C, 
0xFF, 0x5A, 0x02, 0x15, 0x02, 0x28, 0x00, 0x2E, 0x00, 0x3A, 0x40, 0x37, 0x19, 0x13, 0x02, 0x02, 
0x00, 0x01, 0x4A, 0x00, 0x04, 0x05, 0x01, 0x05, 0x04, 0x01, 0x7E, 0x00, 0x01, 0x00, 0x05, 0x01, 
0x00, 0x7C, 0x00, 0x00, 0x00, 0x02, 0x00, 0x02, 0x63, 0x06, 0x01, 0x05, 0x05, 0x03, 0x5F, 0x00, 
0x03, 0x03, 0x19, 0x05, 0x4C, 0x00, 0x00, 0x00, 0x2E, 0x00, 0x2D, 0x27, 0x29, 0x29, 0x22, 0x26, 
0x07, 0x07, 0x19, 0x2B, 0x00, 0x06, 0x06, 0x15, 0x14, 0x16, 0x16, 0x33, 0x32, 0x37, 0x36, 0x33, 
0x32, 0x17, 0x16, 0x15, 0x14, 0x07, 0x06, 0x07, 0x15, 0x14, 0x23, 0x22, 0x35, 0x35, 0x2E, 0x02, 
0x35, 0x34, 0x36, 0x36, 0x33, 0x32, 0x16, 0x17, 0x16, 0x15, 0x14, 0x07, 0x06, 0x23, 0x22, 0x27, 
0x26, 0x23, 0x01, 0x03, 0x5A, 0x31, 0x36, 0x60, 0x3E, 0x58, 0x35, 0x09, 0x0C, 0x0B, 0x07, 0x0A, 
0x08, 0x3C, 0x5B, 0x1E, 0x1E, 0x46, 0x6F, 0x3E, 0x42, 0x76, 0x49, 0x40, 0x6A, 0x27, 0x07, 0x0E, 
0x07, 0x09, 0x0E, 0x09, 0x40, 0x63, 0x01, 0xF0, 0x39, 0x66, 0x40, 0x3F, 0x66, 0x3A, 0x31, 0x09, 
0x07, 0x09, 0x0D, 0x0B, 0x07, 0x38, 0x09, 0x84, 0x1E, 0x1E, 0x83, 0x07, 0x4C, 0x7A, 0x49, 0x4F, 
0x7F, 0x49, 0x32, 0x31, 0x0A, 0x07, 0x0E, 0x08, 0x06, 0x0C, 0x4C, 0x00, 0xFF, 0xFF, 0x00, 0x28, 
0xFF, 0x15, 0x02, 0x22, 0x02, 0x23, 0x00, 0x02, 0x02, 0x6B, 0x00, 0x00, 0x00, 0x01, 0x00, 0x28, 
0xFF, 0x16, 0x02, 0x22, 0x02, 0x23, 0x00, 0x29, 0x00, 0x31, 0x40, 0x2E, 0x1A, 0x14, 0x0E, 0x03, 
0x01, 0x02, 0x01, 0x4A, 0x04, 0x01, 0x01, 0x05, 0x01, 0x00, 0x06, 0x01, 0x00, 0x65, 0x03, 0x01, 
0x02, 0x02, 0x19, 0x4B, 0x07, 0x01, 0x06, 0x06, 0x1B, 0x06, 0x4C, 0x00, 0x00, 0x00, 0x29, 0x00, 
0x28, 0x24, 0x25, 0x24, 0x25, 0x24, 0x23, 0x08, 0x07, 0x1A, 0x2B, 0x04, 0x26, 0x35, 0x35, 0x23, 
0x22, 0x26, 0x35, 0x34, 0x36, 0x33, 0x33, 0x03, 0x26, 0x35, 0x34, 0x36, 0x33, 0x32, 0x17, 0x13, 
0x13, 0x36, 0x33, 0x32, 0x16, 0x15, 0x14, 0x07, 0x03, 0x33, 0x32, 0x16, 0x15, 0x14, 0x06, 0x23, 
0x23, 0x15, 0x14, 0x06, 0x23, 0x01, 0x17, 0x11, 0x98, 0x0D, 0x11, 0x11, 0x0D, 0x9A, 0xDE, 0x02, 
0x11, 0x0D, 0x12, 0x09, 0xC3, 0xC4, 0x07, 0x14, 0x0D, 0x12, 0x03, 0xDE, 0x9A, 0x0D, 0x11, 0x11, 
0x0D, 0x98, 0x12, 0x0D, 0xEA, 0x11, 0x0D, 0xA3, 0x12, 0x0D, 0x0D, 0x11, 0x01, 0xE5, 0x03, 0x09, 
0x0D, 0x11, 0x10, 0xFE, 0x55, 0x01, 0xAA, 0x11, 0x11, 0x0D, 0x07, 0x05, 0xFE, 0x1B, 0x11, 0x0D, 
0x0D, 0x12, 0xA3, 0x0D, 0x11, 0x00, 0x00, 0x00, 0x00, 0x01, 0x00, 0x2D, 0xFF, 0x5A, 0x02, 0x42, 
0x02, 0x23, 0x00, 0x29, 0x00, 0x37, 0x40, 0x34, 0x0C, 0x01, 0x04, 0x03, 0x01, 0x4A, 0x00, 0x00, 
0x01, 0x00, 0x84, 0x00, 0x04, 0x00, 0x02, 0x06, 0x04, 0x02, 0x67, 0x05, 0x01, 0x03, 0x03, 0x19, 
0x4B, 0x07, 0x01, 0x06, 0x06, 0x01, 0x60, 0x00, 0x01, 0x01, 0x18, 0x01, 0x4C, 0x00, 0x00, 0x00, 
0x29, 0x00, 0x28, 0x25, 0x25, 0x25, 0x25, 0x22, 0x23, 0x08, 0x07, 0x1A, 0x2B, 0x24, 0x15, 0x15, 
0x14, 0x23, 0x22, 0x35, 0x35, 0x23, 0x22, 0x26, 0x35, 0x35, 0x06, 0x06, 0x23, 0x22, 0x26, 0x35, 
0x35, 0x34, 0x36, 0x33, 0x32, 0x16, 0x15, 0x15, 0x14, 0x16, 0x33, 0x32, 0x36, 0x35, 0x35, 0x34, 
0x36, 0x33, 0x32, 0x16, 0x15, 0x11, 0x33, 0x02, 0x42, 0x1E, 0x1E, 0x3C, 0x0D, 0x11, 0x19, 0x4D, 
0x30, 0x6D, 0x7C, 0x11, 0x0D, 0x0E, 0x10, 0x5A, 0x53, 0x42, 0x54, 0x11, 0x0D, 0x0E, 0x10, 0x3C, 
0x36, 0x1E, 0xA0, 0x1E, 0x1E, 0x88, 0x11, 0x0D, 0xD2, 0x1F, 0x24, 0x7D, 0x6E, 0x6D, 0x0E, 0x10, 
0x10, 0x0E, 0x6D, 0x53, 0x5C, 0x31, 0x27, 0xC4, 0x0E, 0x10, 0x10, 0x0E, 0xFE, 0x31, 0x00, 0x00, 
0x00, 0x01, 0x00, 0x2D, 0x00, 0x00, 0x01, 0xE8, 0x02, 0x23, 0x00, 0x34, 0x00, 0x31, 0x40, 0x2E, 
0x2D, 0x25, 0x24, 0x16, 0x0E, 0x0D, 0x0A, 0x07, 0x01, 0x03, 0x01, 0x4A, 0x00, 0x03, 0x00, 0x01, 
0x00, 0x03, 0x01, 0x67, 0x05, 0x04, 0x02, 0x02, 0x02, 0x19, 0x4B, 0x00, 0x00, 0x00, 0x18, 0x00, 
0x4C, 0x00, 0x00, 0x00, 0x34, 0x00, 0x33, 0x29, 0x2A, 0x29, 0x25, 0x06, 0x07, 0x18, 0x2B, 0x00, 
0x16, 0x15, 0x11, 0x14, 0x06, 0x23, 0x22, 0x26, 0x35, 0x35, 0x06, 0x06, 0x07, 0x15, 0x14, 0x06, 
0x23, 0x23, 0x22, 0x26, 0x35, 0x35, 0x26, 0x26, 0x35, 0x35, 0x34, 0x36, 0x33, 0x32, 0x16, 0x15, 
0x15, 0x14, 0x16, 0x17, 0x35, 0x34, 0x36, 0x33, 0x33, 0x32, 0x16, 0x15, 0x15, 0x36, 0x36, 0x35, 
0x35, 0x34, 0x36, 0x33, 0x01, 0xD8, 0x10, 0x10, 0x0E, 0x0D, 0x11, 0x15, 0x41, 0x28, 0x0E, 0x08, 
0x05, 0x08, 0x0E, 0x62, 0x6E, 0x11, 0x0D, 0x0E, 0x10, 0x4D, 0x47, 0x0E, 0x08, 0x05, 0x08, 0x0E, 
0x39, 0x45, 0x11, 0x0D, 0x02, 0x23, 0x10, 0x0E, 0xFE, 0x19, 0x0D, 0x11, 0x11, 0x0D, 0xD2, 0x1B, 
0x23, 0x04, 0x54, 0x07, 0x0B, 0x0B, 0x07, 0x54, 0x07, 0x7B, 0x68, 0x6D, 0x0E, 0x10, 0x10, 0x0E, 
0x6D, 0x4D, 0x5A, 0x07, 0x69, 0x07, 0x0B, 0x0B, 0x07, 0x69, 0x05, 0x2F, 0x23, 0xC4, 0x0E, 0x10, 
0xFF, 0xFF, 0x00, 0x5A, 0x00, 0x00, 0x02, 0x51, 0x03, 0x0D, 0x00, 0x02, 0x01, 0x08, 0x00, 0x00, 
0xFF, 0xFF, 0x00, 0x46, 0x00, 0x00, 0x00, 0xFA, 0x03, 0x0D, 0x00, 0x02, 0x01, 0x21, 0x00, 0x00, 
0xFF, 0xFF, 0x00, 0x23, 0xFF, 0xFF, 0x02, 0xF5, 0x03, 0x02, 0x00, 0x22, 0x01, 0xF7, 0x00, 0x00, 
0x00, 0x03, 0x03, 0x52, 0x02, 0x6E, 0x00, 0x00, 0x00, 0x01, 0x00, 0x2D, 0xFF, 0x5A, 0x01, 0xE8, 
0x02, 0x23, 0x00, 0x2A, 0x00, 0x37, 0x40, 0x34, 0x12, 0x01, 0x05, 0x04, 0x01, 0x4A, 0x00, 0x01, 
0x00, 0x01, 0x84, 0x00, 0x05, 0x00, 0x03, 0x02, 0x05, 0x03, 0x67, 0x07, 0x06, 0x02, 0x04, 0x04, 
0x19, 0x4B, 0x00, 0x02, 0x02, 0x00, 0x60, 0x00, 0x00, 0x00, 0x18, 0x00, 0x4C, 0x00, 0x00, 0x00, 
0x2A, 0x00, 0x29, 0x25, 0x25, 0x23, 0x23, 0x22, 0x35, 0x08, 0x07, 0x1A, 0x2B, 0x00, 0x16, 0x15, 
0x11, 0x14, 0x06, 0x2B, 0x02, 0x15, 0x14, 0x23, 0x22, 0x35, 0x35, 0x34, 0x33, 0x33, 0x35, 0x06, 
0x06, 0x23, 0x22, 0x26, 0x35, 0x35, 0x34, 0x36, 0x33, 0x32, 0x16, 0x15, 0x15, 0x14, 0x16, 0x33, 
0x32, 0x36, 0x35, 0x35, 0x34, 0x36, 0x33, 0x01, 0xD8, 0x10, 0x10, 0x0E, 0x01, 0x3C, 0x1E, 0x1E, 
0x1E, 0x3D, 0x19, 0x4D, 0x30, 0x6D, 0x7C, 0x11, 0x0D, 0x0E, 0x10, 0x5A, 0x53, 0x42, 0x54, 0x11, 
0x0D, 0x02, 0x23, 0x10, 0x0E, 0xFE, 0x19, 0x0D, 0x11, 0x88, 0x1E, 0x1E, 0xA0, 0x1E, 0xBA, 0x1F, 
0x24, 0x7D, 0x6E, 0x6D, 0x0E, 0x10, 0x10, 0x0E, 0x6D, 0x53, 0x5C, 0x31, 0x27, 0xC4, 0x0E, 0x10, 
0xFF, 0xFF, 0x00, 0x3C, 0xFF, 0xFA, 0x02, 0x6B, 0x03, 0x02, 0x00, 0x22, 0x01, 0xED, 0x00, 0x00, 
0x00, 0x03, 0x03, 0x52, 0x02, 0x36, 0x00, 0x00, 0xFF, 0xFF, 0x00, 0x3C, 0xFF, 0xFA, 0x02, 0x6B, 
0x02, 0xF8, 0x00, 0x22, 0x01, 0xED, 0x00, 0x00, 0x00, 0x03, 0x03, 0x26, 0x02, 0x4F, 0x00, 0x00, 
0xFF, 0xFF, 0x00, 0x3C, 0xFF, 0xFA, 0x04, 0x2C, 0x02, 0x29, 0x00, 0x02, 0x00, 0xDF, 0x00, 0x00, 
0xFF, 0xFF, 0x00, 0x3C, 0xFF, 0xFB, 0x02, 0x39, 0x03, 0x02, 0x00, 0x22, 0x01, 0xF4, 0x00, 0x00, 
0x00, 0x03, 0x03, 0x52, 0x02, 0x24, 0x00, 0x00, 0x00, 0x02, 0x00, 0x28, 0xFF, 0xFB, 0x02, 0x25, 
0x02, 0x28, 0x00, 0x21, 0x00, 0x28, 0x00, 0x3F, 0x40, 0x3C, 0x00, 0x03, 0x02, 0x01, 0x02, 0x03, 
0x01, 0x7E, 0x00, 0x01, 0x00, 0x05, 0x06, 0x01, 0x05, 0x65, 0x00, 0x02, 0x02, 0x04, 0x5F, 0x07, 
0x01, 0x04, 0x04, 0x19, 0x4B, 0x08, 0x01, 0x06, 0x06, 0x00, 0x5F, 0x00, 0x00, 0x00, 0x1A, 0x00, 
0x4C, 0x22, 0x22, 0x00, 0x00, 0x22, 0x28, 0x22, 0x27, 0x25, 0x24, 0x00, 0x21, 0x00, 0x20, 0x23, 
0x23, 0x25, 0x26, 0x09, 0x07, 0x18, 0x2B, 0x00, 0x16, 0x16, 0x15, 0x14, 0x06, 0x06, 0x23, 0x22, 
0x26, 0x26, 0x35, 0x34, 0x36, 0x33, 0x21, 0x2E, 0x02, 0x23, 0x22, 0x06, 0x07, 0x06, 0x23, 0x22, 
0x27, 0x26, 0x35, 0x34, 0x37, 0x36, 0x36, 0x33, 0x12, 0x36, 0x37, 0x21, 0x16, 0x16, 0x33, 0x01, 
0x64, 0x7B, 0x46, 0x41, 0x75, 0x4B, 0x49, 0x73, 0x40, 0x10, 0x0D, 0x01, 0xA3, 0x03, 0x38, 0x5E, 
0x3A, 0x27, 0x4F, 0x17, 0x0A, 0x0B, 0x0A, 0x08, 0x0B, 0x09, 0x20, 0x67, 0x2F, 0x5D, 0x6B, 0x0A, 
0xFE, 0x7B, 0x07, 0x6A, 0x51, 0x02, 0x28, 0x47, 0x7F, 0x50, 0x51, 0x7F, 0x47, 0x45, 0x7A, 0x4E, 
0x0D, 0x0F, 0x3B, 0x5D, 0x34, 0x1B, 0x16, 0x08, 0x06, 0x09, 0x0C, 0x0A, 0x09, 0x1D, 0x26, 0xFE, 
0x0B, 0x68, 0x55, 0x55, 0x68, 0x00, 0x00, 0x00, 0xFF, 0xFF, 0x00, 0x23, 0xFF, 0xFF, 0x02, 0xF5, 
0x02, 0xF8, 0x00, 0x22, 0x01, 0xF7, 0x00, 0x00, 0x00, 0x03, 0x03, 0x26, 0x02, 0x87, 0x00, 0x00, 
0xFF, 0xFF, 0x00, 0x2D, 0xFF, 0xF6, 0x01, 0xCA, 0x02, 0xF8, 0x00, 0x22, 0x01, 0xF8, 0x00, 0x00, 
0x00, 0x03, 0x03, 0x26, 0x02, 0x10, 0x00, 0x00, 0xFF, 0xFF, 0x00, 0x50, 0xFF, 0xF9, 0x02, 0x47, 
0x02, 0xD2, 0x00, 0x22, 0x01, 0xF9, 0x00, 0x00, 0x00, 0x03, 0x03, 0x31, 0x02, 0x63, 0x00, 0x00, 
0xFF, 0xFF, 0x00, 0x50, 0xFF, 0xF9, 0x02, 0x47, 0x02, 0xF8, 0x00, 0x22, 0x01, 0xF9, 0x00, 0x00, 
0x00, 0x03, 0x03, 0x26, 0x02, 0x4C, 0x00, 0x00, 0xFF, 0xFF, 0x00, 0x3C, 0xFF, 0xFA, 0x02, 0x6B, 
0x02, 0xF8, 0x00, 0x22, 0x02, 0x01, 0x00, 0x00, 0x00, 0x03, 0x03, 0x26, 0x02, 0x4F, 0x00, 0x00, 
0x00, 0x03, 0x00, 0x3C, 0xFF, 0xFA, 0x02, 0x6B, 0x02, 0x29, 0x00, 0x0F, 0x00, 0x18, 0x00, 0x21, 
0x00, 0x3D, 0x40, 0x3A, 0x00, 0x02, 0x00, 0x04, 0x05, 0x02, 0x04, 0x65, 0x07, 0x01, 0x03, 0x03, 
0x01, 0x5F, 0x06, 0x01, 0x01, 0x01, 0x19, 0x4B, 0x08, 0x01, 0x05, 0x05, 0x00, 0x5F, 0x00, 0x00, 
0x00, 0x1A, 0x00, 0x4C, 0x19, 0x19, 0x10, 0x10, 0x00, 0x00, 0x19, 0x21, 0x19, 0x20, 0x1D, 0x1C, 
0x10, 0x18, 0x10, 0x17, 0x14, 0x13, 0x00, 0x0F, 0x00, 0x0E, 0x26, 0x09, 0x07, 0x15, 0x2B, 0x00, 
0x16, 0x16, 0x15, 0x14, 0x06, 0x06, 0x23, 0x22, 0x26, 0x26, 0x35, 0x34, 0x36, 0x36, 0x33, 0x0E, 
0x02, 0x07, 0x21, 0x2E, 0x02, 0x23, 0x12, 0x36, 0x36, 0x37, 0x21, 0x1E, 0x02, 0x33, 0x01, 0xA2, 
0x80, 0x49, 0x49, 0x80, 0x4E, 0x4F, 0x80, 0x49, 0x49, 0x80, 0x4F, 0x39, 0x5F, 0x3C, 0x06, 0x01, 
0xB3, 0x06, 0x3B, 0x5F, 0x39, 0x39, 0x5F, 0x3C, 0x06, 0xFE, 0x4B, 0x06, 0x3C, 0x60, 0x39, 0x02, 
0x29, 0x49, 0x80, 0x4F, 0x4E, 0x80, 0x49, 0x49, 0x80, 0x4E, 0x4F, 0x80, 0x49, 0x38, 0x32, 0x5A, 
0x38, 0x38, 0x5A, 0x32, 0xFE, 0x41, 0x33, 0x5A, 0x38, 0x38, 0x5A, 0x33, 0xFF, 0xFF, 0xFF, 0xED, 
0xFF, 0x11, 0x02, 0x09, 0x02, 0xD2, 0x00, 0x22, 0x02, 0x06, 0x00, 0x00, 0x00, 0x03, 0x03, 0x31, 
0x02, 0x2F, 0x00, 0x00, 0xFF, 0xFF, 0xFF, 0xED, 0xFF, 0x11, 0x02, 0x09, 0x02, 0xF8, 0x00, 0x22, 
0x02, 0x06, 0x00, 0x00, 0x00, 0x03, 0x03, 0x26, 0x02, 0x18, 0x00, 0x00, 0xFF, 0xFF, 0xFF, 0xED, 
0xFF, 0x11, 0x02, 0x09, 0x03, 0x35, 0x00, 0x22, 0x02, 0x06, 0x00, 0x00, 0x00, 0x03, 0x03, 0x2A, 
0x01, 0xED, 0x00, 0x00, 0xFF, 0xFF, 0x00, 0x2D, 0x00, 0x00, 0x01, 0xE8, 0x02, 0xF8, 0x00, 0x22, 
0x02, 0x0A, 0x00, 0x00, 0x00, 0x03, 0x03, 0x26, 0x02, 0x08, 0x00, 0x00, 0x00, 0x01, 0x00, 0x37, 
0xFF, 0x56, 0x01, 0xD2, 0x02, 0x29, 0x00, 0x36, 0x00, 0x34, 0x40, 0x31, 0x0C, 0x06, 0x02, 0x00, 
0x04, 0x01, 0x4A, 0x00, 0x02, 0x01, 0x05, 0x01, 0x02, 0x05, 0x7E, 0x00, 0x05, 0x04, 0x01, 0x05, 
0x04, 0x7C, 0x00, 0x04, 0x00, 0x00, 0x04, 0x00, 0x63, 0x00, 0x01, 0x01, 0x03, 0x5F, 0x00, 0x03, 
0x03, 0x19, 0x01, 0x4C, 0x22, 0x2A, 0x27, 0x12, 0x2D, 0x28, 0x06, 0x07, 0x1A, 0x2B, 0x24, 0x15, 
0x14, 0x07, 0x06, 0x06, 0x07, 0x15, 0x14, 0x23, 0x22, 0x35, 0x35, 0x26, 0x26, 0x35, 0x34, 0x36, 
0x37, 0x36, 0x36, 0x35, 0x34, 0x26, 0x23, 0x22, 0x07, 0x06, 0x23, 0x22, 0x27, 0x26, 0x35, 0x34, 
0x37, 0x36, 0x33, 0x32, 0x16, 0x15, 0x14, 0x06, 0x07, 0x06, 0x06, 0x15, 0x14, 0x16, 0x33, 0x32, 
0x37, 0x36, 0x33, 0x32, 0x17, 0x01, 0xD2, 0x07, 0x1E, 0x60, 0x35, 0x1E, 0x1E, 0x49, 0x5C, 0x59, 
0x6E, 0x40, 0x37, 0x3B, 0x3A, 0x5C, 0x33, 0x0B, 0x0E, 0x05, 0x0A, 0x10, 0x06, 0x41, 0x7E, 0x53, 
0x60, 0x4C, 0x55, 0x57, 0x46, 0x42, 0x47, 0x6E, 0x33, 0x09, 0x0E, 0x0B, 0x06, 0x6D, 0x0E, 0x0A, 
0x08, 0x23, 0x2A, 0x05, 0x87, 0x1E, 0x1E, 0x88, 0x08, 0x4A, 0x3A, 0x37, 0x51, 0x19, 0x0F, 0x35, 
0x28, 0x28, 0x34, 0x41, 0x0D, 0x04, 0x09, 0x0E, 0x0A, 0x07, 0x5A, 0x4F, 0x48, 0x34, 0x50, 0x14, 
0x14, 0x34, 0x28, 0x2D, 0x2B, 0x3E, 0x0B, 0x05, 0xFF, 0xFF, 0x00, 0x5A, 0xFF, 0xF6, 0x02, 0x8A, 
0x02, 0xF8, 0x00, 0x22, 0x02, 0x11, 0x00, 0x00, 0x00, 0x03, 0x03, 0x26, 0x02, 0x63, 0x00, 0x00, 
0xFF, 0xFF, 0x00, 0x3C, 0xFF, 0x16, 0x02, 0x6B, 0x02, 0x29, 0x00, 0x02, 0x01, 0x4F, 0x00, 0x00, 
0xFF, 0xFF, 0x00, 0x14, 0x00, 0x00, 0x02, 0xD9, 0x02, 0x23, 0x00, 0x02, 0x01, 0x79, 0x00, 0x00, 
0x00, 0x01, 0x00, 0x5A, 0x00, 0x00, 0x01, 0xB6, 0x02, 0x23, 0x00, 0x12, 0x00, 0x19, 0x40, 0x16, 
0x00, 0x01, 0x01, 0x00, 0x5D, 0x00, 0x00, 0x00, 0x40, 0x4B, 0x00, 0x02, 0x02, 0x3E, 0x02, 0x4C, 
0x23, 0x24, 0x31, 0x03, 0x09, 0x17, 0x2B, 0x12, 0x36, 0x33, 0x21, 0x32, 0x16, 0x15, 0x14, 0x06, 
0x23, 0x21, 0x11, 0x14, 0x06, 0x23, 0x22, 0x26, 0x35, 0x11, 0x5A, 0x11, 0x0D, 0x01, 0x23, 0x0C, 
0x0F, 0x0F, 0x0C, 0xFE, 0xFB, 0x10, 0x0E, 0x0D, 0x11, 0x02, 0x13, 0x10, 0x0F, 0x0C, 0x0C, 0x0F, 
0xFE, 0x31, 0x0D, 0x11, 0x11, 0x0D, 0x01, 0xE7, 0x00, 0x02, 0x00, 0x13, 0x00, 0x00, 0x02, 0xB2, 
0x03, 0x0D, 0x00, 0x16, 0x00, 0x19, 0x00, 0x29, 0x40, 0x26, 0x19, 0x01, 0x04, 0x03, 0x0E, 0x01, 
0x00, 0x01, 0x02, 0x4A, 0x00, 0x04, 0x00, 0x01, 0x00, 0x04, 0x01, 0x66, 0x00, 0x03, 0x03, 0x29, 
0x4B, 0x02, 0x01, 0x00, 0x00, 0x2A, 0x00, 0x4C, 0x13, 0x26, 0x22, 0x12, 0x23, 0x05, 0x08, 0x19, 
0x2B, 0x24, 0x15, 0x14, 0x06, 0x23, 0x22, 0x27, 0x27, 0x21, 0x07, 0x06, 0x23, 0x22, 0x26, 0x35, 
0x34, 0x37, 0x01, 0x36, 0x33, 0x32, 0x17, 0x01, 0x25, 0x21, 0x03, 0x02, 0xB2, 0x12, 0x0C, 0x14, 
0x08, 0x4A, 0xFE, 0x69, 0x4A, 0x07, 0x15, 0x0E, 0x10, 0x03, 0x01, 0x2F, 0x08, 0x15, 0x14, 0x09, 
0x01, 0x30, 0xFD, 0xFF, 0x01, 0x69, 0xB5, 0x25, 0x07, 0x0C, 0x12, 0x13, 0xB1, 0xB1, 0x13, 0x12, 
0x0C, 0x07, 0x06, 0x02, 0xCD, 0x15, 0x15, 0xFD, 0x33, 0xCF, 0x01, 0xB0, 0xFF, 0xFF, 0x00, 0x64, 
0x00, 0x00, 0x02, 0x6C, 0x03, 0x0D, 0x00, 0x02, 0x00, 0x1F, 0x00, 0x00, 0x00, 0x01, 0x00, 0x28, 
0x00, 0x00, 0x02, 0x46, 0x03, 0x0D, 0x00, 0x12, 0x00, 0x1F, 0x40, 0x1C, 0x06, 0x01, 0x02, 0x01, 
0x01, 0x4A, 0x00, 0x02, 0x02, 0x01, 0x5D, 0x00, 0x01, 0x01, 0x29, 0x4B, 0x00, 0x00, 0x00, 0x2A, 
0x00, 0x4C, 0x24, 0x35, 0x21, 0x03, 0x08, 0x17, 0x2B, 0x36, 0x06, 0x23, 0x22, 0x26, 0x35, 0x11, 
0x36, 0x36, 0x33, 0x21, 0x32, 0x16, 0x15, 0x14, 0x06, 0x23, 0x21, 0x11, 0x64, 0x11, 0x0D, 0x0D, 
0x11, 0x01, 0x11, 0x0D, 0x01, 0xE1, 0x0C, 0x12, 0x12, 0x0C, 0xFE, 0x3C, 0x11, 0x11, 0x11, 0x0D, 
0x02, 0xD1, 0x0D, 0x11, 0x11, 0x0D, 0x0C, 0x12, 0xFD, 0x4D, 0x00, 0x00, 0xFF, 0xFF, 0x00, 0x14, 
0x00, 0x00, 0x02, 0xB0, 0x03, 0x16, 0x00, 0x02, 0x03, 0x03, 0x00, 0x00, 0x00, 0x01, 0x00, 0x64, 
0x00, 0x00, 0x02, 0x81, 0x03, 0x0D, 0x00, 0x20, 0x00, 0x2F, 0x40, 0x2C, 0x00, 0x02, 0x00, 0x03, 
0x04, 0x02, 0x03, 0x65, 0x00, 0x01, 0x01, 0x00, 0x5D, 0x00, 0x00, 0x00, 0x29, 0x4B, 0x00, 0x04, 
0x04, 0x05, 0x5D, 0x06, 0x01, 0x05, 0x05, 0x2A, 0x05, 0x4C, 0x00, 0x00, 0x00, 0x20, 0x00, 0x1E, 
0x21, 0x24, 0x21, 0x24, 0x35, 0x07, 0x08, 0x19, 0x2B, 0x32, 0x26, 0x35, 0x11, 0x34, 0x36, 0x33, 
0x21, 0x32, 0x16, 0x15, 0x14, 0x06, 0x23, 0x21, 0x11, 0x21, 0x32, 0x16, 0x15, 0x14, 0x06, 0x23, 
0x21, 0x11, 0x21, 0x32, 0x16, 0x15, 0x14, 0x06, 0x23, 0x21, 0x75, 0x11, 0x11, 0x0D, 0x01, 0xE1, 
0x0C, 0x12, 0x12, 0x0C, 0xFE, 0x3D, 0x01, 0x4B, 0x0D, 0x11, 0x11, 0x0D, 0xFE, 0xB5, 0x01, 0xC3, 
0x0C, 0x12, 0x12, 0x0C, 0xFE, 0x1F, 0x11, 0x0D, 0x02, 0xD1, 0x0D, 0x11, 0x11, 0x0D, 0x0C, 0x12, 
0xFE, 0xD4, 0x11, 0x0D, 0x0D, 0x12, 0xFE, 0xD4, 0x12, 0x0C, 0x0D, 0x11, 0xFF, 0xFF, 0x00, 0x2D, 
0x00, 0x00, 0x02, 0x9A, 0x03, 0x0D, 0x00, 0x02, 0x00, 0xC2, 0x00, 0x00, 0x00, 0x01, 0x00, 0x64, 
0x00, 0x00, 0x02, 0xD5, 0x03, 0x0D, 0x00, 0x1F, 0x00, 0x27, 0x40, 0x24, 0x00, 0x01, 0x00, 0x04, 
0x03, 0x01, 0x04, 0x65, 0x02, 0x01, 0x00, 0x00, 0x29, 0x4B, 0x06, 0x05, 0x02, 0x03, 0x03, 0x2A, 
0x03, 0x4C, 0x00, 0x00, 0x00, 0x1F, 0x00, 0x1E, 0x13, 0x25, 0x23, 0x13, 0x25, 0x07, 0x08, 0x19, 
0x2B, 0x32, 0x26, 0x35, 0x11, 0x34, 0x36, 0x33, 0x32, 0x16, 0x15, 0x11, 0x21, 0x11, 0x34, 0x36, 
0x33, 0x32, 0x16, 0x15, 0x11, 0x14, 0x06, 0x23, 0x22, 0x26, 0x35, 0x11, 0x21, 0x11, 0x14, 0x06, 
0x23, 0x75, 0x11, 0x11, 0x0D, 0x0D, 0x11, 0x01, 0xF9, 0x11, 0x0D, 0x0C, 0x12, 0x12, 0x0C, 0x0D, 
0x11, 0xFE, 0x07, 0x11, 0x0D, 0x11, 0x0D, 0x02, 0xD1, 0x0D, 0x11, 0x11, 0x0D, 0xFE, 0xB6, 0x01, 
0x4A, 0x0D, 0x11, 0x11, 0x0D, 0xFD, 0x2F, 0x0D, 0x11, 0x11, 0x0D, 0x01, 0x51, 0xFE, 0xAF, 0x0D, 
0x11, 0x00, 0x00, 0x00, 0x00, 0x03, 0x00, 0x3C, 0xFF, 0xF6, 0x03, 0x5D, 0x03, 0x17, 0x00, 0x0F, 
0x00, 0x1F, 0x00, 0x2D, 0x00, 0x3D, 0x40, 0x3A, 0x00, 0x04, 0x08, 0x01, 0x05, 0x03, 0x04, 0x05, 
0x65, 0x00, 0x02, 0x02, 0x00, 0x5F, 0x00, 0x00, 0x00, 0x31, 0x4B, 0x07, 0x01, 0x03, 0x03, 0x01, 
0x5F, 0x06, 0x01, 0x01, 0x01, 0x32, 0x01, 0x4C, 0x20, 0x20, 0x10, 0x10, 0x00, 0x00, 0x20, 0x2D, 
0x20, 0x2B, 0x27, 0x24, 0x10, 0x1F, 0x10, 0x1E, 0x18, 0x16, 0x00, 0x0F, 0x00, 0x0E, 0x26, 0x09, 
0x08, 0x15, 0x2B, 0x04, 0x26, 0x26, 0x35, 0x34, 0x36, 0x36, 0x33, 0x32, 0x16, 0x16, 0x15, 0x14, 
0x06, 0x06, 0x23, 0x3E, 0x02, 0x35, 0x34, 0x26, 0x26, 0x23, 0x22, 0x06, 0x06, 0x15, 0x14, 0x16, 
0x16, 0x33, 0x02, 0x26, 0x35, 0x34, 0x36, 0x33, 0x21, 0x32, 0x16, 0x15, 0x14, 0x06, 0x23, 0x21, 
0x01, 0x5C, 0xB7, 0x69, 0x69, 0xB7, 0x71, 0x70, 0xB7, 0x69, 0x69, 0xB7, 0x70, 0x5F, 0x9C, 0x59, 
0x59, 0x9C, 0x5F, 0x60, 0x9C, 0x59, 0x59, 0x9C, 0x60, 0xBC, 0x11, 0x11, 0x0D, 0x01, 0x59, 0x0D, 
0x11, 0x11, 0x0D, 0xFE, 0xA7, 0x0A, 0x69, 0xB7, 0x71, 0x70, 0xB7, 0x69, 0x69, 0xB7, 0x70, 0x71, 
0xB7, 0x69, 0x3C, 0x59, 0x9C, 0x60, 0x5F, 0x9C, 0x59, 0x59, 0x9C, 0x5F, 0x60, 0x9C, 0x59, 0x01, 
0x35, 0x11, 0x0D, 0x0D, 0x12, 0x12, 0x0D, 0x0D, 0x11, 0x00, 0x00, 0x00, 0x00, 0x01, 0x00, 0x64, 
0x00, 0x00, 0x00, 0xA0, 0x03, 0x0D, 0x00, 0x0D, 0x00, 0x19, 0x40, 0x16, 0x00, 0x00, 0x00, 0x29, 
0x4B, 0x02, 0x01, 0x01, 0x01, 0x2A, 0x01, 0x4C, 0x00, 0x00, 0x00, 0x0D, 0x00, 0x0C, 0x25, 0x03, 
0x08, 0x15, 0x2B, 0x32, 0x26, 0x35, 0x11, 0x34, 0x36, 0x33, 0x32, 0x16, 0x15, 0x11, 0x14, 0x06, 
0x23, 0x75, 0x11, 0x11, 0x0D, 0x0D, 0x11, 0x11, 0x0D, 0x11, 0x0D, 0x02, 0xD1, 0x0D, 0x11, 0x11, 
0x0D, 0xFD, 0x2F, 0x0D, 0x11, 0x00, 0x00, 0x00, 0xFF, 0xFF, 0x00, 0x64, 0x00, 0x00, 0x02, 0x59, 
0x03, 0x0D, 0x00, 0x02, 0x00, 0x59, 0x00, 0x00, 0xFF, 0xFF, 0x00, 0x13, 0x00, 0x00, 0x02, 0xB2, 
0x03, 0x0D, 0x00, 0x02, 0x01, 0xA4, 0x00, 0x00, 0xFF, 0xFF, 0x00, 0x64, 0x00, 0x00, 0x03, 0x71, 
0x03, 0x0D, 0x00, 0x02, 0x00, 0x61, 0x00, 0x00, 0xFF, 0xFF, 0x00, 0x64, 0x00, 0x00, 0x02, 0xD1, 
0x03, 0x0D, 0x00, 0x02, 0x00, 0x62, 0x00, 0x00, 0x00, 0x03, 0x00, 0x28, 0x00, 0x00, 0x02, 0x45, 
0x03, 0x0D, 0x00, 0x0D, 0x00, 0x1B, 0x00, 0x29, 0x00, 0x3D, 0x40, 0x3A, 0x07, 0x01, 0x03, 0x00, 
0x02, 0x05, 0x03, 0x02, 0x65, 0x00, 0x00, 0x00, 0x01, 0x5D, 0x06, 0x01, 0x01, 0x01, 0x29, 0x4B, 
0x08, 0x01, 0x05, 0x05, 0x04, 0x5D, 0x00, 0x04, 0x04, 0x2A, 0x04, 0x4C, 0x1C, 0x1C, 0x0E, 0x0E, 
0x00, 0x00, 0x1C, 0x29, 0x1C, 0x27, 0x23, 0x20, 0x0E, 0x1B, 0x0E, 0x1A, 0x14, 0x12, 0x00, 0x0D, 
0x00, 0x0B, 0x34, 0x09, 0x08, 0x15, 0x2B, 0x00, 0x16, 0x15, 0x14, 0x06, 0x23, 0x21, 0x22, 0x26, 
0x35, 0x34, 0x36, 0x33, 0x21, 0x02, 0x16, 0x15, 0x14, 0x06, 0x23, 0x21, 0x26, 0x26, 0x35, 0x34, 
0x36, 0x37, 0x21, 0x12, 0x16, 0x15, 0x14, 0x06, 0x23, 0x21, 0x22, 0x26, 0x35, 0x34, 0x36, 0x33, 
0x21, 0x02, 0x33, 0x12, 0x12, 0x0C, 0xFE, 0x1F, 0x0D, 0x11, 0x11, 0x0D, 0x01, 0xE1, 0x1B, 0x11, 
0x11, 0x0D, 0xFE, 0x6F, 0x0C, 0x11, 0x11, 0x0D, 0x01, 0x90, 0x34, 0x12, 0x12, 0x0C, 0xFE, 0x1F, 
0x0D, 0x11, 0x11, 0x0D, 0x01, 0xE1, 0x03, 0x0D, 0x11, 0x0D, 0x0C, 0x12, 0x12, 0x0C, 0x0D, 0x11, 
0xFE, 0x98, 0x11, 0x0D, 0x0D, 0x12, 0x01, 0x12, 0x0C, 0x0C, 0x10, 0x02, 0xFE, 0x97, 0x12, 0x0C, 
0x0D, 0x11, 0x11, 0x0D, 0x0C, 0x12, 0x00, 0x00, 0x00, 0x02, 0x00, 0x3C, 0xFF, 0xF6, 0x03, 0x5D, 
0x03, 0x17, 0x00, 0x0F, 0x00, 0x1F, 0x00, 0x2C, 0x40, 0x29, 0x00, 0x02, 0x02, 0x00, 0x5F, 0x00, 
0x00, 0x00, 0x31, 0x4B, 0x05, 0x01, 0x03, 0x03, 0x01, 0x5F, 0x04, 0x01, 0x01, 0x01, 0x32, 0x01, 
0x4C, 0x10, 0x10, 0x00, 0x00, 0x10, 0x1F, 0x10, 0x1E, 0x18, 0x16, 0x00, 0x0F, 0x00, 0x0E, 0x26, 
0x06, 0x08, 0x15, 0x2B, 0x04, 0x26, 0x26, 0x35, 0x34, 0x36, 0x36, 0x33, 0x32, 0x16, 0x16, 0x15, 
0x14, 0x06, 0x06, 0x23, 0x3E, 0x02, 0x35, 0x34, 0x26, 0x26, 0x23, 0x22, 0x06, 0x06, 0x15, 0x14, 
0x16, 0x16, 0x33, 0x01, 0x5C, 0xB7, 0x69, 0x69, 0xB7, 0x71, 0x70, 0xB7, 0x69, 0x69, 0xB7, 0x70, 
0x5F, 0x9C, 0x59, 0x59, 0x9C, 0x5F, 0x60, 0x9C, 0x59, 0x59, 0x9C, 0x60, 0x0A, 0x69, 0xB7, 0x71, 
0x70, 0xB7, 0x69, 0x69, 0xB7, 0x70, 0x71, 0xB7, 0x69, 0x3C, 0x59, 0x9C, 0x60, 0x5F, 0x9C, 0x59, 
0x59, 0x9C, 0x5F, 0x60, 0x9C, 0x59, 0x00, 0x00, 0x00, 0x01, 0x00, 0x28, 0x00, 0x00, 0x02, 0x6D, 
0x03, 0x0D, 0x00, 0x17, 0x00, 0x1B, 0x40, 0x18, 0x00, 0x03, 0x03, 0x01, 0x5D, 0x00, 0x01, 0x01, 
0x29, 0x4B, 0x02, 0x01, 0x00, 0x00, 0x2A, 0x00, 0x4C, 0x13, 0x25, 0x35, 0x21, 0x04, 0x08, 0x18, 
0x2B, 0x36, 0x06, 0x23, 0x22, 0x26, 0x35, 0x11, 0x34, 0x36, 0x33, 0x21, 0x32, 0x16, 0x15, 0x11, 
0x14, 0x06, 0x23, 0x22, 0x26, 0x35, 0x11, 0x21, 0x11, 0x64, 0x11, 0x0D, 0x0C, 0x12, 0x12, 0x0C, 
0x02, 0x09, 0x0D, 0x11, 0x11, 0x0D, 0x0D, 0x11, 0xFE, 0x33, 0x11, 0x11, 0x11, 0x0D, 0x02, 0xD1, 
0x0D, 0x11, 0x11, 0x0D, 0xFD, 0x2F, 0x0D, 0x11, 0x11, 0x0D, 0x02, 0xB3, 0xFD, 0x4D, 0x00, 0x00, 
0xFF, 0xFF, 0x00, 0x64, 0x00, 0x00, 0x02, 0x44, 0x03, 0x0D, 0x00, 0x02, 0x00, 0x87, 0x00, 0x00, 
0x00, 0x01, 0x00, 0x28, 0x00, 0x00, 0x02, 0x45, 0x03, 0x0D, 0x00, 0x21, 0x00, 0x2B, 0x40, 0x28, 
0x0C, 0x01, 0x03, 0x02, 0x01, 0x4A, 0x00, 0x02, 0x02, 0x01, 0x5D, 0x00, 0x01, 0x01, 0x29, 0x4B, 
0x04, 0x01, 0x03, 0x03, 0x00, 0x5D, 0x00, 0x00, 0x00, 0x2A, 0x00, 0x4C, 0x00, 0x00, 0x00, 0x21, 
0x00, 0x20, 0x24, 0x3A, 0x34, 0x05, 0x08, 0x17, 0x2B, 0x24, 0x16, 0x15, 0x14, 0x06, 0x23, 0x21, 
0x22, 0x26, 0x35, 0x34, 0x37, 0x01, 0x01, 0x26, 0x35, 0x34, 0x36, 0x33, 0x21, 0x32, 0x16, 0x15, 
0x14, 0x06, 0x23, 0x21, 0x13, 0x16, 0x15, 0x14, 0x07, 0x03, 0x21, 0x02, 0x33, 0x12, 0x12, 0x0C, 
0xFE, 0x1F, 0x0D, 0x11, 0x05, 0x01, 0x0B, 0xFE, 0xF5, 0x05, 0x11, 0x0D, 0x01, 0xE1, 0x0C, 0x12, 
0x12, 0x0C, 0xFE, 0x5D, 0xF3, 0x06, 0x06, 0xF3, 0x01, 0xA3, 0x3C, 0x12, 0x0C, 0x0D, 0x11, 0x11, 
0x0D, 0x09, 0x07, 0x01, 0x59, 0x01, 0x58, 0x08, 0x08, 0x0D, 0x11, 0x11, 0x0D, 0x0C, 0x12, 0xFE, 
0xC7, 0x06, 0x0B, 0x0A, 0x08, 0xFE, 0xC7, 0x00, 0xFF, 0xFF, 0x00, 0x0F, 0x00, 0x00, 0x02, 0x7B, 
0x03, 0x0D, 0x00, 0x02, 0x00, 0x98, 0x00, 0x00, 0x00, 0x01, 0x00, 0x05, 0x00, 0x00, 0x02, 0x74, 
0x03, 0x0D, 0x00, 0x1A, 0x00, 0x23, 0x40, 0x20, 0x16, 0x0D, 0x05, 0x03, 0x00, 0x01, 0x01, 0x4A, 
0x03, 0x02, 0x02, 0x01, 0x01, 0x29, 0x4B, 0x00, 0x00, 0x00, 0x2A, 0x00, 0x4C, 0x00, 0x00, 0x00, 
0x1A, 0x00, 0x19, 0x28, 0x28, 0x04, 0x08, 0x16, 0x2B, 0x00, 0x16, 0x15, 0x14, 0x07, 0x01, 0x11, 
0x14, 0x06, 0x23, 0x22, 0x26, 0x35, 0x11, 0x01, 0x26, 0x35, 0x34, 0x36, 0x33, 0x32, 0x17, 0x01, 
0x01, 0x36, 0x36, 0x33, 0x02, 0x65, 0x0F, 0x05, 0xFE, 0xEC, 0x11, 0x0D, 0x0D, 0x11, 0xFE, 0xEC, 
0x06, 0x10, 0x0D, 0x0D, 0x0B, 0x01, 0x03, 0x00, 0xFF, 0x07, 0x0D, 0x09, 0x03, 0x0D, 0x10, 0x0C, 
0x0B, 0x08, 0xFE, 0x46, 0xFE, 0xFA, 0x0D, 0x11, 0x11, 0x0D, 0x01, 0x06, 0x01, 0xBA, 0x0B, 0x08, 
0x0C, 0x10, 0x0C, 0xFE, 0x5A, 0x01, 0x9F, 0x0B, 0x08, 0x00, 0x00, 0x00, 0xFF, 0xFF, 0x00, 0x3C, 
0x00, 0x00, 0x03, 0x17, 0x03, 0x0D, 0x00, 0x02, 0x01, 0xAE, 0x00, 0x00, 0xFF, 0xFF, 0x00, 0x2D, 
0x00, 0x00, 0x02, 0x91, 0x03, 0x0D, 0x00, 0x02, 0x00, 0xB8, 0x00, 0x00, 0x00, 0x01, 0x00, 0x28, 
0x00, 0x00, 0x02, 0x95, 0x03, 0x0D, 0x00, 0x2F, 0x00, 0x20, 0x40, 0x1D, 0x2A, 0x22, 0x12, 0x0A, 
0x04, 0x03, 0x00, 0x01, 0x4A, 0x02, 0x01, 0x02, 0x00, 0x00, 0x29, 0x4B, 0x00, 0x03, 0x03, 0x2A, 
0x03, 0x4C, 0x2A, 0x2A, 0x2A, 0x21, 0x04, 0x08, 0x18, 0x2B, 0x12, 0x36, 0x33, 0x32, 0x16, 0x15, 
0x15, 0x14, 0x16, 0x16, 0x17, 0x11, 0x34, 0x36, 0x33, 0x32, 0x16, 0x15, 0x11, 0x3E, 0x02, 0x35, 
0x35, 0x34, 0x36, 0x33, 0x32, 0x16, 0x15, 0x15, 0x14, 0x06, 0x06, 0x07, 0x15, 0x14, 0x06, 0x23, 
0x22, 0x26, 0x35, 0x35, 0x2E, 0x02, 0x35, 0x35, 0x28, 0x11, 0x0D, 0x0D, 0x11, 0x36, 0x64, 0x42, 
0x11, 0x0D, 0x0D, 0x11, 0x42, 0x64, 0x37, 0x11, 0x0D, 0x0C, 0x12, 0x48, 0x80, 0x51, 0x11, 0x0D, 
0x0D, 0x11, 0x52, 0x80, 0x46, 0x02, 0xFC, 0x11, 0x11, 0x0D, 0xC8, 0x3C, 0x6A, 0x49, 0x0A, 0x01, 
0xC1, 0x0D, 0x11, 0x11, 0x0D, 0xFE, 0x3F, 0x0A, 0x48, 0x6B, 0x3C, 0xC8, 0x0D, 0x11, 0x11, 0x0D, 
0xC8, 0x4D, 0x87, 0x58, 0x0A, 0xD3, 0x0D, 0x11, 0x11, 0x0D, 0xD3, 0x0A, 0x59, 0x87, 0x4C, 0xC8, 
0x00, 0x01, 0x00, 0x3C, 0x00, 0x00, 0x03, 0x49, 0x03, 0x0D, 0x00, 0x39, 0x00, 0x2D, 0x40, 0x2A, 
0x00, 0x05, 0x05, 0x01, 0x5F, 0x00, 0x01, 0x01, 0x29, 0x4B, 0x06, 0x04, 0x02, 0x03, 0x00, 0x00, 
0x03, 0x5D, 0x08, 0x07, 0x02, 0x03, 0x03, 0x2A, 0x03, 0x4C, 0x00, 0x00, 0x00, 0x39, 0x00, 0x37, 
0x26, 0x26, 0x24, 0x34, 0x26, 0x26, 0x24, 0x09, 0x08, 0x1B, 0x2B, 0x32, 0x26, 0x35, 0x34, 0x36, 
0x33, 0x33, 0x26, 0x26, 0x35, 0x34, 0x36, 0x36, 0x33, 0x32, 0x16, 0x16, 0x15, 0x14, 0x06, 0x07, 
0x33, 0x32, 0x16, 0x15, 0x14, 0x06, 0x23, 0x23, 0x22, 0x26, 0x35, 0x34, 0x36, 0x33, 0x32, 0x36, 
0x36, 0x35, 0x34, 0x26, 0x26, 0x23, 0x22, 0x06, 0x06, 0x15, 0x14, 0x16, 0x16, 0x33, 0x32, 0x16, 
0x15, 0x14, 0x06, 0x23, 0x23, 0x4D, 0x11, 0x11, 0x0D, 0x72, 0x4E, 0x42, 0x68, 0xB2, 0x6C, 0x6A, 
0xB3, 0x6A, 0x3C, 0x54, 0x72, 0x0D, 0x11, 0x11, 0x0D, 0xF1, 0x0C, 0x11, 0x11, 0x0C, 0x3A, 0x61, 
0x38, 0x5A, 0x99, 0x58, 0x58, 0x98, 0x5A, 0x38, 0x61, 0x39, 0x0D, 0x11, 0x11, 0x0D, 0xF0, 0x11, 
0x0D, 0x0C, 0x12, 0x34, 0xA6, 0x71, 0x6A, 0xB3, 0x69, 0x6A, 0xB4, 0x68, 0x76, 0x9B, 0x3A, 0x12, 
0x0C, 0x0D, 0x11, 0x11, 0x0D, 0x0C, 0x12, 0x59, 0x98, 0x5A, 0x58, 0x98, 0x5A, 0x59, 0x98, 0x59, 
0x5A, 0x98, 0x59, 0x12, 0x0C, 0x0D, 0x11, 0x00, 0xFF, 0xFF, 0x00, 0x13, 0x00, 0x00, 0x02, 0xB2, 
0x03, 0x0D, 0x00, 0x22, 0x02, 0x48, 0x00, 0x00, 0x01, 0x06, 0x03, 0x50, 0xFA, 0xCE, 0x00, 0x09, 
0xB1, 0x02, 0x01, 0xB8, 0xFF, 0xCE, 0xB0, 0x33, 0x2B, 0x00, 0x00, 0x00, 0xFF, 0xFF, 0x00, 0x00, 
0x00, 0x00, 0x03, 0x07, 0x03, 0x0D, 0x00, 0x23, 0x02, 0x4C, 0x00, 0x86, 0x00, 0x00, 0x01, 0x06, 
0x03, 0x50, 0xD6, 0xCE, 0x00, 0x09, 0xB1, 0x01, 0x01, 0xB8, 0xFF, 0xCE, 0xB0, 0x33, 0x2B, 0x00, 
0xFF, 0xFF, 0x00, 0x00, 0x00, 0x00, 0x03, 0x51, 0x03, 0x0D, 0x00, 0x22, 0x02, 0x4E, 0x7C, 0x00, 
0x01, 0x06, 0x03, 0x50, 0xD6, 0xCE, 0x00, 0x09, 0xB1, 0x01, 0x01, 0xB8, 0xFF, 0xCE, 0xB0, 0x33, 
0x2B, 0x00, 0x00, 0x00, 0xFF, 0xFF, 0x00, 0x00, 0x00, 0x00, 0x01, 0x26, 0x03, 0x0D, 0x00, 0x23, 
0x02, 0x50, 0x00, 0x86, 0x00, 0x00, 0x01, 0x06, 0x03, 0x50, 0xD6, 0xCE, 0x00, 0x09, 0xB1, 0x01, 
0x01, 0xB8, 0xFF, 0xCE, 0xB0, 0x33, 0x2B, 0x00, 0xFF, 0xFF, 0x00, 0x00, 0xFF, 0xF6, 0x03, 0x7F, 
0x03, 0x17, 0x00, 0x22, 0x02, 0x56, 0x22, 0x00, 0x01, 0x06, 0x03, 0x50, 0xD6, 0xCE, 0x00, 0x09, 
0xB1, 0x02, 0x01, 0xB8, 0xFF, 0xCE, 0xB0, 0x33, 0x2B, 0x00, 0x00, 0x00, 0xFF, 0xFF, 0x00, 0x00, 
0x00, 0x00, 0x03, 0x40, 0x03, 0x0D, 0x00, 0x23, 0x02, 0x5B, 0x00, 0xCC, 0x00, 0x00, 0x01, 0x06, 
0x03, 0x50, 0xD6, 0xCE, 0x00, 0x09, 0xB1, 0x01, 0x01, 0xB8, 0xFF, 0xCE, 0xB0, 0x33, 0x2B, 0x00, 
0xFF, 0xFF, 0x00, 0x0A, 0x00, 0x00, 0x03, 0x7E, 0x03, 0x0D, 0x00, 0x22, 0x02, 0x5F, 0x35, 0x00, 
0x01, 0x06, 0x03, 0x50, 0xE0, 0xCE, 0x00, 0x09, 0xB1, 0x01, 0x01, 0xB8, 0xFF, 0xCE, 0xB0, 0x33, 
0x2B, 0x00, 0x00, 0x00, 0xFF, 0xFF, 0xFF, 0xEA, 0x00, 0x00, 0x01, 0x19, 0x03, 0xE2, 0x00, 0x22, 
0x02, 0x50, 0x00, 0x00, 0x01, 0x07, 0x03, 0x26, 0x01, 0x7D, 0x00, 0xEA, 0x00, 0x08, 0xB1, 0x01, 
0x02, 0xB0, 0xEA, 0xB0, 0x33, 0x2B, 0x00, 0x00, 0xFF, 0xFF, 0x00, 0x05, 0x00, 0x00, 0x02, 0x74, 
0x03, 0xE2, 0x00, 0x22, 0x02, 0x5B, 0x00, 0x00, 0x01, 0x07, 0x03, 0x26, 0x02, 0x38, 0x00, 0xEA, 
0x00, 0x08, 0xB1, 0x01, 0x02, 0xB0, 0xEA, 0xB0, 0x33, 0x2B, 0x00, 0x00, 0x00, 0x02, 0x00, 0x26, 
0x00, 0x00, 0x02, 0x9A, 0x02, 0x23, 0x00, 0x21, 0x00, 0x31, 0x00, 0x34, 0x40, 0x31, 0x1D, 0x01, 
0x04, 0x02, 0x30, 0x20, 0x16, 0x08, 0x04, 0x05, 0x04, 0x01, 0x01, 0x00, 0x05, 0x03, 0x4A, 0x00, 
0x04, 0x04, 0x02, 0x5F, 0x03, 0x01, 0x02, 0x02, 0x2C, 0x4B, 0x00, 0x05, 0x05, 0x00, 0x5F, 0x01, 
0x01, 0x00, 0x00, 0x2A, 0x00, 0x4C, 0x26, 0x28, 0x25, 0x26, 0x25, 0x23, 0x06, 0x08, 0x1A, 0x2B, 
0x24, 0x15, 0x14, 0x06, 0x23, 0x22, 0x26, 0x27, 0x27, 0x06, 0x06, 0x23, 0x22, 0x26, 0x26, 0x35, 
0x34, 0x36, 0x36, 0x33, 0x32, 0x16, 0x17, 0x37, 0x36, 0x36, 0x33, 0x32, 0x16, 0x15, 0x14, 0x07, 
0x07, 0x17, 0x02, 0x26, 0x23, 0x22, 0x06, 0x06, 0x15, 0x14, 0x16, 0x16, 0x33, 0x32, 0x36, 0x37, 
0x37, 0x27, 0x02, 0x9A, 0x11, 0x0D, 0x0A, 0x10, 0x03, 0x2A, 0x31, 0x7A, 0x52, 0x4A, 0x7E, 0x4A, 
0x4A, 0x7E, 0x4A, 0x52, 0x7C, 0x2E, 0x2B, 0x02, 0x10, 0x0B, 0x0D, 0x11, 0x01, 0x44, 0x44, 0xA8, 
0x73, 0x46, 0x3A, 0x61, 0x3A, 0x3A, 0x61, 0x3A, 0x46, 0x71, 0x17, 0x10, 0x10, 0x24, 0x06, 0x0D, 
0x11, 0x0B, 0x0A, 0x91, 0x58, 0x4E, 0x4A, 0x7E, 0x49, 0x4A, 0x7E, 0x4A, 0x4F, 0x56, 0x91, 0x09, 
0x0B, 0x11, 0x0D, 0x06, 0x03, 0xEA, 0xEB, 0x01, 0x69, 0x56, 0x39, 0x62, 0x3A, 0x3A, 0x61, 0x39, 
0x53, 0x4B, 0x36, 0x37, 0x00, 0x02, 0x00, 0x28, 0xFF, 0x15, 0x01, 0xF9, 0x03, 0x16, 0x00, 0x1B, 
0x00, 0x3B, 0x00, 0x3F, 0x40, 0x3C, 0x09, 0x01, 0x06, 0x03, 0x13, 0x01, 0x05, 0x06, 0x02, 0x4A, 
0x00, 0x03, 0x07, 0x01, 0x06, 0x05, 0x03, 0x06, 0x67, 0x00, 0x04, 0x04, 0x00, 0x5F, 0x00, 0x00, 
0x00, 0x33, 0x4B, 0x00, 0x05, 0x05, 0x01, 0x5F, 0x00, 0x01, 0x01, 0x2A, 0x4B, 0x00, 0x02, 0x02, 
0x2E, 0x02, 0x4C, 0x1C, 0x1C, 0x1C, 0x3B, 0x1C, 0x39, 0x27, 0x26, 0x28, 0x24, 0x2C, 0x22, 0x08, 
0x08, 0x1A, 0x2B, 0x12, 0x36, 0x36, 0x33, 0x32, 0x16, 0x16, 0x15, 0x14, 0x07, 0x16, 0x17, 0x16, 
0x15, 0x14, 0x06, 0x06, 0x23, 0x22, 0x27, 0x11, 0x14, 0x06, 0x23, 0x22, 0x26, 0x35, 0x11, 0x16, 
0x26, 0x35, 0x34, 0x36, 0x33, 0x32, 0x36, 0x36, 0x35, 0x34, 0x26, 0x26, 0x23, 0x22, 0x06, 0x06, 
0x15, 0x11, 0x14, 0x16, 0x16, 0x33, 0x32, 0x36, 0x36, 0x35, 0x34, 0x26, 0x26, 0x23, 0x23, 0x28, 
0x34, 0x58, 0x34, 0x34, 0x58, 0x34, 0x42, 0x2F, 0x21, 0x43, 0x3F, 0x6B, 0x3F, 0x58, 0x53, 0x12, 
0x0D, 0x0D, 0x11, 0xB3, 0x11, 0x11, 0x0D, 0x23, 0x3D, 0x24, 0x25, 0x3D, 0x22, 0x23, 0x3D, 0x23, 
0x2F, 0x4F, 0x2D, 0x2F, 0x4F, 0x2F, 0x2F, 0x4F, 0x2F, 0x28, 0x02, 0x8A, 0x58, 0x34, 0x34, 0x58, 
0x34, 0x51, 0x42, 0x15, 0x20, 0x43, 0x62, 0x3F, 0x6B, 0x3F, 0x4A, 0xFE, 0xE9, 0x0D, 0x11, 0x11, 
0x0D, 0x03, 0x23, 0xC1, 0x12, 0x0D, 0x0D, 0x11, 0x24, 0x3D, 0x23, 0x23, 0x3C, 0x24, 0x24, 0x3C, 
0x23, 0xFE, 0x92, 0x2F, 0x4E, 0x2E, 0x2F, 0x4F, 0x2E, 0x2E, 0x4F, 0x2F, 0x00, 0x01, 0x00, 0x28, 
0xFF, 0x15, 0x02, 0x22, 0x02, 0x23, 0x00, 0x1A, 0x00, 0x1F, 0x40, 0x1C, 0x19, 0x11, 0x0E, 0x08, 
0x01, 0x05, 0x02, 0x00, 0x01, 0x4A, 0x01, 0x01, 0x00, 0x00, 0x2C, 0x4B, 0x00, 0x02, 0x02, 0x2E, 
0x02, 0x4C, 0x28, 0x26, 0x13, 0x03, 0x08, 0x17, 0x2B, 0x12, 0x35, 0x34, 0x36, 0x33, 0x32, 0x16, 
0x17, 0x13, 0x13, 0x36, 0x33, 0x32, 0x16, 0x15, 0x14, 0x07, 0x03, 0x15, 0x14, 0x06, 0x23, 0x22, 
0x26, 0x35, 0x35, 0x03, 0x28, 0x11, 0x0D, 0x08, 0x0F, 0x04, 0xC3, 0xC4, 0x07, 0x14, 0x0D, 0x12, 
0x03, 0xDC, 0x12, 0x0D, 0x0D, 0x11, 0xDC, 0x01, 0xFC, 0x09, 0x0D, 0x11, 0x08, 0x08, 0xFE, 0x55, 
0x01, 0xAB, 0x10, 0x11, 0x0D, 0x07, 0x05, 0xFE, 0x1F, 0xE5, 0x0D, 0x11, 0x11, 0x0D, 0xE5, 0x01, 
0xE1, 0x00, 0x00, 0x00, 0x00, 0x02, 0x00, 0x27, 0x00, 0x00, 0x02, 0x4A, 0x03, 0x16, 0x00, 0x1C, 
0x00, 0x2C, 0x00, 0x5C, 0x4B, 0xB0, 0x0E, 0x50, 0x58, 0x40, 0x20, 0x00, 0x03, 0x03, 0x02, 0x5D, 
0x00, 0x02, 0x02, 0x29, 0x4B, 0x06, 0x01, 0x05, 0x05, 0x01, 0x5F, 0x00, 0x01, 0x01, 0x2C, 0x4B, 
0x00, 0x04, 0x04, 0x00, 0x5F, 0x00, 0x00, 0x00, 0x2A, 0x00, 0x4C, 0x1B, 0x40, 0x20, 0x00, 0x03, 
0x03, 0x02, 0x5D, 0x00, 0x02, 0x02, 0x2B, 0x4B, 0x06, 0x01, 0x05, 0x05, 0x01, 0x5F, 0x00, 0x01, 
0x01, 0x2C, 0x4B, 0x00, 0x04, 0x04, 0x00, 0x5F, 0x00, 0x00, 0x00, 0x2A, 0x00, 0x4C, 0x59, 0x40, 
0x0E, 0x1D, 0x1D, 0x1D, 0x2C, 0x1D, 0x2B, 0x28, 0x24, 0x35, 0x16, 0x24, 0x07, 0x08, 0x19, 0x2B, 
0x00, 0x15, 0x14, 0x06, 0x06, 0x23, 0x22, 0x26, 0x26, 0x35, 0x34, 0x36, 0x36, 0x37, 0x27, 0x26, 
0x35, 0x34, 0x36, 0x33, 0x21, 0x32, 0x16, 0x15, 0x14, 0x06, 0x23, 0x21, 0x05, 0x26, 0x06, 0x06, 
0x15, 0x14, 0x16, 0x16, 0x33, 0x32, 0x36, 0x36, 0x35, 0x34, 0x26, 0x26, 0x23, 0x02, 0x4A, 0x4A, 
0x7E, 0x49, 0x4A, 0x7E, 0x4A, 0x42, 0x7E, 0x55, 0xE4, 0x08, 0x11, 0x0D, 0x01, 0x95, 0x0D, 0x11, 
0x11, 0x0D, 0xFE, 0xBE, 0x01, 0x26, 0xE8, 0x61, 0x3A, 0x3A, 0x62, 0x39, 0x39, 0x62, 0x39, 0x39, 
0x62, 0x39, 0x01, 0x8A, 0x79, 0x49, 0x7E, 0x4A, 0x4A, 0x7E, 0x49, 0x47, 0x79, 0x4D, 0x05, 0xBF, 
0x0A, 0x0C, 0x0D, 0x11, 0x11, 0x0D, 0x0D, 0x12, 0xF5, 0x02, 0x3A, 0x61, 0x3A, 0x39, 0x62, 0x39, 
0x39, 0x62, 0x39, 0x3A, 0x62, 0x39, 0x00, 0x00, 0x00, 0x01, 0x00, 0x29, 0x00, 0x00, 0x01, 0x8C, 
0x02, 0x23, 0x00, 0x35, 0x00, 0x47, 0x40, 0x44, 0x16, 0x01, 0x07, 0x06, 0x01, 0x4A, 0x00, 0x04, 
0x05, 0x06, 0x05, 0x04, 0x06, 0x7E, 0x00, 0x01, 0x07, 0x00, 0x07, 0x01, 0x00, 0x7E, 0x00, 0x06, 
0x08, 0x01, 0x07, 0x01, 0x06, 0x07, 0x67, 0x00, 0x05, 0x05, 0x03, 0x5F, 0x00, 0x03, 0x03, 0x2C, 
0x4B, 0x00, 0x00, 0x00, 0x02, 0x5F, 0x00, 0x02, 0x02, 0x2A, 0x02, 0x4C, 0x00, 0x00, 0x00, 0x35, 
0x00, 0x33, 0x34, 0x22, 0x25, 0x2A, 0x25, 0x22, 0x24, 0x09, 0x08, 0x1B, 0x2B, 0x36, 0x06, 0x15, 
0x14, 0x16, 0x33, 0x32, 0x37, 0x36, 0x33, 0x32, 0x16, 0x15, 0x14, 0x07, 0x06, 0x23, 0x22, 0x26, 
0x26, 0x35, 0x34, 0x37, 0x26, 0x35, 0x34, 0x36, 0x36, 0x33, 0x32, 0x17, 0x16, 0x15, 0x14, 0x06, 
0x23, 0x22, 0x27, 0x26, 0x23, 0x22, 0x06, 0x15, 0x14, 0x16, 0x33, 0x33, 0x32, 0x16, 0x15, 0x14, 
0x06, 0x23, 0x23, 0x9C, 0x36, 0x35, 0x25, 0x58, 0x3C, 0x0F, 0x0A, 0x0D, 0x12, 0x0A, 0x50, 0x72, 
0x29, 0x46, 0x28, 0x3C, 0x3C, 0x29, 0x45, 0x29, 0x72, 0x50, 0x0A, 0x12, 0x0D, 0x0C, 0x0D, 0x3E, 
0x56, 0x25, 0x35, 0x36, 0x24, 0x29, 0x0D, 0x12, 0x12, 0x0D, 0x29, 0xF3, 0x35, 0x26, 0x25, 0x36, 
0x3B, 0x0D, 0x11, 0x0D, 0x0E, 0x09, 0x50, 0x29, 0x46, 0x29, 0x43, 0x36, 0x38, 0x42, 0x29, 0x46, 
0x29, 0x50, 0x0A, 0x0D, 0x0D, 0x11, 0x0D, 0x3B, 0x36, 0x25, 0x26, 0x35, 0x12, 0x0D, 0x0D, 0x11, 
0x00, 0x01, 0x00, 0x28, 0xFF, 0x17, 0x01, 0xF9, 0x03, 0x0E, 0x00, 0x31, 0x00, 0x37, 0x40, 0x34, 
0x1E, 0x01, 0x02, 0x03, 0x01, 0x4A, 0x00, 0x02, 0x02, 0x03, 0x5D, 0x00, 0x03, 0x03, 0x2B, 0x4B, 
0x00, 0x04, 0x04, 0x01, 0x5F, 0x00, 0x01, 0x01, 0x2A, 0x4B, 0x00, 0x00, 0x00, 0x05, 0x5F, 0x06, 
0x01, 0x05, 0x05, 0x2E, 0x05, 0x4C, 0x00, 0x00, 0x00, 0x31, 0x00, 0x30, 0x2C, 0x34, 0x27, 0x24, 
0x24, 0x07, 0x08, 0x19, 0x2B, 0x04, 0x26, 0x35, 0x34, 0x36, 0x33, 0x32, 0x36, 0x35, 0x34, 0x26, 
0x23, 0x22, 0x26, 0x26, 0x35, 0x34, 0x36, 0x37, 0x37, 0x21, 0x22, 0x26, 0x35, 0x34, 0x36, 0x33, 
0x21, 0x32, 0x16, 0x15, 0x14, 0x06, 0x07, 0x07, 0x06, 0x06, 0x15, 0x14, 0x16, 0x16, 0x33, 0x32, 
0x16, 0x16, 0x15, 0x14, 0x06, 0x06, 0x23, 0x01, 0x55, 0x12, 0x12, 0x0D, 0x27, 0x34, 0x34, 0x27, 
0x58, 0x90, 0x52, 0x54, 0x5A, 0xB4, 0xFE, 0xC7, 0x0D, 0x11, 0x11, 0x0D, 0x01, 0x8A, 0x0D, 0x11, 
0x0A, 0x07, 0xF3, 0x4D, 0x43, 0x42, 0x74, 0x47, 0x2A, 0x45, 0x28, 0x28, 0x45, 0x2A, 0xE9, 0x11, 
0x0D, 0x0D, 0x12, 0x31, 0x25, 0x25, 0x31, 0x4D, 0x86, 0x53, 0x56, 0x91, 0x44, 0x80, 0x12, 0x0D, 
0x0D, 0x11, 0x11, 0x0D, 0x07, 0x11, 0x04, 0xB3, 0x3D, 0x76, 0x48, 0x42, 0x6A, 0x3D, 0x26, 0x44, 
0x29, 0x29, 0x44, 0x26, 0x00, 0x01, 0x00, 0x5A, 0xFF, 0x16, 0x02, 0x51, 0x02, 0x2A, 0x00, 0x24, 
0x00, 0x54, 0xB5, 0x21, 0x01, 0x02, 0x01, 0x01, 0x4A, 0x4B, 0xB0, 0x22, 0x50, 0x58, 0x40, 0x17, 
0x00, 0x01, 0x01, 0x03, 0x5F, 0x05, 0x04, 0x02, 0x03, 0x03, 0x2C, 0x4B, 0x00, 0x02, 0x02, 0x2A, 
0x4B, 0x00, 0x00, 0x00, 0x2E, 0x00, 0x4C, 0x1B, 0x40, 0x1B, 0x00, 0x03, 0x03, 0x2C, 0x4B, 0x00, 
0x01, 0x01, 0x04, 0x5F, 0x05, 0x01, 0x04, 0x04, 0x2C, 0x4B, 0x00, 0x02, 0x02, 0x2A, 0x4B, 0x00, 
0x00, 0x00, 0x2E, 0x00, 0x4C, 0x59, 0x40, 0x0D, 0x00, 0x00, 0x00, 0x24, 0x00, 0x23, 0x25, 0x26, 
0x25, 0x26, 0x06, 0x08, 0x18, 0x2B, 0x00, 0x16, 0x16, 0x15, 0x11, 0x14, 0x06, 0x23, 0x22, 0x26, 
0x35, 0x11, 0x34, 0x26, 0x23, 0x22, 0x06, 0x06, 0x15, 0x11, 0x14, 0x06, 0x23, 0x22, 0x26, 0x35, 
0x11, 0x34, 0x36, 0x33, 0x32, 0x16, 0x15, 0x15, 0x36, 0x36, 0x33, 0x01, 0x9D, 0x73, 0x41, 0x11, 
0x0D, 0x0D, 0x11, 0x6B, 0x56, 0x35, 0x57, 0x32, 0x10, 0x0E, 0x0D, 0x11, 0x11, 0x0D, 0x0E, 0x10, 
0x22, 0x62, 0x3A, 0x02, 0x2A, 0x3C, 0x73, 0x50, 0xFE, 0x09, 0x0D, 0x11, 0x11, 0x0D, 0x01, 0xF7, 
0x5F, 0x64, 0x29, 0x49, 0x2C, 0xFE, 0xCE, 0x0D, 0x11, 0x11, 0x0D, 0x01, 0xE7, 0x0E, 0x10, 0x10, 
0x0E, 0x34, 0x2A, 0x2F, 0x00, 0x03, 0x00, 0x28, 0x00, 0x00, 0x01, 0xF9, 0x03, 0x16, 0x00, 0x0D, 
0x00, 0x14, 0x00, 0x1B, 0x00, 0x33, 0x40, 0x30, 0x00, 0x03, 0x00, 0x05, 0x04, 0x03, 0x05, 0x65, 
0x00, 0x02, 0x02, 0x01, 0x5F, 0x06, 0x01, 0x01, 0x01, 0x33, 0x4B, 0x00, 0x04, 0x04, 0x00, 0x5F, 
0x00, 0x00, 0x00, 0x2A, 0x00, 0x4C, 0x00, 0x00, 0x1B, 0x1A, 0x18, 0x16, 0x14, 0x13, 0x11, 0x0F, 
0x00, 0x0D, 0x00, 0x0C, 0x24, 0x07, 0x08, 0x15, 0x2B, 0x00, 0x16, 0x15, 0x14, 0x06, 0x23, 0x22, 
0x26, 0x26, 0x35, 0x34, 0x36, 0x36, 0x33, 0x16, 0x26, 0x23, 0x22, 0x06, 0x07, 0x21, 0x04, 0x16, 
0x33, 0x32, 0x36, 0x37, 0x21, 0x01, 0x7F, 0x7A, 0x7A, 0x6F, 0x49, 0x68, 0x37, 0x37, 0x68, 0x49, 
0xA7, 0x58, 0x4F, 0x4F, 0x57, 0x05, 0x01, 0x57, 0xFE, 0xAE, 0x57, 0x4F, 0x50, 0x57, 0x05, 0xFE, 
0xA9, 0x03, 0x16, 0xD2, 0xB9, 0xB9, 0xD2, 0x5F, 0xB2, 0x7A, 0x7A, 0xB2, 0x5F, 0xDF, 0xA2, 0xA2, 
0x8E, 0xCA, 0xA2, 0xA2, 0x8E, 0x00, 0x00, 0x00, 0x00, 0x01, 0x00, 0x6E, 0x00, 0x00, 0x00, 0xAA, 
0x02, 0x23, 0x00, 0x0D, 0x00, 0x19, 0x40, 0x16, 0x00, 0x00, 0x00, 0x2C, 0x4B, 0x02, 0x01, 0x01, 
0x01, 0x2A, 0x01, 0x4C, 0x00, 0x00, 0x00, 0x0D, 0x00, 0x0C, 0x25, 0x03, 0x08, 0x15, 0x2B, 0x32, 
0x26, 0x35, 0x11, 0x34, 0x36, 0x33, 0x32, 0x16, 0x15, 0x11, 0x14, 0x06, 0x23, 0x7F, 0x11, 0x11, 
0x0D, 0x0E, 0x10, 0x10, 0x0E, 0x11, 0x0D, 0x01, 0xE7, 0x0E, 0x10, 0x10, 0x0E, 0xFE, 0x19, 0x0D, 
0x11, 0x00, 0x00, 0x00, 0x00, 0x01, 0x00, 0x28, 0x00, 0x00, 0x01, 0xF9, 0x02, 0x23, 0x00, 0x21, 
0x00, 0x20, 0x40, 0x1D, 0x20, 0x1F, 0x16, 0x0D, 0x04, 0x00, 0x01, 0x01, 0x4A, 0x02, 0x01, 0x01, 
0x01, 0x2C, 0x4B, 0x03, 0x01, 0x00, 0x00, 0x2A, 0x00, 0x4C, 0x2A, 0x25, 0x25, 0x21, 0x04, 0x08, 
0x18, 0x2B, 0x36, 0x06, 0x23, 0x22, 0x26, 0x35, 0x11, 0x34, 0x36, 0x33, 0x32, 0x16, 0x15, 0x15, 
0x25, 0x36, 0x33, 0x32, 0x16, 0x15, 0x14, 0x07, 0x07, 0x13, 0x16, 0x15, 0x14, 0x06, 0x23, 0x22, 
0x27, 0x01, 0x07, 0x15, 0x65, 0x12, 0x0D, 0x0D, 0x11, 0x11, 0x0D, 0x0D, 0x12, 0x01, 0x66, 0x07, 
0x09, 0x0D, 0x11, 0x0C, 0xF4, 0xF8, 0x08, 0x11, 0x0D, 0x0D, 0x09, 0xFE, 0xFF, 0x5F, 0x11, 0x11, 
0x11, 0x0D, 0x01, 0xE7, 0x0D, 0x11, 0x11, 0x0D, 0xCF, 0xE8, 0x05, 0x11, 0x0D, 0x11, 0x08, 0xA0, 
0xFE, 0xE8, 0x0A, 0x0C, 0x0D, 0x11, 0x0A, 0x01, 0x21, 0x3E, 0xCF, 0x00, 0x00, 0x01, 0x00, 0x28, 
0x00, 0x00, 0x01, 0xF9, 0x03, 0x16, 0x00, 0x1B, 0x00, 0x1E, 0x40, 0x1B, 0x1A, 0x17, 0x10, 0x0A, 
0x04, 0x01, 0x00, 0x01, 0x4A, 0x00, 0x00, 0x00, 0x33, 0x4B, 0x02, 0x01, 0x01, 0x01, 0x2A, 0x01, 
0x4C, 0x25, 0x27, 0x23, 0x03, 0x08, 0x17, 0x2B, 0x12, 0x35, 0x34, 0x36, 0x33, 0x32, 0x16, 0x17, 
0x01, 0x16, 0x15, 0x14, 0x06, 0x23, 0x22, 0x27, 0x03, 0x03, 0x06, 0x06, 0x23, 0x22, 0x26, 0x35, 
0x34, 0x37, 0x13, 0x27, 0x8D, 0x11, 0x0D, 0x09, 0x11, 0x03, 0x01, 0x30, 0x01, 0x11, 0x0D, 0x15, 
0x08, 0xAE, 0xAD, 0x04, 0x0F, 0x0A, 0x0D, 0x11, 0x01, 0xC6, 0x5F, 0x02, 0xF5, 0x04, 0x0C, 0x11, 
0x0C, 0x09, 0xFD, 0x28, 0x02, 0x09, 0x0D, 0x11, 0x14, 0x01, 0xA0, 0xFE, 0x60, 0x09, 0x0B, 0x11, 
0x0D, 0x08, 0x03, 0x01, 0xDB, 0xE5, 0x00, 0x00, 0x00, 0x01, 0x00, 0x50, 0xFF, 0x3F, 0x02, 0x47, 
0x02, 0x23, 0x00, 0x2A, 0x00, 0x58, 0xB6, 0x10, 0x0A, 0x02, 0x04, 0x03, 0x01, 0x4A, 0x4B, 0xB0, 
0x22, 0x50, 0x58, 0x40, 0x18, 0x00, 0x02, 0x00, 0x02, 0x84, 0x06, 0x05, 0x02, 0x03, 0x03, 0x2C, 
0x4B, 0x00, 0x04, 0x04, 0x00, 0x5F, 0x01, 0x01, 0x00, 0x00, 0x2A, 0x00, 0x4C, 0x1B, 0x40, 0x1C, 
0x00, 0x02, 0x01, 0x02, 0x84, 0x06, 0x05, 0x02, 0x03, 0x03, 0x2C, 0x4B, 0x00, 0x00, 0x00, 0x2A, 
0x4B, 0x00, 0x04, 0x04, 0x01, 0x5F, 0x00, 0x01, 0x01, 0x32, 0x01, 0x4C, 0x59, 0x40, 0x0E, 0x00, 
0x00, 0x00, 0x2A, 0x00, 0x29, 0x25, 0x25, 0x25, 0x25, 0x25, 0x07, 0x08, 0x19, 0x2B, 0x00, 0x16, 
0x15, 0x11, 0x14, 0x06, 0x23, 0x22, 0x26, 0x35, 0x35, 0x06, 0x06, 0x23, 0x22, 0x26, 0x27, 0x15, 
0x14, 0x06, 0x23, 0x22, 0x26, 0x35, 0x11, 0x34, 0x36, 0x33, 0x32, 0x16, 0x15, 0x11, 0x14, 0x16, 
0x33, 0x32, 0x36, 0x36, 0x35, 0x11, 0x34, 0x36, 0x33, 0x02, 0x37, 0x10, 0x10, 0x0E, 0x0D, 0x11, 
0x22, 0x62, 0x3A, 0x3C, 0x63, 0x22, 0x10, 0x0E, 0x0D, 0x11, 0x11, 0x0D, 0x0D, 0x11, 0x6B, 0x56, 
0x35, 0x57, 0x32, 0x11, 0x0D, 0x02, 0x23, 0x10, 0x0E, 0xFE, 0x19, 0x0D, 0x11, 0x11, 0x0D, 0x34, 
0x2A, 0x2F, 0x28, 0x27, 0xEB, 0x0E, 0x10, 0x10, 0x0E, 0x02, 0xA8, 0x0D, 0x11, 0x11, 0x0D, 0xFE, 
0xF3, 0x5F, 0x64, 0x29, 0x49, 0x2C, 0x01, 0x32, 0x0E, 0x10, 0x00, 0x00, 0xFF, 0xFF, 0x00, 0x14, 
0xFF, 0xFF, 0x02, 0x19, 0x02, 0x25, 0x00, 0x02, 0x01, 0x78, 0x00, 0x00, 0x00, 0x01, 0x00, 0x28, 
0xFF, 0x15, 0x01, 0xBD, 0x03, 0x0E, 0x00, 0x40, 0x00, 0x41, 0x40, 0x3E, 0x22, 0x01, 0x07, 0x06, 
0x01, 0x4A, 0x00, 0x06, 0x08, 0x01, 0x07, 0x00, 0x06, 0x07, 0x67, 0x00, 0x05, 0x05, 0x04, 0x5D, 
0x00, 0x04, 0x04, 0x2B, 0x4B, 0x00, 0x00, 0x00, 0x03, 0x5F, 0x00, 0x03, 0x03, 0x2A, 0x4B, 0x00, 
0x02, 0x02, 0x01, 0x5F, 0x00, 0x01, 0x01, 0x2E, 0x01, 0x4C, 0x00, 0x00, 0x00, 0x40, 0x00, 0x3E, 
0x35, 0x34, 0x3C, 0x24, 0x24, 0x26, 0x26, 0x09, 0x08, 0x1B, 0x2B, 0x12, 0x06, 0x06, 0x15, 0x14, 
0x16, 0x16, 0x33, 0x32, 0x16, 0x16, 0x15, 0x14, 0x06, 0x06, 0x23, 0x22, 0x26, 0x35, 0x34, 0x36, 
0x33, 0x32, 0x36, 0x35, 0x34, 0x26, 0x23, 0x22, 0x26, 0x26, 0x35, 0x34, 0x36, 0x37, 0x26, 0x26, 
0x35, 0x34, 0x36, 0x36, 0x33, 0x33, 0x32, 0x16, 0x15, 0x14, 0x06, 0x23, 0x23, 0x22, 0x06, 0x15, 
0x14, 0x16, 0x16, 0x33, 0x33, 0x32, 0x16, 0x15, 0x14, 0x06, 0x23, 0x23, 0xF2, 0x58, 0x35, 0x35, 
0x58, 0x33, 0x29, 0x46, 0x29, 0x29, 0x46, 0x29, 0x0D, 0x11, 0x11, 0x0D, 0x25, 0x37, 0x38, 0x24, 
0x44, 0x75, 0x44, 0x3A, 0x3F, 0x2A, 0x26, 0x2F, 0x4F, 0x2E, 0x65, 0x0D, 0x12, 0x12, 0x0D, 0x65, 
0x2D, 0x42, 0x1E, 0x33, 0x1E, 0x65, 0x0D, 0x12, 0x12, 0x0D, 0x3D, 0x01, 0xBE, 0x34, 0x59, 0x34, 
0x34, 0x59, 0x33, 0x29, 0x44, 0x26, 0x27, 0x45, 0x29, 0x11, 0x0D, 0x0D, 0x12, 0x35, 0x23, 0x21, 
0x35, 0x45, 0x74, 0x44, 0x44, 0x68, 0x2D, 0x23, 0x42, 0x2A, 0x2C, 0x4E, 0x2F, 0x11, 0x0D, 0x0D, 
0x12, 0x41, 0x2B, 0x1B, 0x32, 0x1E, 0x11, 0x0D, 0x0D, 0x11, 0x00, 0x00, 0x00, 0x02, 0x00, 0x3C, 
0xFF, 0xFA, 0x02, 0x6B, 0x02, 0x29, 0x00, 0x0F, 0x00, 0x1F, 0x00, 0x2C, 0x40, 0x29, 0x00, 0x02, 
0x02, 0x00, 0x5F, 0x00, 0x00, 0x00, 0x2C, 0x4B, 0x05, 0x01, 0x03, 0x03, 0x01, 0x5F, 0x04, 0x01, 
0x01, 0x01, 0x32, 0x01, 0x4C, 0x10, 0x10, 0x00, 0x00, 0x10, 0x1F, 0x10, 0x1E, 0x18, 0x16, 0x00, 
0x0F, 0x00, 0x0E, 0x26, 0x06, 0x08, 0x15, 0x2B, 0x04, 0x26, 0x26, 0x35, 0x34, 0x36, 0x36, 0x33, 
0x32, 0x16, 0x16, 0x15, 0x14, 0x06, 0x06, 0x23, 0x3E, 0x02, 0x35, 0x34, 0x26, 0x26, 0x23, 0x22, 
0x06, 0x06, 0x15, 0x14, 0x16, 0x16, 0x33, 0x01, 0x05, 0x80, 0x49, 0x49, 0x80, 0x4F, 0x4E, 0x80, 
0x49, 0x49, 0x80, 0x4E, 0x3E, 0x64, 0x39, 0x39, 0x64, 0x3E, 0x3E, 0x64, 0x3A, 0x3A, 0x64, 0x3E, 
0x06, 0x49, 0x80, 0x4E, 0x4F, 0x80, 0x49, 0x49, 0x80, 0x4F, 0x4E, 0x80, 0x49, 0x38, 0x3A, 0x66, 
0x3F, 0x3F, 0x66, 0x3B, 0x3B, 0x66, 0x3F, 0x3F, 0x66, 0x3A, 0x00, 0x00, 0x00, 0x01, 0x00, 0x27, 
0x00, 0x00, 0x02, 0x4A, 0x02, 0x23, 0x00, 0x1F, 0x00, 0x1F, 0x40, 0x1C, 0x05, 0x03, 0x02, 0x01, 
0x01, 0x02, 0x5D, 0x00, 0x02, 0x02, 0x2C, 0x4B, 0x04, 0x01, 0x00, 0x00, 0x2A, 0x00, 0x4C, 0x13, 
0x23, 0x24, 0x34, 0x23, 0x21, 0x06, 0x08, 0x1A, 0x2B, 0x36, 0x06, 0x23, 0x22, 0x26, 0x35, 0x11, 
0x23, 0x22, 0x26, 0x35, 0x34, 0x36, 0x33, 0x21, 0x32, 0x16, 0x15, 0x14, 0x06, 0x23, 0x23, 0x11, 
0x14, 0x06, 0x23, 0x22, 0x26, 0x35, 0x11, 0x21, 0x11, 0xB5, 0x12, 0x0D, 0x0D, 0x11, 0x33, 0x0D, 
0x11, 0x11, 0x0D, 0x01, 0xE7, 0x0D, 0x11, 0x11, 0x0D, 0x33, 0x11, 0x0D, 0x0D, 0x12, 0xFE, 0xF9, 
0x11, 0x11, 0x11, 0x0D, 0x01, 0xC8, 0x12, 0x0D, 0x0D, 0x11, 0x11, 0x0D, 0x0D, 0x12, 0xFE, 0x38, 
0x0D, 0x11, 0x11, 0x0D, 0x01, 0xC8, 0xFE, 0x38, 0xFF, 0xFF, 0x00, 0x5A, 0xFF, 0x16, 0x02, 0x89, 
0x02, 0x29, 0x00, 0x02, 0x01, 0x4D, 0x00, 0x00, 0x00, 0x01, 0x00, 0x28, 0xFF, 0x15, 0x01, 0xD1, 
0x02, 0x23, 0x00, 0x2D, 0x00, 0x3A, 0x40, 0x37, 0x00, 0x00, 0x01, 0x02, 0x01, 0x00, 0x02, 0x7E, 
0x00, 0x01, 0x01, 0x06, 0x5F, 0x07, 0x01, 0x06, 0x06, 0x2C, 0x4B, 0x00, 0x02, 0x02, 0x05, 0x5F, 
0x00, 0x05, 0x05, 0x2A, 0x4B, 0x00, 0x04, 0x04, 0x03, 0x5F, 0x00, 0x03, 0x03, 0x2E, 0x03, 0x4C, 
0x00, 0x00, 0x00, 0x2D, 0x00, 0x2C, 0x24, 0x24, 0x26, 0x26, 0x22, 0x24, 0x08, 0x08, 0x1A, 0x2B, 
0x00, 0x16, 0x15, 0x14, 0x06, 0x23, 0x22, 0x27, 0x26, 0x23, 0x22, 0x06, 0x06, 0x15, 0x14, 0x16, 
0x16, 0x33, 0x32, 0x16, 0x16, 0x15, 0x14, 0x06, 0x06, 0x23, 0x22, 0x26, 0x35, 0x34, 0x36, 0x33, 
0x32, 0x36, 0x35, 0x34, 0x26, 0x23, 0x22, 0x26, 0x26, 0x35, 0x34, 0x36, 0x36, 0x33, 0x01, 0x6A, 
0x67, 0x11, 0x0D, 0x09, 0x09, 0x2D, 0x3B, 0x39, 0x62, 0x39, 0x39, 0x62, 0x39, 0x29, 0x46, 0x29, 
0x29, 0x46, 0x29, 0x0D, 0x11, 0x11, 0x0D, 0x25, 0x37, 0x38, 0x24, 0x49, 0x7E, 0x4A, 0x4A, 0x7E, 
0x49, 0x02, 0x23, 0x22, 0x1D, 0x0D, 0x11, 0x06, 0x1A, 0x39, 0x62, 0x3A, 0x39, 0x62, 0x39, 0x29, 
0x44, 0x26, 0x27, 0x44, 0x2A, 0x11, 0x0D, 0x0D, 0x12, 0x36, 0x22, 0x21, 0x35, 0x4A, 0x7E, 0x49, 
0x4A, 0x7E, 0x4A, 0x00, 0x00, 0x02, 0x00, 0x3C, 0xFF, 0xFA, 0x02, 0x71, 0x02, 0x29, 0x00, 0x17, 
0x00, 0x27, 0x00, 0x27, 0x40, 0x24, 0x03, 0x01, 0x02, 0x02, 0x01, 0x5D, 0x00, 0x01, 0x01, 0x2C, 
0x4B, 0x05, 0x01, 0x04, 0x04, 0x00, 0x5F, 0x00, 0x00, 0x00, 0x32, 0x00, 0x4C, 0x18, 0x18, 0x18, 
0x27, 0x18, 0x26, 0x27, 0x24, 0x46, 0x25, 0x06, 0x08, 0x18, 0x2B, 0x00, 0x16, 0x15, 0x14, 0x06, 
0x06, 0x23, 0x22, 0x26, 0x26, 0x35, 0x34, 0x36, 0x36, 0x37, 0x33, 0x21, 0x32, 0x16, 0x15, 0x14, 
0x06, 0x23, 0x23, 0x02, 0x36, 0x36, 0x35, 0x34, 0x26, 0x26, 0x23, 0x22, 0x06, 0x06, 0x15, 0x14, 
0x16, 0x16, 0x33, 0x02, 0x31, 0x3A, 0x49, 0x80, 0x4E, 0x4F, 0x80, 0x49, 0x48, 0x7E, 0x4E, 0x01, 
0x01, 0x05, 0x0C, 0x0F, 0x0F, 0x0C, 0x59, 0x6B, 0x64, 0x39, 0x39, 0x64, 0x3E, 0x3E, 0x64, 0x3A, 
0x3A, 0x64, 0x3E, 0x01, 0xCD, 0x76, 0x46, 0x4E, 0x80, 0x49, 0x49, 0x80, 0x4E, 0x4E, 0x80, 0x49, 
0x01, 0x0F, 0x0C, 0x0C, 0x0F, 0xFE, 0x3F, 0x3A, 0x66, 0x3F, 0x3F, 0x66, 0x3B, 0x3B, 0x66, 0x3F, 
0x3F, 0x66, 0x3A, 0x00, 0x00, 0x01, 0x00, 0x28, 0x00, 0x00, 0x01, 0xF9, 0x02, 0x23, 0x00, 0x16, 
0x00, 0x21, 0x40, 0x1E, 0x04, 0x03, 0x02, 0x01, 0x01, 0x00, 0x5D, 0x00, 0x00, 0x00, 0x2C, 0x4B, 
0x00, 0x02, 0x02, 0x2A, 0x02, 0x4C, 0x00, 0x00, 0x00, 0x16, 0x00, 0x15, 0x23, 0x24, 0x34, 0x05, 
0x08, 0x17, 0x2B, 0x12, 0x26, 0x35, 0x34, 0x36, 0x33, 0x21, 0x32, 0x16, 0x15, 0x14, 0x06, 0x23, 
0x23, 0x11, 0x14, 0x06, 0x23, 0x22, 0x26, 0x35, 0x11, 0x23, 0x39, 0x11, 0x11, 0x0D, 0x01, 0x95, 
0x0D, 0x11, 0x11, 0x0D, 0xAC, 0x12, 0x0D, 0x0D, 0x11, 0xAC, 0x01, 0xE6, 0x12, 0x0D, 0x0D, 0x11, 
0x11, 0x0D, 0x0D, 0x12, 0xFE, 0x38, 0x0D, 0x11, 0x11, 0x0D, 0x01, 0xC8, 0x00, 0x01, 0x00, 0x28, 
0x00, 0x00, 0x02, 0x22, 0x02, 0x23, 0x00, 0x1F, 0x00, 0x1B, 0x40, 0x18, 0x02, 0x01, 0x00, 0x00, 
0x2C, 0x4B, 0x00, 0x01, 0x01, 0x03, 0x5F, 0x00, 0x03, 0x03, 0x2A, 0x03, 0x4C, 0x26, 0x26, 0x26, 
0x21, 0x04, 0x08, 0x18, 0x2B, 0x12, 0x36, 0x33, 0x32, 0x16, 0x15, 0x11, 0x14, 0x16, 0x16, 0x33, 
0x32, 0x36, 0x36, 0x35, 0x11, 0x34, 0x36, 0x33, 0x32, 0x16, 0x15, 0x11, 0x14, 0x06, 0x06, 0x23, 
0x22, 0x26, 0x26, 0x35, 0x11, 0x28, 0x11, 0x0D, 0x0D, 0x11, 0x35, 0x58, 0x33, 0x34, 0x58, 0x35, 
0x11, 0x0D, 0x0D, 0x12, 0x45, 0x74, 0x45, 0x44, 0x74, 0x44, 0x02, 0x12, 0x11, 0x11, 0x0D, 0xFE, 
0xF8, 0x34, 0x59, 0x33, 0x34, 0x58, 0x34, 0x01, 0x08, 0x0D, 0x11, 0x11, 0x0D, 0xFE, 0xF8, 0x44, 
0x74, 0x45, 0x43, 0x74, 0x46, 0x01, 0x08, 0x00, 0x00, 0x02, 0x00, 0x27, 0xFF, 0x15, 0x02, 0x4A, 
0x02, 0x23, 0x00, 0x27, 0x00, 0x33, 0x00, 0x4C, 0x40, 0x09, 0x33, 0x27, 0x1F, 0x12, 0x04, 0x02, 
0x03, 0x01, 0x4A, 0x4B, 0xB0, 0x29, 0x50, 0x58, 0x40, 0x15, 0x00, 0x00, 0x00, 0x2C, 0x4B, 0x00, 
0x03, 0x03, 0x01, 0x5F, 0x00, 0x01, 0x01, 0x2C, 0x4B, 0x00, 0x02, 0x02, 0x2E, 0x02, 0x4C, 0x1B, 
0x40, 0x18, 0x00, 0x00, 0x01, 0x03, 0x01, 0x00, 0x03, 0x7E, 0x00, 0x03, 0x03, 0x01, 0x5F, 0x00, 
0x01, 0x01, 0x2C, 0x4B, 0x00, 0x02, 0x02, 0x2E, 0x02, 0x4C, 0x59, 0xB6, 0x2A, 0x2B, 0x2D, 0x26, 
0x04, 0x08, 0x18, 0x2B, 0x36, 0x26, 0x26, 0x35, 0x34, 0x37, 0x36, 0x33, 0x32, 0x16, 0x15, 0x14, 
0x07, 0x06, 0x06, 0x15, 0x14, 0x16, 0x17, 0x11, 0x34, 0x36, 0x33, 0x32, 0x17, 0x16, 0x16, 0x15, 
0x14, 0x06, 0x06, 0x07, 0x15, 0x14, 0x06, 0x23, 0x22, 0x26, 0x35, 0x35, 0x36, 0x36, 0x35, 0x34, 
0x27, 0x26, 0x26, 0x23, 0x22, 0x06, 0x15, 0x11, 0xD2, 0x6E, 0x3D, 0x50, 0x30, 0x18, 0x0D, 0x11, 
0x0E, 0x34, 0x37, 0x62, 0x54, 0x42, 0x2E, 0x1E, 0x19, 0x42, 0x47, 0x3D, 0x6E, 0x48, 0x11, 0x0D, 
0x0D, 0x12, 0x91, 0x62, 0x3E, 0x10, 0x25, 0x10, 0x15, 0x1E, 0x0B, 0x4E, 0x7A, 0x49, 0x7B, 0x50, 
0x30, 0x11, 0x0D, 0x12, 0x08, 0x1E, 0x66, 0x3F, 0x56, 0x78, 0x10, 0x01, 0x76, 0x2F, 0x40, 0x0E, 
0x28, 0x81, 0x50, 0x49, 0x7A, 0x4E, 0x0A, 0xCE, 0x0D, 0x11, 0x11, 0x0D, 0xCE, 0x4D, 0x77, 0x57, 
0x60, 0x40, 0x11, 0x19, 0x1E, 0x14, 0xFE, 0x8A, 0x00, 0x01, 0x00, 0x28, 0xFF, 0x16, 0x01, 0xF9, 
0x02, 0x23, 0x00, 0x23, 0x00, 0x21, 0x40, 0x1E, 0x22, 0x19, 0x10, 0x07, 0x04, 0x05, 0x01, 0x00, 
0x01, 0x4A, 0x03, 0x01, 0x00, 0x00, 0x2C, 0x4B, 0x02, 0x01, 0x01, 0x01, 0x2E, 0x01, 0x4C, 0x2A, 
0x24, 0x2A, 0x20, 0x04, 0x08, 0x18, 0x2B, 0x00, 0x33, 0x32, 0x16, 0x15, 0x14, 0x07, 0x03, 0x13, 
0x16, 0x15, 0x14, 0x06, 0x23, 0x22, 0x27, 0x03, 0x03, 0x06, 0x23, 0x22, 0x26, 0x35, 0x34, 0x37, 
0x13, 0x03, 0x26, 0x35, 0x34, 0x36, 0x33, 0x32, 0x17, 0x13, 0x13, 0x01, 0xCA, 0x11, 0x0D, 0x11, 
0x03, 0xC2, 0xC2, 0x03, 0x11, 0x0D, 0x11, 0x08, 0xB2, 0xB1, 0x07, 0x12, 0x0D, 0x11, 0x03, 0xC3, 
0xC3, 0x03, 0x11, 0x0D, 0x11, 0x09, 0xB0, 0xB1, 0x02, 0x23, 0x12, 0x0C, 0x08, 0x06, 0xFE, 0xA5, 
0xFE, 0xA6, 0x08, 0x07, 0x0C, 0x11, 0x0C, 0x01, 0x3B, 0xFE, 0xC5, 0x0C, 0x11, 0x0C, 0x09, 0x06, 
0x01, 0x5A, 0x01, 0x5B, 0x06, 0x08, 0x0C, 0x12, 0x0E, 0xFE, 0xC5, 0x01, 0x3B, 0x00, 0x00, 0x00, 
0x00, 0x01, 0x00, 0x26, 0xFF, 0x15, 0x02, 0x9A, 0x02, 0x23, 0x00, 0x2F, 0x00, 0x20, 0x40, 0x1D, 
0x2A, 0x22, 0x12, 0x0A, 0x04, 0x03, 0x00, 0x01, 0x4A, 0x02, 0x01, 0x02, 0x00, 0x00, 0x2C, 0x4B, 
0x00, 0x03, 0x03, 0x2E, 0x03, 0x4C, 0x2A, 0x2A, 0x2A, 0x21, 0x04, 0x08, 0x18, 0x2B, 0x12, 0x36, 
0x33, 0x32, 0x16, 0x15, 0x15, 0x14, 0x16, 0x16, 0x17, 0x11, 0x34, 0x36, 0x33, 0x32, 0x16, 0x15, 
0x11, 0x3E, 0x02, 0x35, 0x35, 0x34, 0x36, 0x33, 0x32, 0x16, 0x15, 0x15, 0x14, 0x06, 0x06, 0x07, 
0x15, 0x14, 0x06, 0x23, 0x22, 0x26, 0x35, 0x35, 0x2E, 0x02, 0x35, 0x35, 0x26, 0x12, 0x0D, 0x0D, 
0x11, 0x38, 0x65, 0x42, 0x11, 0x0D, 0x0D, 0x12, 0x42, 0x65, 0x37, 0x12, 0x0D, 0x0D, 0x11, 0x49, 
0x81, 0x51, 0x12, 0x0D, 0x0D, 0x11, 0x53, 0x81, 0x48, 0x02, 0x12, 0x11, 0x11, 0x0D, 0xCB, 0x3D, 
0x6C, 0x49, 0x09, 0x01, 0xC6, 0x0D, 0x11, 0x11, 0x0D, 0xFE, 0x3A, 0x09, 0x48, 0x6C, 0x3E, 0xCB, 
0x0D, 0x11, 0x11, 0x0D, 0xCB, 0x4F, 0x88, 0x58, 0x0A, 0xCE, 0x0D, 0x11, 0x11, 0x0D, 0xCE, 0x0A, 
0x5A, 0x88, 0x4D, 0xCB, 0x00, 0x01, 0x00, 0x26, 0x00, 0x00, 0x02, 0x9A, 0x02, 0x23, 0x00, 0x37, 
0x00, 0x2E, 0x40, 0x2B, 0x17, 0x01, 0x00, 0x06, 0x01, 0x4A, 0x00, 0x06, 0x01, 0x00, 0x01, 0x06, 
0x00, 0x7E, 0x04, 0x01, 0x01, 0x01, 0x2C, 0x4B, 0x05, 0x01, 0x00, 0x00, 0x02, 0x5F, 0x03, 0x01, 
0x02, 0x02, 0x2A, 0x02, 0x4C, 0x25, 0x28, 0x27, 0x22, 0x27, 0x28, 0x21, 0x07, 0x08, 0x1B, 0x2B, 
0x24, 0x16, 0x33, 0x32, 0x36, 0x35, 0x34, 0x27, 0x26, 0x35, 0x34, 0x36, 0x33, 0x32, 0x16, 0x17, 
0x16, 0x15, 0x14, 0x06, 0x06, 0x23, 0x22, 0x27, 0x06, 0x23, 0x22, 0x26, 0x26, 0x35, 0x34, 0x37, 
0x36, 0x36, 0x33, 0x32, 0x16, 0x15, 0x14, 0x07, 0x06, 0x15, 0x14, 0x16, 0x33, 0x32, 0x36, 0x35, 
0x35, 0x34, 0x36, 0x33, 0x32, 0x16, 0x15, 0x15, 0x01, 0x7F, 0x42, 0x2D, 0x2E, 0x41, 0x4E, 0x03, 
0x12, 0x0D, 0x0A, 0x0D, 0x05, 0x53, 0x2F, 0x4F, 0x2E, 0x51, 0x3D, 0x3D, 0x51, 0x2F, 0x4F, 0x2E, 
0x52, 0x06, 0x0D, 0x0B, 0x0D, 0x11, 0x03, 0x4E, 0x41, 0x2E, 0x2E, 0x42, 0x11, 0x0D, 0x0D, 0x12, 
0x7D, 0x40, 0x41, 0x2E, 0xB7, 0x93, 0x06, 0x09, 0x0D, 0x11, 0x09, 0x0A, 0xA3, 0xC1, 0x2E, 0x4F, 
0x2F, 0x49, 0x49, 0x2F, 0x4F, 0x2E, 0xBF, 0xA1, 0x0D, 0x0A, 0x11, 0x0D, 0x09, 0x06, 0x96, 0xB4, 
0x2F, 0x40, 0x41, 0x2E, 0xDF, 0x0D, 0x11, 0x11, 0x0D, 0xDF, 0x00, 0x00, 0xFF, 0xFF, 0x00, 0x30, 
0x00, 0x00, 0x00, 0xE7, 0x03, 0x3F, 0x00, 0x22, 0x02, 0x71, 0x00, 0x00, 0x00, 0x02, 0x03, 0x50, 
0x06, 0x00, 0x00, 0x00, 0xFF, 0xFF, 0xFF, 0xF4, 0x00, 0x00, 0x01, 0x23, 0x02, 0xF8, 0x00, 0x22, 
0x02, 0x71, 0x00, 0x00, 0x00, 0x03, 0x03, 0x26, 0x01, 0x87, 0x00, 0x00, 0xFF, 0xFF, 0xFF, 0xD5, 
0x00, 0x00, 0x01, 0x6B, 0x03, 0x36, 0x00, 0x22, 0x02, 0x71, 0x00, 0x00, 0x00, 0x02, 0x03, 0x51, 
0xA3, 0x00, 0x00, 0x00, 0xFF, 0xFF, 0x00, 0x28, 0x00, 0x00, 0x02, 0x22, 0x03, 0x3F, 0x00, 0x22, 
0x02, 0x7D, 0x00, 0x00, 0x00, 0x03, 0x03, 0x50, 0x00, 0x9F, 0x00, 0x00, 0xFF, 0xFF, 0x00, 0x28, 
0x00, 0x00, 0x02, 0x22, 0x02, 0xF8, 0x00, 0x22, 0x02, 0x7D, 0x00, 0x00, 0x00, 0x03, 0x03, 0x26, 
0x02, 0x20, 0x00, 0x00, 0xFF, 0xFF, 0x00, 0x28, 0x00, 0x00, 0x02, 0x22, 0x03, 0x36, 0x00, 0x22, 
0x02, 0x7D, 0x00, 0x00, 0x00, 0x02, 0x03, 0x51, 0x3C, 0x00, 0x00, 0x00, 0xFF, 0xFF, 0x00, 0x3C, 
0xFF, 0xFA, 0x02, 0x6B, 0x03, 0x3F, 0x00, 0x22, 0x02, 0x77, 0x00, 0x00, 0x00, 0x03, 0x03, 0x50, 
0x00, 0xCE, 0x00, 0x00, 0xFF, 0xFF, 0x00, 0x26, 0x00, 0x00, 0x02, 0x9A, 0x03, 0x3F, 0x00, 0x22, 
0x02, 0x81, 0x00, 0x00, 0x00, 0x03, 0x03, 0x50, 0x00, 0xDA, 0x00, 0x00, 0xFF, 0xFF, 0x00, 0x26, 
0x00, 0x00, 0x02, 0x9A, 0x03, 0x3F, 0x00, 0x22, 0x02, 0x69, 0x00, 0x00, 0x00, 0x03, 0x03, 0x50, 
0x00, 0xDA, 0x00, 0x00, 0xFF, 0xFF, 0x00, 0x29, 0x00, 0x00, 0x01, 0x8C, 0x03, 0x3F, 0x00, 0x22, 
0x02, 0x6D, 0x00, 0x00, 0x00, 0x02, 0x03, 0x50, 0x51, 0x00, 0x00, 0x00, 0xFF, 0xFF, 0x00, 0x5A, 
0xFF, 0x16, 0x02, 0x51, 0x03, 0x3F, 0x00, 0x22, 0x02, 0x6F, 0x00, 0x00, 0x00, 0x03, 0x03, 0x50, 
0x00, 0xD5, 0x00, 0x00, 0x00, 0x02, 0x00, 0x32, 0x00, 0x00, 0x02, 0x04, 0x03, 0x10, 0x00, 0x0E, 
0x00, 0x1A, 0x00, 0x2C, 0x40, 0x29, 0x00, 0x02, 0x02, 0x00, 0x5F, 0x00, 0x00, 0x00, 0x3D, 0x4B, 
0x05, 0x01, 0x03, 0x03, 0x01, 0x5F, 0x04, 0x01, 0x01, 0x01, 0x3E, 0x01, 0x4C, 0x0F, 0x0F, 0x00, 
0x00, 0x0F, 0x1A, 0x0F, 0x19, 0x15, 0x13, 0x00, 0x0E, 0x00, 0x0D, 0x26, 0x06, 0x09, 0x15, 0x2B, 
0x32, 0x26, 0x26, 0x35, 0x34, 0x36, 0x36, 0x33, 0x32, 0x16, 0x16, 0x15, 0x14, 0x06, 0x23, 0x36, 
0x36, 0x35, 0x34, 0x26, 0x23, 0x22, 0x06, 0x15, 0x14, 0x16, 0x33, 0xD2, 0x69, 0x37, 0x37, 0x69, 
0x49, 0x4A, 0x68, 0x37, 0x7A, 0x6F, 0x55, 0x57, 0x58, 0x54, 0x54, 0x58, 0x57, 0x55, 0x5E, 0xB0, 
0x7A, 0x79, 0xB0, 0x5F, 0x5F, 0xB1, 0x78, 0xB8, 0xD0, 0x3C, 0xB5, 0x97, 0x96, 0xB5, 0xB5, 0x96, 
0x97, 0xB5, 0x00, 0x00, 0x00, 0x01, 0x00, 0x2D, 0x00, 0x00, 0x01, 0x0C, 0x03, 0x0E, 0x00, 0x15, 
0x00, 0x28, 0x40, 0x25, 0x03, 0x01, 0x00, 0x01, 0x01, 0x4A, 0x00, 0x00, 0x01, 0x02, 0x01, 0x00, 
0x02, 0x7E, 0x00, 0x01, 0x01, 0x3D, 0x4B, 0x03, 0x01, 0x02, 0x02, 0x3E, 0x02, 0x4C, 0x00, 0x00, 
0x00, 0x15, 0x00, 0x14, 0x26, 0x25, 0x04, 0x09, 0x16, 0x2B, 0x32, 0x26, 0x35, 0x11, 0x07, 0x06, 
0x23, 0x22, 0x26, 0x35, 0x34, 0x37, 0x37, 0x36, 0x33, 0x32, 0x16, 0x15, 0x11, 0x14, 0x06, 0x23, 
0xE1, 0x12, 0x77, 0x07, 0x06, 0x0D, 0x11, 0x13, 0x99, 0x12, 0x03, 0x0D, 0x11, 0x11, 0x0D, 0x11, 
0x0D, 0x02, 0xA7, 0x27, 0x03, 0x11, 0x0D, 0x16, 0x07, 0x33, 0x05, 0x11, 0x0D, 0xFD, 0x2E, 0x0D, 
0x11, 0x00, 0x00, 0x00, 0x00, 0x01, 0x00, 0x41, 0x00, 0x00, 0x02, 0x13, 0x03, 0x0E, 0x00, 0x2A, 
0x00, 0x2E, 0x40, 0x2B, 0x00, 0x01, 0x00, 0x03, 0x00, 0x01, 0x03, 0x7E, 0x00, 0x00, 0x00, 0x02, 
0x5F, 0x00, 0x02, 0x02, 0x3D, 0x4B, 0x00, 0x03, 0x03, 0x04, 0x5D, 0x05, 0x01, 0x04, 0x04, 0x3E, 
0x04, 0x4C, 0x00, 0x00, 0x00, 0x2A, 0x00, 0x28, 0x27, 0x25, 0x25, 0x2B, 0x06, 0x09, 0x18, 0x2B, 
0x32, 0x26, 0x35, 0x34, 0x37, 0x01, 0x36, 0x36, 0x35, 0x34, 0x26, 0x26, 0x23, 0x22, 0x06, 0x06, 
0x15, 0x14, 0x06, 0x23, 0x22, 0x26, 0x35, 0x34, 0x36, 0x36, 0x33, 0x32, 0x16, 0x16, 0x15, 0x14, 
0x06, 0x07, 0x01, 0x21, 0x32, 0x16, 0x15, 0x14, 0x06, 0x23, 0x21, 0x5D, 0x12, 0x09, 0x01, 0x3C, 
0x15, 0x1D, 0x2B, 0x4A, 0x2D, 0x2D, 0x4A, 0x2B, 0x11, 0x0D, 0x0D, 0x12, 0x3A, 0x66, 0x3F, 0x3F, 
0x66, 0x3A, 0x25, 0x22, 0xFE, 0xED, 0x01, 0x50, 0x0D, 0x11, 0x11, 0x0D, 0xFE, 0x75, 0x11, 0x0D, 
0x0C, 0x0A, 0x01, 0x78, 0x16, 0x45, 0x1E, 0x30, 0x4F, 0x2D, 0x2D, 0x4F, 0x30, 0x0D, 0x11, 0x11, 
0x0D, 0x42, 0x6A, 0x3D, 0x3D, 0x6A, 0x42, 0x2E, 0x4F, 0x28, 0xFE, 0xBD, 0x12, 0x0D, 0x0D, 0x11, 
0x00, 0x01, 0x00, 0x37, 0xFF, 0xF7, 0x02, 0x13, 0x03, 0x15, 0x00, 0x3C, 0x00, 0x47, 0x40, 0x44, 
0x35, 0x01, 0x02, 0x03, 0x01, 0x4A, 0x00, 0x05, 0x04, 0x03, 0x04, 0x05, 0x03, 0x7E, 0x00, 0x00, 
0x02, 0x01, 0x02, 0x00, 0x01, 0x7E, 0x00, 0x03, 0x00, 0x02, 0x00, 0x03, 0x02, 0x67, 0x00, 0x04, 
0x04, 0x06, 0x5F, 0x00, 0x06, 0x06, 0x45, 0x4B, 0x00, 0x01, 0x01, 0x07, 0x5F, 0x08, 0x01, 0x07, 
0x07, 0x46, 0x07, 0x4C, 0x00, 0x00, 0x00, 0x3C, 0x00, 0x3B, 0x25, 0x24, 0x25, 0x24, 0x25, 0x25, 
0x25, 0x09, 0x09, 0x1B, 0x2B, 0x16, 0x26, 0x26, 0x35, 0x34, 0x36, 0x33, 0x32, 0x16, 0x15, 0x14, 
0x16, 0x16, 0x33, 0x32, 0x36, 0x35, 0x34, 0x26, 0x26, 0x23, 0x22, 0x26, 0x35, 0x34, 0x36, 0x33, 
0x32, 0x36, 0x36, 0x35, 0x34, 0x26, 0x23, 0x22, 0x06, 0x15, 0x14, 0x06, 0x23, 0x22, 0x26, 0x35, 
0x34, 0x36, 0x36, 0x33, 0x32, 0x16, 0x16, 0x15, 0x14, 0x06, 0x07, 0x16, 0x16, 0x15, 0x14, 0x06, 
0x06, 0x23, 0xE1, 0x6C, 0x3E, 0x11, 0x0E, 0x0E, 0x10, 0x2E, 0x51, 0x30, 0x53, 0x60, 0x2E, 0x4F, 
0x31, 0x0D, 0x11, 0x11, 0x0D, 0x27, 0x40, 0x25, 0x4D, 0x42, 0x43, 0x54, 0x12, 0x0D, 0x0E, 0x10, 
0x36, 0x61, 0x3D, 0x39, 0x5D, 0x36, 0x45, 0x32, 0x49, 0x50, 0x3E, 0x6E, 0x44, 0x09, 0x3C, 0x6A, 
0x40, 0x0E, 0x13, 0x13, 0x0E, 0x30, 0x4D, 0x2D, 0x5F, 0x4A, 0x34, 0x4E, 0x2A, 0x11, 0x0D, 0x0D, 
0x11, 0x26, 0x41, 0x25, 0x3D, 0x4D, 0x4A, 0x39, 0x0D, 0x11, 0x11, 0x0D, 0x36, 0x56, 0x32, 0x34, 
0x5A, 0x37, 0x2F, 0x63, 0x15, 0x13, 0x73, 0x47, 0x41, 0x68, 0x3C, 0x00, 0x00, 0x02, 0x00, 0x0A, 
0x00, 0x00, 0x02, 0x56, 0x03, 0x0E, 0x00, 0x1C, 0x00, 0x1F, 0x00, 0x2E, 0x40, 0x2B, 0x1F, 0x01, 
0x04, 0x03, 0x01, 0x4A, 0x05, 0x06, 0x02, 0x04, 0x02, 0x01, 0x00, 0x01, 0x04, 0x00, 0x65, 0x00, 
0x03, 0x03, 0x3D, 0x4B, 0x00, 0x01, 0x01, 0x3E, 0x01, 0x4C, 0x00, 0x00, 0x1E, 0x1D, 0x00, 0x1C, 
0x00, 0x1B, 0x27, 0x23, 0x23, 0x23, 0x07, 0x09, 0x18, 0x2B, 0x24, 0x15, 0x14, 0x06, 0x23, 0x23, 
0x15, 0x14, 0x06, 0x23, 0x22, 0x26, 0x35, 0x35, 0x21, 0x22, 0x26, 0x35, 0x34, 0x37, 0x01, 0x36, 
0x36, 0x33, 0x32, 0x16, 0x15, 0x11, 0x33, 0x21, 0x21, 0x11, 0x02, 0x56, 0x12, 0x0C, 0x5C, 0x11, 
0x0D, 0x0D, 0x11, 0xFE, 0x89, 0x0D, 0x12, 0x06, 0x01, 0x95, 0x05, 0x0B, 0x09, 0x0D, 0x11, 0x5C, 
0xFE, 0x25, 0x01, 0x43, 0xF8, 0x1C, 0x09, 0x11, 0xA4, 0x0D, 0x11, 0x11, 0x0D, 0xA4, 0x13, 0x0C, 
0x0A, 0x07, 0x02, 0x10, 0x06, 0x06, 0x12, 0x0D, 0xFE, 0x09, 0x01, 0xA2, 0x00, 0x01, 0x00, 0x41, 
0x00, 0x00, 0x02, 0x3B, 0x03, 0x0E, 0x00, 0x2F, 0x00, 0x38, 0x40, 0x35, 0x00, 0x00, 0x02, 0x01, 
0x02, 0x00, 0x01, 0x7E, 0x00, 0x05, 0x00, 0x02, 0x00, 0x05, 0x02, 0x65, 0x00, 0x04, 0x04, 0x03, 
0x5D, 0x00, 0x03, 0x03, 0x3D, 0x4B, 0x00, 0x01, 0x01, 0x06, 0x5F, 0x07, 0x01, 0x06, 0x06, 0x3E, 
0x06, 0x4C, 0x00, 0x00, 0x00, 0x2F, 0x00, 0x2E, 0x21, 0x24, 0x35, 0x36, 0x25, 0x25, 0x08, 0x09, 
0x1A, 0x2B, 0x32, 0x26, 0x26, 0x35, 0x34, 0x36, 0x33, 0x32, 0x16, 0x15, 0x14, 0x16, 0x16, 0x33, 
0x32, 0x36, 0x36, 0x35, 0x34, 0x26, 0x26, 0x23, 0x23, 0x22, 0x26, 0x35, 0x11, 0x34, 0x36, 0x33, 
0x21, 0x32, 0x16, 0x15, 0x14, 0x06, 0x23, 0x21, 0x15, 0x33, 0x32, 0x16, 0x16, 0x15, 0x14, 0x06, 
0x06, 0x23, 0xF7, 0x74, 0x42, 0x11, 0x0D, 0x0D, 0x12, 0x32, 0x58, 0x36, 0x36, 0x58, 0x32, 0x32, 
0x58, 0x36, 0xB6, 0x0D, 0x11, 0x11, 0x0D, 0x01, 0x6C, 0x0D, 0x12, 0x12, 0x0D, 0xFE, 0xB2, 0x98, 
0x47, 0x74, 0x42, 0x42, 0x74, 0x47, 0x42, 0x74, 0x47, 0x0D, 0x12, 0x12, 0x0D, 0x36, 0x58, 0x32, 
0x32, 0x58, 0x36, 0x36, 0x58, 0x33, 0x11, 0x0D, 0x01, 0x14, 0x0D, 0x11, 0x11, 0x0D, 0x0D, 0x12, 
0xD7, 0x42, 0x74, 0x47, 0x47, 0x74, 0x42, 0x00, 0x00, 0x02, 0x00, 0x41, 0x00, 0x00, 0x02, 0x14, 
0x03, 0x0E, 0x00, 0x1B, 0x00, 0x2B, 0x00, 0x3A, 0x40, 0x37, 0x16, 0x01, 0x02, 0x01, 0x19, 0x01, 
0x03, 0x02, 0x02, 0x4A, 0x05, 0x01, 0x02, 0x00, 0x03, 0x04, 0x02, 0x03, 0x67, 0x00, 0x01, 0x01, 
0x3D, 0x4B, 0x06, 0x01, 0x04, 0x04, 0x00, 0x5F, 0x00, 0x00, 0x00, 0x3E, 0x00, 0x4C, 0x1C, 0x1C, 
0x00, 0x00, 0x1C, 0x2B, 0x1C, 0x2A, 0x24, 0x22, 0x00, 0x1B, 0x00, 0x1A, 0x2A, 0x26, 0x07, 0x09, 
0x16, 0x2B, 0x00, 0x16, 0x16, 0x15, 0x14, 0x06, 0x06, 0x23, 0x22, 0x26, 0x26, 0x35, 0x34, 0x37, 
0x23, 0x37, 0x37, 0x13, 0x36, 0x33, 0x32, 0x16, 0x15, 0x14, 0x07, 0x03, 0x36, 0x33, 0x12, 0x36, 
0x36, 0x35, 0x34, 0x26, 0x26, 0x23, 0x22, 0x06, 0x06, 0x15, 0x14, 0x16, 0x16, 0x33, 0x01, 0x6D, 
0x6A, 0x3D, 0x3D, 0x6A, 0x42, 0x42, 0x6B, 0x3D, 0x1C, 0x01, 0x04, 0x07, 0xF5, 0x0B, 0x11, 0x0D, 
0x12, 0x05, 0xAC, 0x1F, 0x26, 0x31, 0x4F, 0x2E, 0x2E, 0x4F, 0x31, 0x31, 0x50, 0x2E, 0x2E, 0x50, 
0x31, 0x01, 0xD3, 0x3D, 0x6B, 0x42, 0x42, 0x6A, 0x3D, 0x3D, 0x6A, 0x42, 0x3E, 0x33, 0x06, 0x0C, 
0x01, 0x91, 0x11, 0x12, 0x0C, 0x07, 0x0A, 0xFE, 0xEA, 0x0A, 0xFE, 0x68, 0x2E, 0x4F, 0x31, 0x31, 
0x50, 0x2E, 0x2E, 0x50, 0x31, 0x31, 0x4F, 0x2E, 0x00, 0x01, 0x00, 0x37, 0x00, 0x00, 0x02, 0x1D, 
0x03, 0x0E, 0x00, 0x16, 0x00, 0x29, 0x40, 0x26, 0x10, 0x01, 0x00, 0x01, 0x02, 0x01, 0x02, 0x00, 
0x02, 0x4A, 0x00, 0x00, 0x00, 0x01, 0x5D, 0x00, 0x01, 0x01, 0x3D, 0x4B, 0x03, 0x01, 0x02, 0x02, 
0x3E, 0x02, 0x4C, 0x00, 0x00, 0x00, 0x16, 0x00, 0x15, 0x34, 0x25, 0x04, 0x09, 0x16, 0x2B, 0x32, 
0x26, 0x35, 0x34, 0x37, 0x01, 0x21, 0x22, 0x26, 0x35, 0x34, 0x36, 0x33, 0x21, 0x32, 0x16, 0x15, 
0x14, 0x07, 0x01, 0x06, 0x06, 0x23, 0xA3, 0x12, 0x07, 0x01, 0x33, 0xFE, 0x8B, 0x0D, 0x12, 0x12, 
0x0D, 0x01, 0xA9, 0x0D, 0x11, 0x05, 0xFE, 0xB4, 0x04, 0x0F, 0x09, 0x11, 0x0D, 0x05, 0x10, 0x02, 
0x9E, 0x12, 0x0D, 0x0D, 0x11, 0x11, 0x0D, 0x04, 0x0D, 0xFD, 0x33, 0x08, 0x0A, 0x00, 0x00, 0x00, 
0x00, 0x03, 0x00, 0x41, 0xFF, 0xF9, 0x02, 0x18, 0x03, 0x0D, 0x00, 0x1B, 0x00, 0x27, 0x00, 0x37, 
0x00, 0x7F, 0xB6, 0x1B, 0x0D, 0x02, 0x04, 0x02, 0x01, 0x4A, 0x4B, 0xB0, 0x0C, 0x50, 0x58, 0x40, 
0x1D, 0x00, 0x02, 0x00, 0x04, 0x05, 0x02, 0x04, 0x67, 0x00, 0x03, 0x03, 0x01, 0x5F, 0x00, 0x01, 
0x01, 0x3D, 0x4B, 0x00, 0x05, 0x05, 0x00, 0x5F, 0x00, 0x00, 0x00, 0x49, 0x00, 0x4C, 0x1B, 0x4B, 
0xB0, 0x0D, 0x50, 0x58, 0x40, 0x1D, 0x00, 0x02, 0x00, 0x04, 0x05, 0x02, 0x04, 0x67, 0x00, 0x03, 
0x03, 0x01, 0x5F, 0x00, 0x01, 0x01, 0x3D, 0x4B, 0x00, 0x05, 0x05, 0x00, 0x5F, 0x00, 0x00, 0x00, 
0x46, 0x00, 0x4C, 0x1B, 0x40, 0x1D, 0x00, 0x02, 0x00, 0x04, 0x05, 0x02, 0x04, 0x67, 0x00, 0x03, 
0x03, 0x01, 0x5F, 0x00, 0x01, 0x01, 0x3D, 0x4B, 0x00, 0x05, 0x05, 0x00, 0x5F, 0x00, 0x00, 0x00, 
0x49, 0x00, 0x4C, 0x59, 0x59, 0x40, 0x09, 0x26, 0x25, 0x24, 0x28, 0x2C, 0x25, 0x06, 0x09, 0x1A, 
0x2B, 0x00, 0x16, 0x15, 0x14, 0x06, 0x06, 0x23, 0x22, 0x26, 0x26, 0x35, 0x34, 0x36, 0x37, 0x26, 
0x26, 0x35, 0x34, 0x36, 0x36, 0x33, 0x32, 0x16, 0x16, 0x15, 0x14, 0x06, 0x07, 0x26, 0x16, 0x33, 
0x32, 0x36, 0x35, 0x34, 0x26, 0x23, 0x22, 0x06, 0x15, 0x00, 0x26, 0x26, 0x23, 0x22, 0x06, 0x06, 
0x15, 0x14, 0x16, 0x16, 0x33, 0x32, 0x36, 0x36, 0x35, 0x01, 0xD2, 0x46, 0x3E, 0x6B, 0x42, 0x43, 
0x6B, 0x3E, 0x46, 0x3B, 0x27, 0x2C, 0x32, 0x58, 0x36, 0x35, 0x55, 0x31, 0x2D, 0x26, 0xEF, 0x4C, 
0x39, 0x38, 0x4C, 0x4C, 0x38, 0x39, 0x4C, 0x01, 0x31, 0x2D, 0x4F, 0x30, 0x31, 0x4F, 0x2D, 0x2D, 
0x4F, 0x31, 0x31, 0x4E, 0x2D, 0x01, 0x9A, 0x6D, 0x43, 0x44, 0x6E, 0x3F, 0x3E, 0x6D, 0x43, 0x45, 
0x6E, 0x1B, 0x1A, 0x54, 0x33, 0x33, 0x54, 0x30, 0x2F, 0x53, 0x33, 0x33, 0x56, 0x1A, 0x65, 0x4C, 
0x4F, 0x3B, 0x35, 0x48, 0x4A, 0x37, 0xFE, 0xC6, 0x4F, 0x2D, 0x2E, 0x51, 0x32, 0x33, 0x53, 0x30, 
0x31, 0x55, 0x34, 0x00, 0x00, 0x02, 0x00, 0x2D, 0x00, 0x00, 0x02, 0x00, 0x03, 0x0E, 0x00, 0x1B, 
0x00, 0x2B, 0x00, 0x2D, 0x40, 0x2A, 0x0A, 0x01, 0x01, 0x03, 0x07, 0x01, 0x00, 0x01, 0x02, 0x4A, 
0x00, 0x03, 0x00, 0x01, 0x00, 0x03, 0x01, 0x67, 0x00, 0x04, 0x04, 0x02, 0x5F, 0x00, 0x02, 0x02, 
0x3D, 0x4B, 0x00, 0x00, 0x00, 0x3E, 0x00, 0x4C, 0x26, 0x29, 0x26, 0x26, 0x23, 0x05, 0x09, 0x19, 
0x2B, 0x01, 0x07, 0x03, 0x06, 0x23, 0x22, 0x26, 0x35, 0x34, 0x37, 0x13, 0x06, 0x23, 0x22, 0x26, 
0x26, 0x35, 0x34, 0x36, 0x36, 0x33, 0x32, 0x16, 0x16, 0x15, 0x14, 0x07, 0x33, 0x24, 0x16, 0x16, 
0x33, 0x32, 0x36, 0x36, 0x35, 0x34, 0x26, 0x26, 0x23, 0x22, 0x06, 0x06, 0x15, 0x01, 0xE1, 0x07, 
0xF5, 0x0B, 0x11, 0x0D, 0x12, 0x05, 0xAC, 0x1F, 0x26, 0x42, 0x6A, 0x3D, 0x3D, 0x6A, 0x42, 0x42, 
0x6B, 0x3D, 0x1C, 0x01, 0xFE, 0x83, 0x2E, 0x4F, 0x31, 0x31, 0x50, 0x2E, 0x2E, 0x50, 0x31, 0x31, 
0x4F, 0x2E, 0x01, 0xAE, 0x0C, 0xFE, 0x6F, 0x11, 0x12, 0x0C, 0x07, 0x0A, 0x01, 0x16, 0x0A, 0x3D, 
0x6B, 0x42, 0x42, 0x6A, 0x3D, 0x3D, 0x6A, 0x42, 0x3E, 0x33, 0x40, 0x50, 0x2E, 0x2E, 0x50, 0x31, 
0x31, 0x4F, 0x2E, 0x2E, 0x4F, 0x31, 0x00, 0x00, 0x00, 0x03, 0x00, 0x2B, 0xFF, 0xF4, 0x01, 0x3F, 
0x01, 0x8F, 0x00, 0x17, 0x00, 0x23, 0x00, 0x2F, 0x00, 0x42, 0x40, 0x3F, 0x11, 0x05, 0x02, 0x04, 
0x03, 0x01, 0x4A, 0x00, 0x00, 0x00, 0x02, 0x03, 0x00, 0x02, 0x67, 0x07, 0x01, 0x03, 0x00, 0x04, 
0x05, 0x03, 0x04, 0x67, 0x08, 0x01, 0x05, 0x05, 0x01, 0x5F, 0x06, 0x01, 0x01, 0x01, 0x46, 0x01, 
0x4C, 0x24, 0x24, 0x18, 0x18, 0x00, 0x00, 0x24, 0x2F, 0x24, 0x2E, 0x2A, 0x28, 0x18, 0x23, 0x18, 
0x22, 0x1E, 0x1C, 0x00, 0x17, 0x00, 0x16, 0x2A, 0x09, 0x09, 0x15, 0x2B, 0x16, 0x26, 0x35, 0x34, 
0x36, 0x37, 0x26, 0x26, 0x35, 0x34, 0x36, 0x33, 0x32, 0x16, 0x15, 0x14, 0x06, 0x07, 0x16, 0x16, 
0x15, 0x14, 0x06, 0x23, 0x36, 0x36, 0x35, 0x34, 0x26, 0x23, 0x22, 0x06, 0x15, 0x14, 0x16, 0x33, 
0x16, 0x36, 0x35, 0x34, 0x26, 0x23, 0x22, 0x06, 0x15, 0x14, 0x16, 0x33, 0x7B, 0x50, 0x2B, 0x24, 
0x1D, 0x1F, 0x45, 0x33, 0x32, 0x44, 0x1F, 0x1D, 0x24, 0x2B, 0x4E, 0x3B, 0x1B, 0x25, 0x25, 0x1B, 
0x1C, 0x25, 0x25, 0x1C, 0x23, 0x2E, 0x2E, 0x23, 0x23, 0x30, 0x30, 0x23, 0x0C, 0x43, 0x32, 0x29, 
0x35, 0x0E, 0x11, 0x27, 0x21, 0x29, 0x38, 0x38, 0x29, 0x21, 0x27, 0x11, 0x0E, 0x35, 0x29, 0x32, 
0x43, 0xFA, 0x20, 0x18, 0x16, 0x1F, 0x1E, 0x17, 0x18, 0x20, 0xC8, 0x2A, 0x1F, 0x1F, 0x29, 0x28, 
0x1E, 0x20, 0x2B, 0x00, 0x00, 0x01, 0x00, 0x2D, 0x01, 0x7C, 0x01, 0x31, 0x03, 0x0D, 0x00, 0x29, 
0x00, 0x67, 0xB5, 0x1C, 0x01, 0x05, 0x04, 0x01, 0x4A, 0x4B, 0xB0, 0x24, 0x50, 0x58, 0x40, 0x20, 
0x07, 0x01, 0x06, 0x00, 0x03, 0x01, 0x06, 0x03, 0x65, 0x00, 0x02, 0x00, 0x00, 0x02, 0x00, 0x63, 
0x00, 0x05, 0x05, 0x04, 0x5D, 0x00, 0x04, 0x04, 0x3D, 0x4B, 0x00, 0x01, 0x01, 0x40, 0x01, 0x4C, 
0x1B, 0x40, 0x23, 0x00, 0x01, 0x03, 0x02, 0x03, 0x01, 0x02, 0x7E, 0x07, 0x01, 0x06, 0x00, 0x03, 
0x01, 0x06, 0x03, 0x65, 0x00, 0x02, 0x00, 0x00, 0x02, 0x00, 0x63, 0x00, 0x05, 0x05, 0x04, 0x5D, 
0x00, 0x04, 0x04, 0x3D, 0x05, 0x4C, 0x59, 0x40, 0x0F, 0x00, 0x00, 0x00, 0x29, 0x00, 0x28, 0x24, 
0x36, 0x24, 0x24, 0x24, 0x24, 0x08, 0x09, 0x1A, 0x2B, 0x12, 0x16, 0x15, 0x14, 0x06, 0x23, 0x22, 
0x26, 0x35, 0x34, 0x36, 0x33, 0x32, 0x16, 0x15, 0x14, 0x16, 0x33, 0x32, 0x36, 0x35, 0x34, 0x26, 
0x23, 0x23, 0x22, 0x26, 0x35, 0x35, 0x34, 0x36, 0x33, 0x33, 0x32, 0x16, 0x15, 0x14, 0x06, 0x23, 
0x23, 0x15, 0x33, 0xF0, 0x41, 0x4A, 0x38, 0x36, 0x4C, 0x10, 0x0D, 0x0B, 0x0E, 0x2C, 0x20, 0x20, 
0x2B, 0x30, 0x25, 0x4D, 0x07, 0x0B, 0x0A, 0x08, 0xB1, 0x0B, 0x0E, 0x0F, 0x0A, 0x8A, 0x30, 0x02, 
0x80, 0x47, 0x3B, 0x38, 0x4A, 0x46, 0x34, 0x0E, 0x11, 0x12, 0x0D, 0x1E, 0x29, 0x2C, 0x21, 0x2A, 
0x2A, 0x0B, 0x07, 0x99, 0x08, 0x0A, 0x0F, 0x0B, 0x0B, 0x10, 0x58, 0x00, 0x00, 0x01, 0x00, 0x14, 
0x01, 0x7B, 0x01, 0x1E, 0x03, 0x0D, 0x00, 0x15, 0x00, 0x1F, 0x40, 0x1C, 0x00, 0x00, 0x01, 0x00, 
0x84, 0x00, 0x01, 0x01, 0x02, 0x5D, 0x03, 0x01, 0x02, 0x02, 0x3D, 0x01, 0x4C, 0x00, 0x00, 0x00, 
0x15, 0x00, 0x13, 0x25, 0x26, 0x04, 0x09, 0x16, 0x2B, 0x00, 0x16, 0x15, 0x14, 0x07, 0x03, 0x06, 
0x23, 0x22, 0x26, 0x35, 0x34, 0x37, 0x13, 0x23, 0x22, 0x26, 0x35, 0x34, 0x36, 0x33, 0x33, 0x01, 
0x0B, 0x13, 0x04, 0x8A, 0x08, 0x18, 0x0B, 0x0C, 0x05, 0x84, 0xB0, 0x0D, 0x11, 0x11, 0x0D, 0xCA, 
0x03, 0x0D, 0x15, 0x0F, 0x0B, 0x09, 0xFE, 0xBA, 0x14, 0x0F, 0x0C, 0x09, 0x0D, 0x01, 0x2A, 0x10, 
0x0B, 0x0C, 0x10, 0x00, 0x00, 0x01, 0x00, 0x0A, 0x01, 0x82, 0x00, 0xC2, 0x03, 0x0C, 0x00, 0x13, 
0x00, 0x48, 0xB5, 0x02, 0x01, 0x00, 0x01, 0x01, 0x4A, 0x4B, 0xB0, 0x0C, 0x50, 0x58, 0x40, 0x14, 
0x00, 0x00, 0x01, 0x02, 0x01, 0x00, 0x02, 0x7E, 0x03, 0x01, 0x02, 0x02, 0x01, 0x5F, 0x00, 0x01, 
0x01, 0x51, 0x02, 0x4C, 0x1B, 0x40, 0x14, 0x00, 0x00, 0x01, 0x02, 0x01, 0x00, 0x02, 0x7E, 0x03, 
0x01, 0x02, 0x02, 0x01, 0x5F, 0x00, 0x01, 0x01, 0x53, 0x02, 0x4C, 0x59, 0x40, 0x0B, 0x00, 0x00, 
0x00, 0x13, 0x00, 0x12, 0x25, 0x15, 0x04, 0x0A, 0x16, 0x2B, 0x12, 0x35, 0x13, 0x07, 0x06, 0x23, 
0x22, 0x35, 0x34, 0x37, 0x37, 0x36, 0x33, 0x32, 0x16, 0x15, 0x11, 0x06, 0x06, 0x23, 0x89, 0x01, 
0x56, 0x05, 0x0A, 0x1B, 0x15, 0x6B, 0x0F, 0x0D, 0x0D, 0x0F, 0x01, 0x0C, 0x0F, 0x01, 0x82, 0x1E, 
0x01, 0x2B, 0x1C, 0x02, 0x19, 0x11, 0x08, 0x27, 0x06, 0x0F, 0x10, 0xFE, 0xB3, 0x10, 0x0E, 0x00, 
0x00, 0x01, 0x00, 0x2D, 0x01, 0x82, 0x01, 0x38, 0x03, 0x16, 0x00, 0x25, 0x00, 0x2B, 0x40, 0x28, 
0x00, 0x02, 0x01, 0x04, 0x01, 0x02, 0x04, 0x7E, 0x05, 0x01, 0x04, 0x00, 0x00, 0x04, 0x00, 0x61, 
0x00, 0x01, 0x01, 0x03, 0x5F, 0x00, 0x03, 0x03, 0x59, 0x01, 0x4C, 0x00, 0x00, 0x00, 0x25, 0x00, 
0x24, 0x24, 0x24, 0x29, 0x34, 0x06, 0x0A, 0x18, 0x2B, 0x00, 0x16, 0x15, 0x14, 0x06, 0x23, 0x23, 
0x22, 0x26, 0x35, 0x34, 0x37, 0x37, 0x36, 0x35, 0x34, 0x26, 0x23, 0x22, 0x06, 0x15, 0x14, 0x06, 
0x23, 0x22, 0x26, 0x35, 0x34, 0x36, 0x33, 0x32, 0x16, 0x15, 0x14, 0x06, 0x07, 0x07, 0x33, 0x01, 
0x25, 0x13, 0x12, 0x0E, 0xC2, 0x0E, 0x12, 0x08, 0xA4, 0x12, 0x28, 0x1C, 0x22, 0x2C, 0x0D, 0x0E, 
0x0C, 0x0E, 0x4C, 0x39, 0x34, 0x46, 0x19, 0x19, 0x7E, 0x9C, 0x01, 0xB8, 0x0F, 0x0D, 0x0D, 0x0D, 
0x12, 0x0E, 0x0D, 0x0A, 0xB7, 0x13, 0x1B, 0x1D, 0x26, 0x29, 0x1E, 0x0E, 0x12, 0x13, 0x0D, 0x35, 
0x47, 0x44, 0x33, 0x1B, 0x28, 0x1B, 0x89, 0x00, 0x00, 0x01, 0x00, 0x2D, 0x01, 0x7C, 0x01, 0x2B, 
0x03, 0x15, 0x00, 0x31, 0x00, 0x78, 0xB5, 0x05, 0x01, 0x03, 0x04, 0x01, 0x4A, 0x4B, 0xB0, 0x24, 
0x50, 0x58, 0x40, 0x28, 0x00, 0x06, 0x05, 0x04, 0x05, 0x06, 0x04, 0x7E, 0x00, 0x04, 0x00, 0x03, 
0x01, 0x04, 0x03, 0x67, 0x00, 0x02, 0x00, 0x00, 0x02, 0x00, 0x63, 0x00, 0x05, 0x05, 0x07, 0x5F, 
0x08, 0x01, 0x07, 0x07, 0x59, 0x4B, 0x00, 0x01, 0x01, 0x54, 0x01, 0x4C, 0x1B, 0x40, 0x2B, 0x00, 
0x06, 0x05, 0x04, 0x05, 0x06, 0x04, 0x7E, 0x00, 0x01, 0x03, 0x02, 0x03, 0x01, 0x02, 0x7E, 0x00, 
0x04, 0x00, 0x03, 0x01, 0x04, 0x03, 0x67, 0x00, 0x02, 0x00, 0x00, 0x02, 0x00, 0x63, 0x00, 0x05, 
0x05, 0x07, 0x5F, 0x08, 0x01, 0x07, 0x07, 0x59, 0x05, 0x4C, 0x59, 0x40, 0x10, 0x00, 0x00, 0x00, 
0x31, 0x00, 0x30, 0x24, 0x23, 0x22, 0x24, 0x23, 0x24, 0x2A, 0x09, 0x0A, 0x1B, 0x2B, 0x12, 0x16, 
0x15, 0x14, 0x06, 0x07, 0x16, 0x16, 0x15, 0x14, 0x06, 0x23, 0x22, 0x26, 0x35, 0x34, 0x36, 0x33, 
0x32, 0x15, 0x14, 0x16, 0x33, 0x32, 0x36, 0x35, 0x34, 0x26, 0x23, 0x22, 0x35, 0x34, 0x33, 0x32, 
0x35, 0x34, 0x26, 0x23, 0x22, 0x06, 0x07, 0x06, 0x06, 0x23, 0x22, 0x26, 0x35, 0x34, 0x36, 0x33, 
0xDC, 0x45, 0x21, 0x16, 0x1E, 0x23, 0x46, 0x35, 0x38, 0x4B, 0x0F, 0x0E, 0x16, 0x2E, 0x21, 0x1D, 
0x28, 0x22, 0x19, 0x23, 0x1E, 0x36, 0x20, 0x1F, 0x21, 0x24, 0x04, 0x02, 0x0D, 0x08, 0x0D, 0x10, 
0x46, 0x35, 0x03, 0x15, 0x3E, 0x2E, 0x1C, 0x33, 0x08, 0x0D, 0x30, 0x24, 0x32, 0x43, 0x45, 0x34, 
0x0F, 0x11, 0x20, 0x1E, 0x28, 0x25, 0x1C, 0x1E, 0x29, 0x1A, 0x1C, 0x3B, 0x19, 0x1F, 0x1E, 0x1A, 
0x0B, 0x0F, 0x0F, 0x0D, 0x2E, 0x3D, 0x00, 0x00, 0x00, 0x02, 0x00, 0x2C, 0x01, 0x82, 0x01, 0x68, 
0x03, 0x0D, 0x00, 0x18, 0x00, 0x1B, 0x00, 0x74, 0xB5, 0x1B, 0x01, 0x02, 0x01, 0x01, 0x4A, 0x4B, 
0xB0, 0x0D, 0x50, 0x58, 0x40, 0x19, 0x06, 0x01, 0x04, 0x00, 0x00, 0x04, 0x6F, 0x00, 0x01, 0x01, 
0x53, 0x4B, 0x03, 0x01, 0x00, 0x00, 0x02, 0x5F, 0x05, 0x01, 0x02, 0x02, 0x54, 0x00, 0x4C, 0x1B, 
0x4B, 0xB0, 0x17, 0x50, 0x58, 0x40, 0x18, 0x06, 0x01, 0x04, 0x00, 0x04, 0x84, 0x00, 0x01, 0x01, 
0x53, 0x4B, 0x03, 0x01, 0x00, 0x00, 0x02, 0x5F, 0x05, 0x01, 0x02, 0x02, 0x54, 0x00, 0x4C, 0x1B, 
0x40, 0x16, 0x06, 0x01, 0x04, 0x00, 0x04, 0x84, 0x05, 0x01, 0x02, 0x03, 0x01, 0x00, 0x04, 0x02, 
0x00, 0x68, 0x00, 0x01, 0x01, 0x53, 0x01, 0x4C, 0x59, 0x59, 0x40, 0x0F, 0x00, 0x00, 0x1A, 0x19, 
0x00, 0x18, 0x00, 0x17, 0x22, 0x23, 0x26, 0x22, 0x07, 0x0A, 0x18, 0x2B, 0x12, 0x35, 0x35, 0x23, 
0x22, 0x26, 0x35, 0x34, 0x37, 0x37, 0x36, 0x33, 0x32, 0x16, 0x15, 0x15, 0x33, 0x32, 0x15, 0x14, 
0x23, 0x23, 0x15, 0x14, 0x23, 0x27, 0x33, 0x37, 0xEE, 0x9D, 0x10, 0x15, 0x0D, 0xAE, 0x0E, 0x13, 
0x0D, 0x12, 0x25, 0x1C, 0x1C, 0x25, 0x1C, 0x9D, 0x83, 0x01, 0x01, 0x82, 0x1E, 0x39, 0x13, 0x0E, 
0x11, 0x10, 0xE1, 0x11, 0x11, 0x0F, 0xDF, 0x1B, 0x1A, 0x39, 0x1E, 0x8C, 0xAC, 0x00, 0x00, 0x00, 
0x00, 0x01, 0xFF, 0x76, 0x00, 0x00, 0x01, 0x92, 0x03, 0x16, 0x00, 0x0F, 0x00, 0x13, 0x40, 0x10, 
0x00, 0x00, 0x00, 0x45, 0x4B, 0x00, 0x01, 0x01, 0x3E, 0x01, 0x4C, 0x26, 0x20, 0x02, 0x09, 0x16, 
0x2B, 0x00, 0x33, 0x32, 0x16, 0x15, 0x14, 0x07, 0x01, 0x06, 0x23, 0x22, 0x26, 0x35, 0x34, 0x37, 
0x01, 0x01, 0x67, 0x10, 0x0D, 0x0E, 0x07, 0xFE, 0x21, 0x0A, 0x11, 0x0D, 0x0E, 0x07, 0x01, 0xE2, 
0x03, 0x16, 0x0E, 0x0B, 0x0C, 0x0A, 0xFD, 0x29, 0x10, 0x0F, 0x0B, 0x0B, 0x0A, 0x02, 0xDC, 0x00, 
0xFF, 0xFF, 0x00, 0x0A, 0x00, 0x00, 0x02, 0xE5, 0x03, 0x16, 0x00, 0x22, 0x02, 0x9A, 0x00, 0x00, 
0x00, 0x23, 0x02, 0x9E, 0x00, 0xFE, 0x00, 0x00, 0x01, 0x07, 0x02, 0x9B, 0x01, 0xAD, 0xFE, 0x7E, 
0x00, 0x09, 0xB1, 0x02, 0x01, 0xB8, 0xFE, 0x7E, 0xB0, 0x33, 0x2B, 0x00, 0xFF, 0xFF, 0x00, 0x0A, 
0x00, 0x00, 0x02, 0xC4, 0x03, 0x16, 0x00, 0x22, 0x02, 0x9A, 0x00, 0x00, 0x00, 0x23, 0x02, 0x9E, 
0x00, 0xED, 0x00, 0x00, 0x01, 0x07, 0x02, 0x9D, 0x01, 0x5C, 0xFE, 0x7E, 0x00, 0x09, 0xB1, 0x02, 
0x02, 0xB8, 0xFE, 0x7E, 0xB0, 0x33, 0x2B, 0x00, 0xFF, 0xFF, 0x00, 0x2D, 0x00, 0x00, 0x03, 0x0B, 
0x03, 0x16, 0x00, 0x22, 0x02, 0x9C, 0x00, 0x00, 0x00, 0x23, 0x02, 0x9E, 0x01, 0x1A, 0x00, 0x00, 
0x01, 0x07, 0x02, 0x9D, 0x01, 0xA3, 0xFE, 0x7E, 0x00, 0x09, 0xB1, 0x02, 0x02, 0xB8, 0xFE, 0x7E, 
0xB0, 0x33, 0x2B, 0x00, 0xFF, 0xFF, 0x00, 0x0A, 0xFF, 0xF4, 0x02, 0xDE, 0x03, 0x16, 0x00, 0x22, 
0x02, 0x9A, 0x00, 0x00, 0x00, 0x23, 0x02, 0x9E, 0x00, 0xFE, 0x00, 0x00, 0x00, 0x03, 0x02, 0x97, 
0x01, 0x9F, 0x00, 0x00, 0xFF, 0xFF, 0x00, 0x2D, 0xFF, 0xF4, 0x02, 0xFC, 0x03, 0x16, 0x00, 0x22, 
0x02, 0x9C, 0x00, 0x00, 0x00, 0x23, 0x02, 0x9E, 0x01, 0x0A, 0x00, 0x00, 0x00, 0x03, 0x02, 0x97, 
0x01, 0xBD, 0x00, 0x00, 0xFF, 0xFF, 0x00, 0x2D, 0xFF, 0xF4, 0x02, 0xC0, 0x03, 0x16, 0x00, 0x22, 
0x02, 0x98, 0x00, 0x00, 0x00, 0x23, 0x02, 0x9E, 0x00, 0xEA, 0x00, 0x00, 0x00, 0x03, 0x02, 0x97, 
0x01, 0x81, 0x00, 0x00, 0xFF, 0xFF, 0x00, 0x14, 0xFF, 0xF4, 0x02, 0xC0, 0x03, 0x16, 0x00, 0x22, 
0x02, 0x99, 0x00, 0x00, 0x00, 0x23, 0x02, 0x9E, 0x00, 0xEA, 0x00, 0x00, 0x00, 0x03, 0x02, 0x97, 
0x01, 0x81, 0x00, 0x00, 0x00, 0x01, 0x00, 0x32, 0x01, 0xF8, 0x01, 0x54, 0x03, 0x0E, 0x00, 0x30, 
0x00, 0x3B, 0x40, 0x38, 0x18, 0x01, 0x01, 0x02, 0x1B, 0x0F, 0x09, 0x03, 0x00, 0x01, 0x2D, 0x24, 
0x05, 0x03, 0x05, 0x00, 0x03, 0x4A, 0x07, 0x06, 0x02, 0x05, 0x00, 0x05, 0x84, 0x03, 0x01, 0x01, 
0x04, 0x01, 0x00, 0x05, 0x01, 0x00, 0x67, 0x00, 0x02, 0x02, 0x3D, 0x02, 0x4C, 0x00, 0x00, 0x00, 
0x30, 0x00, 0x2F, 0x26, 0x13, 0x18, 0x28, 0x14, 0x16, 0x08, 0x09, 0x1A, 0x2B, 0x12, 0x26, 0x35, 
0x34, 0x37, 0x37, 0x27, 0x26, 0x26, 0x35, 0x36, 0x36, 0x33, 0x32, 0x17, 0x17, 0x27, 0x26, 0x35, 
0x34, 0x36, 0x33, 0x32, 0x16, 0x15, 0x14, 0x07, 0x07, 0x37, 0x36, 0x33, 0x32, 0x16, 0x15, 0x14, 
0x07, 0x07, 0x17, 0x16, 0x15, 0x14, 0x06, 0x23, 0x22, 0x27, 0x27, 0x07, 0x06, 0x23, 0x6A, 0x11, 
0x07, 0x57, 0x66, 0x0F, 0x10, 0x02, 0x0F, 0x0D, 0x08, 0x0C, 0x56, 0x14, 0x02, 0x11, 0x0D, 0x0D, 
0x12, 0x02, 0x15, 0x61, 0x06, 0x04, 0x0C, 0x13, 0x1F, 0x66, 0x4F, 0x0E, 0x12, 0x0E, 0x11, 0x0B, 
0x2D, 0x2F, 0x07, 0x16, 0x01, 0xF8, 0x12, 0x0D, 0x0C, 0x06, 0x4C, 0x0B, 0x01, 0x12, 0x0C, 0x0E, 
0x10, 0x07, 0x32, 0x61, 0x08, 0x03, 0x0D, 0x11, 0x11, 0x0D, 0x03, 0x08, 0x62, 0x38, 0x02, 0x12, 
0x0D, 0x1C, 0x02, 0x0B, 0x44, 0x0C, 0x0E, 0x0D, 0x12, 0x14, 0x60, 0x5F, 0x15, 0x00, 0x00, 0x00, 
0x00, 0x01, 0x00, 0x2E, 0xFF, 0xAF, 0x01, 0xAF, 0x03, 0x0E, 0x00, 0x10, 0x00, 0x19, 0x40, 0x16, 
0x02, 0x01, 0x01, 0x00, 0x01, 0x84, 0x00, 0x00, 0x00, 0x3D, 0x00, 0x4C, 0x00, 0x00, 0x00, 0x10, 
0x00, 0x0F, 0x16, 0x03, 0x09, 0x15, 0x2B, 0x04, 0x27, 0x01, 0x26, 0x35, 0x34, 0x36, 0x33, 0x32, 
0x16, 0x17, 0x01, 0x16, 0x15, 0x14, 0x06, 0x23, 0x01, 0x7D, 0x07, 0xFE, 0xBB, 0x03, 0x12, 0x0D, 
0x08, 0x10, 0x03, 0x01, 0x44, 0x03, 0x11, 0x0D, 0x51, 0x11, 0x03, 0x22, 0x06, 0x07, 0x0D, 0x12, 
0x09, 0x08, 0xFC, 0xDD, 0x06, 0x07, 0x0D, 0x11, 0x00, 0x01, 0x00, 0x2B, 0x01, 0x44, 0x00, 0x90, 
0x01, 0xA9, 0x00, 0x0B, 0x00, 0x1E, 0x40, 0x1B, 0x00, 0x00, 0x01, 0x01, 0x00, 0x57, 0x00, 0x00, 
0x00, 0x01, 0x5F, 0x02, 0x01, 0x01, 0x00, 0x01, 0x4F, 0x00, 0x00, 0x00, 0x0B, 0x00, 0x0A, 0x24, 
0x03, 0x09, 0x15, 0x2B, 0x12, 0x26, 0x35, 0x34, 0x36, 0x33, 0x32, 0x16, 0x15, 0x14, 0x06, 0x23, 
0x49, 0x1E, 0x1D, 0x16, 0x15, 0x1D, 0x1D, 0x15, 0x01, 0x44, 0x1D, 0x16, 0x15, 0x1D, 0x1D, 0x15, 
0x16, 0x1D, 0x00, 0x00, 0x00, 0x01, 0x00, 0x52, 0x01, 0x1C, 0x01, 0x31, 0x01, 0xFA, 0x00, 0x0B, 
0x00, 0x1E, 0x40, 0x1B, 0x00, 0x00, 0x01, 0x01, 0x00, 0x57, 0x00, 0x00, 0x00, 0x01, 0x5F, 0x02, 
0x01, 0x01, 0x00, 0x01, 0x4F, 0x00, 0x00, 0x00, 0x0B, 0x00, 0x0A, 0x24, 0x03, 0x09, 0x15, 0x2B, 
0x12, 0x26, 0x35, 0x34, 0x36, 0x33, 0x32, 0x16, 0x15, 0x14, 0x06, 0x23, 0x92, 0x40, 0x41, 0x2E, 
0x2D, 0x43, 0x42, 0x2E, 0x01, 0x1C, 0x41, 0x2E, 0x2E, 0x41, 0x42, 0x2D, 0x2D, 0x42, 0x00, 0x00, 
0xFF, 0xFF, 0x00, 0x22, 0xFF, 0xF0, 0x00, 0x8A, 0x02, 0x18, 0x00, 0x26, 0x02, 0xA8, 0xFA, 0x6F, 
0x01, 0x02, 0x02, 0xB2, 0xF0, 0x00, 0x00, 0x08, 0xB1, 0x00, 0x01, 0xB0, 0x6F, 0xB0, 0x33, 0x2B, 
0x00, 0x01, 0x00, 0x32, 0xFF, 0x65, 0x00, 0xA3, 0x00, 0x57, 0x00, 0x16, 0x00, 0x1F, 0x40, 0x1C, 
0x02, 0x01, 0x01, 0x00, 0x00, 0x01, 0x57, 0x02, 0x01, 0x01, 0x01, 0x00, 0x5F, 0x00, 0x00, 0x01, 
0x00, 0x4F, 0x00, 0x00, 0x00, 0x16, 0x00, 0x15, 0x25, 0x03, 0x09, 0x15, 0x2B, 0x36, 0x16, 0x15, 
0x14, 0x06, 0x06, 0x23, 0x22, 0x35, 0x34, 0x37, 0x36, 0x36, 0x35, 0x34, 0x26, 0x27, 0x26, 0x26, 
0x35, 0x34, 0x36, 0x33, 0x80, 0x23, 0x17, 0x25, 0x16, 0x13, 0x0E, 0x09, 0x09, 0x0B, 0x0C, 0x0B, 
0x0A, 0x1E, 0x15, 0x57, 0x2D, 0x26, 0x24, 0x4A, 0x31, 0x11, 0x0A, 0x14, 0x0E, 0x12, 0x0C, 0x12, 
0x15, 0x11, 0x0D, 0x13, 0x0E, 0x17, 0x1A, 0x00, 0x00, 0x03, 0x00, 0x27, 0x00, 0x00, 0x02, 0x5E, 
0x00, 0x65, 0x00, 0x0B, 0x00, 0x17, 0x00, 0x23, 0x00, 0x2F, 0x40, 0x2C, 0x04, 0x02, 0x02, 0x00, 
0x00, 0x01, 0x5F, 0x08, 0x05, 0x07, 0x03, 0x06, 0x05, 0x01, 0x01, 0x3E, 0x01, 0x4C, 0x18, 0x18, 
0x0C, 0x0C, 0x00, 0x00, 0x18, 0x23, 0x18, 0x22, 0x1E, 0x1C, 0x0C, 0x17, 0x0C, 0x16, 0x12, 0x10, 
0x00, 0x0B, 0x00, 0x0A, 0x24, 0x09, 0x09, 0x15, 0x2B, 0x32, 0x26, 0x35, 0x34, 0x36, 0x33, 0x32, 
0x16, 0x15, 0x14, 0x06, 0x23, 0x32, 0x26, 0x35, 0x34, 0x36, 0x33, 0x32, 0x16, 0x15, 0x14, 0x06, 
0x23, 0x32, 0x26, 0x35, 0x34, 0x36, 0x33, 0x32, 0x16, 0x15, 0x14, 0x06, 0x23, 0x44, 0x1D, 0x1D, 
0x15, 0x16, 0x1D, 0x1D, 0x16, 0xD4, 0x1D, 0x1E, 0x15, 0x15, 0x1D, 0x1D, 0x15, 0xD3, 0x1D, 0x1D, 
0x16, 0x15, 0x1D, 0x1D, 0x15, 0x1D, 0x16, 0x15, 0x1D, 0x1D, 0x15, 0x15, 0x1E, 0x1D, 0x16, 0x15, 
0x1D, 0x1D, 0x15, 0x15, 0x1E, 0x1E, 0x15, 0x15, 0x1D, 0x1D, 0x15, 0x16, 0x1D, 0x00, 0x00, 0x00, 
0x00, 0x02, 0x00, 0x32, 0x00, 0x00, 0x00, 0x97, 0x03, 0x0E, 0x00, 0x0D, 0x00, 0x19, 0x00, 0x2F, 
0x40, 0x2C, 0x04, 0x01, 0x01, 0x00, 0x02, 0x00, 0x01, 0x02, 0x7E, 0x00, 0x00, 0x00, 0x3D, 0x4B, 
0x00, 0x02, 0x02, 0x03, 0x5F, 0x05, 0x01, 0x03, 0x03, 0x3E, 0x03, 0x4C, 0x0E, 0x0E, 0x00, 0x00, 
0x0E, 0x19, 0x0E, 0x18, 0x14, 0x12, 0x00, 0x0D, 0x00, 0x0C, 0x25, 0x06, 0x09, 0x15, 0x2B, 0x36, 
0x26, 0x35, 0x11, 0x34, 0x36, 0x33, 0x32, 0x16, 0x15, 0x11, 0x14, 0x06, 0x23, 0x06, 0x26, 0x35, 
0x34, 0x36, 0x33, 0x32, 0x16, 0x15, 0x14, 0x06, 0x23, 0x59, 0x13, 0x12, 0x0D, 0x0D, 0x11, 0x12, 
0x0C, 0x16, 0x1D, 0x1E, 0x15, 0x15, 0x1D, 0x1D, 0x15, 0xAC, 0x12, 0x0C, 0x02, 0x25, 0x0D, 0x12, 
0x12, 0x0D, 0xFD, 0xDB, 0x0C, 0x12, 0xAC, 0x1D, 0x16, 0x15, 0x1D, 0x1D, 0x15, 0x15, 0x1E, 0x00, 
0xFF, 0xFF, 0x00, 0x32, 0x00, 0x00, 0x01, 0x5A, 0x03, 0x0E, 0x00, 0x22, 0x02, 0xAD, 0x00, 0x00, 
0x00, 0x03, 0x02, 0xAD, 0x00, 0xC3, 0x00, 0x00, 0x00, 0x02, 0x00, 0x64, 0xFF, 0x16, 0x00, 0xC9, 
0x02, 0x24, 0x00, 0x0B, 0x00, 0x19, 0x00, 0x2F, 0x40, 0x2C, 0x05, 0x01, 0x03, 0x00, 0x02, 0x00, 
0x03, 0x02, 0x7E, 0x00, 0x00, 0x00, 0x01, 0x5F, 0x04, 0x01, 0x01, 0x01, 0x40, 0x4B, 0x00, 0x02, 
0x02, 0x42, 0x02, 0x4C, 0x0C, 0x0C, 0x00, 0x00, 0x0C, 0x19, 0x0C, 0x18, 0x13, 0x11, 0x00, 0x0B, 
0x00, 0x0A, 0x24, 0x06, 0x09, 0x15, 0x2B, 0x12, 0x16, 0x15, 0x14, 0x06, 0x23, 0x22, 0x26, 0x35, 
0x34, 0x36, 0x33, 0x16, 0x16, 0x15, 0x11, 0x14, 0x06, 0x23, 0x22, 0x26, 0x35, 0x11, 0x34, 0x36, 
0x33, 0xAC, 0x1D, 0x1D, 0x15, 0x15, 0x1E, 0x1D, 0x16, 0x0C, 0x12, 0x11, 0x0D, 0x0D, 0x12, 0x13, 
0x0C, 0x02, 0x24, 0x1E, 0x15, 0x15, 0x1D, 0x1D, 0x15, 0x16, 0x1D, 0xAC, 0x12, 0x0C, 0xFD, 0xDB, 
0x0D, 0x12, 0x12, 0x0D, 0x02, 0x25, 0x0C, 0x12, 0x00, 0x02, 0x00, 0x37, 0x00, 0x00, 0x02, 0xAC, 
0x03, 0x16, 0x00, 0x43, 0x00, 0x47, 0x00, 0x54, 0x40, 0x51, 0x15, 0x01, 0x03, 0x02, 0x01, 0x4A, 
0x11, 0x0F, 0x07, 0x03, 0x01, 0x06, 0x04, 0x02, 0x02, 0x03, 0x01, 0x02, 0x65, 0x0C, 0x01, 0x0A, 
0x0A, 0x45, 0x4B, 0x0E, 0x08, 0x02, 0x00, 0x00, 0x09, 0x5D, 0x10, 0x0D, 0x0B, 0x03, 0x09, 0x09, 
0x40, 0x4B, 0x05, 0x01, 0x03, 0x03, 0x3E, 0x03, 0x4C, 0x44, 0x44, 0x00, 0x00, 0x44, 0x47, 0x44, 
0x47, 0x46, 0x45, 0x00, 0x43, 0x00, 0x42, 0x3F, 0x3D, 0x3A, 0x39, 0x36, 0x34, 0x31, 0x2F, 0x21, 
0x24, 0x23, 0x23, 0x14, 0x23, 0x24, 0x21, 0x24, 0x12, 0x09, 0x1D, 0x2B, 0x00, 0x16, 0x15, 0x14, 
0x06, 0x23, 0x23, 0x07, 0x33, 0x32, 0x16, 0x15, 0x14, 0x06, 0x23, 0x23, 0x07, 0x06, 0x06, 0x23, 
0x22, 0x35, 0x34, 0x37, 0x37, 0x23, 0x07, 0x06, 0x06, 0x23, 0x22, 0x26, 0x37, 0x37, 0x23, 0x22, 
0x26, 0x35, 0x34, 0x36, 0x33, 0x33, 0x37, 0x23, 0x22, 0x35, 0x34, 0x36, 0x33, 0x33, 0x37, 0x36, 
0x36, 0x33, 0x32, 0x16, 0x07, 0x07, 0x33, 0x37, 0x36, 0x36, 0x33, 0x32, 0x16, 0x07, 0x07, 0x33, 
0x07, 0x37, 0x23, 0x07, 0x02, 0x9E, 0x0E, 0x12, 0x14, 0x58, 0x22, 0x5E, 0x0C, 0x0C, 0x13, 0x13, 
0x59, 0x26, 0x03, 0x15, 0x0E, 0x18, 0x01, 0x27, 0xDE, 0x27, 0x02, 0x16, 0x0D, 0x0C, 0x0E, 0x02, 
0x27, 0x5E, 0x0B, 0x0C, 0x12, 0x0E, 0x5E, 0x22, 0x5A, 0x1C, 0x13, 0x10, 0x5C, 0x26, 0x02, 0x17, 
0x0D, 0x0C, 0x0D, 0x02, 0x27, 0xDF, 0x26, 0x02, 0x16, 0x0D, 0x0E, 0x0B, 0x02, 0x26, 0x5A, 0xC1, 
0x21, 0xDE, 0x22, 0x02, 0x1E, 0x0D, 0x09, 0x0E, 0x0E, 0xC1, 0x0D, 0x0A, 0x0C, 0x0F, 0xD9, 0x0F, 
0x11, 0x14, 0x05, 0x03, 0xDD, 0xD9, 0x0E, 0x12, 0x10, 0x0C, 0xDD, 0x0D, 0x0A, 0x0D, 0x0E, 0xC1, 
0x19, 0x0B, 0x0E, 0xD8, 0x0D, 0x13, 0x10, 0x0D, 0xDB, 0xD8, 0x0D, 0x13, 0x11, 0x0C, 0xDB, 0xF3, 
0xC1, 0xC1, 0x00, 0x00, 0xFF, 0xFF, 0xFF, 0xDD, 0x03, 0x6C, 0x02, 0x00, 0x03, 0xAA, 0x01, 0x07, 
0x02, 0xB9, 0x00, 0x00, 0x03, 0xAA, 0x00, 0x09, 0xB1, 0x00, 0x01, 0xB8, 0x03, 0xAA, 0xB0, 0x33, 
0x2B, 0x00, 0x00, 0x00, 0x00, 0x01, 0x00, 0x32, 0xFF, 0xF0, 0x00, 0x97, 0x00, 0x55, 0x00, 0x0B, 
0x00, 0x19, 0x40, 0x16, 0x00, 0x00, 0x00, 0x01, 0x5F, 0x02, 0x01, 0x01, 0x01, 0x46, 0x01, 0x4C, 
0x00, 0x00, 0x00, 0x0B, 0x00, 0x0A, 0x24, 0x03, 0x09, 0x15, 0x2B, 0x16, 0x26, 0x35, 0x34, 0x36, 
0x33, 0x32, 0x16, 0x15, 0x14, 0x06, 0x23, 0x4F, 0x1D, 0x1E, 0x15, 0x15, 0x1D, 0x1D, 0x15, 0x10, 
0x1D, 0x16, 0x15, 0x1D, 0x1D, 0x15, 0x15, 0x1E, 0x00, 0x02, 0x00, 0x27, 0x00, 0x00, 0x01, 0xF9, 
0x03, 0x1D, 0x00, 0x29, 0x00, 0x35, 0x00, 0x36, 0x40, 0x33, 0x00, 0x01, 0x00, 0x03, 0x00, 0x01, 
0x03, 0x7E, 0x00, 0x03, 0x05, 0x00, 0x03, 0x05, 0x7C, 0x00, 0x00, 0x00, 0x02, 0x5F, 0x00, 0x02, 
0x02, 0x45, 0x4B, 0x06, 0x01, 0x05, 0x05, 0x04, 0x5F, 0x00, 0x04, 0x04, 0x3E, 0x04, 0x4C, 0x2A, 
0x2A, 0x2A, 0x35, 0x2A, 0x34, 0x2F, 0x2C, 0x25, 0x24, 0x22, 0x07, 0x09, 0x19, 0x2B, 0x00, 0x26, 
0x26, 0x23, 0x22, 0x06, 0x15, 0x14, 0x06, 0x23, 0x22, 0x26, 0x35, 0x34, 0x36, 0x36, 0x33, 0x32, 
0x16, 0x16, 0x15, 0x14, 0x06, 0x06, 0x07, 0x07, 0x06, 0x15, 0x14, 0x06, 0x23, 0x22, 0x26, 0x35, 
0x34, 0x36, 0x37, 0x37, 0x3E, 0x02, 0x35, 0x02, 0x16, 0x15, 0x14, 0x06, 0x23, 0x22, 0x26, 0x35, 
0x34, 0x36, 0x33, 0x01, 0xBD, 0x2C, 0x4F, 0x32, 0x4C, 0x60, 0x11, 0x0D, 0x0E, 0x11, 0x3C, 0x6A, 
0x43, 0x43, 0x6A, 0x3C, 0x1C, 0x2B, 0x28, 0x25, 0x36, 0x11, 0x0E, 0x0D, 0x11, 0x26, 0x1E, 0x23, 
0x22, 0x28, 0x1A, 0x98, 0x1E, 0x1E, 0x15, 0x15, 0x1D, 0x1C, 0x16, 0x02, 0x71, 0x47, 0x29, 0x60, 
0x4C, 0x0D, 0x10, 0x10, 0x0D, 0x43, 0x6A, 0x3B, 0x3A, 0x66, 0x3E, 0x2C, 0x44, 0x32, 0x26, 0x23, 
0x36, 0x53, 0x0D, 0x12, 0x11, 0x0E, 0x29, 0x5C, 0x1F, 0x22, 0x20, 0x2D, 0x3E, 0x29, 0xFE, 0x20, 
0x1D, 0x15, 0x16, 0x1D, 0x1E, 0x15, 0x15, 0x1D, 0x00, 0x02, 0x00, 0x27, 0xFF, 0x50, 0x01, 0xF9, 
0x02, 0x6D, 0x00, 0x0B, 0x00, 0x35, 0x00, 0x3D, 0x40, 0x3A, 0x00, 0x05, 0x01, 0x03, 0x01, 0x05, 
0x03, 0x7E, 0x00, 0x03, 0x02, 0x01, 0x03, 0x02, 0x7C, 0x00, 0x00, 0x06, 0x01, 0x01, 0x05, 0x00, 
0x01, 0x67, 0x00, 0x02, 0x04, 0x04, 0x02, 0x57, 0x00, 0x02, 0x02, 0x04, 0x5F, 0x00, 0x04, 0x02, 
0x04, 0x4F, 0x00, 0x00, 0x2B, 0x29, 0x1D, 0x1B, 0x16, 0x14, 0x10, 0x0E, 0x00, 0x0B, 0x00, 0x0A, 
0x24, 0x07, 0x09, 0x15, 0x2B, 0x12, 0x26, 0x35, 0x34, 0x36, 0x33, 0x32, 0x16, 0x15, 0x14, 0x06, 
0x23, 0x02, 0x16, 0x16, 0x33, 0x32, 0x36, 0x35, 0x34, 0x36, 0x33, 0x32, 0x16, 0x15, 0x14, 0x06, 
0x06, 0x23, 0x22, 0x26, 0x26, 0x35, 0x34, 0x36, 0x36, 0x37, 0x37, 0x36, 0x35, 0x34, 0x36, 0x33, 
0x32, 0x16, 0x15, 0x14, 0x06, 0x07, 0x07, 0x0E, 0x02, 0x15, 0xFB, 0x1E, 0x1E, 0x15, 0x15, 0x1D, 
0x1C, 0x16, 0xAD, 0x2C, 0x4F, 0x32, 0x4C, 0x60, 0x11, 0x0D, 0x0E, 0x11, 0x3C, 0x6A, 0x43, 0x43, 
0x6A, 0x3C, 0x1C, 0x2B, 0x28, 0x25, 0x36, 0x12, 0x0D, 0x0D, 0x11, 0x26, 0x1E, 0x23, 0x22, 0x28, 
0x1A, 0x02, 0x08, 0x1D, 0x15, 0x16, 0x1D, 0x1E, 0x15, 0x15, 0x1D, 0xFD, 0xF4, 0x47, 0x29, 0x60, 
0x4C, 0x0D, 0x10, 0x10, 0x0D, 0x43, 0x6A, 0x3B, 0x3A, 0x66, 0x3E, 0x2C, 0x44, 0x32, 0x26, 0x23, 
0x36, 0x53, 0x0E, 0x11, 0x11, 0x0E, 0x29, 0x5C, 0x1F, 0x22, 0x20, 0x2D, 0x3E, 0x29, 0x00, 0x00, 
0x00, 0x02, 0x00, 0x30, 0x02, 0x43, 0x00, 0xE6, 0x03, 0x0E, 0x00, 0x0D, 0x00, 0x1B, 0x00, 0x2B, 
0x40, 0x28, 0x18, 0x0A, 0x02, 0x01, 0x00, 0x01, 0x4A, 0x05, 0x03, 0x04, 0x03, 0x01, 0x01, 0x00, 
0x5F, 0x02, 0x01, 0x00, 0x00, 0x3D, 0x01, 0x4C, 0x0E, 0x0E, 0x00, 0x00, 0x0E, 0x1B, 0x0E, 0x1A, 
0x15, 0x13, 0x00, 0x0D, 0x00, 0x0C, 0x25, 0x06, 0x09, 0x15, 0x2B, 0x12, 0x26, 0x35, 0x27, 0x34, 
0x36, 0x33, 0x32, 0x16, 0x15, 0x07, 0x14, 0x06, 0x23, 0x32, 0x26, 0x35, 0x27, 0x34, 0x36, 0x33, 
0x32, 0x16, 0x15, 0x07, 0x14, 0x06, 0x23, 0x46, 0x0C, 0x0A, 0x12, 0x0D, 0x0D, 0x11, 0x0A, 0x0C, 
0x08, 0x71, 0x0C, 0x0B, 0x12, 0x0D, 0x0D, 0x11, 0x0A, 0x0C, 0x08, 0x02, 0x43, 0x0C, 0x08, 0x98, 
0x0D, 0x12, 0x12, 0x0D, 0x98, 0x08, 0x0C, 0x0C, 0x08, 0x98, 0x0D, 0x12, 0x12, 0x0D, 0x98, 0x08, 
0x0C, 0x00, 0x00, 0x00, 0x00, 0x01, 0x00, 0x31, 0x02, 0x44, 0x00, 0x6E, 0x03, 0x0E, 0x00, 0x0D, 
0x00, 0x19, 0x40, 0x16, 0x02, 0x01, 0x01, 0x01, 0x00, 0x5F, 0x00, 0x00, 0x00, 0x3D, 0x01, 0x4C, 
0x00, 0x00, 0x00, 0x0D, 0x00, 0x0C, 0x25, 0x03, 0x09, 0x15, 0x2B, 0x12, 0x26, 0x35, 0x27, 0x34, 
0x36, 0x33, 0x32, 0x16, 0x15, 0x07, 0x14, 0x06, 0x23, 0x47, 0x0C, 0x0A, 0x12, 0x0D, 0x0D, 0x11, 
0x0A, 0x0C, 0x08, 0x02, 0x44, 0x0B, 0x09, 0x98, 0x0D, 0x11, 0x11, 0x0D, 0x98, 0x09, 0x0B, 0x00, 
0xFF, 0xFF, 0x00, 0x25, 0xFF, 0x65, 0x00, 0xA3, 0x02, 0x18, 0x00, 0x22, 0x02, 0xAB, 0x00, 0x00, 
0x01, 0x06, 0x02, 0xA8, 0xFA, 0x6F, 0x00, 0x08, 0xB1, 0x01, 0x01, 0xB0, 0x6F, 0xB0, 0x33, 0x2B, 
0x00, 0x01, 0x00, 0x27, 0xFF, 0xAF, 0x01, 0xA6, 0x03, 0x11, 0x00, 0x10, 0x00, 0x19, 0x40, 0x16, 
0x0D, 0x01, 0x01, 0x00, 0x01, 0x4A, 0x00, 0x01, 0x00, 0x01, 0x84, 0x00, 0x00, 0x00, 0x3D, 0x00, 
0x4C, 0x26, 0x21, 0x02, 0x09, 0x16, 0x2B, 0x00, 0x36, 0x33, 0x32, 0x16, 0x15, 0x14, 0x07, 0x01, 
0x06, 0x23, 0x22, 0x26, 0x35, 0x34, 0x37, 0x01, 0x01, 0x70, 0x0F, 0x0A, 0x0E, 0x0F, 0x02, 0xFE, 
0xBE, 0x07, 0x15, 0x0D, 0x12, 0x03, 0x01, 0x43, 0x03, 0x06, 0x0B, 0x12, 0x0D, 0x09, 0x04, 0xFC, 
0xDB, 0x11, 0x11, 0x0D, 0x05, 0x08, 0x03, 0x24, 0x00, 0x01, 0xFF, 0xDD, 0xFF, 0xC2, 0x02, 0x00, 
0x00, 0x00, 0x00, 0x0D, 0x00, 0x26, 0xB1, 0x06, 0x64, 0x44, 0x40, 0x1B, 0x00, 0x00, 0x01, 0x01, 
0x00, 0x55, 0x00, 0x00, 0x00, 0x01, 0x5D, 0x02, 0x01, 0x01, 0x00, 0x01, 0x4D, 0x00, 0x00, 0x00, 
0x0D, 0x00, 0x0B, 0x34, 0x03, 0x09, 0x15, 0x2B, 0xB1, 0x06, 0x00, 0x44, 0x06, 0x26, 0x35, 0x34, 
0x36, 0x33, 0x21, 0x32, 0x16, 0x15, 0x14, 0x06, 0x23, 0x21, 0x11, 0x12, 0x12, 0x0D, 0x01, 0xE6, 
0x0D, 0x11, 0x11, 0x0D, 0xFE, 0x1A, 0x3E, 0x12, 0x0D, 0x0D, 0x12, 0x12, 0x0D, 0x0D, 0x12, 0x00, 
0xFF, 0xFF, 0xFF, 0xDD, 0xFF, 0x3D, 0x02, 0x00, 0x00, 0x00, 0x00, 0x22, 0x02, 0xB9, 0x00, 0x00, 
0x01, 0x07, 0x02, 0xB9, 0x00, 0x00, 0xFF, 0x7B, 0x00, 0x09, 0xB1, 0x01, 0x01, 0xB8, 0xFF, 0x7B, 
0xB0, 0x33, 0x2B, 0x00, 0xFF, 0xFF, 0x00, 0x2B, 0x01, 0x44, 0x00, 0x90, 0x01, 0xA9, 0x00, 0x02, 
0x02, 0xA8, 0x00, 0x00, 0x00, 0x01, 0x00, 0x41, 0xFF, 0x16, 0x01, 0x71, 0x03, 0x0E, 0x00, 0x25, 
0x00, 0x35, 0x40, 0x32, 0x1A, 0x01, 0x00, 0x01, 0x01, 0x4A, 0x00, 0x01, 0x00, 0x00, 0x04, 0x01, 
0x00, 0x67, 0x00, 0x03, 0x03, 0x02, 0x5F, 0x00, 0x02, 0x02, 0x3D, 0x4B, 0x00, 0x04, 0x04, 0x05, 
0x5F, 0x06, 0x01, 0x05, 0x05, 0x42, 0x05, 0x4C, 0x00, 0x00, 0x00, 0x25, 0x00, 0x24, 0x28, 0x24, 
0x23, 0x24, 0x23, 0x07, 0x09, 0x19, 0x2B, 0x16, 0x35, 0x35, 0x34, 0x23, 0x22, 0x26, 0x35, 0x34, 
0x36, 0x33, 0x32, 0x35, 0x35, 0x34, 0x33, 0x32, 0x16, 0x15, 0x14, 0x06, 0x23, 0x22, 0x15, 0x15, 
0x14, 0x07, 0x16, 0x15, 0x15, 0x14, 0x33, 0x32, 0x16, 0x15, 0x14, 0x06, 0x23, 0xBB, 0x5B, 0x0D, 
0x12, 0x12, 0x0D, 0x5B, 0x97, 0x0E, 0x11, 0x12, 0x0D, 0x5A, 0x2D, 0x2D, 0x5A, 0x0D, 0x12, 0x12, 
0x0D, 0xEA, 0x97, 0xEB, 0x5B, 0x11, 0x0D, 0x0D, 0x12, 0x5B, 0xEB, 0x98, 0x11, 0x0E, 0x0D, 0x11, 
0x5B, 0xEB, 0x4B, 0x2F, 0x2D, 0x4C, 0xEB, 0x5A, 0x12, 0x0D, 0x0D, 0x11, 0x00, 0x01, 0x00, 0x00, 
0xFF, 0x16, 0x01, 0x30, 0x03, 0x0E, 0x00, 0x25, 0x00, 0x35, 0x40, 0x32, 0x0A, 0x01, 0x04, 0x03, 
0x01, 0x4A, 0x00, 0x03, 0x00, 0x04, 0x00, 0x03, 0x04, 0x67, 0x00, 0x01, 0x01, 0x02, 0x5F, 0x00, 
0x02, 0x02, 0x3D, 0x4B, 0x00, 0x00, 0x00, 0x05, 0x5F, 0x06, 0x01, 0x05, 0x05, 0x42, 0x05, 0x4C, 
0x00, 0x00, 0x00, 0x25, 0x00, 0x24, 0x24, 0x23, 0x24, 0x28, 0x24, 0x07, 0x09, 0x19, 0x2B, 0x16, 
0x26, 0x35, 0x34, 0x36, 0x33, 0x32, 0x35, 0x35, 0x34, 0x37, 0x26, 0x35, 0x35, 0x34, 0x23, 0x22, 
0x26, 0x35, 0x34, 0x36, 0x33, 0x32, 0x15, 0x15, 0x14, 0x33, 0x32, 0x16, 0x15, 0x14, 0x06, 0x23, 
0x22, 0x15, 0x15, 0x14, 0x23, 0x12, 0x12, 0x12, 0x0D, 0x5A, 0x2D, 0x2D, 0x5A, 0x0D, 0x12, 0x12, 
0x0D, 0x97, 0x5B, 0x0D, 0x12, 0x12, 0x0D, 0x5B, 0x97, 0xEA, 0x11, 0x0D, 0x0D, 0x12, 0x5A, 0xEB, 
0x4C, 0x2D, 0x2F, 0x4B, 0xEB, 0x5B, 0x11, 0x0D, 0x0E, 0x11, 0x98, 0xEB, 0x5B, 0x12, 0x0D, 0x0D, 
0x11, 0x5B, 0xEB, 0x97, 0x00, 0x01, 0x00, 0x41, 0xFF, 0x16, 0x01, 0x20, 0x03, 0x0E, 0x00, 0x17, 
0x00, 0x25, 0x40, 0x22, 0x00, 0x01, 0x01, 0x00, 0x5D, 0x00, 0x00, 0x00, 0x3D, 0x4B, 0x00, 0x02, 
0x02, 0x03, 0x5D, 0x04, 0x01, 0x03, 0x03, 0x42, 0x03, 0x4C, 0x00, 0x00, 0x00, 0x17, 0x00, 0x15, 
0x21, 0x24, 0x35, 0x05, 0x09, 0x17, 0x2B, 0x16, 0x26, 0x35, 0x11, 0x34, 0x36, 0x33, 0x33, 0x32, 
0x16, 0x15, 0x14, 0x06, 0x23, 0x23, 0x11, 0x33, 0x32, 0x16, 0x15, 0x14, 0x06, 0x23, 0x23, 0x52, 
0x11, 0x11, 0x0D, 0xA2, 0x0D, 0x12, 0x12, 0x0D, 0x84, 0x84, 0x0D, 0x12, 0x12, 0x0D, 0xA2, 0xEA, 
0x11, 0x0D, 0x03, 0xBC, 0x0D, 0x11, 0x11, 0x0D, 0x0D, 0x12, 0xFC, 0x82, 0x12, 0x0D, 0x0D, 0x11, 
0x00, 0x01, 0x00, 0x00, 0xFF, 0x16, 0x00, 0xDF, 0x03, 0x0E, 0x00, 0x17, 0x00, 0x28, 0x40, 0x25, 
0x00, 0x02, 0x02, 0x03, 0x5D, 0x00, 0x03, 0x03, 0x3D, 0x4B, 0x00, 0x01, 0x01, 0x00, 0x5D, 0x04, 
0x01, 0x00, 0x00, 0x42, 0x00, 0x4C, 0x01, 0x00, 0x11, 0x0E, 0x0A, 0x08, 0x07, 0x05, 0x00, 0x17, 
0x01, 0x16, 0x05, 0x09, 0x14, 0x2B, 0x17, 0x22, 0x26, 0x35, 0x34, 0x36, 0x33, 0x33, 0x11, 0x23, 
0x22, 0x26, 0x35, 0x34, 0x36, 0x33, 0x33, 0x32, 0x16, 0x15, 0x11, 0x14, 0x06, 0x23, 0x1F, 0x0D, 
0x12, 0x12, 0x0D, 0x84, 0x84, 0x0D, 0x12, 0x12, 0x0D, 0xA2, 0x0D, 0x11, 0x11, 0x0D, 0xEA, 0x11, 
0x0D, 0x0D, 0x12, 0x03, 0x7E, 0x12, 0x0D, 0x0D, 0x11, 0x11, 0x0D, 0xFC, 0x44, 0x0D, 0x11, 0x00, 
0x00, 0x01, 0x00, 0x41, 0xFF, 0x16, 0x00, 0xF5, 0x03, 0x10, 0x00, 0x16, 0x00, 0x19, 0x40, 0x16, 
0x00, 0x00, 0x00, 0x3D, 0x4B, 0x02, 0x01, 0x01, 0x01, 0x42, 0x01, 0x4C, 0x00, 0x00, 0x00, 0x16, 
0x00, 0x15, 0x27, 0x03, 0x09, 0x15, 0x2B, 0x16, 0x26, 0x27, 0x26, 0x35, 0x34, 0x37, 0x36, 0x33, 
0x32, 0x16, 0x15, 0x14, 0x07, 0x06, 0x15, 0x14, 0x17, 0x16, 0x15, 0x14, 0x06, 0x23, 0xCD, 0x0E, 
0x06, 0x78, 0x78, 0x09, 0x15, 0x0C, 0x11, 0x05, 0x73, 0x74, 0x05, 0x12, 0x0C, 0xEA, 0x0A, 0x0B, 
0xF3, 0xF6, 0xF5, 0xF3, 0x14, 0x10, 0x0C, 0x09, 0x0A, 0xE6, 0xE8, 0xE7, 0xE8, 0x0C, 0x06, 0x0C, 
0x10, 0x00, 0x00, 0x00, 0x00, 0x01, 0x00, 0x00, 0xFF, 0x16, 0x00, 0xB4, 0x03, 0x10, 0x00, 0x16, 
0x00, 0x1F, 0x40, 0x1C, 0x02, 0x01, 0x01, 0x00, 0x01, 0x4A, 0x00, 0x00, 0x00, 0x3D, 0x4B, 0x02, 
0x01, 0x01, 0x01, 0x42, 0x01, 0x4C, 0x00, 0x00, 0x00, 0x16, 0x00, 0x15, 0x2C, 0x03, 0x09, 0x15, 
0x2B, 0x16, 0x26, 0x35, 0x34, 0x37, 0x36, 0x35, 0x34, 0x27, 0x26, 0x35, 0x34, 0x36, 0x33, 0x32, 
0x17, 0x16, 0x15, 0x14, 0x07, 0x06, 0x06, 0x23, 0x12, 0x12, 0x05, 0x74, 0x73, 0x05, 0x11, 0x0C, 
0x15, 0x09, 0x78, 0x78, 0x06, 0x0E, 0x0A, 0xEA, 0x10, 0x0C, 0x06, 0x0C, 0xE8, 0xE7, 0xE8, 0xE6, 
0x0A, 0x09, 0x0C, 0x10, 0x14, 0xF3, 0xF5, 0xF6, 0xF3, 0x0B, 0x0A, 0x00, 0x00, 0x01, 0xFF, 0xD3, 
0x00, 0xF3, 0x03, 0xDC, 0x01, 0x30, 0x00, 0x0D, 0x00, 0x1E, 0x40, 0x1B, 0x00, 0x00, 0x01, 0x01, 
0x00, 0x55, 0x00, 0x00, 0x00, 0x01, 0x5D, 0x02, 0x01, 0x01, 0x00, 0x01, 0x4D, 0x00, 0x00, 0x00, 
0x0D, 0x00, 0x0B, 0x34, 0x03, 0x09, 0x15, 0x2B, 0x26, 0x26, 0x35, 0x34, 0x36, 0x33, 0x21, 0x32, 
0x16, 0x15, 0x14, 0x06, 0x23, 0x21, 0x1C, 0x11, 0x11, 0x0D, 0x03, 0xCD, 0x0D, 0x11, 0x11, 0x0D, 
0xFC, 0x33, 0xF3, 0x11, 0x0D, 0x0D, 0x12, 0x12, 0x0D, 0x0D, 0x11, 0x00, 0x00, 0x01, 0xFF, 0xD8, 
0x00, 0xF3, 0x01, 0xAA, 0x01, 0x30, 0x00, 0x0D, 0x00, 0x1E, 0x40, 0x1B, 0x00, 0x00, 0x01, 0x01, 
0x00, 0x55, 0x00, 0x00, 0x00, 0x01, 0x5D, 0x02, 0x01, 0x01, 0x00, 0x01, 0x4D, 0x00, 0x00, 0x00, 
0x0D, 0x00, 0x0B, 0x34, 0x03, 0x09, 0x15, 0x2B, 0x26, 0x26, 0x35, 0x34, 0x36, 0x33, 0x21, 0x32, 
0x16, 0x15, 0x14, 0x06, 0x23, 0x21, 0x16, 0x12, 0x12, 0x0D, 0x01, 0x95, 0x0D, 0x11, 0x11, 0x0D, 
0xFE, 0x6B, 0xF3, 0x11, 0x0D, 0x0D, 0x12, 0x12, 0x0D, 0x0D, 0x11, 0x00, 0x00, 0x01, 0xFF, 0xD5, 
0x00, 0xF3, 0x02, 0xEB, 0x01, 0x30, 0x00, 0x0D, 0x00, 0x1E, 0x40, 0x1B, 0x00, 0x00, 0x01, 0x01, 
0x00, 0x55, 0x00, 0x00, 0x00, 0x01, 0x5D, 0x02, 0x01, 0x01, 0x00, 0x01, 0x4D, 0x00, 0x00, 0x00, 
0x0D, 0x00, 0x0B, 0x34, 0x03, 0x09, 0x15, 0x2B, 0x26, 0x26, 0x35, 0x34, 0x36, 0x33, 0x21, 0x32, 
0x16, 0x15, 0x14, 0x06, 0x23, 0x21, 0x19, 0x12, 0x12, 0x0D, 0x02, 0xD9, 0x0D, 0x11, 0x11, 0x0D, 
0xFD, 0x27, 0xF3, 0x11, 0x0D, 0x0D, 0x12, 0x12, 0x0D, 0x0D, 0x11, 0x00, 0x00, 0x01, 0x00, 0x27, 
0x00, 0xF3, 0x01, 0x57, 0x01, 0x30, 0x00, 0x0D, 0x00, 0x1E, 0x40, 0x1B, 0x00, 0x00, 0x01, 0x01, 
0x00, 0x55, 0x00, 0x00, 0x00, 0x01, 0x5D, 0x02, 0x01, 0x01, 0x00, 0x01, 0x4D, 0x00, 0x00, 0x00, 
0x0D, 0x00, 0x0B, 0x34, 0x03, 0x09, 0x15, 0x2B, 0x36, 0x26, 0x35, 0x34, 0x36, 0x33, 0x33, 0x32, 
0x16, 0x15, 0x14, 0x06, 0x23, 0x23, 0x38, 0x11, 0x11, 0x0D, 0xF3, 0x0D, 0x12, 0x12, 0x0D, 0xF3, 
0xF3, 0x11, 0x0D, 0x0D, 0x12, 0x12, 0x0D, 0x0D, 0x11, 0x00, 0x00, 0x00, 0xFF, 0xFF, 0x00, 0x27, 
0x00, 0xF3, 0x01, 0x57, 0x01, 0x30, 0x00, 0x02, 0x02, 0xC5, 0x00, 0x00, 0x00, 0x02, 0x00, 0x29, 
0x00, 0x00, 0x01, 0xAE, 0x02, 0x22, 0x00, 0x16, 0x00, 0x2D, 0x00, 0x31, 0x40, 0x2E, 0x2A, 0x27, 
0x24, 0x1C, 0x13, 0x10, 0x0D, 0x05, 0x08, 0x01, 0x00, 0x01, 0x4A, 0x02, 0x01, 0x00, 0x00, 0x40, 
0x4B, 0x05, 0x03, 0x04, 0x03, 0x01, 0x01, 0x3E, 0x01, 0x4C, 0x17, 0x17, 0x00, 0x00, 0x17, 0x2D, 
0x17, 0x2C, 0x22, 0x20, 0x00, 0x16, 0x00, 0x15, 0x29, 0x06, 0x09, 0x15, 0x2B, 0x32, 0x26, 0x27, 
0x27, 0x26, 0x35, 0x34, 0x37, 0x37, 0x36, 0x33, 0x32, 0x16, 0x15, 0x14, 0x07, 0x07, 0x17, 0x16, 
0x15, 0x14, 0x06, 0x23, 0x32, 0x26, 0x27, 0x27, 0x26, 0x35, 0x34, 0x37, 0x37, 0x36, 0x33, 0x32, 
0x16, 0x15, 0x14, 0x07, 0x07, 0x17, 0x16, 0x15, 0x14, 0x06, 0x23, 0xB6, 0x0D, 0x05, 0x77, 0x04, 
0x03, 0x78, 0x0A, 0x12, 0x0D, 0x12, 0x03, 0x73, 0x73, 0x03, 0x12, 0x0D, 0xC5, 0x0D, 0x05, 0x77, 
0x04, 0x03, 0x78, 0x0A, 0x12, 0x0D, 0x12, 0x03, 0x73, 0x73, 0x03, 0x12, 0x0D, 0x09, 0x0A, 0xED, 
0x08, 0x09, 0x08, 0x07, 0xEF, 0x13, 0x11, 0x0D, 0x07, 0x06, 0xE6, 0xE6, 0x04, 0x09, 0x0D, 0x11, 
0x09, 0x0A, 0xED, 0x08, 0x09, 0x08, 0x07, 0xEF, 0x13, 0x11, 0x0D, 0x07, 0x06, 0xE6, 0xE6, 0x04, 
0x09, 0x0D, 0x11, 0x00, 0x00, 0x02, 0x00, 0x29, 0x00, 0x00, 0x01, 0xAE, 0x02, 0x22, 0x00, 0x17, 
0x00, 0x2F, 0x00, 0x2D, 0x40, 0x2A, 0x1D, 0x1A, 0x05, 0x02, 0x04, 0x01, 0x00, 0x01, 0x4A, 0x02, 
0x01, 0x00, 0x00, 0x40, 0x4B, 0x05, 0x03, 0x04, 0x03, 0x01, 0x01, 0x3E, 0x01, 0x4C, 0x18, 0x18, 
0x00, 0x00, 0x18, 0x2F, 0x18, 0x2E, 0x24, 0x22, 0x00, 0x17, 0x00, 0x16, 0x2A, 0x06, 0x09, 0x15, 
0x2B, 0x32, 0x26, 0x35, 0x34, 0x37, 0x37, 0x27, 0x26, 0x35, 0x34, 0x36, 0x33, 0x32, 0x16, 0x17, 
0x17, 0x16, 0x15, 0x14, 0x07, 0x07, 0x06, 0x06, 0x23, 0x32, 0x26, 0x35, 0x34, 0x37, 0x37, 0x27, 
0x26, 0x35, 0x34, 0x36, 0x33, 0x32, 0x16, 0x17, 0x17, 0x16, 0x15, 0x14, 0x07, 0x07, 0x06, 0x06, 
0x23, 0x3A, 0x11, 0x02, 0x73, 0x73, 0x02, 0x11, 0x0D, 0x09, 0x0D, 0x06, 0x78, 0x04, 0x05, 0x77, 
0x05, 0x0D, 0x0A, 0xC2, 0x11, 0x02, 0x73, 0x73, 0x02, 0x11, 0x0D, 0x09, 0x0D, 0x06, 0x78, 0x04, 
0x05, 0x77, 0x05, 0x0D, 0x0A, 0x11, 0x0D, 0x07, 0x06, 0xE6, 0xE6, 0x08, 0x05, 0x0D, 0x11, 0x09, 
0x0A, 0xEF, 0x0A, 0x05, 0x07, 0x0A, 0xED, 0x0A, 0x09, 0x11, 0x0D, 0x07, 0x06, 0xE6, 0xE6, 0x08, 
0x05, 0x0D, 0x11, 0x09, 0x0A, 0xEF, 0x0A, 0x05, 0x07, 0x0A, 0xED, 0x0A, 0x09, 0x00, 0x00, 0x00, 
0x00, 0x01, 0x00, 0x29, 0x00, 0x00, 0x00, 0xDF, 0x02, 0x22, 0x00, 0x16, 0x00, 0x22, 0x40, 0x1F, 
0x13, 0x10, 0x0D, 0x05, 0x04, 0x01, 0x00, 0x01, 0x4A, 0x00, 0x00, 0x00, 0x40, 0x4B, 0x02, 0x01, 
0x01, 0x01, 0x3E, 0x01, 0x4C, 0x00, 0x00, 0x00, 0x16, 0x00, 0x15, 0x29, 0x03, 0x09, 0x15, 0x2B, 
0x32, 0x26, 0x27, 0x27, 0x26, 0x35, 0x34, 0x37, 0x37, 0x36, 0x33, 0x32, 0x16, 0x15, 0x14, 0x07, 
0x07, 0x17, 0x16, 0x15, 0x14, 0x06, 0x23, 0xB6, 0x0D, 0x05, 0x77, 0x04, 0x03, 0x78, 0x0A, 0x12, 
0x0D, 0x12, 0x03, 0x73, 0x73, 0x03, 0x12, 0x0D, 0x09, 0x0A, 0xED, 0x08, 0x09, 0x08, 0x07, 0xEF, 
0x13, 0x11, 0x0D, 0x07, 0x06, 0xE6, 0xE6, 0x04, 0x09, 0x0D, 0x11, 0x00, 0x00, 0x01, 0x00, 0x29, 
0x00, 0x00, 0x00, 0xDF, 0x02, 0x22, 0x00, 0x17, 0x00, 0x20, 0x40, 0x1D, 0x05, 0x02, 0x02, 0x01, 
0x00, 0x01, 0x4A, 0x00, 0x00, 0x00, 0x40, 0x4B, 0x02, 0x01, 0x01, 0x01, 0x3E, 0x01, 0x4C, 0x00, 
0x00, 0x00, 0x17, 0x00, 0x16, 0x2A, 0x03, 0x09, 0x15, 0x2B, 0x32, 0x26, 0x35, 0x34, 0x37, 0x37, 
0x27, 0x26, 0x35, 0x34, 0x36, 0x33, 0x32, 0x16, 0x17, 0x17, 0x16, 0x15, 0x14, 0x07, 0x07, 0x06, 
0x06, 0x23, 0x3A, 0x11, 0x02, 0x73, 0x73, 0x02, 0x11, 0x0D, 0x09, 0x0D, 0x06, 0x78, 0x04, 0x05, 
0x77, 0x05, 0x0D, 0x0A, 0x11, 0x0D, 0x07, 0x06, 0xE6, 0xE6, 0x08, 0x05, 0x0D, 0x11, 0x09, 0x0A, 
0xEF, 0x0A, 0x05, 0x07, 0x0A, 0xED, 0x0A, 0x09, 0xFF, 0xFF, 0x00, 0x1F, 0xFF, 0x6B, 0x00, 0xFE, 
0x00, 0x57, 0x00, 0x22, 0x02, 0xD1, 0xE3, 0x00, 0x00, 0x02, 0x02, 0xD1, 0x5B, 0x00, 0x00, 0x00, 
0x00, 0x02, 0x00, 0x1E, 0x02, 0x33, 0x01, 0x14, 0x03, 0x1F, 0x00, 0x12, 0x00, 0x25, 0x00, 0x24, 
0x40, 0x21, 0x05, 0x03, 0x04, 0x03, 0x01, 0x00, 0x01, 0x84, 0x02, 0x01, 0x00, 0x00, 0x45, 0x00, 
0x4C, 0x13, 0x13, 0x00, 0x00, 0x13, 0x25, 0x13, 0x24, 0x1A, 0x18, 0x00, 0x12, 0x00, 0x11, 0x25, 
0x06, 0x09, 0x15, 0x2B, 0x12, 0x26, 0x35, 0x34, 0x36, 0x36, 0x33, 0x32, 0x16, 0x07, 0x06, 0x15, 
0x14, 0x17, 0x16, 0x15, 0x14, 0x06, 0x23, 0x32, 0x26, 0x35, 0x34, 0x36, 0x36, 0x33, 0x32, 0x16, 
0x07, 0x06, 0x15, 0x14, 0x17, 0x16, 0x15, 0x14, 0x06, 0x23, 0x38, 0x1A, 0x1B, 0x27, 0x0F, 0x0B, 
0x0E, 0x04, 0x11, 0x04, 0x04, 0x19, 0x14, 0x76, 0x1A, 0x1B, 0x27, 0x0F, 0x0B, 0x0E, 0x04, 0x11, 
0x04, 0x04, 0x19, 0x14, 0x02, 0x33, 0x26, 0x23, 0x1B, 0x4E, 0x3A, 0x12, 0x0B, 0x2C, 0x24, 0x10, 
0x18, 0x18, 0x0E, 0x17, 0x1A, 0x26, 0x23, 0x1B, 0x4E, 0x3A, 0x12, 0x0B, 0x2C, 0x24, 0x10, 0x18, 
0x18, 0x0E, 0x17, 0x1A, 0x00, 0x02, 0xFF, 0xFD, 0x02, 0x33, 0x00, 0xF3, 0x03, 0x1F, 0x00, 0x12, 
0x00, 0x25, 0x00, 0x24, 0x40, 0x21, 0x05, 0x03, 0x04, 0x03, 0x01, 0x00, 0x01, 0x84, 0x02, 0x01, 
0x00, 0x00, 0x45, 0x00, 0x4C, 0x13, 0x13, 0x00, 0x00, 0x13, 0x25, 0x13, 0x24, 0x1F, 0x1D, 0x00, 
0x12, 0x00, 0x11, 0x2A, 0x06, 0x09, 0x15, 0x2B, 0x12, 0x26, 0x35, 0x34, 0x37, 0x36, 0x35, 0x34, 
0x27, 0x26, 0x36, 0x33, 0x32, 0x16, 0x16, 0x15, 0x14, 0x06, 0x23, 0x32, 0x26, 0x35, 0x34, 0x37, 
0x36, 0x35, 0x34, 0x27, 0x26, 0x36, 0x33, 0x32, 0x16, 0x16, 0x15, 0x14, 0x06, 0x23, 0x23, 0x19, 
0x04, 0x04, 0x11, 0x04, 0x0E, 0x0B, 0x0F, 0x27, 0x1B, 0x1A, 0x16, 0x78, 0x19, 0x04, 0x04, 0x11, 
0x04, 0x0E, 0x0B, 0x0F, 0x27, 0x1B, 0x1A, 0x16, 0x02, 0x33, 0x1A, 0x17, 0x0E, 0x18, 0x18, 0x10, 
0x24, 0x2C, 0x0B, 0x12, 0x3A, 0x4E, 0x1B, 0x23, 0x26, 0x1A, 0x17, 0x0E, 0x18, 0x18, 0x10, 0x24, 
0x2C, 0x0B, 0x12, 0x3A, 0x4E, 0x1B, 0x23, 0x26, 0x00, 0x01, 0x00, 0x46, 0x02, 0x33, 0x00, 0xB0, 
0x03, 0x1F, 0x00, 0x12, 0x00, 0x19, 0x40, 0x16, 0x02, 0x01, 0x01, 0x00, 0x01, 0x84, 0x00, 0x00, 
0x00, 0x45, 0x00, 0x4C, 0x00, 0x00, 0x00, 0x12, 0x00, 0x11, 0x25, 0x03, 0x09, 0x15, 0x2B, 0x12, 
0x26, 0x35, 0x34, 0x36, 0x36, 0x33, 0x32, 0x16, 0x07, 0x06, 0x15, 0x14, 0x17, 0x16, 0x15, 0x14, 
0x06, 0x23, 0x60, 0x1A, 0x1B, 0x27, 0x0F, 0x0B, 0x0E, 0x04, 0x11, 0x04, 0x04, 0x19, 0x14, 0x02, 
0x33, 0x26, 0x23, 0x1B, 0x4E, 0x3A, 0x12, 0x0B, 0x2C, 0x24, 0x10, 0x18, 0x18, 0x0E, 0x17, 0x1A, 
0x00, 0x01, 0x00, 0x46, 0x02, 0x27, 0x00, 0xB0, 0x03, 0x13, 0x00, 0x12, 0x00, 0x19, 0x40, 0x16, 
0x00, 0x00, 0x01, 0x00, 0x84, 0x02, 0x01, 0x01, 0x01, 0x45, 0x01, 0x4C, 0x00, 0x00, 0x00, 0x12, 
0x00, 0x11, 0x2A, 0x03, 0x09, 0x15, 0x2B, 0x12, 0x16, 0x15, 0x14, 0x07, 0x06, 0x15, 0x14, 0x17, 
0x16, 0x06, 0x23, 0x22, 0x26, 0x26, 0x35, 0x34, 0x36, 0x33, 0x8A, 0x19, 0x04, 0x04, 0x11, 0x04, 
0x0E, 0x0B, 0x0F, 0x27, 0x1B, 0x1A, 0x16, 0x03, 0x13, 0x1A, 0x17, 0x0E, 0x18, 0x18, 0x10, 0x24, 
0x2C, 0x0B, 0x12, 0x3A, 0x4E, 0x1B, 0x23, 0x26, 0x00, 0x01, 0xFF, 0xFD, 0x02, 0x27, 0x00, 0x67, 
0x03, 0x13, 0x00, 0x12, 0x00, 0x19, 0x40, 0x16, 0x00, 0x00, 0x01, 0x00, 0x84, 0x02, 0x01, 0x01, 
0x01, 0x45, 0x01, 0x4C, 0x00, 0x00, 0x00, 0x12, 0x00, 0x11, 0x25, 0x03, 0x09, 0x15, 0x2B, 0x12, 
0x16, 0x15, 0x14, 0x06, 0x06, 0x23, 0x22, 0x26, 0x37, 0x36, 0x35, 0x34, 0x27, 0x26, 0x35, 0x34, 
0x36, 0x33, 0x4D, 0x1A, 0x1B, 0x27, 0x0F, 0x0B, 0x0E, 0x04, 0x11, 0x04, 0x04, 0x19, 0x14, 0x03, 
0x13, 0x26, 0x23, 0x1B, 0x4E, 0x3A, 0x12, 0x0B, 0x2C, 0x24, 0x10, 0x18, 0x18, 0x0E, 0x17, 0x1A, 
0x00, 0x01, 0x00, 0x39, 0xFF, 0x6B, 0x00, 0xA3, 0x00, 0x57, 0x00, 0x12, 0x00, 0x17, 0x40, 0x14, 
0x02, 0x01, 0x01, 0x00, 0x01, 0x83, 0x00, 0x00, 0x00, 0x74, 0x00, 0x00, 0x00, 0x12, 0x00, 0x11, 
0x25, 0x03, 0x09, 0x15, 0x2B, 0x36, 0x16, 0x15, 0x14, 0x06, 0x06, 0x23, 0x22, 0x26, 0x37, 0x36, 
0x35, 0x34, 0x27, 0x26, 0x35, 0x34, 0x36, 0x33, 0x89, 0x1A, 0x1B, 0x27, 0x0F, 0x0B, 0x0E, 0x04, 
0x11, 0x04, 0x04, 0x19, 0x14, 0x57, 0x26, 0x23, 0x1B, 0x4E, 0x3A, 0x12, 0x0B, 0x2C, 0x24, 0x10, 
0x18, 0x18, 0x0E, 0x17, 0x1A, 0x00, 0x00, 0x00, 0xFF, 0xFF, 0x00, 0x2B, 0x01, 0xB9, 0x00, 0x90, 
0x02, 0x1E, 0x01, 0x06, 0x02, 0xA8, 0x00, 0x75, 0x00, 0x08, 0xB1, 0x00, 0x01, 0xB0, 0x75, 0xB0, 
0x33, 0x2B, 0x00, 0x00, 0x00, 0x01, 0x00, 0x3C, 0xFF, 0x8D, 0x02, 0xC3, 0x03, 0x85, 0x00, 0x35, 
0x00, 0x84, 0x40, 0x0B, 0x10, 0x01, 0x01, 0x07, 0x01, 0x4A, 0x18, 0x01, 0x04, 0x01, 0x49, 0x4B, 
0xB0, 0x0C, 0x50, 0x58, 0x40, 0x30, 0x00, 0x03, 0x04, 0x04, 0x03, 0x6E, 0x00, 0x05, 0x06, 0x00, 
0x06, 0x05, 0x00, 0x7E, 0x00, 0x00, 0x07, 0x06, 0x00, 0x07, 0x7C, 0x00, 0x02, 0x01, 0x01, 0x02, 
0x6F, 0x00, 0x06, 0x06, 0x04, 0x5F, 0x00, 0x04, 0x04, 0x45, 0x4B, 0x00, 0x07, 0x07, 0x01, 0x5F, 
0x00, 0x01, 0x01, 0x46, 0x01, 0x4C, 0x1B, 0x40, 0x2E, 0x00, 0x03, 0x04, 0x03, 0x83, 0x00, 0x05, 
0x06, 0x00, 0x06, 0x05, 0x00, 0x7E, 0x00, 0x00, 0x07, 0x06, 0x00, 0x07, 0x7C, 0x00, 0x02, 0x01, 
0x02, 0x84, 0x00, 0x06, 0x06, 0x04, 0x5F, 0x00, 0x04, 0x04, 0x45, 0x4B, 0x00, 0x07, 0x07, 0x01, 
0x5F, 0x00, 0x01, 0x01, 0x46, 0x01, 0x4C, 0x59, 0x40, 0x0B, 0x26, 0x22, 0x25, 0x13, 0x2E, 0x23, 
0x15, 0x20, 0x08, 0x09, 0x1C, 0x2B, 0x24, 0x33, 0x32, 0x16, 0x15, 0x14, 0x07, 0x06, 0x07, 0x15, 
0x14, 0x06, 0x23, 0x22, 0x26, 0x35, 0x35, 0x2E, 0x02, 0x35, 0x34, 0x36, 0x36, 0x37, 0x35, 0x34, 
0x36, 0x33, 0x32, 0x16, 0x15, 0x15, 0x16, 0x17, 0x16, 0x15, 0x14, 0x06, 0x23, 0x22, 0x27, 0x26, 
0x23, 0x22, 0x06, 0x06, 0x15, 0x14, 0x16, 0x16, 0x33, 0x32, 0x37, 0x02, 0x99, 0x08, 0x0C, 0x13, 
0x07, 0x53, 0x94, 0x12, 0x0D, 0x0D, 0x11, 0x5F, 0x9E, 0x5C, 0x5B, 0x9E, 0x60, 0x11, 0x0D, 0x0D, 
0x12, 0x83, 0x65, 0x09, 0x10, 0x0E, 0x0B, 0x0E, 0x4C, 0x7D, 0x58, 0x99, 0x5A, 0x59, 0x99, 0x59, 
0x76, 0x59, 0x80, 0x12, 0x0D, 0x0D, 0x08, 0x53, 0x03, 0x4B, 0x0D, 0x11, 0x11, 0x0D, 0x4E, 0x0C, 
0x71, 0xAE, 0x63, 0x63, 0xAE, 0x71, 0x0B, 0x53, 0x0D, 0x11, 0x11, 0x0D, 0x50, 0x05, 0x54, 0x07, 
0x0D, 0x0C, 0x13, 0x0C, 0x44, 0x5E, 0x9D, 0x59, 0x5C, 0x9D, 0x5C, 0x49, 0x00, 0x02, 0x00, 0x3C, 
0xFF, 0x9E, 0x02, 0x15, 0x02, 0x8A, 0x00, 0x38, 0x00, 0x42, 0x00, 0x51, 0x40, 0x4E, 0x2E, 0x25, 
0x02, 0x07, 0x04, 0x01, 0x01, 0x06, 0x07, 0x42, 0x02, 0x02, 0x00, 0x01, 0x1C, 0x13, 0x02, 0x02, 
0x00, 0x04, 0x4A, 0x00, 0x05, 0x04, 0x05, 0x83, 0x00, 0x06, 0x07, 0x01, 0x07, 0x06, 0x01, 0x7E, 
0x00, 0x01, 0x00, 0x07, 0x01, 0x00, 0x7C, 0x00, 0x03, 0x02, 0x03, 0x84, 0x00, 0x07, 0x07, 0x04, 
0x5F, 0x00, 0x04, 0x04, 0x48, 0x4B, 0x00, 0x00, 0x00, 0x02, 0x5F, 0x00, 0x02, 0x02, 0x49, 0x02, 
0x4C, 0x23, 0x2C, 0x23, 0x2B, 0x23, 0x27, 0x22, 0x23, 0x08, 0x09, 0x1C, 0x2B, 0x00, 0x27, 0x03, 
0x16, 0x33, 0x32, 0x37, 0x36, 0x33, 0x32, 0x17, 0x16, 0x15, 0x14, 0x07, 0x06, 0x06, 0x23, 0x22, 
0x27, 0x07, 0x06, 0x23, 0x22, 0x26, 0x35, 0x34, 0x37, 0x37, 0x26, 0x26, 0x35, 0x34, 0x36, 0x36, 
0x33, 0x32, 0x17, 0x37, 0x36, 0x33, 0x32, 0x16, 0x15, 0x14, 0x07, 0x07, 0x16, 0x17, 0x16, 0x15, 
0x14, 0x07, 0x06, 0x23, 0x22, 0x27, 0x27, 0x26, 0x23, 0x22, 0x06, 0x06, 0x15, 0x14, 0x16, 0x17, 
0x01, 0xC2, 0x25, 0x9B, 0x23, 0x27, 0x58, 0x35, 0x09, 0x0C, 0x0B, 0x07, 0x0A, 0x08, 0x23, 0x5E, 
0x35, 0x34, 0x2A, 0x1F, 0x08, 0x16, 0x0B, 0x0D, 0x04, 0x21, 0x3D, 0x45, 0x42, 0x76, 0x49, 0x25, 
0x1C, 0x20, 0x07, 0x16, 0x0B, 0x0C, 0x02, 0x1F, 0x37, 0x26, 0x07, 0x0E, 0x07, 0x09, 0x0E, 0x09, 
0x76, 0x13, 0x1A, 0x3A, 0x5A, 0x31, 0x30, 0x2A, 0x01, 0xC8, 0x13, 0xFE, 0x63, 0x0C, 0x31, 0x09, 
0x07, 0x09, 0x0D, 0x0B, 0x07, 0x20, 0x23, 0x10, 0x54, 0x18, 0x0D, 0x0B, 0x0A, 0x09, 0x57, 0x24, 
0x7F, 0x4E, 0x4F, 0x7F, 0x49, 0x07, 0x54, 0x15, 0x0F, 0x0B, 0x09, 0x04, 0x53, 0x1B, 0x30, 0x0A, 
0x07, 0x0E, 0x08, 0x06, 0x0C, 0x48, 0x04, 0x39, 0x66, 0x40, 0x3B, 0x61, 0x1E, 0x00, 0x00, 0x00, 
0x00, 0x02, 0x00, 0x3C, 0xFF, 0xC5, 0x02, 0xC3, 0x03, 0x59, 0x00, 0x36, 0x00, 0x40, 0x00, 0x56, 
0x40, 0x53, 0x26, 0x1C, 0x02, 0x07, 0x03, 0x3A, 0x31, 0x02, 0x05, 0x07, 0x39, 0x32, 0x02, 0x06, 
0x00, 0x13, 0x0A, 0x02, 0x01, 0x06, 0x10, 0x01, 0x02, 0x01, 0x05, 0x4A, 0x00, 0x04, 0x03, 0x04, 
0x83, 0x00, 0x05, 0x07, 0x00, 0x07, 0x05, 0x00, 0x7E, 0x00, 0x00, 0x06, 0x07, 0x00, 0x06, 0x7C, 
0x00, 0x02, 0x01, 0x02, 0x84, 0x00, 0x07, 0x07, 0x03, 0x5F, 0x00, 0x03, 0x03, 0x45, 0x4B, 0x00, 
0x06, 0x06, 0x01, 0x5F, 0x00, 0x01, 0x01, 0x46, 0x01, 0x4C, 0x26, 0x25, 0x2B, 0x24, 0x2B, 0x23, 
0x25, 0x20, 0x08, 0x09, 0x1C, 0x2B, 0x24, 0x33, 0x32, 0x16, 0x15, 0x14, 0x07, 0x06, 0x23, 0x22, 
0x27, 0x07, 0x06, 0x23, 0x22, 0x26, 0x35, 0x34, 0x37, 0x37, 0x26, 0x26, 0x35, 0x34, 0x36, 0x36, 
0x33, 0x32, 0x17, 0x37, 0x36, 0x36, 0x33, 0x32, 0x16, 0x15, 0x14, 0x07, 0x07, 0x16, 0x17, 0x16, 
0x15, 0x14, 0x06, 0x23, 0x22, 0x27, 0x26, 0x27, 0x03, 0x16, 0x33, 0x32, 0x37, 0x24, 0x16, 0x17, 
0x13, 0x26, 0x23, 0x22, 0x06, 0x06, 0x15, 0x02, 0x99, 0x08, 0x0C, 0x13, 0x07, 0x56, 0xA0, 0x49, 
0x46, 0x18, 0x07, 0x15, 0x0D, 0x12, 0x03, 0x19, 0x58, 0x69, 0x69, 0xB3, 0x6B, 0x2F, 0x31, 0x18, 
0x03, 0x0F, 0x0A, 0x0E, 0x0F, 0x02, 0x15, 0x2F, 0x2E, 0x09, 0x10, 0x0E, 0x0B, 0x0E, 0x21, 0x23, 
0xFE, 0x39, 0x40, 0x76, 0x59, 0xFD, 0xE6, 0x57, 0x48, 0xFA, 0x21, 0x2D, 0x58, 0x99, 0x5A, 0x80, 
0x12, 0x0D, 0x0D, 0x08, 0x56, 0x1C, 0x3C, 0x11, 0x11, 0x0D, 0x05, 0x08, 0x3F, 0x35, 0xB9, 0x6A, 
0x6B, 0xB8, 0x6D, 0x0B, 0x3A, 0x08, 0x0B, 0x12, 0x0D, 0x09, 0x04, 0x35, 0x14, 0x26, 0x07, 0x0D, 
0x0C, 0x13, 0x0C, 0x1D, 0x0E, 0xFD, 0x88, 0x18, 0x49, 0xB2, 0x9B, 0x2E, 0x02, 0x6F, 0x08, 0x5E, 
0x9D, 0x59, 0x00, 0x00, 0x00, 0x02, 0x00, 0x2D, 0x00, 0xAE, 0x01, 0xB3, 0x02, 0x35, 0x00, 0x33, 
0x00, 0x3F, 0x00, 0xA6, 0x40, 0x13, 0x16, 0x12, 0x02, 0x06, 0x01, 0x23, 0x1F, 0x09, 0x05, 0x04, 
0x07, 0x06, 0x30, 0x2C, 0x02, 0x04, 0x07, 0x03, 0x4A, 0x4B, 0xB0, 0x29, 0x50, 0x58, 0x40, 0x21, 
0x09, 0x01, 0x07, 0x00, 0x04, 0x03, 0x07, 0x04, 0x67, 0x00, 0x06, 0x06, 0x01, 0x5F, 0x00, 0x01, 
0x01, 0x40, 0x4B, 0x08, 0x05, 0x02, 0x03, 0x03, 0x00, 0x5F, 0x02, 0x01, 0x00, 0x00, 0x48, 0x03, 
0x4C, 0x1B, 0x4B, 0xB0, 0x32, 0x50, 0x58, 0x40, 0x1E, 0x09, 0x01, 0x07, 0x00, 0x04, 0x03, 0x07, 
0x04, 0x67, 0x02, 0x01, 0x00, 0x08, 0x05, 0x02, 0x03, 0x00, 0x03, 0x63, 0x00, 0x06, 0x06, 0x01, 
0x5F, 0x00, 0x01, 0x01, 0x40, 0x06, 0x4C, 0x1B, 0x40, 0x25, 0x02, 0x01, 0x00, 0x01, 0x03, 0x00, 
0x57, 0x00, 0x01, 0x00, 0x06, 0x07, 0x01, 0x06, 0x67, 0x09, 0x01, 0x07, 0x00, 0x04, 0x03, 0x07, 
0x04, 0x67, 0x02, 0x01, 0x00, 0x00, 0x03, 0x5F, 0x08, 0x05, 0x02, 0x03, 0x00, 0x03, 0x4F, 0x59, 
0x59, 0x40, 0x16, 0x34, 0x34, 0x00, 0x00, 0x34, 0x3F, 0x34, 0x3E, 0x3A, 0x38, 0x00, 0x33, 0x00, 
0x32, 0x23, 0x2E, 0x23, 0x23, 0x2E, 0x0A, 0x09, 0x19, 0x2B, 0x36, 0x26, 0x35, 0x34, 0x37, 0x37, 
0x26, 0x35, 0x34, 0x37, 0x27, 0x26, 0x35, 0x34, 0x36, 0x33, 0x32, 0x17, 0x17, 0x36, 0x33, 0x32, 
0x17, 0x37, 0x36, 0x33, 0x32, 0x16, 0x15, 0x14, 0x07, 0x07, 0x16, 0x15, 0x14, 0x07, 0x17, 0x16, 
0x15, 0x14, 0x06, 0x23, 0x22, 0x27, 0x27, 0x06, 0x23, 0x22, 0x27, 0x07, 0x06, 0x23, 0x36, 0x36, 
0x35, 0x34, 0x26, 0x23, 0x22, 0x06, 0x15, 0x14, 0x16, 0x33, 0x40, 0x13, 0x0A, 0x2E, 0x1D, 0x1B, 
0x2C, 0x0A, 0x13, 0x0E, 0x0D, 0x0A, 0x2C, 0x2C, 0x32, 0x32, 0x2B, 0x2E, 0x0E, 0x0A, 0x0E, 0x13, 
0x0A, 0x2E, 0x1D, 0x1B, 0x2C, 0x0A, 0x13, 0x0E, 0x0E, 0x09, 0x2D, 0x2B, 0x32, 0x30, 0x2D, 0x30, 
0x0A, 0x0C, 0xCA, 0x3C, 0x3C, 0x28, 0x29, 0x3B, 0x3B, 0x29, 0xAE, 0x14, 0x0E, 0x0D, 0x0A, 0x2C, 
0x2E, 0x30, 0x30, 0x2D, 0x2E, 0x0A, 0x0E, 0x0E, 0x13, 0x08, 0x30, 0x1C, 0x1A, 0x2D, 0x09, 0x13, 
0x0E, 0x0F, 0x0A, 0x2B, 0x2F, 0x30, 0x2E, 0x2D, 0x2E, 0x0B, 0x0D, 0x0E, 0x14, 0x09, 0x2F, 0x1C, 
0x1B, 0x2F, 0x08, 0x5E, 0x3D, 0x29, 0x29, 0x3C, 0x3D, 0x28, 0x29, 0x3D, 0x00, 0x03, 0x00, 0x2F, 
0xFF, 0x9F, 0x02, 0x13, 0x03, 0x50, 0x00, 0x39, 0x00, 0x40, 0x00, 0x47, 0x00, 0x5A, 0x40, 0x57, 
0x1F, 0x01, 0x05, 0x04, 0x3D, 0x01, 0x07, 0x05, 0x2C, 0x01, 0x06, 0x07, 0x46, 0x3C, 0x37, 0x19, 
0x04, 0x02, 0x06, 0x02, 0x01, 0x00, 0x01, 0x05, 0x4A, 0x47, 0x01, 0x03, 0x01, 0x49, 0x00, 0x04, 
0x05, 0x04, 0x83, 0x00, 0x06, 0x07, 0x02, 0x07, 0x06, 0x02, 0x7E, 0x00, 0x02, 0x03, 0x07, 0x02, 
0x03, 0x7C, 0x00, 0x00, 0x01, 0x00, 0x84, 0x00, 0x07, 0x07, 0x05, 0x5F, 0x00, 0x05, 0x05, 0x3D, 
0x4B, 0x00, 0x03, 0x03, 0x01, 0x5F, 0x00, 0x01, 0x01, 0x46, 0x01, 0x4C, 0x13, 0x19, 0x13, 0x2A, 
0x15, 0x16, 0x13, 0x25, 0x08, 0x09, 0x1C, 0x2B, 0x24, 0x06, 0x07, 0x15, 0x14, 0x06, 0x23, 0x22, 
0x26, 0x35, 0x35, 0x26, 0x26, 0x27, 0x26, 0x35, 0x34, 0x36, 0x33, 0x32, 0x16, 0x17, 0x16, 0x16, 
0x17, 0x11, 0x26, 0x26, 0x35, 0x34, 0x36, 0x37, 0x35, 0x34, 0x36, 0x33, 0x32, 0x16, 0x15, 0x15, 
0x16, 0x16, 0x17, 0x16, 0x15, 0x14, 0x06, 0x07, 0x06, 0x23, 0x22, 0x27, 0x26, 0x26, 0x27, 0x11, 
0x16, 0x15, 0x00, 0x16, 0x17, 0x11, 0x06, 0x06, 0x15, 0x00, 0x36, 0x35, 0x34, 0x26, 0x27, 0x11, 
0x02, 0x13, 0x75, 0x63, 0x0C, 0x09, 0x09, 0x0C, 0x4F, 0x75, 0x1B, 0x03, 0x10, 0x0C, 0x08, 0x0E, 
0x04, 0x14, 0x5A, 0x3E, 0x5D, 0x6B, 0x6E, 0x5A, 0x0C, 0x09, 0x09, 0x0C, 0x40, 0x69, 0x17, 0x04, 
0x08, 0x07, 0x03, 0x08, 0x10, 0x09, 0x14, 0x48, 0x35, 0xD8, 0xFE, 0x71, 0x42, 0x4B, 0x43, 0x4A, 
0x01, 0x01, 0x52, 0x4F, 0x4D, 0x6E, 0x6F, 0x08, 0x3E, 0x0D, 0x0D, 0x0D, 0x0D, 0x3D, 0x04, 0x4B, 
0x3E, 0x06, 0x06, 0x0C, 0x10, 0x0A, 0x09, 0x2E, 0x37, 0x03, 0x01, 0x4C, 0x13, 0x6D, 0x52, 0x4F, 
0x62, 0x07, 0x30, 0x0D, 0x0D, 0x0D, 0x0D, 0x30, 0x04, 0x42, 0x2D, 0x07, 0x09, 0x08, 0x0D, 0x03, 
0x02, 0x0E, 0x22, 0x30, 0x03, 0xFE, 0xDD, 0x2C, 0xB4, 0x01, 0x4D, 0x51, 0x13, 0x01, 0x1A, 0x05, 
0x40, 0x3C, 0xFD, 0xED, 0x4E, 0x43, 0x41, 0x59, 0x11, 0xFE, 0xBD, 0x00, 0x00, 0x03, 0x00, 0x26, 
0x00, 0x00, 0x02, 0x5D, 0x03, 0x0D, 0x00, 0x28, 0x00, 0x38, 0x00, 0x46, 0x00, 0x55, 0x40, 0x52, 
0x16, 0x01, 0x08, 0x07, 0x01, 0x4A, 0x0B, 0x06, 0x02, 0x04, 0x03, 0x01, 0x00, 0x02, 0x04, 0x00, 
0x67, 0x00, 0x02, 0x00, 0x07, 0x08, 0x02, 0x07, 0x67, 0x0C, 0x01, 0x08, 0x00, 0x01, 0x0A, 0x08, 
0x01, 0x67, 0x00, 0x05, 0x05, 0x3D, 0x4B, 0x0D, 0x01, 0x0A, 0x0A, 0x09, 0x5D, 0x00, 0x09, 0x09, 
0x3E, 0x09, 0x4C, 0x39, 0x39, 0x29, 0x29, 0x00, 0x00, 0x39, 0x46, 0x39, 0x44, 0x40, 0x3D, 0x29, 
0x38, 0x29, 0x37, 0x31, 0x2F, 0x00, 0x28, 0x00, 0x27, 0x23, 0x24, 0x23, 0x26, 0x24, 0x24, 0x0E, 
0x09, 0x1A, 0x2B, 0x00, 0x16, 0x15, 0x14, 0x06, 0x23, 0x23, 0x11, 0x0E, 0x02, 0x23, 0x22, 0x26, 
0x26, 0x35, 0x34, 0x36, 0x36, 0x33, 0x32, 0x16, 0x17, 0x35, 0x23, 0x22, 0x26, 0x35, 0x34, 0x36, 
0x33, 0x33, 0x35, 0x34, 0x36, 0x33, 0x32, 0x16, 0x15, 0x15, 0x33, 0x02, 0x36, 0x36, 0x35, 0x34, 
0x26, 0x26, 0x23, 0x22, 0x06, 0x06, 0x15, 0x14, 0x16, 0x16, 0x33, 0x16, 0x16, 0x15, 0x14, 0x06, 
0x23, 0x21, 0x22, 0x26, 0x35, 0x34, 0x36, 0x33, 0x21, 0x02, 0x4E, 0x0F, 0x0F, 0x0C, 0x22, 0x01, 
0x43, 0x72, 0x47, 0x47, 0x74, 0x42, 0x42, 0x74, 0x47, 0x40, 0x69, 0x1E, 0xBE, 0x0C, 0x0F, 0x0F, 
0x0C, 0xBE, 0x0F, 0x0C, 0x0C, 0x0F, 0x22, 0xE8, 0x58, 0x32, 0x32, 0x58, 0x37, 0x36, 0x58, 0x33, 
0x32, 0x59, 0x36, 0xFE, 0x11, 0x11, 0x0D, 0xFE, 0x38, 0x0D, 0x12, 0x12, 0x0D, 0x01, 0xC8, 0x02, 
0xD4, 0x0F, 0x0C, 0x0C, 0x0F, 0xFE, 0xD4, 0x47, 0x72, 0x41, 0x42, 0x74, 0x48, 0x47, 0x74, 0x42, 
0x38, 0x30, 0x93, 0x0F, 0x0C, 0x0C, 0x0F, 0x1E, 0x0C, 0x0F, 0x0F, 0x0C, 0x1E, 0xFD, 0xDD, 0x33, 
0x5A, 0x38, 0x37, 0x5A, 0x33, 0x33, 0x5A, 0x37, 0x38, 0x5A, 0x33, 0x73, 0x12, 0x0D, 0x0D, 0x12, 
0x12, 0x0D, 0x0D, 0x12, 0x00, 0x01, 0x00, 0x19, 0xFF, 0xF6, 0x03, 0x09, 0x03, 0x17, 0x00, 0x4D, 
0x00, 0x52, 0x40, 0x4F, 0x00, 0x07, 0x08, 0x05, 0x08, 0x07, 0x05, 0x7E, 0x00, 0x00, 0x02, 0x0D, 
0x02, 0x00, 0x0D, 0x7E, 0x09, 0x01, 0x05, 0x0A, 0x01, 0x04, 0x03, 0x05, 0x04, 0x65, 0x0B, 0x01, 
0x03, 0x0C, 0x01, 0x02, 0x00, 0x03, 0x02, 0x65, 0x00, 0x08, 0x08, 0x06, 0x5F, 0x00, 0x06, 0x06, 
0x45, 0x4B, 0x00, 0x0D, 0x0D, 0x01, 0x5F, 0x00, 0x01, 0x01, 0x46, 0x01, 0x4C, 0x4C, 0x4A, 0x47, 
0x45, 0x41, 0x3F, 0x3B, 0x39, 0x35, 0x33, 0x22, 0x25, 0x23, 0x24, 0x24, 0x24, 0x23, 0x25, 0x20, 
0x0E, 0x09, 0x1D, 0x2B, 0x24, 0x33, 0x32, 0x16, 0x15, 0x14, 0x07, 0x06, 0x23, 0x22, 0x26, 0x26, 
0x27, 0x23, 0x22, 0x26, 0x35, 0x34, 0x36, 0x33, 0x33, 0x26, 0x35, 0x34, 0x37, 0x23, 0x22, 0x26, 
0x35, 0x34, 0x36, 0x33, 0x33, 0x3E, 0x02, 0x33, 0x32, 0x17, 0x16, 0x15, 0x14, 0x06, 0x23, 0x22, 
0x27, 0x26, 0x23, 0x22, 0x06, 0x06, 0x07, 0x21, 0x32, 0x16, 0x15, 0x14, 0x06, 0x23, 0x21, 0x06, 
0x15, 0x14, 0x17, 0x21, 0x32, 0x16, 0x15, 0x14, 0x06, 0x23, 0x21, 0x1E, 0x02, 0x33, 0x32, 0x37, 
0x02, 0xDF, 0x08, 0x0C, 0x13, 0x07, 0x56, 0xA0, 0x58, 0x9C, 0x70, 0x16, 0x5B, 0x0C, 0x0F, 0x0F, 
0x0C, 0x51, 0x03, 0x04, 0x52, 0x0C, 0x0F, 0x0F, 0x0C, 0x5E, 0x17, 0x6E, 0x9A, 0x58, 0x8C, 0x6B, 
0x09, 0x10, 0x0E, 0x0B, 0x0E, 0x4C, 0x7D, 0x45, 0x7E, 0x5D, 0x17, 0x01, 0xA2, 0x0C, 0x0F, 0x0F, 
0x0C, 0xFE, 0x4F, 0x05, 0x03, 0x01, 0x6D, 0x0C, 0x0F, 0x0F, 0x0C, 0xFE, 0x9F, 0x15, 0x5E, 0x81, 
0x48, 0x76, 0x59, 0x80, 0x12, 0x0D, 0x0D, 0x08, 0x56, 0x4E, 0x88, 0x55, 0x0F, 0x0C, 0x0C, 0x0F, 
0x18, 0x18, 0x21, 0x19, 0x0F, 0x0C, 0x0C, 0x0F, 0x52, 0x83, 0x4B, 0x59, 0x07, 0x0D, 0x0C, 0x13, 
0x0C, 0x44, 0x3B, 0x68, 0x41, 0x0F, 0x0C, 0x0C, 0x0F, 0x20, 0x1A, 0x18, 0x18, 0x0F, 0x0C, 0x0C, 
0x0F, 0x45, 0x6C, 0x3E, 0x49, 0x00, 0x00, 0x00, 0x00, 0x01, 0x00, 0x00, 0xFF, 0x16, 0x01, 0xD2, 
0x03, 0x0D, 0x00, 0x27, 0x00, 0x33, 0x40, 0x30, 0x05, 0x01, 0x02, 0x06, 0x01, 0x01, 0x00, 0x02, 
0x01, 0x67, 0x00, 0x04, 0x04, 0x03, 0x5F, 0x00, 0x03, 0x03, 0x3D, 0x4B, 0x00, 0x00, 0x00, 0x07, 
0x5F, 0x08, 0x01, 0x07, 0x07, 0x42, 0x07, 0x4C, 0x00, 0x00, 0x00, 0x27, 0x00, 0x26, 0x24, 0x22, 
0x24, 0x22, 0x24, 0x22, 0x24, 0x09, 0x09, 0x1B, 0x2B, 0x16, 0x26, 0x35, 0x34, 0x36, 0x33, 0x32, 
0x35, 0x11, 0x23, 0x22, 0x26, 0x35, 0x34, 0x36, 0x33, 0x33, 0x35, 0x34, 0x33, 0x32, 0x16, 0x15, 
0x14, 0x06, 0x23, 0x22, 0x15, 0x15, 0x33, 0x32, 0x16, 0x15, 0x14, 0x06, 0x23, 0x23, 0x11, 0x14, 
0x23, 0x11, 0x11, 0x11, 0x0D, 0xAD, 0x33, 0x0D, 0x11, 0x11, 0x0D, 0x33, 0xE9, 0x0D, 0x11, 0x11, 
0x0D, 0xAD, 0x85, 0x0D, 0x11, 0x11, 0x0D, 0x84, 0xEA, 0xEA, 0x11, 0x0D, 0x0D, 0x12, 0xAC, 0x01, 
0xC9, 0x11, 0x0D, 0x0D, 0x12, 0x1F, 0xE9, 0x11, 0x0D, 0x0D, 0x12, 0xAC, 0x1F, 0x12, 0x0D, 0x0D, 
0x11, 0xFE, 0x37, 0xE9, 0x00, 0x01, 0x00, 0x3A, 0x00, 0x00, 0x02, 0xC3, 0x03, 0x16, 0x00, 0x2D, 
0x00, 0x37, 0x40, 0x34, 0x00, 0x04, 0x00, 0x05, 0x01, 0x04, 0x05, 0x65, 0x06, 0x01, 0x01, 0x07, 
0x01, 0x00, 0x08, 0x01, 0x00, 0x65, 0x00, 0x03, 0x03, 0x02, 0x5D, 0x00, 0x02, 0x02, 0x3D, 0x4B, 
0x09, 0x01, 0x08, 0x08, 0x3E, 0x08, 0x4C, 0x00, 0x00, 0x00, 0x2D, 0x00, 0x2C, 0x24, 0x21, 0x24, 
0x21, 0x24, 0x33, 0x24, 0x23, 0x0A, 0x09, 0x1C, 0x2B, 0x32, 0x26, 0x35, 0x35, 0x23, 0x22, 0x26, 
0x35, 0x34, 0x36, 0x33, 0x33, 0x11, 0x34, 0x36, 0x33, 0x21, 0x32, 0x16, 0x15, 0x14, 0x06, 0x23, 
0x21, 0x11, 0x21, 0x32, 0x16, 0x15, 0x14, 0x06, 0x23, 0x21, 0x15, 0x33, 0x32, 0x16, 0x15, 0x14, 
0x06, 0x23, 0x23, 0x15, 0x14, 0x06, 0x23, 0xB1, 0x11, 0x48, 0x0D, 0x11, 0x11, 0x0D, 0x48, 0x11, 
0x0D, 0x01, 0xE6, 0x0D, 0x12, 0x12, 0x0D, 0xFE, 0x38, 0x01, 0x4E, 0x0D, 0x12, 0x12, 0x0D, 0xFE, 
0xB2, 0xCA, 0x0D, 0x11, 0x11, 0x0D, 0xCA, 0x11, 0x0D, 0x11, 0x0D, 0x84, 0x11, 0x0D, 0x0D, 0x12, 
0x02, 0x19, 0x0D, 0x11, 0x11, 0x0D, 0x0D, 0x12, 0xFE, 0xD0, 0x11, 0x0D, 0x0D, 0x11, 0x8E, 0x12, 
0x0D, 0x0D, 0x11, 0x84, 0x0D, 0x11, 0x00, 0x00, 0x00, 0x01, 0x00, 0x3C, 0xFF, 0x8E, 0x02, 0xC3, 
0x03, 0x86, 0x00, 0x3E, 0x00, 0x92, 0x40, 0x0F, 0x18, 0x01, 0x03, 0x02, 0x35, 0x03, 0x02, 0x06, 
0x07, 0x10, 0x01, 0x00, 0x06, 0x03, 0x4A, 0x4B, 0xB0, 0x0C, 0x50, 0x58, 0x40, 0x32, 0x00, 0x02, 
0x03, 0x03, 0x02, 0x6E, 0x00, 0x04, 0x05, 0x08, 0x05, 0x04, 0x08, 0x7E, 0x00, 0x01, 0x00, 0x00, 
0x01, 0x6F, 0x09, 0x01, 0x08, 0x00, 0x07, 0x06, 0x08, 0x07, 0x65, 0x00, 0x05, 0x05, 0x03, 0x5F, 
0x00, 0x03, 0x03, 0x45, 0x4B, 0x00, 0x06, 0x06, 0x00, 0x5F, 0x00, 0x00, 0x00, 0x46, 0x00, 0x4C, 
0x1B, 0x40, 0x30, 0x00, 0x02, 0x03, 0x02, 0x83, 0x00, 0x04, 0x05, 0x08, 0x05, 0x04, 0x08, 0x7E, 
0x00, 0x01, 0x00, 0x01, 0x84, 0x09, 0x01, 0x08, 0x00, 0x07, 0x06, 0x08, 0x07, 0x65, 0x00, 0x05, 
0x05, 0x03, 0x5F, 0x00, 0x03, 0x03, 0x45, 0x4B, 0x00, 0x06, 0x06, 0x00, 0x5F, 0x00, 0x00, 0x00, 
0x46, 0x00, 0x4C, 0x59, 0x40, 0x11, 0x00, 0x00, 0x00, 0x3E, 0x00, 0x3C, 0x22, 0x26, 0x22, 0x25, 
0x13, 0x2E, 0x23, 0x17, 0x0A, 0x09, 0x1C, 0x2B, 0x00, 0x16, 0x15, 0x15, 0x14, 0x06, 0x07, 0x06, 
0x07, 0x15, 0x14, 0x06, 0x23, 0x22, 0x26, 0x35, 0x35, 0x2E, 0x02, 0x35, 0x34, 0x36, 0x36, 0x37, 
0x35, 0x34, 0x36, 0x33, 0x32, 0x16, 0x15, 0x15, 0x16, 0x17, 0x16, 0x15, 0x14, 0x06, 0x23, 0x22, 
0x27, 0x26, 0x23, 0x22, 0x06, 0x06, 0x15, 0x14, 0x16, 0x16, 0x33, 0x32, 0x37, 0x35, 0x23, 0x22, 
0x26, 0x35, 0x34, 0x36, 0x33, 0x33, 0x02, 0xAF, 0x11, 0x02, 0x05, 0x51, 0x93, 0x12, 0x0D, 0x0D, 
0x11, 0x5F, 0xA0, 0x5D, 0x5C, 0x9F, 0x61, 0x11, 0x0D, 0x0D, 0x12, 0x82, 0x63, 0x09, 0x10, 0x0E, 
0x0B, 0x0E, 0x4C, 0x7D, 0x58, 0x99, 0x5A, 0x59, 0x99, 0x59, 0x6D, 0x54, 0xA8, 0x0D, 0x11, 0x11, 
0x0D, 0xC6, 0x01, 0x7C, 0x10, 0x0D, 0xFE, 0x07, 0x09, 0x05, 0x51, 0x05, 0x4A, 0x0D, 0x11, 0x11, 
0x0D, 0x4D, 0x0B, 0x71, 0xAE, 0x64, 0x64, 0xAE, 0x71, 0x0B, 0x53, 0x0D, 0x11, 0x11, 0x0D, 0x51, 
0x06, 0x53, 0x07, 0x0D, 0x0C, 0x13, 0x0C, 0x44, 0x5E, 0x9D, 0x59, 0x5C, 0x9D, 0x5C, 0x3E, 0xD6, 
0x10, 0x0C, 0x0B, 0x0F, 0x00, 0x02, 0x00, 0x41, 0xFF, 0xF6, 0x02, 0x68, 0x03, 0x17, 0x00, 0x25, 
0x00, 0x4C, 0x00, 0x60, 0x40, 0x5D, 0x28, 0x01, 0x0A, 0x0B, 0x01, 0x4A, 0x00, 0x02, 0x01, 0x00, 
0x01, 0x02, 0x00, 0x7E, 0x0D, 0x01, 0x0B, 0x07, 0x0A, 0x07, 0x0B, 0x0A, 0x7E, 0x04, 0x01, 0x00, 
0x0C, 0x01, 0x05, 0x08, 0x00, 0x05, 0x65, 0x00, 0x08, 0x09, 0x01, 0x07, 0x0B, 0x08, 0x07, 0x67, 
0x00, 0x01, 0x01, 0x03, 0x5F, 0x00, 0x03, 0x03, 0x45, 0x4B, 0x00, 0x0A, 0x0A, 0x06, 0x5F, 0x00, 
0x06, 0x06, 0x46, 0x06, 0x4C, 0x26, 0x26, 0x00, 0x00, 0x26, 0x4C, 0x26, 0x4B, 0x48, 0x46, 0x42, 
0x40, 0x3C, 0x39, 0x35, 0x33, 0x2E, 0x2C, 0x00, 0x25, 0x00, 0x23, 0x25, 0x26, 0x22, 0x24, 0x24, 
0x0E, 0x09, 0x19, 0x2B, 0x12, 0x26, 0x35, 0x34, 0x36, 0x33, 0x21, 0x36, 0x35, 0x34, 0x26, 0x23, 
0x22, 0x07, 0x06, 0x23, 0x22, 0x26, 0x35, 0x34, 0x37, 0x36, 0x36, 0x33, 0x32, 0x16, 0x16, 0x15, 
0x14, 0x07, 0x33, 0x32, 0x16, 0x15, 0x14, 0x06, 0x23, 0x21, 0x04, 0x16, 0x15, 0x14, 0x07, 0x06, 
0x06, 0x23, 0x22, 0x26, 0x26, 0x35, 0x34, 0x37, 0x23, 0x22, 0x26, 0x35, 0x34, 0x36, 0x33, 0x21, 
0x32, 0x16, 0x15, 0x14, 0x06, 0x23, 0x21, 0x06, 0x15, 0x14, 0x16, 0x33, 0x32, 0x36, 0x37, 0x36, 
0x33, 0x50, 0x0F, 0x0F, 0x0C, 0x01, 0x5C, 0x55, 0x5D, 0x53, 0x70, 0x3B, 0x0A, 0x12, 0x0E, 0x0F, 
0x04, 0x1D, 0x7A, 0x49, 0x46, 0x6B, 0x3B, 0x3C, 0x3F, 0x0C, 0x0F, 0x0F, 0x0C, 0xFE, 0x10, 0x01, 
0xFB, 0x11, 0x03, 0x22, 0x84, 0x5A, 0x49, 0x6F, 0x3D, 0x0F, 0x23, 0x0C, 0x0F, 0x0F, 0x0C, 0x01, 
0xF0, 0x0C, 0x0F, 0x0F, 0x0C, 0xFE, 0x71, 0x11, 0x63, 0x56, 0x47, 0x65, 0x1B, 0x0A, 0x13, 0x01, 
0xA1, 0x0F, 0x0C, 0x0C, 0x0F, 0x29, 0x4D, 0x43, 0x4B, 0x57, 0x0F, 0x10, 0x0B, 0x09, 0x07, 0x31, 
0x46, 0x31, 0x59, 0x3A, 0x4D, 0x2F, 0x0F, 0x0C, 0x0C, 0x0F, 0xF3, 0x10, 0x0C, 0x06, 0x06, 0x43, 
0x4D, 0x36, 0x66, 0x45, 0x2A, 0x1E, 0x0F, 0x0C, 0x0C, 0x0F, 0x0F, 0x0C, 0x0C, 0x0F, 0x22, 0x26, 
0x4F, 0x56, 0x37, 0x32, 0x13, 0x00, 0x00, 0x00, 0x00, 0x01, 0x00, 0x00, 0x00, 0x00, 0x02, 0x59, 
0x03, 0x0D, 0x00, 0x32, 0x00, 0x2D, 0x40, 0x2A, 0x21, 0x09, 0x08, 0x03, 0x00, 0x02, 0x01, 0x4A, 
0x06, 0x01, 0x03, 0x07, 0x01, 0x02, 0x00, 0x03, 0x02, 0x66, 0x05, 0x01, 0x04, 0x04, 0x3D, 0x4B, 
0x01, 0x01, 0x00, 0x00, 0x3E, 0x00, 0x4C, 0x24, 0x25, 0x25, 0x23, 0x24, 0x23, 0x26, 0x24, 0x08, 
0x09, 0x1C, 0x2B, 0x25, 0x16, 0x15, 0x14, 0x06, 0x23, 0x22, 0x27, 0x01, 0x07, 0x11, 0x14, 0x06, 
0x23, 0x22, 0x26, 0x35, 0x11, 0x23, 0x22, 0x26, 0x35, 0x34, 0x36, 0x33, 0x33, 0x11, 0x34, 0x36, 
0x33, 0x32, 0x16, 0x15, 0x11, 0x01, 0x36, 0x33, 0x32, 0x16, 0x15, 0x14, 0x07, 0x01, 0x33, 0x32, 
0x16, 0x15, 0x14, 0x06, 0x23, 0x23, 0x02, 0x53, 0x06, 0x12, 0x0B, 0x11, 0x09, 0xFE, 0xE3, 0x65, 
0x11, 0x0D, 0x0C, 0x12, 0x49, 0x0C, 0x0F, 0x0F, 0x0C, 0x49, 0x12, 0x0C, 0x0D, 0x11, 0x01, 0x84, 
0x0B, 0x0C, 0x0D, 0x11, 0x09, 0xFE, 0xF1, 0xEA, 0x0C, 0x0F, 0x0F, 0x0C, 0xDE, 0x30, 0x09, 0x09, 
0x0C, 0x12, 0x0D, 0x01, 0x81, 0x65, 0xFE, 0xF5, 0x0D, 0x11, 0x11, 0x0D, 0x01, 0x76, 0x0F, 0x0C, 
0x0C, 0x0F, 0x01, 0x25, 0x0D, 0x11, 0x11, 0x0D, 0xFE, 0x91, 0x01, 0x84, 0x09, 0x12, 0x0C, 0x0B, 
0x0B, 0xFE, 0xF1, 0x0F, 0x0C, 0x0C, 0x0F, 0x00, 0x00, 0x01, 0x00, 0x28, 0x00, 0x00, 0x01, 0xFA, 
0x03, 0x0F, 0x00, 0x5C, 0x00, 0x61, 0x40, 0x5E, 0x02, 0x01, 0x0C, 0x0D, 0x0C, 0x01, 0x00, 0x0C, 
0x02, 0x4A, 0x00, 0x06, 0x07, 0x04, 0x07, 0x06, 0x04, 0x7E, 0x0E, 0x01, 0x0D, 0x01, 0x0C, 0x01, 
0x0D, 0x0C, 0x7E, 0x08, 0x01, 0x04, 0x09, 0x01, 0x03, 0x02, 0x04, 0x03, 0x67, 0x0A, 0x01, 0x02, 
0x0B, 0x01, 0x01, 0x0D, 0x02, 0x01, 0x65, 0x00, 0x07, 0x07, 0x05, 0x5F, 0x00, 0x05, 0x05, 0x3D, 
0x4B, 0x00, 0x0C, 0x0C, 0x00, 0x5D, 0x00, 0x00, 0x00, 0x3E, 0x00, 0x4C, 0x00, 0x00, 0x00, 0x5C, 
0x00, 0x5B, 0x57, 0x56, 0x53, 0x51, 0x4D, 0x4B, 0x49, 0x47, 0x27, 0x22, 0x26, 0x29, 0x24, 0x22, 
0x24, 0x27, 0x37, 0x0F, 0x09, 0x1D, 0x2B, 0x24, 0x16, 0x15, 0x14, 0x07, 0x07, 0x06, 0x06, 0x23, 
0x21, 0x22, 0x26, 0x35, 0x34, 0x37, 0x36, 0x36, 0x35, 0x23, 0x22, 0x26, 0x35, 0x34, 0x36, 0x33, 
0x33, 0x26, 0x27, 0x23, 0x22, 0x26, 0x35, 0x34, 0x36, 0x33, 0x33, 0x26, 0x26, 0x27, 0x26, 0x26, 
0x35, 0x34, 0x36, 0x36, 0x33, 0x32, 0x17, 0x16, 0x16, 0x15, 0x14, 0x06, 0x23, 0x22, 0x27, 0x26, 
0x23, 0x22, 0x06, 0x06, 0x15, 0x14, 0x16, 0x17, 0x17, 0x33, 0x32, 0x16, 0x15, 0x14, 0x06, 0x23, 
0x23, 0x16, 0x17, 0x33, 0x32, 0x16, 0x15, 0x14, 0x06, 0x23, 0x23, 0x16, 0x06, 0x07, 0x21, 0x36, 
0x37, 0x37, 0x36, 0x33, 0x01, 0xEA, 0x10, 0x04, 0x27, 0x04, 0x10, 0x08, 0xFE, 0xBC, 0x0D, 0x10, 
0x01, 0x1B, 0x1E, 0x49, 0x0C, 0x0F, 0x0F, 0x0C, 0x46, 0x01, 0x06, 0x3F, 0x0C, 0x0F, 0x0F, 0x0C, 
0x32, 0x02, 0x05, 0x03, 0x0D, 0x0D, 0x34, 0x58, 0x34, 0x50, 0x38, 0x0E, 0x10, 0x0F, 0x0E, 0x0C, 
0x0A, 0x2E, 0x45, 0x23, 0x3D, 0x24, 0x0C, 0x0B, 0x08, 0xC1, 0x0C, 0x0F, 0x0F, 0x0C, 0xB5, 0x03, 
0x04, 0xAE, 0x0C, 0x0F, 0x0F, 0x0C, 0xAB, 0x01, 0x14, 0x13, 0x01, 0x03, 0x06, 0x08, 0x14, 0x08, 
0x13, 0x90, 0x13, 0x0D, 0x06, 0x0A, 0x4E, 0x09, 0x09, 0x11, 0x0E, 0x07, 0x04, 0x3E, 0x78, 0x45, 
0x0F, 0x0C, 0x0C, 0x0F, 0x12, 0x26, 0x0F, 0x0C, 0x0C, 0x0F, 0x06, 0x0D, 0x09, 0x22, 0x31, 0x18, 
0x34, 0x57, 0x34, 0x38, 0x0E, 0x1F, 0x0C, 0x0C, 0x0E, 0x0E, 0x40, 0x23, 0x3C, 0x23, 0x1C, 0x31, 
0x21, 0x19, 0x0F, 0x0C, 0x0C, 0x0F, 0x11, 0x27, 0x0F, 0x0C, 0x0C, 0x0F, 0x42, 0x71, 0x36, 0x0C, 
0x0E, 0x28, 0x12, 0x00, 0x00, 0x01, 0x00, 0x32, 0x00, 0x00, 0x02, 0x12, 0x03, 0x0D, 0x00, 0x46, 
0x00, 0x5A, 0x40, 0x57, 0x28, 0x01, 0x05, 0x04, 0x32, 0x20, 0x16, 0x03, 0x02, 0x05, 0x3D, 0x33, 
0x15, 0x0B, 0x04, 0x01, 0x02, 0x03, 0x4A, 0x00, 0x04, 0x03, 0x05, 0x03, 0x04, 0x05, 0x7E, 0x00, 
0x02, 0x05, 0x01, 0x05, 0x02, 0x01, 0x7E, 0x00, 0x01, 0x07, 0x05, 0x01, 0x07, 0x7C, 0x08, 0x01, 
0x07, 0x06, 0x05, 0x07, 0x06, 0x7C, 0x00, 0x03, 0x03, 0x3D, 0x4B, 0x00, 0x05, 0x05, 0x48, 0x4B, 
0x00, 0x06, 0x06, 0x00, 0x5D, 0x00, 0x00, 0x00, 0x3E, 0x00, 0x4C, 0x00, 0x00, 0x00, 0x46, 0x00, 
0x45, 0x27, 0x29, 0x25, 0x29, 0x29, 0x26, 0x25, 0x09, 0x09, 0x1B, 0x2B, 0x00, 0x16, 0x07, 0x0E, 
0x02, 0x23, 0x23, 0x26, 0x26, 0x35, 0x11, 0x07, 0x06, 0x23, 0x22, 0x27, 0x26, 0x35, 0x34, 0x37, 
0x37, 0x35, 0x07, 0x06, 0x23, 0x22, 0x27, 0x26, 0x35, 0x34, 0x37, 0x37, 0x35, 0x34, 0x36, 0x33, 
0x32, 0x16, 0x15, 0x15, 0x37, 0x36, 0x33, 0x32, 0x17, 0x16, 0x15, 0x14, 0x07, 0x07, 0x15, 0x37, 
0x36, 0x33, 0x32, 0x17, 0x16, 0x15, 0x14, 0x07, 0x07, 0x11, 0x33, 0x32, 0x36, 0x36, 0x37, 0x36, 
0x36, 0x33, 0x02, 0x01, 0x11, 0x01, 0x06, 0x4A, 0x77, 0x47, 0x59, 0x0C, 0x11, 0x34, 0x06, 0x07, 
0x10, 0x07, 0x03, 0x0F, 0x4C, 0x34, 0x06, 0x07, 0x10, 0x07, 0x03, 0x0F, 0x4C, 0x12, 0x0C, 0x0D, 
0x11, 0xB9, 0x06, 0x07, 0x10, 0x07, 0x03, 0x0F, 0xD1, 0xB9, 0x06, 0x07, 0x10, 0x07, 0x03, 0x0F, 
0xD1, 0x3A, 0x38, 0x5D, 0x3A, 0x05, 0x01, 0x10, 0x0C, 0x01, 0x22, 0x12, 0x0D, 0x4A, 0x76, 0x43, 
0x01, 0x11, 0x0C, 0x01, 0x59, 0x1A, 0x03, 0x10, 0x06, 0x07, 0x10, 0x07, 0x25, 0x3C, 0x1A, 0x03, 
0x10, 0x06, 0x07, 0x10, 0x07, 0x25, 0xC4, 0x0D, 0x11, 0x11, 0x0D, 0xA6, 0x5B, 0x03, 0x10, 0x06, 
0x07, 0x0F, 0x08, 0x67, 0x3B, 0x5B, 0x03, 0x10, 0x06, 0x07, 0x0F, 0x08, 0x67, 0xFE, 0xA2, 0x36, 
0x5F, 0x3B, 0x0C, 0x10, 0x00, 0x01, 0x00, 0x64, 0xFF, 0xF6, 0x02, 0xA9, 0x03, 0x18, 0x00, 0x2D, 
0x00, 0x37, 0x40, 0x34, 0x25, 0x01, 0x04, 0x03, 0x16, 0x0E, 0x02, 0x01, 0x04, 0x02, 0x4A, 0x05, 
0x01, 0x04, 0x03, 0x01, 0x03, 0x04, 0x01, 0x7E, 0x00, 0x01, 0x00, 0x03, 0x01, 0x00, 0x7C, 0x00, 
0x03, 0x03, 0x45, 0x4B, 0x02, 0x01, 0x00, 0x00, 0x46, 0x00, 0x4C, 0x00, 0x00, 0x00, 0x2D, 0x00, 
0x2D, 0x2A, 0x29, 0x29, 0x26, 0x06, 0x09, 0x18, 0x2B, 0x00, 0x16, 0x16, 0x15, 0x11, 0x14, 0x06, 
0x23, 0x22, 0x26, 0x35, 0x11, 0x34, 0x26, 0x27, 0x11, 0x14, 0x06, 0x23, 0x22, 0x26, 0x35, 0x11, 
0x06, 0x06, 0x15, 0x11, 0x14, 0x06, 0x23, 0x22, 0x26, 0x35, 0x11, 0x34, 0x36, 0x36, 0x37, 0x35, 
0x34, 0x36, 0x33, 0x32, 0x16, 0x15, 0x15, 0x01, 0xEF, 0x77, 0x43, 0x10, 0x0E, 0x0D, 0x11, 0x6F, 
0x5C, 0x12, 0x0D, 0x0D, 0x11, 0x59, 0x6C, 0x10, 0x0E, 0x0D, 0x11, 0x41, 0x74, 0x4C, 0x11, 0x0D, 
0x0D, 0x12, 0x02, 0xC1, 0x46, 0x75, 0x4A, 0xFE, 0x58, 0x0D, 0x11, 0x11, 0x0D, 0x01, 0xA4, 0x5C, 
0x72, 0x08, 0xFD, 0xF0, 0x0D, 0x11, 0x11, 0x0D, 0x02, 0x0F, 0x09, 0x71, 0x5B, 0xFE, 0x5C, 0x0D, 
0x11, 0x11, 0x0D, 0x01, 0xA8, 0x49, 0x75, 0x46, 0x06, 0x34, 0x0D, 0x11, 0x11, 0x0D, 0x34, 0x00, 
0x00, 0x03, 0x00, 0x0A, 0x00, 0x00, 0x03, 0x22, 0x03, 0x0D, 0x00, 0x2F, 0x00, 0x32, 0x00, 0x35, 
0x00, 0x3F, 0x40, 0x3C, 0x32, 0x01, 0x05, 0x06, 0x33, 0x01, 0x01, 0x00, 0x02, 0x4A, 0x0A, 0x0C, 
0x09, 0x07, 0x04, 0x05, 0x0B, 0x04, 0x02, 0x03, 0x00, 0x01, 0x05, 0x00, 0x67, 0x08, 0x01, 0x06, 
0x06, 0x3D, 0x4B, 0x03, 0x01, 0x01, 0x01, 0x3E, 0x01, 0x4C, 0x00, 0x00, 0x35, 0x34, 0x31, 0x30, 
0x00, 0x2F, 0x00, 0x2E, 0x23, 0x12, 0x23, 0x24, 0x23, 0x23, 0x12, 0x23, 0x24, 0x0D, 0x09, 0x1D, 
0x2B, 0x00, 0x16, 0x15, 0x14, 0x06, 0x23, 0x23, 0x11, 0x14, 0x06, 0x23, 0x22, 0x27, 0x01, 0x23, 
0x11, 0x14, 0x06, 0x23, 0x22, 0x26, 0x35, 0x11, 0x23, 0x22, 0x26, 0x35, 0x34, 0x36, 0x33, 0x33, 
0x11, 0x34, 0x36, 0x33, 0x32, 0x17, 0x01, 0x33, 0x11, 0x34, 0x36, 0x33, 0x32, 0x16, 0x15, 0x11, 
0x33, 0x21, 0x33, 0x27, 0x01, 0x11, 0x23, 0x03, 0x13, 0x0F, 0x0F, 0x0C, 0x36, 0x12, 0x0C, 0x0E, 
0x08, 0xFE, 0xE8, 0xE5, 0x11, 0x0D, 0x0D, 0x11, 0x3F, 0x0C, 0x0F, 0x0F, 0x0C, 0x3F, 0x11, 0x0D, 
0x0E, 0x09, 0x01, 0x08, 0xF4, 0x11, 0x0D, 0x0C, 0x12, 0x36, 0xFD, 0x99, 0xBC, 0xBC, 0x01, 0xF5, 
0xCA, 0x01, 0xAB, 0x0F, 0x0C, 0x0C, 0x0F, 0xFE, 0xA9, 0x0D, 0x11, 0x09, 0x01, 0x6C, 0xFE, 0xA9, 
0x0D, 0x11, 0x11, 0x0D, 0x01, 0x57, 0x0F, 0x0C, 0x0C, 0x0F, 0x01, 0x44, 0x0D, 0x11, 0x0A, 0xFE, 
0xA8, 0x01, 0x44, 0x0D, 0x11, 0x11, 0x0D, 0xFE, 0xBC, 0xF4, 0xFD, 0xCF, 0x01, 0x07, 0x00, 0x00, 
0x00, 0x03, 0x00, 0x1E, 0x00, 0x00, 0x02, 0x8C, 0x03, 0x0D, 0x00, 0x25, 0x00, 0x2B, 0x00, 0x31, 
0x00, 0x46, 0x40, 0x43, 0x0C, 0x01, 0x0A, 0x00, 0x01, 0x02, 0x0A, 0x01, 0x65, 0x00, 0x08, 0x08, 
0x05, 0x5D, 0x00, 0x05, 0x05, 0x3D, 0x4B, 0x09, 0x03, 0x02, 0x00, 0x00, 0x04, 0x5F, 0x07, 0x0B, 
0x06, 0x03, 0x04, 0x04, 0x48, 0x4B, 0x00, 0x02, 0x02, 0x3E, 0x02, 0x4C, 0x2C, 0x2C, 0x00, 0x00, 
0x2C, 0x31, 0x2C, 0x30, 0x2F, 0x2E, 0x2B, 0x29, 0x27, 0x26, 0x00, 0x25, 0x00, 0x24, 0x33, 0x24, 
0x23, 0x23, 0x23, 0x24, 0x0D, 0x09, 0x1A, 0x2B, 0x00, 0x16, 0x15, 0x14, 0x06, 0x23, 0x23, 0x0E, 
0x02, 0x23, 0x23, 0x15, 0x14, 0x06, 0x23, 0x22, 0x26, 0x35, 0x11, 0x23, 0x22, 0x26, 0x35, 0x34, 
0x36, 0x33, 0x33, 0x35, 0x34, 0x36, 0x33, 0x33, 0x32, 0x16, 0x16, 0x17, 0x33, 0x21, 0x21, 0x26, 
0x26, 0x23, 0x23, 0x12, 0x36, 0x37, 0x21, 0x15, 0x33, 0x02, 0x7D, 0x0F, 0x0F, 0x0C, 0x2E, 0x06, 
0x43, 0x6C, 0x44, 0xAA, 0x10, 0x0E, 0x0D, 0x11, 0x2B, 0x0C, 0x0F, 0x0F, 0x0C, 0x2B, 0x11, 0x0D, 
0xC8, 0x44, 0x6D, 0x42, 0x06, 0x2E, 0xFE, 0x2F, 0x01, 0x67, 0x09, 0x68, 0x4C, 0xAA, 0xF6, 0x67, 
0x09, 0xFE, 0x9A, 0xAA, 0x02, 0x2D, 0x0F, 0x0C, 0x0C, 0x0F, 0x41, 0x66, 0x38, 0xFA, 0x0D, 0x11, 
0x11, 0x0D, 0x01, 0xD9, 0x0F, 0x0C, 0x0C, 0x0F, 0xC2, 0x0E, 0x10, 0x39, 0x66, 0x41, 0x49, 0x5B, 
0xFE, 0x83, 0x5A, 0x49, 0xA3, 0x00, 0x00, 0x00, 0x00, 0x04, 0x00, 0x1E, 0x00, 0x00, 0x02, 0x8C, 
0x03, 0x0D, 0x00, 0x38, 0x00, 0x3E, 0x00, 0x45, 0x00, 0x4B, 0x00, 0x59, 0x40, 0x56, 0x0B, 0x08, 
0x02, 0x06, 0x0E, 0x09, 0x02, 0x05, 0x04, 0x06, 0x05, 0x67, 0x0D, 0x11, 0x0A, 0x03, 0x04, 0x0F, 
0x03, 0x02, 0x00, 0x10, 0x04, 0x00, 0x67, 0x12, 0x01, 0x10, 0x00, 0x01, 0x02, 0x10, 0x01, 0x65, 
0x00, 0x0C, 0x0C, 0x07, 0x5D, 0x00, 0x07, 0x07, 0x3D, 0x4B, 0x00, 0x02, 0x02, 0x3E, 0x02, 0x4C, 
0x46, 0x46, 0x00, 0x00, 0x46, 0x4B, 0x46, 0x4A, 0x49, 0x48, 0x45, 0x44, 0x40, 0x3F, 0x3E, 0x3C, 
0x3A, 0x39, 0x00, 0x38, 0x00, 0x37, 0x33, 0x31, 0x22, 0x33, 0x24, 0x21, 0x24, 0x23, 0x23, 0x22, 
0x24, 0x13, 0x09, 0x1D, 0x2B, 0x00, 0x16, 0x15, 0x14, 0x06, 0x23, 0x23, 0x06, 0x06, 0x23, 0x23, 
0x15, 0x14, 0x06, 0x23, 0x22, 0x26, 0x35, 0x11, 0x23, 0x22, 0x26, 0x35, 0x34, 0x36, 0x33, 0x33, 
0x35, 0x23, 0x22, 0x26, 0x35, 0x34, 0x36, 0x33, 0x33, 0x35, 0x34, 0x36, 0x33, 0x33, 0x32, 0x16, 
0x17, 0x33, 0x32, 0x16, 0x15, 0x14, 0x06, 0x23, 0x23, 0x16, 0x15, 0x14, 0x07, 0x33, 0x25, 0x21, 
0x26, 0x26, 0x23, 0x23, 0x15, 0x21, 0x36, 0x35, 0x34, 0x27, 0x21, 0x16, 0x36, 0x37, 0x21, 0x15, 
0x33, 0x02, 0x7D, 0x0F, 0x0F, 0x0C, 0x38, 0x17, 0x80, 0x58, 0xAA, 0x10, 0x0E, 0x0D, 0x11, 0x2B, 
0x0C, 0x0F, 0x0F, 0x0C, 0x2B, 0x2B, 0x0C, 0x0F, 0x0F, 0x0C, 0x2B, 0x11, 0x0D, 0xC8, 0x55, 0x7F, 
0x19, 0x3A, 0x0C, 0x0F, 0x0F, 0x0C, 0x2F, 0x02, 0x01, 0x2E, 0xFE, 0x2F, 0x01, 0x56, 0x17, 0x5A, 
0x3B, 0xAA, 0x01, 0x67, 0x01, 0x02, 0xFE, 0x9A, 0xE8, 0x5D, 0x15, 0xFE, 0xA6, 0xAA, 0x01, 0xFB, 
0x0F, 0x0C, 0x0C, 0x0F, 0x4F, 0x5E, 0xFA, 0x0D, 0x11, 0x11, 0x0D, 0x01, 0xA7, 0x0F, 0x0C, 0x0C, 
0x0F, 0x38, 0x0F, 0x0C, 0x0C, 0x0F, 0x86, 0x0E, 0x10, 0x59, 0x4B, 0x0F, 0x0C, 0x0C, 0x0F, 0x14, 
0x0C, 0x10, 0x08, 0x6E, 0x30, 0x38, 0xD6, 0x08, 0x10, 0x0C, 0x14, 0xDF, 0x3D, 0x34, 0x71, 0x00, 
0x00, 0x02, 0x00, 0x0A, 0x00, 0x00, 0x02, 0x44, 0x03, 0x0D, 0x00, 0x2F, 0x00, 0x3A, 0x00, 0x37, 
0x40, 0x34, 0x09, 0x01, 0x06, 0x08, 0x01, 0x05, 0x00, 0x06, 0x05, 0x67, 0x04, 0x01, 0x00, 0x03, 
0x01, 0x01, 0x02, 0x00, 0x01, 0x67, 0x00, 0x0A, 0x0A, 0x07, 0x5D, 0x00, 0x07, 0x07, 0x3D, 0x4B, 
0x00, 0x02, 0x02, 0x3E, 0x02, 0x4C, 0x3A, 0x38, 0x32, 0x30, 0x26, 0x33, 0x24, 0x21, 0x24, 0x23, 
0x23, 0x24, 0x20, 0x0B, 0x09, 0x1D, 0x2B, 0x37, 0x33, 0x32, 0x16, 0x15, 0x14, 0x06, 0x23, 0x23, 
0x15, 0x14, 0x06, 0x23, 0x22, 0x26, 0x35, 0x35, 0x23, 0x22, 0x26, 0x35, 0x34, 0x36, 0x33, 0x33, 
0x35, 0x23, 0x22, 0x26, 0x35, 0x34, 0x36, 0x33, 0x33, 0x11, 0x34, 0x36, 0x33, 0x33, 0x32, 0x16, 
0x16, 0x15, 0x14, 0x06, 0x06, 0x23, 0x23, 0x35, 0x33, 0x32, 0x36, 0x36, 0x35, 0x34, 0x26, 0x26, 
0x23, 0x23, 0xA0, 0xC3, 0x0C, 0x0F, 0x0F, 0x0C, 0xC3, 0x10, 0x0E, 0x0D, 0x11, 0x3F, 0x0C, 0x0F, 
0x0F, 0x0C, 0x3F, 0x3F, 0x0C, 0x0F, 0x0F, 0x0C, 0x3F, 0x11, 0x0D, 0xC8, 0x48, 0x72, 0x40, 0x40, 
0x72, 0x48, 0xAA, 0xAA, 0x37, 0x56, 0x31, 0x31, 0x56, 0x37, 0xAA, 0xC5, 0x0F, 0x0C, 0x0C, 0x0F, 
0x71, 0x0D, 0x11, 0x11, 0x0D, 0x71, 0x0F, 0x0C, 0x0C, 0x0F, 0x53, 0x11, 0x0D, 0x0D, 0x11, 0x01, 
0x9B, 0x0E, 0x10, 0x40, 0x72, 0x48, 0x49, 0x72, 0x40, 0x3C, 0x31, 0x57, 0x37, 0x37, 0x56, 0x31, 
0x00, 0x01, 0x00, 0x32, 0x00, 0x00, 0x01, 0xFD, 0x03, 0x0D, 0x00, 0x3C, 0x00, 0x06, 0xB3, 0x2F, 
0x0E, 0x01, 0x30, 0x2B, 0x00, 0x16, 0x15, 0x14, 0x06, 0x23, 0x23, 0x06, 0x06, 0x07, 0x13, 0x16, 
0x15, 0x14, 0x06, 0x23, 0x22, 0x26, 0x27, 0x03, 0x23, 0x22, 0x26, 0x35, 0x34, 0x36, 0x33, 0x33, 
0x32, 0x36, 0x37, 0x05, 0x26, 0x26, 0x35, 0x34, 0x36, 0x33, 0x21, 0x26, 0x26, 0x23, 0x23, 0x22, 
0x26, 0x35, 0x34, 0x36, 0x33, 0x21, 0x32, 0x16, 0x15, 0x14, 0x06, 0x23, 0x23, 0x16, 0x16, 0x17, 
0x33, 0x01, 0xEC, 0x11, 0x11, 0x0D, 0x32, 0x0A, 0x68, 0x4E, 0xC6, 0x08, 0x11, 0x10, 0x0A, 0x0C, 
0x05, 0xD1, 0x5E, 0x0D, 0x11, 0x11, 0x0D, 0x79, 0x41, 0x5B, 0x0B, 0xFE, 0xE0, 0x0D, 0x11, 0x11, 
0x0D, 0x01, 0x20, 0x0B, 0x5B, 0x41, 0x79, 0x0D, 0x11, 0x11, 0x0D, 0x01, 0x8F, 0x0D, 0x11, 0x11, 
0x0D, 0x88, 0x23, 0x2C, 0x07, 0x32, 0x02, 0x53, 0x11, 0x0D, 0x0D, 0x11, 0x46, 0x5D, 0x0A, 0xFE, 
0xC4, 0x0E, 0x09, 0x0B, 0x0C, 0x08, 0x08, 0x01, 0x58, 0x11, 0x0D, 0x0D, 0x11, 0x3F, 0x34, 0x01, 
0x01, 0x11, 0x0D, 0x0D, 0x11, 0x39, 0x45, 0x11, 0x0D, 0x0D, 0x11, 0x11, 0x0D, 0x0D, 0x11, 0x15, 
0x40, 0x29, 0x00, 0x00, 0x00, 0x01, 0x00, 0x28, 0x00, 0x00, 0x01, 0xF9, 0x03, 0x0F, 0x00, 0x45, 
0x00, 0x4F, 0x40, 0x4C, 0x3E, 0x01, 0x07, 0x08, 0x02, 0x01, 0x09, 0x07, 0x02, 0x4A, 0x00, 0x03, 
0x04, 0x01, 0x04, 0x03, 0x01, 0x7E, 0x00, 0x08, 0x00, 0x07, 0x00, 0x08, 0x07, 0x7E, 0x05, 0x01, 
0x01, 0x06, 0x01, 0x00, 0x08, 0x01, 0x00, 0x65, 0x00, 0x04, 0x04, 0x02, 0x5F, 0x00, 0x02, 0x02, 
0x3D, 0x4B, 0x00, 0x07, 0x07, 0x09, 0x5D, 0x0A, 0x01, 0x09, 0x09, 0x3E, 0x09, 0x4C, 0x00, 0x00, 
0x00, 0x45, 0x00, 0x43, 0x24, 0x12, 0x24, 0x29, 0x22, 0x26, 0x27, 0x24, 0x25, 0x0B, 0x09, 0x1D, 
0x2B, 0x32, 0x26, 0x35, 0x37, 0x36, 0x35, 0x23, 0x22, 0x26, 0x35, 0x34, 0x36, 0x33, 0x33, 0x27, 
0x26, 0x26, 0x35, 0x34, 0x36, 0x36, 0x33, 0x32, 0x17, 0x16, 0x16, 0x15, 0x14, 0x06, 0x23, 0x22, 
0x27, 0x26, 0x23, 0x22, 0x06, 0x06, 0x15, 0x14, 0x16, 0x17, 0x16, 0x16, 0x17, 0x33, 0x32, 0x16, 
0x15, 0x14, 0x06, 0x23, 0x23, 0x14, 0x07, 0x21, 0x36, 0x37, 0x37, 0x36, 0x33, 0x32, 0x16, 0x15, 
0x14, 0x07, 0x07, 0x06, 0x06, 0x23, 0x21, 0x62, 0x11, 0x02, 0x3A, 0x47, 0x0D, 0x11, 0x11, 0x0D, 
0x42, 0x07, 0x1B, 0x15, 0x34, 0x58, 0x34, 0x50, 0x38, 0x0E, 0x11, 0x11, 0x0D, 0x0F, 0x07, 0x2E, 
0x45, 0x23, 0x3D, 0x24, 0x0E, 0x11, 0x04, 0x0D, 0x08, 0x9D, 0x0D, 0x11, 0x11, 0x0D, 0x98, 0x2E, 
0x01, 0x03, 0x06, 0x08, 0x14, 0x06, 0x14, 0x0D, 0x11, 0x03, 0x27, 0x04, 0x10, 0x08, 0xFE, 0xBC, 
0x12, 0x0C, 0x0C, 0x86, 0x91, 0x12, 0x0C, 0x0D, 0x11, 0x15, 0x4E, 0x4D, 0x23, 0x34, 0x57, 0x34, 
0x38, 0x0E, 0x18, 0x0B, 0x0D, 0x11, 0x0A, 0x40, 0x23, 0x3C, 0x23, 0x1E, 0x36, 0x33, 0x0D, 0x25, 
0x1A, 0x11, 0x0D, 0x0C, 0x12, 0x82, 0x83, 0x0C, 0x0E, 0x28, 0x0E, 0x11, 0x0D, 0x08, 0x06, 0x4E, 
0x08, 0x0A, 0x00, 0x00, 0x00, 0x02, 0x00, 0x0F, 0x00, 0x00, 0x02, 0x7B, 0x03, 0x0D, 0x00, 0x0D, 
0x00, 0x24, 0x00, 0x34, 0x40, 0x31, 0x07, 0x01, 0x05, 0x04, 0x01, 0x02, 0x03, 0x05, 0x02, 0x65, 
0x06, 0x01, 0x01, 0x01, 0x00, 0x5D, 0x00, 0x00, 0x00, 0x3D, 0x4B, 0x00, 0x03, 0x03, 0x3E, 0x03, 
0x4C, 0x0E, 0x0E, 0x00, 0x00, 0x0E, 0x24, 0x0E, 0x22, 0x1E, 0x1C, 0x19, 0x17, 0x14, 0x12, 0x00, 
0x0D, 0x00, 0x0B, 0x34, 0x08, 0x09, 0x15, 0x2B, 0x12, 0x26, 0x35, 0x34, 0x36, 0x33, 0x21, 0x32, 
0x16, 0x15, 0x14, 0x06, 0x23, 0x21, 0x04, 0x16, 0x15, 0x14, 0x06, 0x23, 0x23, 0x11, 0x14, 0x06, 
0x23, 0x22, 0x26, 0x35, 0x11, 0x23, 0x22, 0x26, 0x35, 0x34, 0x36, 0x33, 0x21, 0x1E, 0x0F, 0x0F, 
0x0C, 0x02, 0x36, 0x0C, 0x0F, 0x0F, 0x0C, 0xFD, 0xCA, 0x02, 0x42, 0x0F, 0x0F, 0x0C, 0xFD, 0x11, 
0x0D, 0x0D, 0x11, 0xFD, 0x0C, 0x0F, 0x0F, 0x0C, 0x02, 0x36, 0x02, 0xD7, 0x0F, 0x0C, 0x0C, 0x0F, 
0x0F, 0x0C, 0x0C, 0x0F, 0x4C, 0x0F, 0x0C, 0x0C, 0x0F, 0xFD, 0xC9, 0x0D, 0x11, 0x11, 0x0D, 0x02, 
0x37, 0x0F, 0x0C, 0x0C, 0x0F, 0x00, 0x00, 0x00, 0x00, 0x01, 0x00, 0x0F, 0x00, 0x00, 0x02, 0x7B, 
0x03, 0x0D, 0x00, 0x36, 0x00, 0x31, 0x40, 0x2E, 0x2D, 0x26, 0x25, 0x1F, 0x1E, 0x16, 0x0F, 0x0E, 
0x07, 0x09, 0x01, 0x00, 0x01, 0x4A, 0x02, 0x01, 0x00, 0x00, 0x03, 0x5D, 0x04, 0x01, 0x03, 0x03, 
0x3D, 0x4B, 0x00, 0x01, 0x01, 0x3E, 0x01, 0x4C, 0x00, 0x00, 0x00, 0x36, 0x00, 0x34, 0x30, 0x2E, 
0x1B, 0x19, 0x24, 0x05, 0x09, 0x15, 0x2B, 0x00, 0x16, 0x15, 0x14, 0x06, 0x23, 0x23, 0x15, 0x37, 
0x36, 0x16, 0x15, 0x14, 0x07, 0x07, 0x15, 0x37, 0x36, 0x16, 0x15, 0x14, 0x07, 0x07, 0x15, 0x14, 
0x06, 0x23, 0x22, 0x26, 0x35, 0x35, 0x07, 0x26, 0x26, 0x35, 0x34, 0x37, 0x37, 0x35, 0x07, 0x06, 
0x26, 0x35, 0x34, 0x37, 0x37, 0x11, 0x23, 0x22, 0x26, 0x35, 0x34, 0x36, 0x33, 0x21, 0x02, 0x6C, 
0x0F, 0x0F, 0x0C, 0xFD, 0x99, 0x0C, 0x12, 0x1E, 0x99, 0x99, 0x0C, 0x12, 0x1E, 0x99, 0x11, 0x0D, 
0x0D, 0x11, 0x98, 0x0D, 0x11, 0x1E, 0x98, 0x98, 0x0C, 0x12, 0x1E, 0x98, 0xFD, 0x0C, 0x0F, 0x0F, 
0x0C, 0x02, 0x36, 0x03, 0x0D, 0x0F, 0x0C, 0x0C, 0x0F, 0xF2, 0x2A, 0x04, 0x14, 0x0E, 0x15, 0x09, 
0x2A, 0x67, 0x2A, 0x04, 0x14, 0x0E, 0x15, 0x09, 0x2A, 0xE8, 0x0D, 0x11, 0x11, 0x0D, 0xD7, 0x2A, 
0x01, 0x11, 0x0D, 0x15, 0x09, 0x2A, 0x67, 0x2A, 0x04, 0x14, 0x0E, 0x15, 0x09, 0x2A, 0x01, 0x02, 
0x0F, 0x0C, 0x0C, 0x0F, 0x00, 0x04, 0x00, 0x4C, 0x00, 0x00, 0x03, 0x64, 0x03, 0x0D, 0x00, 0x3C, 
0x00, 0x3F, 0x00, 0x42, 0x00, 0x45, 0x00, 0x4C, 0x40, 0x49, 0x3F, 0x38, 0x02, 0x05, 0x08, 0x01, 
0x4A, 0x00, 0x08, 0x06, 0x05, 0x06, 0x08, 0x05, 0x7E, 0x0C, 0x0F, 0x0B, 0x09, 0x07, 0x05, 0x05, 
0x0E, 0x0D, 0x04, 0x02, 0x04, 0x00, 0x01, 0x05, 0x00, 0x66, 0x0A, 0x01, 0x06, 0x06, 0x3D, 0x4B, 
0x03, 0x01, 0x01, 0x01, 0x3E, 0x01, 0x4C, 0x00, 0x00, 0x45, 0x44, 0x42, 0x41, 0x3E, 0x3D, 0x00, 
0x3C, 0x00, 0x3B, 0x36, 0x34, 0x31, 0x30, 0x23, 0x12, 0x25, 0x24, 0x23, 0x22, 0x13, 0x23, 0x24, 
0x10, 0x09, 0x1D, 0x2B, 0x00, 0x16, 0x15, 0x14, 0x06, 0x23, 0x23, 0x03, 0x06, 0x06, 0x23, 0x22, 
0x26, 0x27, 0x03, 0x23, 0x03, 0x06, 0x23, 0x22, 0x26, 0x27, 0x03, 0x23, 0x22, 0x26, 0x35, 0x34, 
0x36, 0x33, 0x33, 0x03, 0x26, 0x35, 0x34, 0x36, 0x33, 0x32, 0x17, 0x13, 0x33, 0x13, 0x36, 0x36, 
0x33, 0x32, 0x16, 0x17, 0x13, 0x33, 0x13, 0x36, 0x36, 0x33, 0x32, 0x16, 0x15, 0x14, 0x07, 0x03, 
0x33, 0x21, 0x33, 0x27, 0x03, 0x37, 0x23, 0x05, 0x37, 0x23, 0x03, 0x55, 0x0F, 0x0F, 0x0C, 0x4D, 
0x54, 0x03, 0x12, 0x0A, 0x0C, 0x10, 0x03, 0x55, 0x81, 0x54, 0x0A, 0x16, 0x0B, 0x11, 0x03, 0x54, 
0x46, 0x0C, 0x0F, 0x0F, 0x0C, 0x39, 0x50, 0x02, 0x10, 0x0E, 0x18, 0x05, 0x53, 0x8C, 0x50, 0x02, 
0x11, 0x09, 0x0A, 0x10, 0x03, 0x50, 0x8B, 0x54, 0x02, 0x10, 0x0B, 0x0D, 0x10, 0x02, 0x4F, 0x40, 
0xFE, 0x58, 0x67, 0x34, 0xB4, 0x3A, 0x71, 0x01, 0xA0, 0x36, 0x70, 0x01, 0xA1, 0x0F, 0x0C, 0x0C, 
0x0F, 0xFE, 0xAF, 0x0C, 0x0E, 0x0E, 0x0C, 0x01, 0x51, 0xFE, 0xAF, 0x1A, 0x0F, 0x0B, 0x01, 0x51, 
0x0F, 0x0C, 0x0C, 0x0F, 0x01, 0x3F, 0x08, 0x05, 0x0E, 0x12, 0x17, 0xFE, 0xAB, 0x01, 0x3B, 0x08, 
0x0B, 0x0B, 0x09, 0xFE, 0xC6, 0x01, 0x58, 0x09, 0x0B, 0x12, 0x0E, 0x03, 0x0A, 0xFE, 0xC1, 0xCD, 
0xFE, 0x1C, 0xE1, 0xE1, 0xE1, 0x00, 0x00, 0x00, 0x00, 0x01, 0x00, 0x05, 0x00, 0x00, 0x02, 0x74, 
0x03, 0x0D, 0x00, 0x3E, 0x00, 0x3D, 0x40, 0x3A, 0x3A, 0x01, 0x00, 0x01, 0x49, 0x08, 0x01, 0x00, 
0x07, 0x01, 0x01, 0x02, 0x00, 0x01, 0x65, 0x06, 0x01, 0x02, 0x05, 0x01, 0x03, 0x04, 0x02, 0x03, 
0x65, 0x0B, 0x0A, 0x02, 0x09, 0x09, 0x3D, 0x4B, 0x00, 0x04, 0x04, 0x3E, 0x04, 0x4C, 0x00, 0x00, 
0x00, 0x3E, 0x00, 0x3D, 0x38, 0x36, 0x24, 0x31, 0x24, 0x23, 0x23, 0x24, 0x22, 0x24, 0x25, 0x0C, 
0x09, 0x1D, 0x2B, 0x00, 0x16, 0x15, 0x14, 0x07, 0x03, 0x33, 0x32, 0x16, 0x15, 0x14, 0x06, 0x23, 
0x23, 0x07, 0x15, 0x33, 0x32, 0x16, 0x15, 0x14, 0x06, 0x23, 0x23, 0x15, 0x14, 0x06, 0x23, 0x22, 
0x26, 0x35, 0x35, 0x23, 0x22, 0x26, 0x35, 0x34, 0x36, 0x33, 0x33, 0x35, 0x27, 0x23, 0x22, 0x26, 
0x35, 0x34, 0x36, 0x33, 0x33, 0x03, 0x26, 0x35, 0x34, 0x36, 0x33, 0x32, 0x17, 0x01, 0x01, 0x36, 
0x36, 0x33, 0x02, 0x65, 0x0F, 0x05, 0xF2, 0x5F, 0x0C, 0x0F, 0x0F, 0x0C, 0x80, 0x01, 0x81, 0x0C, 
0x0F, 0x0F, 0x0C, 0x81, 0x11, 0x0D, 0x0D, 0x11, 0x81, 0x0C, 0x0F, 0x0F, 0x0C, 0x81, 0x01, 0x80, 
0x0C, 0x0F, 0x0F, 0x0C, 0x5F, 0xF2, 0x06, 0x10, 0x0D, 0x0D, 0x0B, 0x01, 0x03, 0x00, 0xFF, 0x07, 
0x0D, 0x09, 0x03, 0x0D, 0x10, 0x0C, 0x0B, 0x08, 0xFE, 0x7D, 0x0F, 0x0C, 0x0C, 0x0F, 0x01, 0x41, 
0x0F, 0x0C, 0x0C, 0x0F, 0x8F, 0x0D, 0x11, 0x11, 0x0D, 0x8F, 0x0F, 0x0C, 0x0C, 0x0F, 0x41, 0x01, 
0x0F, 0x0C, 0x0C, 0x0F, 0x01, 0x83, 0x0B, 0x08, 0x0C, 0x10, 0x0C, 0xFE, 0x5A, 0x01, 0x9F, 0x0B, 
0x08, 0x00, 0x00, 0x00, 0x00, 0x01, 0x00, 0x2D, 0xFF, 0xF6, 0x02, 0xC2, 0x03, 0x16, 0x00, 0x49, 
0x00, 0x06, 0xB3, 0x39, 0x15, 0x01, 0x30, 0x2B, 0x00, 0x06, 0x06, 0x15, 0x14, 0x16, 0x33, 0x32, 
0x36, 0x37, 0x36, 0x36, 0x33, 0x32, 0x17, 0x16, 0x16, 0x15, 0x14, 0x07, 0x06, 0x06, 0x23, 0x22, 
0x26, 0x26, 0x35, 0x34, 0x36, 0x37, 0x23, 0x22, 0x26, 0x35, 0x34, 0x36, 0x33, 0x21, 0x36, 0x36, 
0x35, 0x34, 0x26, 0x23, 0x22, 0x06, 0x07, 0x06, 0x06, 0x23, 0x22, 0x27, 0x26, 0x35, 0x34, 0x37, 
0x36, 0x36, 0x33, 0x32, 0x16, 0x16, 0x15, 0x14, 0x06, 0x07, 0x33, 0x32, 0x16, 0x15, 0x14, 0x06, 
0x23, 0x21, 0x01, 0x52, 0x56, 0x29, 0x68, 0x4B, 0x40, 0x69, 0x13, 0x07, 0x1D, 0x10, 0x07, 0x03, 
0x13, 0x15, 0x04, 0x1F, 0x9F, 0x60, 0x4A, 0x81, 0x4E, 0x1D, 0x1C, 0x49, 0x15, 0x1B, 0x1B, 0x15, 
0x01, 0x3B, 0x4B, 0x3C, 0x53, 0x44, 0x45, 0x5B, 0x1D, 0x07, 0x1A, 0x0F, 0x0F, 0x0B, 0x14, 0x0C, 
0x2C, 0x80, 0x5D, 0x4A, 0x75, 0x44, 0x27, 0x25, 0x59, 0x15, 0x1B, 0x1B, 0x15, 0xFF, 0x01, 0x01, 
0x45, 0x22, 0x38, 0x20, 0x37, 0x40, 0x36, 0x27, 0x10, 0x13, 0x01, 0x04, 0x17, 0x0F, 0x0B, 0x09, 
0x47, 0x58, 0x31, 0x62, 0x45, 0x21, 0x3E, 0x18, 0x1B, 0x15, 0x15, 0x1B, 0x0B, 0x5A, 0x3B, 0x38, 
0x3B, 0x2F, 0x2D, 0x0D, 0x0F, 0x07, 0x0E, 0x16, 0x11, 0x13, 0x41, 0x46, 0x31, 0x5D, 0x40, 0x2B, 
0x5A, 0x1E, 0x1B, 0x15, 0x15, 0x1B, 0x00, 0x00, 0x00, 0x01, 0x00, 0x32, 0x00, 0xD1, 0x01, 0x02, 
0x01, 0xA1, 0x00, 0x0B, 0x00, 0x06, 0xB3, 0x04, 0x00, 0x01, 0x30, 0x2B, 0x36, 0x26, 0x35, 0x34, 
0x36, 0x33, 0x32, 0x16, 0x15, 0x14, 0x06, 0x23, 0x6F, 0x3D, 0x3E, 0x2B, 0x2C, 0x3B, 0x3C, 0x2B, 
0xD1, 0x3C, 0x2D, 0x2C, 0x3B, 0x3B, 0x2C, 0x2C, 0x3D, 0x00, 0x00, 0x00, 0xFF, 0xFF, 0x00, 0x27, 
0xFF, 0xAF, 0x01, 0xA6, 0x03, 0x11, 0x00, 0x02, 0x02, 0xB8, 0x00, 0x00, 0x00, 0x03, 0x00, 0x28, 
0x00, 0x79, 0x01, 0xD1, 0x02, 0x4B, 0x00, 0x0D, 0x00, 0x1B, 0x00, 0x29, 0x00, 0x0A, 0xB7, 0x29, 
0x20, 0x12, 0x0E, 0x04, 0x00, 0x03, 0x30, 0x2B, 0x12, 0x26, 0x35, 0x34, 0x36, 0x33, 0x21, 0x32, 
0x16, 0x15, 0x14, 0x06, 0x23, 0x21, 0x06, 0x26, 0x35, 0x34, 0x36, 0x33, 0x21, 0x32, 0x16, 0x15, 
0x14, 0x06, 0x23, 0x21, 0x06, 0x26, 0x35, 0x34, 0x36, 0x33, 0x21, 0x32, 0x16, 0x15, 0x14, 0x06, 
0x23, 0x05, 0x39, 0x11, 0x11, 0x0D, 0x01, 0x6D, 0x0D, 0x11, 0x11, 0x0D, 0xFE, 0x93, 0x0D, 0x11, 
0x11, 0x0D, 0x01, 0x6D, 0x0D, 0x11, 0x11, 0x0D, 0xFE, 0x93, 0x0D, 0x11, 0x11, 0x0D, 0x01, 0x6D, 
0x0D, 0x11, 0x11, 0x0D, 0xFE, 0x93, 0x02, 0x0F, 0x11, 0x0D, 0x0D, 0x11, 0x11, 0x0D, 0x0D, 0x11, 
0xCB, 0x11, 0x0D, 0x0D, 0x12, 0x12, 0x0D, 0x0D, 0x11, 0xCA, 0x11, 0x0D, 0x0D, 0x11, 0x11, 0x0D, 
0x0D, 0x11, 0x01, 0x00, 0x00, 0x01, 0x00, 0x27, 0x00, 0xA2, 0x01, 0xF8, 0x02, 0x74, 0x00, 0x1F, 
0x00, 0x2C, 0x40, 0x29, 0x00, 0x02, 0x01, 0x05, 0x02, 0x57, 0x03, 0x01, 0x01, 0x04, 0x01, 0x00, 
0x05, 0x01, 0x00, 0x65, 0x00, 0x02, 0x02, 0x05, 0x5F, 0x06, 0x01, 0x05, 0x02, 0x05, 0x4F, 0x00, 
0x00, 0x00, 0x1F, 0x00, 0x1E, 0x24, 0x23, 0x23, 0x24, 0x23, 0x07, 0x09, 0x19, 0x2B, 0x24, 0x26, 
0x35, 0x35, 0x23, 0x22, 0x26, 0x35, 0x34, 0x36, 0x33, 0x33, 0x35, 0x34, 0x36, 0x33, 0x32, 0x16, 
0x15, 0x15, 0x33, 0x32, 0x16, 0x15, 0x14, 0x06, 0x23, 0x23, 0x15, 0x14, 0x06, 0x23, 0x01, 0x02, 
0x11, 0xAC, 0x0D, 0x11, 0x11, 0x0D, 0xAC, 0x11, 0x0D, 0x0D, 0x12, 0xAC, 0x0D, 0x11, 0x11, 0x0D, 
0xAC, 0x12, 0x0D, 0xA2, 0x11, 0x0D, 0xAD, 0x11, 0x0D, 0x0D, 0x11, 0xAD, 0x0D, 0x11, 0x11, 0x0D, 
0xAD, 0x11, 0x0D, 0x0D, 0x11, 0xAD, 0x0D, 0x11, 0x00, 0x01, 0x00, 0x28, 0x01, 0x44, 0x01, 0xF9, 
0x01, 0x81, 0x00, 0x0D, 0x00, 0x06, 0xB3, 0x04, 0x00, 0x01, 0x30, 0x2B, 0x12, 0x26, 0x35, 0x34, 
0x36, 0x33, 0x21, 0x32, 0x16, 0x15, 0x14, 0x06, 0x23, 0x21, 0x39, 0x11, 0x11, 0x0D, 0x01, 0x95, 
0x0D, 0x11, 0x11, 0x0D, 0xFE, 0x6B, 0x01, 0x44, 0x11, 0x0D, 0x0D, 0x12, 0x12, 0x0D, 0x0D, 0x11, 
0x00, 0x01, 0x00, 0x28, 0x00, 0xA2, 0x01, 0xA9, 0x02, 0x23, 0x00, 0x23, 0x00, 0x27, 0x40, 0x24, 
0x20, 0x17, 0x0E, 0x08, 0x05, 0x05, 0x02, 0x00, 0x01, 0x4A, 0x04, 0x03, 0x02, 0x02, 0x02, 0x00, 
0x5F, 0x01, 0x01, 0x00, 0x00, 0x40, 0x02, 0x4C, 0x00, 0x00, 0x00, 0x23, 0x00, 0x22, 0x2A, 0x24, 
0x2A, 0x05, 0x09, 0x17, 0x2B, 0x36, 0x26, 0x35, 0x34, 0x37, 0x37, 0x27, 0x26, 0x37, 0x34, 0x36, 
0x33, 0x32, 0x17, 0x17, 0x37, 0x36, 0x33, 0x32, 0x16, 0x15, 0x14, 0x07, 0x07, 0x17, 0x16, 0x15, 
0x14, 0x06, 0x23, 0x22, 0x27, 0x27, 0x07, 0x06, 0x23, 0x3A, 0x11, 0x07, 0x8D, 0x8D, 0x08, 0x01, 
0x10, 0x0E, 0x0D, 0x09, 0x8C, 0x8C, 0x09, 0x0D, 0x0D, 0x11, 0x08, 0x8D, 0x8D, 0x08, 0x11, 0x0D, 
0x0C, 0x09, 0x8D, 0x8D, 0x08, 0x0D, 0xA2, 0x11, 0x0D, 0x0E, 0x08, 0x8C, 0x8D, 0x08, 0x0B, 0x0F, 
0x12, 0x09, 0x8C, 0x8C, 0x09, 0x11, 0x0D, 0x0E, 0x08, 0x8D, 0x8C, 0x0A, 0x0C, 0x0D, 0x11, 0x07, 
0x8E, 0x8E, 0x07, 0x00, 0x00, 0x03, 0x00, 0x29, 0x00, 0xA2, 0x01, 0xA9, 0x02, 0x23, 0x00, 0x0B, 
0x00, 0x19, 0x00, 0x25, 0x00, 0x3A, 0x40, 0x37, 0x00, 0x02, 0x07, 0x01, 0x03, 0x04, 0x02, 0x03, 
0x65, 0x00, 0x04, 0x08, 0x01, 0x05, 0x04, 0x05, 0x63, 0x06, 0x01, 0x01, 0x01, 0x00, 0x5F, 0x00, 
0x00, 0x00, 0x40, 0x01, 0x4C, 0x1A, 0x1A, 0x0C, 0x0C, 0x00, 0x00, 0x1A, 0x25, 0x1A, 0x24, 0x20, 
0x1E, 0x0C, 0x19, 0x0C, 0x17, 0x13, 0x10, 0x00, 0x0B, 0x00, 0x0A, 0x24, 0x09, 0x09, 0x15, 0x2B, 
0x12, 0x26, 0x35, 0x34, 0x36, 0x33, 0x32, 0x16, 0x15, 0x14, 0x06, 0x23, 0x06, 0x26, 0x35, 0x34, 
0x36, 0x33, 0x21, 0x32, 0x16, 0x15, 0x14, 0x06, 0x23, 0x21, 0x16, 0x26, 0x35, 0x34, 0x36, 0x33, 
0x32, 0x16, 0x15, 0x14, 0x06, 0x23, 0xD8, 0x18, 0x18, 0x11, 0x11, 0x17, 0x17, 0x11, 0xAF, 0x11, 
0x11, 0x0D, 0x01, 0x44, 0x0D, 0x11, 0x11, 0x0D, 0xFE, 0xBC, 0x91, 0x18, 0x18, 0x11, 0x11, 0x17, 
0x17, 0x11, 0x01, 0xD2, 0x17, 0x11, 0x11, 0x18, 0x18, 0x11, 0x11, 0x17, 0x8E, 0x11, 0x0D, 0x0D, 
0x12, 0x12, 0x0D, 0x0D, 0x11, 0xA2, 0x18, 0x11, 0x11, 0x17, 0x17, 0x11, 0x11, 0x18, 0x00, 0x00, 
0x00, 0x02, 0x00, 0x28, 0x00, 0xCA, 0x01, 0xD1, 0x01, 0xFA, 0x00, 0x0D, 0x00, 0x1B, 0x00, 0x2A, 
0x40, 0x27, 0x00, 0x00, 0x04, 0x01, 0x01, 0x02, 0x00, 0x01, 0x65, 0x00, 0x02, 0x03, 0x03, 0x02, 
0x55, 0x00, 0x02, 0x02, 0x03, 0x5D, 0x00, 0x03, 0x02, 0x03, 0x4D, 0x00, 0x00, 0x1B, 0x19, 0x15, 
0x12, 0x00, 0x0D, 0x00, 0x0B, 0x34, 0x05, 0x09, 0x15, 0x2B, 0x12, 0x26, 0x35, 0x34, 0x36, 0x33, 
0x21, 0x32, 0x16, 0x15, 0x14, 0x06, 0x23, 0x21, 0x06, 0x26, 0x35, 0x34, 0x36, 0x33, 0x21, 0x32, 
0x16, 0x15, 0x14, 0x06, 0x23, 0x05, 0x39, 0x11, 0x11, 0x0D, 0x01, 0x6D, 0x0D, 0x11, 0x11, 0x0D, 
0xFE, 0x93, 0x0D, 0x11, 0x11, 0x0D, 0x01, 0x6D, 0x0D, 0x11, 0x11, 0x0D, 0xFE, 0x93, 0x01, 0xBE, 
0x11, 0x0D, 0x0D, 0x11, 0x11, 0x0D, 0x0D, 0x11, 0xF3, 0x11, 0x0D, 0x0D, 0x11, 0x11, 0x0D, 0x0D, 
0x11, 0x01, 0x00, 0x00, 0x00, 0x01, 0x00, 0x28, 0x00, 0x00, 0x01, 0xD1, 0x02, 0xC5, 0x00, 0x34, 
0x00, 0x06, 0xB3, 0x19, 0x00, 0x01, 0x30, 0x2B, 0x32, 0x26, 0x35, 0x34, 0x37, 0x37, 0x23, 0x26, 
0x26, 0x35, 0x34, 0x36, 0x33, 0x33, 0x37, 0x23, 0x22, 0x26, 0x35, 0x34, 0x36, 0x33, 0x33, 0x37, 
0x36, 0x36, 0x33, 0x32, 0x16, 0x15, 0x14, 0x07, 0x07, 0x33, 0x32, 0x16, 0x15, 0x14, 0x06, 0x23, 
0x23, 0x07, 0x33, 0x32, 0x16, 0x15, 0x14, 0x06, 0x23, 0x07, 0x07, 0x06, 0x23, 0x8A, 0x11, 0x03, 
0x31, 0x67, 0x0D, 0x11, 0x11, 0x0D, 0x7A, 0x39, 0xB3, 0x0D, 0x11, 0x11, 0x0D, 0xC7, 0x38, 0x03, 
0x10, 0x0A, 0x0D, 0x11, 0x02, 0x32, 0x67, 0x0D, 0x11, 0x11, 0x0D, 0x7A, 0x39, 0xB3, 0x0D, 0x11, 
0x11, 0x0D, 0xC7, 0x38, 0x07, 0x16, 0x11, 0x0D, 0x06, 0x07, 0x9F, 0x01, 0x11, 0x0D, 0x0D, 0x11, 
0xB7, 0x11, 0x0D, 0x0D, 0x11, 0xB6, 0x0A, 0x0B, 0x11, 0x0D, 0x08, 0x04, 0xA1, 0x11, 0x0D, 0x0D, 
0x11, 0xB7, 0x11, 0x0D, 0x0D, 0x11, 0x01, 0xB4, 0x16, 0x00, 0x00, 0x00, 0x00, 0x01, 0x00, 0x27, 
0x00, 0x50, 0x01, 0xF9, 0x02, 0x75, 0x00, 0x15, 0x00, 0x1E, 0x40, 0x1B, 0x0C, 0x01, 0x00, 0x01, 
0x01, 0x4A, 0x00, 0x01, 0x00, 0x00, 0x01, 0x57, 0x00, 0x01, 0x01, 0x00, 0x5F, 0x00, 0x00, 0x01, 
0x00, 0x4F, 0x1A, 0x25, 0x02, 0x09, 0x16, 0x2B, 0x00, 0x15, 0x14, 0x07, 0x05, 0x06, 0x23, 0x22, 
0x26, 0x35, 0x34, 0x37, 0x25, 0x25, 0x26, 0x35, 0x34, 0x36, 0x33, 0x32, 0x17, 0x05, 0x01, 0xF9, 
0x12, 0xFE, 0x6D, 0x05, 0x08, 0x0C, 0x14, 0x10, 0x01, 0x6C, 0xFE, 0x94, 0x10, 0x11, 0x0C, 0x06, 
0x0A, 0x01, 0x93, 0x01, 0x72, 0x10, 0x12, 0x09, 0xF3, 0x04, 0x12, 0x0D, 0x11, 0x0A, 0xDA, 0xDA, 
0x0A, 0x11, 0x0D, 0x0F, 0x04, 0xF3, 0x00, 0x00, 0x00, 0x01, 0x00, 0x27, 0x00, 0x50, 0x01, 0xF9, 
0x02, 0x75, 0x00, 0x15, 0x00, 0x1E, 0x40, 0x1B, 0x14, 0x01, 0x00, 0x01, 0x01, 0x4A, 0x00, 0x01, 
0x00, 0x00, 0x01, 0x57, 0x00, 0x01, 0x01, 0x00, 0x5F, 0x00, 0x00, 0x01, 0x00, 0x4F, 0x29, 0x13, 
0x02, 0x09, 0x16, 0x2B, 0x24, 0x15, 0x14, 0x06, 0x23, 0x22, 0x27, 0x25, 0x26, 0x35, 0x34, 0x37, 
0x25, 0x36, 0x33, 0x32, 0x16, 0x15, 0x14, 0x07, 0x05, 0x05, 0x01, 0xF9, 0x14, 0x0C, 0x08, 0x05, 
0xFE, 0x6D, 0x12, 0x12, 0x01, 0x93, 0x0A, 0x06, 0x0C, 0x11, 0x10, 0xFE, 0x94, 0x01, 0x6C, 0x80, 
0x11, 0x0D, 0x12, 0x04, 0xF3, 0x09, 0x12, 0x10, 0x0C, 0xF3, 0x04, 0x0F, 0x0D, 0x11, 0x0A, 0xDA, 
0xDA, 0x00, 0x00, 0x00, 0xFF, 0xFF, 0x00, 0x2D, 0x00, 0x35, 0x01, 0xFF, 0x02, 0xC3, 0x00, 0x26, 
0x02, 0xF7, 0x06, 0x4E, 0x01, 0x07, 0x02, 0xF2, 0x00, 0x06, 0xFE, 0xF1, 0x00, 0x11, 0xB1, 0x00, 
0x01, 0xB0, 0x4E, 0xB0, 0x33, 0x2B, 0xB1, 0x01, 0x01, 0xB8, 0xFE, 0xF1, 0xB0, 0x33, 0x2B, 0x00, 
0xFF, 0xFF, 0x00, 0x2E, 0x00, 0x36, 0x02, 0x00, 0x02, 0xC3, 0x00, 0x26, 0x02, 0xF8, 0x07, 0x4E, 
0x01, 0x07, 0x02, 0xF2, 0x00, 0x07, 0xFE, 0xF2, 0x00, 0x11, 0xB1, 0x00, 0x01, 0xB0, 0x4E, 0xB0, 
0x33, 0x2B, 0xB1, 0x01, 0x01, 0xB8, 0xFE, 0xF2, 0xB0, 0x33, 0x2B, 0x00, 0x00, 0x02, 0x00, 0x28, 
0x00, 0x00, 0x01, 0xF9, 0x02, 0x74, 0x00, 0x1F, 0x00, 0x2D, 0x00, 0x38, 0x40, 0x35, 0x03, 0x01, 
0x01, 0x04, 0x01, 0x00, 0x05, 0x01, 0x00, 0x65, 0x00, 0x02, 0x08, 0x01, 0x05, 0x06, 0x02, 0x05, 
0x67, 0x00, 0x06, 0x06, 0x07, 0x5D, 0x09, 0x01, 0x07, 0x07, 0x3E, 0x07, 0x4C, 0x20, 0x20, 0x00, 
0x00, 0x20, 0x2D, 0x20, 0x2B, 0x27, 0x24, 0x00, 0x1F, 0x00, 0x1E, 0x24, 0x23, 0x23, 0x24, 0x23, 
0x0A, 0x09, 0x19, 0x2B, 0x24, 0x26, 0x35, 0x35, 0x23, 0x22, 0x26, 0x35, 0x34, 0x36, 0x33, 0x33, 
0x35, 0x34, 0x36, 0x33, 0x32, 0x16, 0x15, 0x15, 0x33, 0x32, 0x16, 0x15, 0x14, 0x06, 0x23, 0x23, 
0x15, 0x14, 0x06, 0x23, 0x06, 0x26, 0x35, 0x34, 0x36, 0x33, 0x21, 0x32, 0x16, 0x15, 0x14, 0x06, 
0x23, 0x21, 0x01, 0x03, 0x11, 0xAC, 0x0D, 0x11, 0x11, 0x0D, 0xAC, 0x11, 0x0D, 0x0D, 0x12, 0xAC, 
0x0D, 0x11, 0x11, 0x0D, 0xAC, 0x12, 0x0D, 0xD7, 0x11, 0x11, 0x0D, 0x01, 0x95, 0x0D, 0x11, 0x11, 
0x0D, 0xFE, 0x6B, 0xA2, 0x11, 0x0D, 0xAD, 0x11, 0x0D, 0x0D, 0x11, 0xAD, 0x0D, 0x11, 0x11, 0x0D, 
0xAD, 0x11, 0x0D, 0x0D, 0x11, 0xAD, 0x0D, 0x11, 0xA2, 0x11, 0x0D, 0x0D, 0x12, 0x12, 0x0D, 0x0D, 
0x11, 0x00, 0x00, 0x00, 0xFF, 0xFF, 0x00, 0x2B, 0x00, 0xFB, 0x01, 0xB6, 0x02, 0x19, 0x00, 0x26, 
0x02, 0xFD, 0x00, 0x6F, 0x01, 0x06, 0x02, 0xFD, 0x00, 0xC5, 0x00, 0x11, 0xB1, 0x00, 0x01, 0xB0, 
0x6F, 0xB0, 0x33, 0x2B, 0xB1, 0x01, 0x01, 0xB8, 0xFF, 0xC5, 0xB0, 0x33, 0x2B, 0x00, 0x00, 0x00, 
0x00, 0x01, 0x00, 0x2B, 0x01, 0x36, 0x01, 0xB6, 0x01, 0xAA, 0x00, 0x24, 0x00, 0x76, 0xB1, 0x06, 
0x64, 0x44, 0xB5, 0x20, 0x01, 0x00, 0x04, 0x01, 0x4A, 0x4B, 0xB0, 0x2E, 0x50, 0x58, 0x40, 0x22, 
0x00, 0x04, 0x02, 0x00, 0x02, 0x04, 0x00, 0x7E, 0x00, 0x02, 0x00, 0x00, 0x03, 0x02, 0x00, 0x67, 
0x00, 0x03, 0x01, 0x01, 0x03, 0x57, 0x00, 0x03, 0x03, 0x01, 0x5F, 0x06, 0x05, 0x02, 0x01, 0x03, 
0x01, 0x4F, 0x1B, 0x40, 0x29, 0x00, 0x04, 0x02, 0x00, 0x02, 0x04, 0x00, 0x7E, 0x00, 0x01, 0x03, 
0x05, 0x03, 0x01, 0x05, 0x7E, 0x00, 0x02, 0x00, 0x00, 0x03, 0x02, 0x00, 0x67, 0x00, 0x03, 0x01, 
0x05, 0x03, 0x57, 0x00, 0x03, 0x03, 0x05, 0x5F, 0x06, 0x01, 0x05, 0x03, 0x05, 0x4F, 0x59, 0x40, 
0x0E, 0x00, 0x00, 0x00, 0x24, 0x00, 0x23, 0x12, 0x24, 0x27, 0x22, 0x24, 0x07, 0x09, 0x19, 0x2B, 
0xB1, 0x06, 0x00, 0x44, 0x00, 0x26, 0x27, 0x26, 0x26, 0x23, 0x22, 0x07, 0x06, 0x23, 0x22, 0x27, 
0x26, 0x35, 0x34, 0x37, 0x36, 0x36, 0x33, 0x32, 0x16, 0x17, 0x16, 0x16, 0x33, 0x32, 0x37, 0x36, 
0x33, 0x32, 0x17, 0x16, 0x15, 0x14, 0x07, 0x06, 0x23, 0x01, 0x2A, 0x2A, 0x18, 0x14, 0x18, 0x0D, 
0x29, 0x24, 0x09, 0x10, 0x0A, 0x05, 0x0F, 0x06, 0x1B, 0x41, 0x22, 0x1A, 0x27, 0x19, 0x15, 0x17, 
0x11, 0x22, 0x15, 0x0C, 0x10, 0x07, 0x04, 0x12, 0x06, 0x27, 0x43, 0x01, 0x36, 0x13, 0x10, 0x0E, 
0x09, 0x29, 0x0C, 0x04, 0x09, 0x0E, 0x0A, 0x07, 0x20, 0x23, 0x11, 0x10, 0x0E, 0x0B, 0x16, 0x0E, 
0x03, 0x09, 0x0F, 0x08, 0x08, 0x33, 0x00, 0x00, 0x00, 0x01, 0x00, 0x28, 0x01, 0x44, 0x01, 0xF9, 
0x02, 0x23, 0x00, 0x12, 0x00, 0x1F, 0x40, 0x1C, 0x03, 0x01, 0x02, 0x00, 0x02, 0x84, 0x00, 0x00, 
0x00, 0x01, 0x5D, 0x00, 0x01, 0x01, 0x40, 0x00, 0x4C, 0x00, 0x00, 0x00, 0x12, 0x00, 0x11, 0x34, 
0x23, 0x04, 0x09, 0x16, 0x2B, 0x00, 0x26, 0x35, 0x35, 0x21, 0x22, 0x26, 0x35, 0x34, 0x36, 0x33, 
0x21, 0x32, 0x16, 0x15, 0x15, 0x14, 0x06, 0x23, 0x01, 0xCE, 0x11, 0xFE, 0x89, 0x0D, 0x11, 0x11, 
0x0D, 0x01, 0x95, 0x0D, 0x11, 0x11, 0x0D, 0x01, 0x44, 0x11, 0x0D, 0x84, 0x12, 0x0D, 0x0D, 0x11, 
0x11, 0x0D, 0xA3, 0x0D, 0x11, 0x00, 0x00, 0x00, 0x00, 0x03, 0x00, 0x28, 0x00, 0x72, 0x02, 0xF6, 
0x01, 0xF6, 0x00, 0x1B, 0x00, 0x27, 0x00, 0x33, 0x00, 0x0A, 0xB7, 0x2C, 0x28, 0x20, 0x1C, 0x06, 
0x00, 0x03, 0x30, 0x2B, 0x00, 0x16, 0x16, 0x15, 0x14, 0x06, 0x06, 0x23, 0x22, 0x26, 0x27, 0x06, 
0x06, 0x23, 0x22, 0x26, 0x26, 0x35, 0x34, 0x36, 0x36, 0x33, 0x32, 0x16, 0x17, 0x36, 0x36, 0x33, 
0x00, 0x36, 0x35, 0x34, 0x26, 0x23, 0x22, 0x06, 0x15, 0x14, 0x16, 0x33, 0x20, 0x36, 0x35, 0x34, 
0x26, 0x23, 0x22, 0x06, 0x15, 0x14, 0x16, 0x33, 0x02, 0x6B, 0x58, 0x33, 0x33, 0x58, 0x37, 0x35, 
0x56, 0x1A, 0x1A, 0x56, 0x35, 0x37, 0x58, 0x33, 0x33, 0x58, 0x37, 0x35, 0x56, 0x1A, 0x1A, 0x56, 
0x35, 0xFE, 0xF1, 0x4D, 0x4D, 0x3B, 0x3A, 0x4E, 0x4E, 0x3A, 0x01, 0x85, 0x4D, 0x4D, 0x3B, 0x3A, 
0x4E, 0x4E, 0x3A, 0x01, 0xF6, 0x33, 0x58, 0x37, 0x37, 0x58, 0x33, 0x2F, 0x2A, 0x2A, 0x2F, 0x33, 
0x58, 0x37, 0x37, 0x58, 0x33, 0x2F, 0x2A, 0x2A, 0x2F, 0xFE, 0xB6, 0x4E, 0x3A, 0x3B, 0x4D, 0x4D, 
0x3B, 0x3A, 0x4E, 0x4E, 0x3A, 0x3B, 0x4D, 0x4D, 0x3B, 0x3A, 0x4E, 0x00, 0x00, 0x01, 0x00, 0x64, 
0x00, 0x00, 0x02, 0xBD, 0x03, 0x1D, 0x00, 0x1F, 0x00, 0x06, 0xB3, 0x06, 0x00, 0x01, 0x30, 0x2B, 
0x00, 0x16, 0x16, 0x15, 0x11, 0x14, 0x06, 0x23, 0x22, 0x26, 0x35, 0x11, 0x34, 0x26, 0x26, 0x23, 
0x22, 0x06, 0x06, 0x15, 0x11, 0x14, 0x06, 0x23, 0x22, 0x26, 0x35, 0x11, 0x34, 0x36, 0x36, 0x33, 
0x01, 0xE8, 0x89, 0x4C, 0x10, 0x0E, 0x0D, 0x11, 0x3D, 0x6D, 0x46, 0x46, 0x6D, 0x3E, 0x10, 0x0E, 
0x0D, 0x11, 0x4D, 0x89, 0x57, 0x03, 0x1D, 0x45, 0x7B, 0x4F, 0xFE, 0x10, 0x0D, 0x11, 0x11, 0x0D, 
0x01, 0xF0, 0x3D, 0x60, 0x36, 0x36, 0x60, 0x3D, 0xFE, 0x10, 0x0D, 0x11, 0x11, 0x0D, 0x01, 0xF0, 
0x4F, 0x7B, 0x45, 0x00, 0x00, 0x01, 0x00, 0x29, 0xFF, 0x91, 0x01, 0xF7, 0x03, 0x8A, 0x00, 0x25, 
0x00, 0x06, 0xB3, 0x11, 0x00, 0x01, 0x30, 0x2B, 0x16, 0x26, 0x35, 0x34, 0x36, 0x33, 0x32, 0x16, 
0x17, 0x16, 0x16, 0x33, 0x32, 0x36, 0x37, 0x13, 0x36, 0x36, 0x33, 0x32, 0x16, 0x15, 0x14, 0x06, 
0x23, 0x22, 0x26, 0x27, 0x26, 0x26, 0x23, 0x22, 0x06, 0x07, 0x03, 0x06, 0x06, 0x23, 0x69, 0x40, 
0x11, 0x0D, 0x0C, 0x11, 0x01, 0x02, 0x1C, 0x12, 0x15, 0x1E, 0x02, 0x50, 0x04, 0x44, 0x2A, 0x2F, 
0x3C, 0x0D, 0x0C, 0x0E, 0x13, 0x02, 0x03, 0x1D, 0x15, 0x13, 0x1B, 0x02, 0x50, 0x04, 0x3F, 0x2B, 
0x6F, 0x38, 0x29, 0x0E, 0x14, 0x0E, 0x0B, 0x13, 0x1A, 0x19, 0x14, 0x03, 0x2D, 0x29, 0x39, 0x39, 
0x28, 0x0F, 0x13, 0x11, 0x0D, 0x12, 0x16, 0x18, 0x14, 0xFC, 0xD3, 0x2F, 0x34, 0x00, 0x00, 0x00, 
0xFF, 0xFF, 0x00, 0x3C, 0x00, 0x00, 0x03, 0x49, 0x03, 0x0D, 0x00, 0x02, 0x02, 0x5F, 0x00, 0x00, 
0x00, 0x02, 0x00, 0x14, 0x00, 0x00, 0x02, 0xB0, 0x03, 0x16, 0x00, 0x11, 0x00, 0x14, 0x00, 0x2A, 
0x40, 0x27, 0x14, 0x01, 0x02, 0x00, 0x02, 0x01, 0x01, 0x02, 0x02, 0x4A, 0x00, 0x00, 0x00, 0x33, 
0x4B, 0x00, 0x02, 0x02, 0x01, 0x5D, 0x03, 0x01, 0x01, 0x01, 0x2A, 0x01, 0x4C, 0x00, 0x00, 0x13, 
0x12, 0x00, 0x11, 0x00, 0x0F, 0x26, 0x04, 0x08, 0x15, 0x2B, 0x32, 0x26, 0x35, 0x34, 0x37, 0x01, 
0x36, 0x33, 0x32, 0x16, 0x17, 0x01, 0x16, 0x15, 0x14, 0x06, 0x23, 0x21, 0x37, 0x21, 0x01, 0x26, 
0x12, 0x05, 0x01, 0x2E, 0x05, 0x16, 0x09, 0x0F, 0x04, 0x01, 0x2E, 0x04, 0x11, 0x0D, 0xFD, 0xA1, 
0x2C, 0x02, 0x06, 0xFE, 0xFD, 0x11, 0x0D, 0x07, 0x0C, 0x02, 0xD2, 0x13, 0x0A, 0x09, 0xFD, 0x2E, 
0x09, 0x0A, 0x0D, 0x11, 0x3D, 0x02, 0x67, 0x00, 0x00, 0x01, 0x00, 0x26, 0xFF, 0x15, 0x02, 0x9A, 
0x03, 0x0E, 0x00, 0x17, 0x00, 0x06, 0xB3, 0x05, 0x00, 0x01, 0x30, 0x2B, 0x16, 0x26, 0x35, 0x11, 
0x34, 0x36, 0x33, 0x21, 0x32, 0x16, 0x15, 0x11, 0x14, 0x06, 0x23, 0x22, 0x26, 0x35, 0x11, 0x21, 
0x11, 0x14, 0x06, 0x23, 0x38, 0x12, 0x12, 0x0D, 0x02, 0x37, 0x0D, 0x11, 0x11, 0x0D, 0x0D, 0x12, 
0xFE, 0x06, 0x11, 0x0D, 0xEB, 0x11, 0x0D, 0x03, 0xBD, 0x0D, 0x11, 0x11, 0x0D, 0xFC, 0x43, 0x0D, 
0x11, 0x11, 0x0D, 0x03, 0x9E, 0xFC, 0x62, 0x0D, 0x11, 0x00, 0x00, 0x00, 0x00, 0x01, 0x00, 0x26, 
0xFF, 0x15, 0x02, 0x9A, 0x03, 0x0D, 0x00, 0x21, 0x00, 0x06, 0xB3, 0x0A, 0x00, 0x01, 0x30, 0x2B, 
0x16, 0x26, 0x35, 0x34, 0x37, 0x01, 0x01, 0x26, 0x35, 0x34, 0x36, 0x33, 0x21, 0x32, 0x16, 0x15, 
0x14, 0x06, 0x23, 0x21, 0x01, 0x16, 0x15, 0x14, 0x07, 0x01, 0x21, 0x32, 0x16, 0x15, 0x14, 0x06, 
0x23, 0x21, 0x39, 0x13, 0x07, 0x01, 0x85, 0xFE, 0x7B, 0x07, 0x12, 0x0D, 0x02, 0x37, 0x0D, 0x11, 
0x11, 0x0D, 0xFE, 0x09, 0x01, 0x6C, 0x07, 0x07, 0xFE, 0x94, 0x01, 0xF7, 0x0D, 0x11, 0x11, 0x0D, 
0xFD, 0xCF, 0xEB, 0x11, 0x0D, 0x0B, 0x09, 0x01, 0xCA, 0x01, 0xCA, 0x0B, 0x09, 0x0D, 0x11, 0x11, 
0x0D, 0x0D, 0x12, 0xFE, 0x55, 0x09, 0x0B, 0x0A, 0x09, 0xFE, 0x54, 0x12, 0x0D, 0x0D, 0x11, 0x00, 
0x00, 0x01, 0x00, 0x26, 0x00, 0x00, 0x02, 0xEB, 0x03, 0x67, 0x00, 0x19, 0x00, 0x06, 0xB3, 0x0D, 
0x00, 0x01, 0x30, 0x2B, 0x32, 0x27, 0x03, 0x26, 0x35, 0x34, 0x36, 0x33, 0x32, 0x16, 0x17, 0x13, 
0x01, 0x36, 0x33, 0x33, 0x32, 0x16, 0x15, 0x14, 0x06, 0x23, 0x23, 0x01, 0x06, 0x23, 0xD3, 0x07, 
0xA3, 0x03, 0x11, 0x0D, 0x0B, 0x0B, 0x06, 0x86, 0x01, 0x79, 0x09, 0x13, 0x51, 0x0D, 0x12, 0x12, 
0x0D, 0x3E, 0xFE, 0x73, 0x0A, 0x11, 0x10, 0x01, 0x44, 0x06, 0x08, 0x0D, 0x12, 0x09, 0x0A, 0xFE, 
0xF5, 0x02, 0xF1, 0x13, 0x12, 0x0D, 0x0D, 0x11, 0xFC, 0xE7, 0x11, 0x00, 0x00, 0x01, 0x00, 0x50, 
0xFF, 0x16, 0x02, 0x47, 0x02, 0x23, 0x00, 0x2B, 0x00, 0x58, 0xB6, 0x10, 0x0A, 0x02, 0x04, 0x03, 
0x01, 0x4A, 0x4B, 0xB0, 0x22, 0x50, 0x58, 0x40, 0x18, 0x06, 0x05, 0x02, 0x03, 0x03, 0x40, 0x4B, 
0x00, 0x04, 0x04, 0x00, 0x5F, 0x01, 0x01, 0x00, 0x00, 0x3E, 0x4B, 0x00, 0x02, 0x02, 0x42, 0x02, 
0x4C, 0x1B, 0x40, 0x1C, 0x06, 0x05, 0x02, 0x03, 0x03, 0x40, 0x4B, 0x00, 0x00, 0x00, 0x3E, 0x4B, 
0x00, 0x04, 0x04, 0x01, 0x5F, 0x00, 0x01, 0x01, 0x49, 0x4B, 0x00, 0x02, 0x02, 0x42, 0x02, 0x4C, 
0x59, 0x40, 0x0E, 0x00, 0x00, 0x00, 0x2B, 0x00, 0x2A, 0x26, 0x25, 0x25, 0x25, 0x25, 0x07, 0x09, 
0x19, 0x2B, 0x00, 0x16, 0x15, 0x11, 0x14, 0x06, 0x23, 0x22, 0x26, 0x35, 0x35, 0x06, 0x06, 0x23, 
0x22, 0x26, 0x27, 0x11, 0x14, 0x06, 0x23, 0x22, 0x26, 0x35, 0x11, 0x34, 0x36, 0x33, 0x32, 0x16, 
0x15, 0x11, 0x14, 0x16, 0x16, 0x33, 0x32, 0x36, 0x36, 0x35, 0x11, 0x34, 0x36, 0x33, 0x02, 0x37, 
0x10, 0x10, 0x0E, 0x0D, 0x11, 0x1F, 0x63, 0x3C, 0x42, 0x63, 0x1C, 0x10, 0x0E, 0x0D, 0x11, 0x11, 
0x0D, 0x0E, 0x10, 0x31, 0x58, 0x38, 0x37, 0x56, 0x31, 0x11, 0x0D, 0x02, 0x23, 0x10, 0x0E, 0xFE, 
0x19, 0x0D, 0x11, 0x11, 0x0D, 0x3A, 0x2D, 0x32, 0x37, 0x31, 0xFE, 0xD3, 0x0E, 0x10, 0x10, 0x0E, 
0x02, 0xD1, 0x0E, 0x10, 0x10, 0x0E, 0xFE, 0xF3, 0x38, 0x59, 0x32, 0x28, 0x48, 0x2E, 0x01, 0x32, 
0x0E, 0x10, 0x00, 0x00, 0x00, 0x02, 0x00, 0x27, 0x00, 0x00, 0x02, 0x4A, 0x03, 0x16, 0x00, 0x20, 
0x00, 0x30, 0x00, 0x08, 0xB5, 0x27, 0x21, 0x16, 0x00, 0x02, 0x30, 0x2B, 0x32, 0x26, 0x26, 0x35, 
0x34, 0x36, 0x36, 0x33, 0x32, 0x17, 0x2E, 0x02, 0x23, 0x22, 0x07, 0x06, 0x23, 0x22, 0x26, 0x35, 
0x34, 0x36, 0x33, 0x32, 0x16, 0x16, 0x15, 0x15, 0x14, 0x06, 0x06, 0x23, 0x3E, 0x02, 0x35, 0x34, 
0x26, 0x26, 0x23, 0x22, 0x06, 0x06, 0x15, 0x14, 0x16, 0x16, 0x33, 0xEF, 0x7E, 0x4A, 0x4A, 0x7E, 
0x4A, 0x71, 0x64, 0x0B, 0x54, 0x7E, 0x4A, 0x33, 0x2A, 0x06, 0x07, 0x0D, 0x11, 0x54, 0x34, 0x5F, 
0xA4, 0x60, 0x4A, 0x7E, 0x49, 0x39, 0x62, 0x39, 0x39, 0x62, 0x39, 0x3A, 0x61, 0x3A, 0x3A, 0x62, 
0x39, 0x4A, 0x7E, 0x49, 0x4A, 0x7E, 0x4A, 0x64, 0x58, 0x80, 0x42, 0x0E, 0x03, 0x12, 0x0D, 0x1A, 
0x15, 0x60, 0xA3, 0x5F, 0xA3, 0x49, 0x7E, 0x4A, 0x3D, 0x39, 0x62, 0x39, 0x3A, 0x62, 0x39, 0x3A, 
0x61, 0x3A, 0x39, 0x62, 0x39, 0x00, 0x00, 0x00, 0x00, 0x01, 0x00, 0x26, 0x00, 0x00, 0x02, 0x9A, 
0x02, 0x74, 0x00, 0x12, 0x00, 0x06, 0xB3, 0x05, 0x00, 0x01, 0x30, 0x2B, 0x32, 0x26, 0x35, 0x11, 
0x34, 0x36, 0x33, 0x32, 0x16, 0x15, 0x11, 0x21, 0x32, 0x16, 0x15, 0x14, 0x06, 0x23, 0x21, 0x38, 
0x12, 0x12, 0x0D, 0x0D, 0x11, 0x02, 0x19, 0x0D, 0x11, 0x11, 0x0D, 0xFD, 0xC9, 0x11, 0x0D, 0x02, 
0x38, 0x0D, 0x11, 0x11, 0x0D, 0xFD, 0xE7, 0x12, 0x0D, 0x0D, 0x11, 0x00, 0x00, 0x05, 0x00, 0x2A, 
0x00, 0x00, 0x03, 0x41, 0x03, 0x0E, 0x00, 0x0F, 0x00, 0x1F, 0x00, 0x2F, 0x00, 0x3F, 0x00, 0x4F, 
0x00, 0x59, 0x40, 0x56, 0x0C, 0x01, 0x05, 0x0A, 0x01, 0x01, 0x06, 0x05, 0x01, 0x67, 0x00, 0x06, 
0x00, 0x08, 0x09, 0x06, 0x08, 0x67, 0x00, 0x04, 0x04, 0x00, 0x5F, 0x02, 0x01, 0x00, 0x00, 0x3D, 
0x4B, 0x0E, 0x01, 0x09, 0x09, 0x03, 0x5F, 0x0D, 0x07, 0x0B, 0x03, 0x03, 0x03, 0x3E, 0x03, 0x4C, 
0x40, 0x40, 0x30, 0x30, 0x20, 0x20, 0x10, 0x10, 0x00, 0x00, 0x40, 0x4F, 0x40, 0x4E, 0x48, 0x46, 
0x30, 0x3F, 0x30, 0x3E, 0x38, 0x36, 0x20, 0x2F, 0x20, 0x2E, 0x28, 0x26, 0x10, 0x1F, 0x10, 0x1E, 
0x18, 0x16, 0x00, 0x0F, 0x00, 0x0E, 0x26, 0x0F, 0x09, 0x15, 0x2B, 0x12, 0x26, 0x26, 0x35, 0x34, 
0x36, 0x36, 0x33, 0x32, 0x16, 0x16, 0x15, 0x14, 0x06, 0x06, 0x23, 0x02, 0x26, 0x35, 0x34, 0x37, 
0x01, 0x36, 0x33, 0x32, 0x16, 0x15, 0x14, 0x07, 0x01, 0x06, 0x23, 0x12, 0x36, 0x36, 0x35, 0x34, 
0x26, 0x26, 0x23, 0x22, 0x06, 0x06, 0x15, 0x14, 0x16, 0x16, 0x33, 0x00, 0x26, 0x26, 0x35, 0x34, 
0x36, 0x36, 0x33, 0x32, 0x16, 0x16, 0x15, 0x14, 0x06, 0x06, 0x23, 0x3E, 0x02, 0x35, 0x34, 0x26, 
0x26, 0x23, 0x22, 0x06, 0x06, 0x15, 0x14, 0x16, 0x16, 0x33, 0xB7, 0x59, 0x34, 0x34, 0x59, 0x34, 
0x34, 0x58, 0x35, 0x34, 0x59, 0x34, 0x5E, 0x11, 0x07, 0x02, 0x35, 0x0D, 0x0C, 0x0D, 0x11, 0x05, 
0xFD, 0xC8, 0x0D, 0x0B, 0x75, 0x3E, 0x25, 0x26, 0x3E, 0x23, 0x23, 0x3E, 0x25, 0x24, 0x3E, 0x24, 
0x01, 0x61, 0x58, 0x34, 0x34, 0x58, 0x34, 0x34, 0x59, 0x34, 0x34, 0x59, 0x34, 0x24, 0x3E, 0x25, 
0x25, 0x3F, 0x23, 0x24, 0x3E, 0x25, 0x25, 0x3E, 0x24, 0x01, 0x8D, 0x34, 0x59, 0x34, 0x34, 0x58, 
0x34, 0x34, 0x58, 0x34, 0x35, 0x58, 0x34, 0xFE, 0x73, 0x11, 0x0D, 0x0B, 0x0A, 0x02, 0xCE, 0x0D, 
0x12, 0x0D, 0x0C, 0x06, 0xFD, 0x2E, 0x0B, 0x01, 0xC7, 0x25, 0x3E, 0x24, 0x24, 0x3D, 0x25, 0x25, 
0x3D, 0x24, 0x24, 0x3E, 0x25, 0xFE, 0x39, 0x34, 0x58, 0x34, 0x34, 0x59, 0x34, 0x34, 0x59, 0x34, 
0x34, 0x58, 0x34, 0x3A, 0x25, 0x3E, 0x23, 0x23, 0x3F, 0x25, 0x25, 0x3E, 0x24, 0x24, 0x3E, 0x24, 
0x00, 0x07, 0x00, 0x2A, 0x00, 0x00, 0x04, 0xEF, 0x03, 0x0E, 0x00, 0x0F, 0x00, 0x1F, 0x00, 0x2F, 
0x00, 0x3F, 0x00, 0x4F, 0x00, 0x5F, 0x00, 0x6F, 0x00, 0x6F, 0x40, 0x6C, 0x10, 0x01, 0x05, 0x0E, 
0x01, 0x01, 0x06, 0x05, 0x01, 0x67, 0x08, 0x01, 0x06, 0x0C, 0x01, 0x0A, 0x0B, 0x06, 0x0A, 0x67, 
0x00, 0x04, 0x04, 0x00, 0x5F, 0x02, 0x01, 0x00, 0x00, 0x3D, 0x4B, 0x14, 0x0D, 0x13, 0x03, 0x0B, 
0x0B, 0x03, 0x5F, 0x12, 0x09, 0x11, 0x07, 0x0F, 0x05, 0x03, 0x03, 0x3E, 0x03, 0x4C, 0x60, 0x60, 
0x50, 0x50, 0x40, 0x40, 0x30, 0x30, 0x20, 0x20, 0x10, 0x10, 0x00, 0x00, 0x60, 0x6F, 0x60, 0x6E, 
0x68, 0x66, 0x50, 0x5F, 0x50, 0x5E, 0x58, 0x56, 0x40, 0x4F, 0x40, 0x4E, 0x48, 0x46, 0x30, 0x3F, 
0x30, 0x3E, 0x38, 0x36, 0x20, 0x2F, 0x20, 0x2E, 0x28, 0x26, 0x10, 0x1F, 0x10, 0x1E, 0x18, 0x16, 
0x00, 0x0F, 0x00, 0x0E, 0x26, 0x15, 0x09, 0x15, 0x2B, 0x12, 0x26, 0x26, 0x35, 0x34, 0x36, 0x36, 
0x33, 0x32, 0x16, 0x16, 0x15, 0x14, 0x06, 0x06, 0x23, 0x02, 0x26, 0x35, 0x34, 0x37, 0x01, 0x36, 
0x33, 0x32, 0x16, 0x15, 0x14, 0x07, 0x01, 0x06, 0x23, 0x12, 0x36, 0x36, 0x35, 0x34, 0x26, 0x26, 
0x23, 0x22, 0x06, 0x06, 0x15, 0x14, 0x16, 0x16, 0x33, 0x00, 0x26, 0x26, 0x35, 0x34, 0x36, 0x36, 
0x33, 0x32, 0x16, 0x16, 0x15, 0x14, 0x06, 0x06, 0x23, 0x20, 0x26, 0x26, 0x35, 0x34, 0x36, 0x36, 
0x33, 0x32, 0x16, 0x16, 0x15, 0x14, 0x06, 0x06, 0x23, 0x24, 0x36, 0x36, 0x35, 0x34, 0x26, 0x26, 
0x23, 0x22, 0x06, 0x06, 0x15, 0x14, 0x16, 0x16, 0x33, 0x20, 0x36, 0x36, 0x35, 0x34, 0x26, 0x26, 
0x23, 0x22, 0x06, 0x06, 0x15, 0x14, 0x16, 0x16, 0x33, 0xB7, 0x59, 0x34, 0x34, 0x59, 0x34, 0x34, 
0x58, 0x35, 0x34, 0x59, 0x34, 0x5E, 0x11, 0x07, 0x02, 0x35, 0x0D, 0x0C, 0x0D, 0x11, 0x05, 0xFD, 
0xC8, 0x0D, 0x0B, 0x74, 0x3D, 0x24, 0x25, 0x3C, 0x23, 0x23, 0x3C, 0x24, 0x23, 0x3D, 0x23, 0x01, 
0x61, 0x58, 0x34, 0x34, 0x58, 0x34, 0x34, 0x59, 0x34, 0x34, 0x59, 0x34, 0x01, 0x7A, 0x58, 0x34, 
0x34, 0x58, 0x34, 0x34, 0x59, 0x34, 0x34, 0x59, 0x34, 0xFE, 0x75, 0x3D, 0x24, 0x24, 0x3D, 0x23, 
0x23, 0x3D, 0x24, 0x24, 0x3D, 0x23, 0x01, 0xD1, 0x3D, 0x24, 0x24, 0x3D, 0x23, 0x23, 0x3D, 0x24, 
0x24, 0x3D, 0x23, 0x01, 0x8D, 0x34, 0x59, 0x34, 0x34, 0x58, 0x34, 0x34, 0x58, 0x34, 0x35, 0x58, 
0x34, 0xFE, 0x73, 0x11, 0x0D, 0x0B, 0x0A, 0x02, 0xCE, 0x0D, 0x12, 0x0D, 0x0C, 0x06, 0xFD, 0x2E, 
0x0B, 0x01, 0xCA, 0x24, 0x3D, 0x23, 0x23, 0x3C, 0x24, 0x23, 0x3D, 0x23, 0x23, 0x3D, 0x24, 0xFE, 
0x36, 0x34, 0x58, 0x34, 0x34, 0x59, 0x34, 0x34, 0x59, 0x34, 0x34, 0x58, 0x34, 0x34, 0x58, 0x34, 
0x34, 0x59, 0x34, 0x34, 0x59, 0x34, 0x34, 0x58, 0x34, 0x3D, 0x24, 0x3C, 0x23, 0x23, 0x3D, 0x24, 
0x24, 0x3D, 0x23, 0x23, 0x3D, 0x23, 0x24, 0x3C, 0x23, 0x23, 0x3D, 0x24, 0x24, 0x3D, 0x23, 0x23, 
0x3D, 0x23, 0x00, 0x00, 0x00, 0x01, 0x00, 0x27, 0xFF, 0x5E, 0x01, 0xA8, 0x02, 0xC5, 0x00, 0x1D, 
0x00, 0x06, 0xB3, 0x0D, 0x00, 0x01, 0x30, 0x2B, 0x16, 0x26, 0x35, 0x11, 0x07, 0x06, 0x23, 0x22, 
0x26, 0x35, 0x34, 0x37, 0x37, 0x36, 0x33, 0x32, 0x17, 0x17, 0x16, 0x15, 0x14, 0x06, 0x23, 0x22, 
0x27, 0x27, 0x11, 0x14, 0x06, 0x23, 0xDA, 0x11, 0x6E, 0x09, 0x0D, 0x0D, 0x11, 0x09, 0xA3, 0x0A, 
0x0A, 0x0C, 0x08, 0xA4, 0x09, 0x11, 0x0D, 0x0E, 0x08, 0x6E, 0x12, 0x0D, 0xA2, 0x12, 0x0D, 0x02, 
0xE0, 0x6E, 0x09, 0x12, 0x0D, 0x0C, 0x09, 0xA3, 0x08, 0x08, 0xA3, 0x09, 0x0C, 0x0D, 0x12, 0x09, 
0x6E, 0xFD, 0x20, 0x0D, 0x12, 0x00, 0x00, 0x00, 0x00, 0x01, 0x00, 0x24, 0x00, 0x51, 0x03, 0x8B, 
0x01, 0xD2, 0x00, 0x1D, 0x00, 0x06, 0xB3, 0x12, 0x00, 0x01, 0x30, 0x2B, 0x24, 0x26, 0x35, 0x34, 
0x37, 0x37, 0x21, 0x22, 0x26, 0x35, 0x34, 0x36, 0x33, 0x21, 0x27, 0x26, 0x35, 0x34, 0x36, 0x33, 
0x32, 0x17, 0x17, 0x16, 0x15, 0x14, 0x07, 0x07, 0x06, 0x23, 0x02, 0xBE, 0x11, 0x08, 0x6E, 0xFD, 
0x20, 0x0D, 0x12, 0x12, 0x0D, 0x02, 0xE0, 0x6E, 0x08, 0x10, 0x0E, 0x0C, 0x09, 0xA3, 0x08, 0x08, 
0xA3, 0x09, 0x0C, 0x51, 0x11, 0x0D, 0x0C, 0x0A, 0x6E, 0x11, 0x0D, 0x0D, 0x12, 0x6E, 0x08, 0x0C, 
0x0E, 0x12, 0x09, 0xA4, 0x08, 0x0C, 0x0A, 0x0A, 0xA3, 0x09, 0x00, 0x00, 0x00, 0x01, 0x00, 0x27, 
0xFF, 0x5E, 0x01, 0xA8, 0x02, 0xC5, 0x00, 0x1D, 0x00, 0x06, 0xB3, 0x0D, 0x00, 0x01, 0x30, 0x2B, 
0x16, 0x27, 0x27, 0x26, 0x35, 0x34, 0x36, 0x33, 0x32, 0x17, 0x17, 0x11, 0x34, 0x36, 0x33, 0x32, 
0x16, 0x15, 0x11, 0x37, 0x36, 0x33, 0x32, 0x16, 0x15, 0x14, 0x07, 0x07, 0x06, 0x23, 0xDD, 0x0A, 
0xA3, 0x09, 0x11, 0x0D, 0x0D, 0x09, 0x6E, 0x11, 0x0D, 0x0D, 0x12, 0x6E, 0x08, 0x0E, 0x0D, 0x11, 
0x09, 0xA4, 0x08, 0x0C, 0xA2, 0x08, 0xA3, 0x09, 0x0C, 0x0D, 0x12, 0x09, 0x6E, 0x02, 0xE0, 0x0D, 
0x12, 0x12, 0x0D, 0xFD, 0x20, 0x6E, 0x09, 0x12, 0x0D, 0x0C, 0x09, 0xA3, 0x08, 0x00, 0x00, 0x00, 
0x00, 0x01, 0x00, 0x24, 0x00, 0x51, 0x03, 0x8B, 0x01, 0xD2, 0x00, 0x1D, 0x00, 0x06, 0xB3, 0x08, 
0x00, 0x01, 0x30, 0x2B, 0x36, 0x27, 0x27, 0x26, 0x35, 0x34, 0x37, 0x37, 0x36, 0x33, 0x32, 0x16, 
0x15, 0x14, 0x07, 0x07, 0x21, 0x32, 0x16, 0x15, 0x14, 0x06, 0x23, 0x21, 0x17, 0x16, 0x15, 0x14, 
0x06, 0x23, 0xD8, 0x08, 0xA4, 0x08, 0x08, 0xA4, 0x08, 0x0D, 0x0D, 0x11, 0x09, 0x6E, 0x02, 0xE0, 
0x0E, 0x11, 0x12, 0x0D, 0xFD, 0x20, 0x6E, 0x09, 0x11, 0x0D, 0x51, 0x09, 0xA3, 0x0A, 0x0A, 0x0C, 
0x08, 0xA4, 0x09, 0x11, 0x0D, 0x0E, 0x08, 0x6E, 0x11, 0x0E, 0x0D, 0x11, 0x6E, 0x0B, 0x0B, 0x0D, 
0x11, 0x00, 0x00, 0x00, 0x00, 0x01, 0x00, 0x24, 0x00, 0x53, 0x03, 0x8B, 0x01, 0xD4, 0x00, 0x2D, 
0x00, 0x06, 0xB3, 0x08, 0x00, 0x01, 0x30, 0x2B, 0x36, 0x27, 0x27, 0x26, 0x35, 0x34, 0x37, 0x37, 
0x36, 0x33, 0x32, 0x16, 0x15, 0x14, 0x07, 0x07, 0x21, 0x27, 0x26, 0x35, 0x34, 0x36, 0x33, 0x32, 
0x17, 0x17, 0x16, 0x15, 0x14, 0x07, 0x07, 0x06, 0x23, 0x22, 0x26, 0x35, 0x34, 0x37, 0x37, 0x21, 
0x17, 0x16, 0x15, 0x14, 0x06, 0x23, 0xD8, 0x08, 0xA4, 0x08, 0x08, 0xA4, 0x08, 0x0D, 0x0D, 0x11, 
0x09, 0x6E, 0x02, 0x97, 0x6E, 0x08, 0x10, 0x0E, 0x0C, 0x09, 0xA3, 0x08, 0x08, 0xA3, 0x09, 0x0C, 
0x0D, 0x11, 0x08, 0x6E, 0xFD, 0x69, 0x6E, 0x09, 0x11, 0x0D, 0x53, 0x09, 0xA3, 0x0A, 0x0A, 0x0C, 
0x08, 0xA4, 0x09, 0x11, 0x0D, 0x0E, 0x08, 0x6E, 0x6E, 0x08, 0x0C, 0x0E, 0x12, 0x09, 0xA4, 0x08, 
0x0C, 0x0A, 0x0A, 0xA3, 0x09, 0x11, 0x0D, 0x0C, 0x0A, 0x6E, 0x6E, 0x0B, 0x0B, 0x0D, 0x11, 0x00, 
0x00, 0x01, 0x00, 0x27, 0xFF, 0x60, 0x01, 0xA8, 0x02, 0xC7, 0x00, 0x2D, 0x00, 0x06, 0xB3, 0x15, 
0x00, 0x01, 0x30, 0x2B, 0x16, 0x27, 0x27, 0x26, 0x35, 0x34, 0x36, 0x33, 0x32, 0x17, 0x17, 0x11, 
0x07, 0x06, 0x23, 0x22, 0x26, 0x35, 0x34, 0x37, 0x37, 0x36, 0x33, 0x32, 0x17, 0x17, 0x16, 0x15, 
0x14, 0x06, 0x23, 0x22, 0x27, 0x27, 0x11, 0x37, 0x36, 0x33, 0x32, 0x16, 0x15, 0x14, 0x07, 0x07, 
0x06, 0x23, 0xDD, 0x0A, 0xA3, 0x09, 0x11, 0x0D, 0x0D, 0x09, 0x6E, 0x6E, 0x09, 0x0D, 0x0D, 0x11, 
0x09, 0xA3, 0x0A, 0x0A, 0x0C, 0x08, 0xA4, 0x09, 0x11, 0x0D, 0x0E, 0x08, 0x6E, 0x6E, 0x08, 0x0E, 
0x0D, 0x11, 0x09, 0xA4, 0x08, 0x0C, 0xA0, 0x08, 0xA3, 0x09, 0x0C, 0x0D, 0x12, 0x09, 0x6E, 0x02, 
0x97, 0x6E, 0x09, 0x12, 0x0D, 0x0C, 0x09, 0xA3, 0x08, 0x08, 0xA3, 0x09, 0x0C, 0x0D, 0x12, 0x09, 
0x6E, 0xFD, 0x69, 0x6E, 0x09, 0x12, 0x0D, 0x0C, 0x09, 0xA3, 0x08, 0x00, 0x00, 0x02, 0x00, 0x27, 
0xFF, 0x5E, 0x01, 0xA9, 0x02, 0xC7, 0x00, 0x2D, 0x00, 0x3B, 0x00, 0x08, 0xB5, 0x32, 0x2E, 0x15, 
0x00, 0x02, 0x30, 0x2B, 0x16, 0x27, 0x27, 0x26, 0x35, 0x34, 0x36, 0x33, 0x32, 0x17, 0x17, 0x11, 
0x07, 0x06, 0x23, 0x22, 0x26, 0x35, 0x34, 0x37, 0x37, 0x36, 0x33, 0x32, 0x17, 0x17, 0x16, 0x15, 
0x14, 0x06, 0x23, 0x22, 0x27, 0x27, 0x11, 0x37, 0x36, 0x33, 0x32, 0x16, 0x15, 0x14, 0x07, 0x07, 
0x06, 0x23, 0x06, 0x26, 0x35, 0x34, 0x36, 0x33, 0x21, 0x32, 0x16, 0x15, 0x14, 0x06, 0x23, 0x21, 
0xDD, 0x0A, 0xA3, 0x09, 0x11, 0x0D, 0x0D, 0x09, 0x6E, 0x6E, 0x09, 0x0D, 0x0D, 0x11, 0x09, 0xA3, 
0x0A, 0x0A, 0x0C, 0x08, 0xA4, 0x09, 0x11, 0x0D, 0x0E, 0x08, 0x6E, 0x6E, 0x08, 0x0E, 0x0D, 0x11, 
0x09, 0xA4, 0x08, 0x0C, 0xAD, 0x11, 0x11, 0x0D, 0x01, 0x44, 0x0D, 0x11, 0x11, 0x0D, 0xFE, 0xBC, 
0x27, 0x08, 0xA3, 0x09, 0x0C, 0x0D, 0x12, 0x09, 0x6E, 0x02, 0x1E, 0x6E, 0x09, 0x12, 0x0D, 0x0C, 
0x09, 0xA3, 0x08, 0x08, 0xA3, 0x09, 0x0C, 0x0D, 0x12, 0x09, 0x6E, 0xFD, 0xE2, 0x6E, 0x09, 0x12, 
0x0D, 0x0C, 0x09, 0xA3, 0x08, 0x7B, 0x11, 0x0D, 0x0D, 0x12, 0x12, 0x0D, 0x0D, 0x11, 0x00, 0x00, 
0x00, 0x02, 0x00, 0x29, 0xFF, 0x17, 0x04, 0x20, 0x03, 0x0E, 0x00, 0x41, 0x00, 0x51, 0x00, 0x5D, 
0x40, 0x5A, 0x13, 0x01, 0x0A, 0x09, 0x01, 0x4A, 0x00, 0x07, 0x01, 0x06, 0x01, 0x07, 0x06, 0x7E, 
0x00, 0x04, 0x00, 0x01, 0x07, 0x04, 0x01, 0x67, 0x00, 0x05, 0x05, 0x00, 0x5F, 0x00, 0x00, 0x00, 
0x3D, 0x4B, 0x00, 0x09, 0x09, 0x03, 0x5F, 0x00, 0x03, 0x03, 0x40, 0x4B, 0x0C, 0x01, 0x0A, 0x0A, 
0x02, 0x5F, 0x00, 0x02, 0x02, 0x3E, 0x4B, 0x00, 0x06, 0x06, 0x08, 0x5F, 0x0B, 0x01, 0x08, 0x08, 
0x42, 0x08, 0x4C, 0x42, 0x42, 0x00, 0x00, 0x42, 0x51, 0x42, 0x50, 0x4A, 0x48, 0x00, 0x41, 0x00, 
0x40, 0x23, 0x26, 0x26, 0x25, 0x26, 0x25, 0x26, 0x26, 0x0D, 0x09, 0x1C, 0x2B, 0x04, 0x26, 0x26, 
0x35, 0x34, 0x36, 0x36, 0x33, 0x32, 0x16, 0x16, 0x15, 0x14, 0x06, 0x06, 0x23, 0x22, 0x26, 0x35, 
0x35, 0x06, 0x06, 0x23, 0x22, 0x26, 0x26, 0x35, 0x34, 0x36, 0x36, 0x33, 0x32, 0x16, 0x16, 0x15, 
0x15, 0x14, 0x33, 0x32, 0x36, 0x36, 0x35, 0x34, 0x26, 0x26, 0x23, 0x22, 0x06, 0x06, 0x15, 0x14, 
0x16, 0x16, 0x33, 0x32, 0x36, 0x37, 0x36, 0x33, 0x32, 0x16, 0x15, 0x14, 0x06, 0x06, 0x23, 0x12, 
0x36, 0x36, 0x35, 0x34, 0x26, 0x26, 0x23, 0x22, 0x06, 0x06, 0x15, 0x14, 0x16, 0x16, 0x33, 0x01, 
0x91, 0xE7, 0x81, 0x81, 0xE7, 0x93, 0x93, 0xE7, 0x82, 0x30, 0x56, 0x37, 0x30, 0x3E, 0x1D, 0x76, 
0x3E, 0x4E, 0x7A, 0x45, 0x45, 0x7A, 0x4E, 0x4E, 0x7A, 0x45, 0x32, 0x26, 0x3A, 0x21, 0x73, 0xCC, 
0x81, 0x81, 0xCC, 0x72, 0x72, 0xCC, 0x81, 0x2F, 0x67, 0x22, 0x0E, 0x09, 0x0B, 0x0C, 0x3D, 0x69, 
0x40, 0x3C, 0x5F, 0x36, 0x36, 0x5F, 0x3C, 0x3C, 0x5F, 0x36, 0x36, 0x5F, 0x3C, 0xE9, 0x81, 0xE7, 
0x93, 0x93, 0xE7, 0x82, 0x82, 0xE7, 0x93, 0x59, 0x8D, 0x4F, 0x3E, 0x30, 0x20, 0x2C, 0x3A, 0x45, 
0x7A, 0x4E, 0x4E, 0x7B, 0x45, 0x45, 0x7B, 0x4E, 0xB3, 0x46, 0x3F, 0x72, 0x48, 0x81, 0xCC, 0x73, 
0x73, 0xCC, 0x81, 0x81, 0xCC, 0x72, 0x15, 0x11, 0x06, 0x0E, 0x0D, 0x10, 0x25, 0x18, 0x01, 0x2A, 
0x36, 0x5F, 0x3C, 0x3D, 0x5F, 0x36, 0x36, 0x5F, 0x3D, 0x3C, 0x5F, 0x36, 0x00, 0x03, 0x00, 0x2D, 
0xFF, 0xFE, 0x02, 0x97, 0x03, 0x10, 0x00, 0x30, 0x00, 0x3E, 0x00, 0x4A, 0x00, 0x72, 0x40, 0x12, 
0x40, 0x24, 0x14, 0x03, 0x03, 0x04, 0x2F, 0x25, 0x08, 0x03, 0x05, 0x03, 0x01, 0x01, 0x00, 0x05, 
0x03, 0x4A, 0x4B, 0xB0, 0x17, 0x50, 0x58, 0x40, 0x22, 0x00, 0x03, 0x04, 0x05, 0x04, 0x03, 0x05, 
0x7E, 0x00, 0x04, 0x04, 0x02, 0x5F, 0x00, 0x02, 0x02, 0x3D, 0x4B, 0x00, 0x00, 0x00, 0x3E, 0x4B, 
0x00, 0x05, 0x05, 0x01, 0x5F, 0x00, 0x01, 0x01, 0x3E, 0x01, 0x4C, 0x1B, 0x40, 0x25, 0x00, 0x03, 
0x04, 0x05, 0x04, 0x03, 0x05, 0x7E, 0x00, 0x00, 0x05, 0x01, 0x05, 0x00, 0x01, 0x7E, 0x00, 0x04, 
0x04, 0x02, 0x5F, 0x00, 0x02, 0x02, 0x3D, 0x4B, 0x00, 0x05, 0x05, 0x01, 0x5F, 0x00, 0x01, 0x01, 
0x3E, 0x01, 0x4C, 0x59, 0x40, 0x09, 0x2D, 0x2E, 0x2A, 0x2E, 0x25, 0x24, 0x06, 0x09, 0x1A, 0x2B, 
0x24, 0x15, 0x14, 0x07, 0x06, 0x23, 0x22, 0x27, 0x27, 0x07, 0x06, 0x06, 0x23, 0x22, 0x26, 0x26, 
0x35, 0x34, 0x36, 0x37, 0x37, 0x27, 0x26, 0x26, 0x35, 0x34, 0x36, 0x36, 0x33, 0x32, 0x16, 0x16, 
0x15, 0x14, 0x06, 0x07, 0x07, 0x17, 0x37, 0x36, 0x33, 0x32, 0x17, 0x16, 0x15, 0x14, 0x07, 0x07, 
0x17, 0x01, 0x37, 0x36, 0x36, 0x35, 0x34, 0x26, 0x23, 0x22, 0x06, 0x15, 0x14, 0x16, 0x17, 0x01, 
0x27, 0x07, 0x06, 0x06, 0x15, 0x14, 0x16, 0x33, 0x32, 0x36, 0x37, 0x02, 0x97, 0x09, 0x0A, 0x0B, 
0x0B, 0x0A, 0x6F, 0x1E, 0x37, 0x67, 0x39, 0x40, 0x60, 0x33, 0x48, 0x54, 0x11, 0x37, 0x20, 0x25, 
0x2C, 0x4C, 0x2F, 0x30, 0x4E, 0x2D, 0x3D, 0x38, 0x12, 0xCA, 0x57, 0x0C, 0x09, 0x09, 0x0A, 0x0B, 
0x0A, 0x59, 0x70, 0xFE, 0x7C, 0x18, 0x28, 0x30, 0x3D, 0x34, 0x2D, 0x3E, 0x1A, 0x1A, 0x00, 0xFF, 
0xCF, 0x18, 0x47, 0x36, 0x52, 0x47, 0x2C, 0x51, 0x2F, 0x3A, 0x09, 0x08, 0x09, 0x0A, 0x0A, 0x6F, 
0x1F, 0x3A, 0x38, 0x2E, 0x52, 0x33, 0x3E, 0x6C, 0x42, 0x0D, 0x37, 0x1F, 0x4E, 0x28, 0x2B, 0x47, 
0x28, 0x29, 0x49, 0x2D, 0x36, 0x5C, 0x2A, 0x0D, 0xCA, 0x5D, 0x0C, 0x09, 0x09, 0x0B, 0x0A, 0x0A, 
0x5F, 0x70, 0x01, 0x84, 0x13, 0x1F, 0x4C, 0x26, 0x2D, 0x3E, 0x3B, 0x29, 0x22, 0x37, 0x1A, 0xFE, 
0xB4, 0xCF, 0x12, 0x38, 0x5D, 0x31, 0x35, 0x45, 0x30, 0x32, 0x00, 0x00, 0x00, 0x01, 0x00, 0x2D, 
0x00, 0x00, 0x01, 0xFE, 0x03, 0x0E, 0x00, 0x1F, 0x00, 0x2C, 0x40, 0x29, 0x00, 0x00, 0x02, 0x03, 
0x02, 0x00, 0x03, 0x7E, 0x04, 0x01, 0x02, 0x02, 0x01, 0x5D, 0x00, 0x01, 0x01, 0x3D, 0x4B, 0x06, 
0x05, 0x02, 0x03, 0x03, 0x3E, 0x03, 0x4C, 0x00, 0x00, 0x00, 0x1F, 0x00, 0x1E, 0x13, 0x23, 0x14, 
0x36, 0x13, 0x07, 0x09, 0x19, 0x2B, 0x20, 0x26, 0x35, 0x11, 0x22, 0x26, 0x26, 0x35, 0x34, 0x36, 
0x36, 0x33, 0x33, 0x32, 0x16, 0x15, 0x14, 0x06, 0x23, 0x11, 0x14, 0x06, 0x23, 0x22, 0x26, 0x35, 
0x11, 0x23, 0x11, 0x14, 0x06, 0x23, 0x01, 0x08, 0x11, 0x3B, 0x5C, 0x33, 0x34, 0x58, 0x34, 0xF3, 
0x0D, 0x11, 0x17, 0x11, 0x11, 0x0D, 0x0D, 0x12, 0x65, 0x12, 0x0D, 0x11, 0x0D, 0x01, 0x6F, 0x33, 
0x58, 0x35, 0x34, 0x59, 0x34, 0x12, 0x0D, 0x0D, 0x11, 0xFD, 0x4D, 0x0D, 0x11, 0x11, 0x0D, 0x02, 
0xB3, 0xFD, 0x4D, 0x0D, 0x11, 0x00, 0x00, 0x00, 0x00, 0x02, 0x00, 0x29, 0xFF, 0x16, 0x01, 0xA9, 
0x03, 0x0D, 0x00, 0x47, 0x00, 0x57, 0x00, 0x5C, 0x40, 0x59, 0x1C, 0x01, 0x08, 0x06, 0x40, 0x01, 
0x02, 0x09, 0x02, 0x4A, 0x00, 0x04, 0x05, 0x06, 0x05, 0x04, 0x06, 0x7E, 0x00, 0x00, 0x02, 0x01, 
0x02, 0x00, 0x01, 0x7E, 0x00, 0x06, 0x00, 0x08, 0x09, 0x06, 0x08, 0x67, 0x0B, 0x01, 0x09, 0x00, 
0x02, 0x00, 0x09, 0x02, 0x67, 0x00, 0x05, 0x05, 0x03, 0x5F, 0x00, 0x03, 0x03, 0x3D, 0x4B, 0x00, 
0x01, 0x01, 0x07, 0x5F, 0x0A, 0x01, 0x07, 0x07, 0x42, 0x07, 0x4C, 0x48, 0x48, 0x00, 0x00, 0x48, 
0x57, 0x48, 0x56, 0x50, 0x4E, 0x00, 0x47, 0x00, 0x46, 0x26, 0x25, 0x25, 0x2C, 0x26, 0x25, 0x25, 
0x0C, 0x09, 0x1B, 0x2B, 0x16, 0x26, 0x26, 0x35, 0x34, 0x36, 0x33, 0x32, 0x16, 0x15, 0x14, 0x16, 
0x16, 0x33, 0x32, 0x36, 0x36, 0x35, 0x34, 0x26, 0x26, 0x23, 0x22, 0x26, 0x26, 0x35, 0x34, 0x36, 
0x37, 0x26, 0x26, 0x35, 0x34, 0x36, 0x36, 0x33, 0x32, 0x16, 0x16, 0x15, 0x14, 0x06, 0x23, 0x22, 
0x26, 0x35, 0x34, 0x26, 0x26, 0x23, 0x22, 0x06, 0x06, 0x15, 0x14, 0x16, 0x16, 0x33, 0x32, 0x16, 
0x16, 0x15, 0x14, 0x06, 0x07, 0x16, 0x16, 0x15, 0x14, 0x06, 0x06, 0x23, 0x12, 0x36, 0x36, 0x35, 
0x34, 0x26, 0x26, 0x23, 0x22, 0x06, 0x06, 0x15, 0x14, 0x16, 0x16, 0x33, 0xB4, 0x58, 0x33, 0x11, 
0x0D, 0x0D, 0x11, 0x25, 0x3C, 0x23, 0x22, 0x3D, 0x25, 0x25, 0x3D, 0x22, 0x34, 0x58, 0x34, 0x2C, 
0x2B, 0x2B, 0x2C, 0x33, 0x58, 0x35, 0x34, 0x58, 0x34, 0x11, 0x0D, 0x0D, 0x11, 0x25, 0x3D, 0x22, 
0x23, 0x3C, 0x25, 0x24, 0x3D, 0x23, 0x34, 0x58, 0x34, 0x2D, 0x2A, 0x2A, 0x2D, 0x34, 0x58, 0x34, 
0x23, 0x3D, 0x24, 0x25, 0x3C, 0x23, 0x23, 0x3D, 0x24, 0x24, 0x3C, 0x24, 0xEA, 0x33, 0x57, 0x33, 
0x0D, 0x11, 0x11, 0x0D, 0x23, 0x3B, 0x23, 0x23, 0x3B, 0x23, 0x22, 0x3C, 0x23, 0x33, 0x56, 0x34, 
0x31, 0x53, 0x1C, 0x1B, 0x53, 0x31, 0x33, 0x57, 0x33, 0x33, 0x57, 0x33, 0x0D, 0x11, 0x11, 0x0D, 
0x23, 0x3B, 0x23, 0x23, 0x3B, 0x23, 0x23, 0x3C, 0x23, 0x33, 0x56, 0x34, 0x31, 0x54, 0x1A, 0x1B, 
0x54, 0x30, 0x33, 0x57, 0x33, 0x01, 0x7A, 0x23, 0x3C, 0x22, 0x23, 0x3C, 0x23, 0x23, 0x3C, 0x23, 
0x23, 0x3C, 0x22, 0x00, 0x00, 0x03, 0x00, 0x2D, 0x00, 0x00, 0x03, 0x3B, 0x03, 0x0F, 0x00, 0x0F, 
0x00, 0x1F, 0x00, 0x4A, 0x00, 0x68, 0xB1, 0x06, 0x64, 0x44, 0x40, 0x5D, 0x00, 0x05, 0x06, 0x08, 
0x06, 0x05, 0x08, 0x7E, 0x00, 0x08, 0x07, 0x06, 0x08, 0x07, 0x7C, 0x00, 0x00, 0x00, 0x02, 0x04, 
0x00, 0x02, 0x67, 0x00, 0x04, 0x00, 0x06, 0x05, 0x04, 0x06, 0x67, 0x00, 0x07, 0x0C, 0x01, 0x09, 
0x03, 0x07, 0x09, 0x67, 0x0B, 0x01, 0x03, 0x01, 0x01, 0x03, 0x57, 0x0B, 0x01, 0x03, 0x03, 0x01, 
0x5F, 0x0A, 0x01, 0x01, 0x03, 0x01, 0x4F, 0x20, 0x20, 0x10, 0x10, 0x00, 0x00, 0x20, 0x4A, 0x20, 
0x49, 0x42, 0x40, 0x3E, 0x3C, 0x36, 0x34, 0x31, 0x2F, 0x28, 0x26, 0x10, 0x1F, 0x10, 0x1E, 0x18, 
0x16, 0x00, 0x0F, 0x00, 0x0E, 0x26, 0x0D, 0x09, 0x15, 0x2B, 0xB1, 0x06, 0x00, 0x44, 0x20, 0x26, 
0x26, 0x35, 0x34, 0x36, 0x36, 0x33, 0x32, 0x16, 0x16, 0x15, 0x14, 0x06, 0x06, 0x23, 0x3E, 0x02, 
0x35, 0x34, 0x26, 0x26, 0x23, 0x22, 0x06, 0x06, 0x15, 0x14, 0x16, 0x16, 0x33, 0x2E, 0x02, 0x35, 
0x34, 0x36, 0x36, 0x33, 0x32, 0x16, 0x17, 0x16, 0x15, 0x14, 0x07, 0x06, 0x23, 0x22, 0x27, 0x26, 
0x26, 0x23, 0x22, 0x06, 0x06, 0x15, 0x14, 0x16, 0x16, 0x33, 0x32, 0x37, 0x36, 0x33, 0x32, 0x17, 
0x16, 0x15, 0x14, 0x07, 0x06, 0x06, 0x23, 0x01, 0x48, 0xB3, 0x68, 0x6A, 0xB3, 0x6A, 0x69, 0xB4, 
0x6A, 0x68, 0xB3, 0x6C, 0x5B, 0x9A, 0x5B, 0x5A, 0x9B, 0x5B, 0x5A, 0x9A, 0x5B, 0x5A, 0x9A, 0x5B, 
0x41, 0x71, 0x41, 0x3D, 0x6A, 0x43, 0x3B, 0x61, 0x23, 0x07, 0x0F, 0x06, 0x0B, 0x0E, 0x0B, 0x1C, 
0x45, 0x2C, 0x31, 0x4C, 0x2B, 0x2E, 0x53, 0x35, 0x4A, 0x2F, 0x0C, 0x0B, 0x0A, 0x0A, 0x0B, 0x0A, 
0x20, 0x55, 0x30, 0x68, 0xB4, 0x6C, 0x69, 0xB4, 0x6A, 0x6A, 0xB4, 0x69, 0x6C, 0xB4, 0x68, 0x38, 
0x5B, 0x9B, 0x5A, 0x5B, 0x9A, 0x5A, 0x5A, 0x9A, 0x5B, 0x5B, 0x9B, 0x5A, 0x53, 0x42, 0x74, 0x47, 
0x48, 0x74, 0x42, 0x2E, 0x2C, 0x08, 0x0B, 0x10, 0x09, 0x05, 0x0C, 0x22, 0x1F, 0x30, 0x58, 0x38, 
0x37, 0x57, 0x32, 0x2A, 0x0A, 0x08, 0x0B, 0x0C, 0x0C, 0x09, 0x1E, 0x1F, 0x00, 0x04, 0x00, 0x2D, 
0x00, 0x00, 0x03, 0x3B, 0x03, 0x0F, 0x00, 0x0F, 0x00, 0x1F, 0x00, 0x3C, 0x00, 0x45, 0x00, 0x63, 
0xB1, 0x06, 0x64, 0x44, 0x40, 0x58, 0x3C, 0x01, 0x05, 0x08, 0x01, 0x4A, 0x06, 0x01, 0x04, 0x05, 
0x03, 0x05, 0x04, 0x03, 0x7E, 0x0A, 0x01, 0x01, 0x00, 0x02, 0x07, 0x01, 0x02, 0x67, 0x00, 0x07, 
0x00, 0x09, 0x08, 0x07, 0x09, 0x65, 0x00, 0x08, 0x00, 0x05, 0x04, 0x08, 0x05, 0x65, 0x0B, 0x01, 
0x03, 0x00, 0x00, 0x03, 0x57, 0x0B, 0x01, 0x03, 0x03, 0x00, 0x5F, 0x00, 0x00, 0x03, 0x00, 0x4F, 
0x10, 0x10, 0x00, 0x00, 0x45, 0x43, 0x3F, 0x3D, 0x37, 0x34, 0x2F, 0x2D, 0x2A, 0x28, 0x26, 0x24, 
0x10, 0x1F, 0x10, 0x1E, 0x18, 0x16, 0x00, 0x0F, 0x00, 0x0E, 0x26, 0x0C, 0x09, 0x15, 0x2B, 0xB1, 
0x06, 0x00, 0x44, 0x00, 0x16, 0x16, 0x15, 0x14, 0x06, 0x06, 0x23, 0x22, 0x26, 0x26, 0x35, 0x34, 
0x36, 0x36, 0x33, 0x12, 0x36, 0x36, 0x35, 0x34, 0x26, 0x26, 0x23, 0x22, 0x06, 0x06, 0x15, 0x14, 
0x16, 0x16, 0x33, 0x37, 0x16, 0x15, 0x14, 0x06, 0x23, 0x22, 0x27, 0x27, 0x23, 0x23, 0x15, 0x14, 
0x06, 0x23, 0x22, 0x26, 0x35, 0x11, 0x34, 0x36, 0x33, 0x33, 0x32, 0x16, 0x15, 0x14, 0x06, 0x07, 
0x27, 0x33, 0x32, 0x36, 0x35, 0x34, 0x26, 0x23, 0x23, 0x02, 0x1D, 0xB4, 0x6A, 0x68, 0xB3, 0x6C, 
0x6C, 0xB3, 0x68, 0x6A, 0xB3, 0x6A, 0x5B, 0x9A, 0x5B, 0x5A, 0x9B, 0x5B, 0x5A, 0x9A, 0x5B, 0x5A, 
0x9A, 0x5B, 0xAA, 0x08, 0x0F, 0x0E, 0x10, 0x09, 0x72, 0x07, 0x5D, 0x10, 0x0D, 0x0D, 0x10, 0x10, 
0x0D, 0x7A, 0x4A, 0x5D, 0x39, 0x2D, 0x9E, 0x5D, 0x31, 0x3D, 0x3D, 0x31, 0x5D, 0x03, 0x0F, 0x6A, 
0xB4, 0x69, 0x6C, 0xB4, 0x68, 0x68, 0xB4, 0x6C, 0x69, 0xB4, 0x6A, 0xFD, 0x29, 0x5B, 0x9B, 0x5A, 
0x5B, 0x9A, 0x5A, 0x5A, 0x9A, 0x5B, 0x5B, 0x9B, 0x5A, 0x89, 0x0D, 0x0A, 0x0B, 0x0C, 0x0F, 0xB4, 
0xA5, 0x0D, 0x11, 0x11, 0x0D, 0x01, 0xBD, 0x0D, 0x11, 0x57, 0x45, 0x31, 0x4C, 0x11, 0x2A, 0x34, 
0x30, 0x30, 0x36, 0x00, 0x00, 0x02, 0x00, 0x0A, 0x01, 0xD5, 0x02, 0xB9, 0x03, 0x0E, 0x00, 0x21, 
0x00, 0x38, 0x00, 0x08, 0xB5, 0x2B, 0x22, 0x1C, 0x07, 0x02, 0x30, 0x2B, 0x00, 0x33, 0x32, 0x16, 
0x15, 0x11, 0x14, 0x06, 0x23, 0x22, 0x26, 0x35, 0x35, 0x07, 0x06, 0x23, 0x22, 0x27, 0x27, 0x15, 
0x14, 0x06, 0x23, 0x22, 0x26, 0x35, 0x11, 0x34, 0x36, 0x33, 0x32, 0x17, 0x17, 0x37, 0x24, 0x16, 
0x15, 0x14, 0x06, 0x23, 0x23, 0x15, 0x14, 0x06, 0x23, 0x22, 0x26, 0x35, 0x35, 0x23, 0x22, 0x26, 
0x35, 0x34, 0x36, 0x33, 0x33, 0x02, 0x8F, 0x10, 0x0A, 0x10, 0x0E, 0x09, 0x0A, 0x0E, 0x6D, 0x05, 
0x0E, 0x0F, 0x08, 0x6B, 0x0E, 0x0A, 0x0A, 0x0D, 0x10, 0x0A, 0x10, 0x06, 0x80, 0x80, 0xFE, 0x91, 
0x0C, 0x0C, 0x0A, 0x61, 0x0D, 0x0A, 0x0A, 0x0D, 0x62, 0x09, 0x0C, 0x0C, 0x09, 0xF1, 0x03, 0x0D, 
0x0B, 0x09, 0xFE, 0xF1, 0x09, 0x0C, 0x0C, 0x09, 0xCB, 0xC0, 0x0B, 0x0D, 0xBA, 0xC7, 0x09, 0x0C, 
0x0C, 0x09, 0x01, 0x0F, 0x09, 0x0C, 0x0C, 0xDD, 0xDD, 0x0B, 0x0B, 0x08, 0x08, 0x0B, 0xFD, 0x09, 
0x0C, 0x0C, 0x09, 0xFD, 0x0B, 0x08, 0x08, 0x0B, 0x00, 0x04, 0x00, 0x1F, 0x00, 0x00, 0x03, 0x8B, 
0x03, 0x17, 0x00, 0x25, 0x00, 0x35, 0x00, 0x45, 0x00, 0x55, 0x00, 0x0D, 0x40, 0x0A, 0x4C, 0x46, 
0x3C, 0x36, 0x2C, 0x26, 0x06, 0x00, 0x04, 0x30, 0x2B, 0x12, 0x26, 0x26, 0x35, 0x34, 0x36, 0x36, 
0x33, 0x32, 0x17, 0x16, 0x15, 0x14, 0x07, 0x06, 0x23, 0x22, 0x27, 0x26, 0x23, 0x22, 0x06, 0x15, 
0x14, 0x16, 0x33, 0x32, 0x37, 0x36, 0x33, 0x32, 0x17, 0x16, 0x15, 0x14, 0x07, 0x06, 0x23, 0x02, 
0x26, 0x35, 0x34, 0x37, 0x01, 0x36, 0x33, 0x32, 0x16, 0x15, 0x14, 0x07, 0x01, 0x06, 0x23, 0x20, 
0x26, 0x26, 0x35, 0x34, 0x36, 0x36, 0x33, 0x32, 0x16, 0x16, 0x15, 0x14, 0x06, 0x06, 0x23, 0x3E, 
0x02, 0x35, 0x34, 0x26, 0x26, 0x23, 0x22, 0x06, 0x06, 0x15, 0x14, 0x16, 0x16, 0x33, 0xAD, 0x5A, 
0x34, 0x34, 0x5A, 0x37, 0x3D, 0x36, 0x0B, 0x09, 0x09, 0x0B, 0x09, 0x09, 0x23, 0x2C, 0x3B, 0x50, 
0x50, 0x3B, 0x24, 0x20, 0x08, 0x08, 0x0E, 0x07, 0x08, 0x0D, 0x2F, 0x35, 0x0C, 0x12, 0x05, 0x01, 
0xE8, 0x08, 0x10, 0x0D, 0x11, 0x05, 0xFE, 0x18, 0x07, 0x10, 0x01, 0xB0, 0x58, 0x34, 0x34, 0x59, 
0x34, 0x35, 0x58, 0x34, 0x34, 0x59, 0x34, 0x24, 0x3E, 0x25, 0x25, 0x3E, 0x24, 0x24, 0x3E, 0x25, 
0x25, 0x3E, 0x24, 0x01, 0x90, 0x33, 0x59, 0x37, 0x37, 0x5A, 0x33, 0x25, 0x09, 0x0D, 0x0A, 0x0B, 
0x09, 0x06, 0x19, 0x4F, 0x3B, 0x3A, 0x4F, 0x12, 0x05, 0x0A, 0x08, 0x0C, 0x10, 0x07, 0x1C, 0xFE, 
0x70, 0x11, 0x0D, 0x09, 0x08, 0x02, 0xD3, 0x0B, 0x11, 0x0D, 0x0B, 0x06, 0xFD, 0x2E, 0x0C, 0x34, 
0x59, 0x34, 0x34, 0x58, 0x35, 0x35, 0x59, 0x33, 0x33, 0x59, 0x35, 0x3A, 0x24, 0x3E, 0x25, 0x25, 
0x3E, 0x24, 0x24, 0x3E, 0x25, 0x25, 0x3E, 0x24, 0x00, 0x02, 0x00, 0x29, 0x01, 0x95, 0x01, 0xA9, 
0x03, 0x16, 0x00, 0x0F, 0x00, 0x1F, 0x00, 0x38, 0xB1, 0x06, 0x64, 0x44, 0x40, 0x2D, 0x00, 0x00, 
0x00, 0x02, 0x03, 0x00, 0x02, 0x67, 0x05, 0x01, 0x03, 0x01, 0x01, 0x03, 0x57, 0x05, 0x01, 0x03, 
0x03, 0x01, 0x5F, 0x04, 0x01, 0x01, 0x03, 0x01, 0x4F, 0x10, 0x10, 0x00, 0x00, 0x10, 0x1F, 0x10, 
0x1E, 0x18, 0x16, 0x00, 0x0F, 0x00, 0x0E, 0x26, 0x06, 0x09, 0x15, 0x2B, 0xB1, 0x06, 0x00, 0x44, 
0x12, 0x26, 0x26, 0x35, 0x34, 0x36, 0x36, 0x33, 0x32, 0x16, 0x16, 0x15, 0x14, 0x06, 0x06, 0x23, 
0x3E, 0x02, 0x35, 0x34, 0x26, 0x26, 0x23, 0x22, 0x06, 0x06, 0x15, 0x14, 0x16, 0x16, 0x33, 0xB5, 
0x58, 0x34, 0x33, 0x58, 0x35, 0x35, 0x58, 0x33, 0x34, 0x58, 0x34, 0x23, 0x3D, 0x24, 0x25, 0x3D, 
0x22, 0x23, 0x3D, 0x24, 0x24, 0x3D, 0x23, 0x01, 0x95, 0x34, 0x58, 0x35, 0x34, 0x58, 0x34, 0x34, 
0x58, 0x34, 0x35, 0x58, 0x34, 0x3D, 0x24, 0x3D, 0x23, 0x23, 0x3C, 0x24, 0x24, 0x3C, 0x23, 0x24, 
0x3C, 0x24, 0x00, 0x00, 0x00, 0x01, 0x00, 0xA3, 0xFF, 0x16, 0x00, 0xE0, 0x03, 0x0E, 0x00, 0x0D, 
0x00, 0x19, 0x40, 0x16, 0x00, 0x00, 0x00, 0x3D, 0x4B, 0x02, 0x01, 0x01, 0x01, 0x42, 0x01, 0x4C, 
0x00, 0x00, 0x00, 0x0D, 0x00, 0x0C, 0x25, 0x03, 0x09, 0x15, 0x2B, 0x16, 0x26, 0x35, 0x11, 0x34, 
0x36, 0x33, 0x32, 0x16, 0x15, 0x11, 0x14, 0x06, 0x23, 0xB4, 0x11, 0x11, 0x0D, 0x0D, 0x12, 0x12, 
0x0D, 0xEA, 0x11, 0x0D, 0x03, 0xBC, 0x0D, 0x11, 0x11, 0x0D, 0xFC, 0x44, 0x0D, 0x11, 0x00, 0x00, 
0x00, 0x02, 0x00, 0x53, 0xFF, 0x16, 0x00, 0x90, 0x03, 0x67, 0x00, 0x0D, 0x00, 0x1B, 0x00, 0x2A, 
0x40, 0x27, 0x00, 0x00, 0x04, 0x01, 0x01, 0x02, 0x00, 0x01, 0x67, 0x00, 0x02, 0x02, 0x03, 0x5F, 
0x05, 0x01, 0x03, 0x03, 0x42, 0x03, 0x4C, 0x0E, 0x0E, 0x00, 0x00, 0x0E, 0x1B, 0x0E, 0x1A, 0x15, 
0x13, 0x00, 0x0D, 0x00, 0x0C, 0x25, 0x06, 0x09, 0x15, 0x2B, 0x12, 0x26, 0x35, 0x11, 0x34, 0x36, 
0x33, 0x32, 0x16, 0x15, 0x11, 0x14, 0x06, 0x23, 0x02, 0x26, 0x35, 0x11, 0x34, 0x36, 0x33, 0x32, 
0x16, 0x15, 0x11, 0x14, 0x06, 0x23, 0x64, 0x11, 0x11, 0x0D, 0x0D, 0x12, 0x12, 0x0D, 0x0D, 0x11, 
0x11, 0x0D, 0x0D, 0x12, 0x12, 0x0D, 0x01, 0xBE, 0x11, 0x0D, 0x01, 0x6C, 0x0D, 0x12, 0x12, 0x0D, 
0xFE, 0x94, 0x0D, 0x11, 0xFD, 0x58, 0x11, 0x0D, 0x01, 0x64, 0x0D, 0x11, 0x11, 0x0D, 0xFE, 0x9C, 
0x0D, 0x11, 0x00, 0x00, 0x00, 0x01, 0x00, 0x28, 0xFF, 0x16, 0x01, 0xF9, 0x03, 0x16, 0x00, 0x1F, 
0x00, 0x29, 0x40, 0x26, 0x00, 0x02, 0x02, 0x45, 0x4B, 0x04, 0x01, 0x00, 0x00, 0x01, 0x5D, 0x03, 
0x01, 0x01, 0x01, 0x40, 0x4B, 0x06, 0x01, 0x05, 0x05, 0x42, 0x05, 0x4C, 0x00, 0x00, 0x00, 0x1F, 
0x00, 0x1E, 0x24, 0x23, 0x23, 0x24, 0x23, 0x07, 0x09, 0x19, 0x2B, 0x04, 0x26, 0x35, 0x11, 0x23, 
0x22, 0x26, 0x35, 0x34, 0x36, 0x33, 0x33, 0x35, 0x34, 0x36, 0x33, 0x32, 0x16, 0x15, 0x15, 0x33, 
0x32, 0x16, 0x15, 0x14, 0x06, 0x23, 0x23, 0x11, 0x14, 0x06, 0x23, 0x01, 0x03, 0x11, 0xAC, 0x0D, 
0x11, 0x11, 0x0D, 0xAC, 0x11, 0x0D, 0x0D, 0x12, 0xAC, 0x0D, 0x11, 0x11, 0x0D, 0xAC, 0x12, 0x0D, 
0xEA, 0x11, 0x0C, 0x02, 0xB3, 0x12, 0x0D, 0x0D, 0x11, 0xD5, 0x0D, 0x11, 0x11, 0x0D, 0xD5, 0x11, 
0x0D, 0x0D, 0x12, 0xFD, 0x4D, 0x0C, 0x11, 0x00, 0x00, 0x02, 0x00, 0x28, 0x00, 0x00, 0x01, 0x5E, 
0x03, 0x16, 0x00, 0x27, 0x00, 0x32, 0x00, 0x08, 0xB5, 0x2E, 0x28, 0x17, 0x04, 0x02, 0x30, 0x2B, 
0x24, 0x16, 0x15, 0x14, 0x06, 0x23, 0x22, 0x26, 0x35, 0x35, 0x07, 0x06, 0x06, 0x23, 0x22, 0x27, 
0x26, 0x35, 0x34, 0x37, 0x37, 0x11, 0x34, 0x36, 0x33, 0x32, 0x16, 0x15, 0x14, 0x06, 0x07, 0x07, 
0x15, 0x14, 0x16, 0x33, 0x32, 0x37, 0x36, 0x33, 0x03, 0x37, 0x36, 0x36, 0x35, 0x34, 0x26, 0x23, 
0x22, 0x06, 0x15, 0x01, 0x2E, 0x12, 0x32, 0x25, 0x2F, 0x40, 0x19, 0x04, 0x0E, 0x07, 0x0B, 0x08, 
0x0D, 0x05, 0x4D, 0x40, 0x2F, 0x32, 0x43, 0x13, 0x14, 0x80, 0x1D, 0x15, 0x0B, 0x12, 0x11, 0x0A, 
0x6A, 0x57, 0x08, 0x0A, 0x1F, 0x17, 0x16, 0x1D, 0x53, 0x11, 0x0D, 0x17, 0x1E, 0x40, 0x2F, 0x93, 
0x2A, 0x07, 0x09, 0x07, 0x09, 0x0F, 0x08, 0x0A, 0x7F, 0x01, 0x2F, 0x2F, 0x40, 0x40, 0x2F, 0x18, 
0x2F, 0x21, 0xD7, 0xF9, 0x15, 0x1D, 0x0B, 0x0B, 0x01, 0x8A, 0x90, 0x0D, 0x24, 0x0D, 0x14, 0x1C, 
0x1E, 0x16, 0x00, 0x00, 0x00, 0x01, 0x00, 0x28, 0xFF, 0x16, 0x01, 0xF9, 0x03, 0x16, 0x00, 0x31, 
0x00, 0x39, 0x40, 0x36, 0x00, 0x04, 0x04, 0x45, 0x4B, 0x06, 0x01, 0x02, 0x02, 0x03, 0x5D, 0x05, 
0x01, 0x03, 0x03, 0x40, 0x4B, 0x07, 0x01, 0x01, 0x01, 0x00, 0x5D, 0x08, 0x01, 0x00, 0x00, 0x3E, 
0x4B, 0x0A, 0x01, 0x09, 0x09, 0x42, 0x09, 0x4C, 0x00, 0x00, 0x00, 0x31, 0x00, 0x30, 0x24, 0x21, 
0x24, 0x23, 0x23, 0x24, 0x21, 0x24, 0x23, 0x0B, 0x09, 0x1D, 0x2B, 0x04, 0x26, 0x35, 0x35, 0x23, 
0x22, 0x26, 0x35, 0x34, 0x36, 0x33, 0x33, 0x11, 0x23, 0x22, 0x26, 0x35, 0x34, 0x36, 0x33, 0x33, 
0x35, 0x34, 0x36, 0x33, 0x32, 0x16, 0x15, 0x15, 0x33, 0x32, 0x16, 0x15, 0x14, 0x06, 0x23, 0x23, 
0x11, 0x33, 0x32, 0x16, 0x15, 0x14, 0x06, 0x23, 0x23, 0x15, 0x14, 0x06, 0x23, 0x01, 0x03, 0x11, 
0xAC, 0x0D, 0x11, 0x11, 0x0D, 0xAC, 0xAC, 0x0D, 0x11, 0x11, 0x0D, 0xAC, 0x11, 0x0D, 0x0D, 0x12, 
0xAC, 0x0D, 0x11, 0x11, 0x0D, 0xAC, 0xAC, 0x0D, 0x11, 0x11, 0x0D, 0xAC, 0x12, 0x0D, 0xEA, 0x11, 
0x0C, 0xCD, 0x11, 0x0D, 0x0D, 0x12, 0x01, 0xA9, 0x12, 0x0D, 0x0D, 0x11, 0xD5, 0x0D, 0x11, 0x11, 
0x0D, 0xD5, 0x11, 0x0D, 0x0D, 0x12, 0xFE, 0x57, 0x12, 0x0D, 0x0D, 0x11, 0xCD, 0x0C, 0x11, 0x00, 
0x00, 0x04, 0x00, 0x64, 0x00, 0x00, 0x04, 0xB4, 0x03, 0x16, 0x00, 0x1B, 0x00, 0x2B, 0x00, 0x3B, 
0x00, 0x49, 0x00, 0x58, 0x40, 0x55, 0x17, 0x01, 0x07, 0x06, 0x09, 0x01, 0x02, 0x09, 0x02, 0x4A, 
0x0C, 0x01, 0x07, 0x0B, 0x01, 0x05, 0x08, 0x07, 0x05, 0x67, 0x00, 0x08, 0x0D, 0x01, 0x09, 0x02, 
0x08, 0x09, 0x65, 0x00, 0x06, 0x06, 0x00, 0x5F, 0x04, 0x01, 0x02, 0x00, 0x00, 0x45, 0x4B, 0x0A, 
0x03, 0x02, 0x02, 0x02, 0x3E, 0x02, 0x4C, 0x3C, 0x3C, 0x2C, 0x2C, 0x1C, 0x1C, 0x00, 0x00, 0x3C, 
0x49, 0x3C, 0x47, 0x43, 0x40, 0x2C, 0x3B, 0x2C, 0x3A, 0x34, 0x32, 0x1C, 0x2B, 0x1C, 0x2A, 0x24, 
0x22, 0x00, 0x1B, 0x00, 0x1A, 0x25, 0x25, 0x25, 0x0E, 0x09, 0x17, 0x2B, 0x32, 0x26, 0x35, 0x11, 
0x34, 0x36, 0x33, 0x32, 0x17, 0x01, 0x11, 0x34, 0x36, 0x33, 0x32, 0x16, 0x15, 0x11, 0x14, 0x06, 
0x23, 0x22, 0x27, 0x01, 0x11, 0x14, 0x06, 0x23, 0x00, 0x26, 0x26, 0x35, 0x34, 0x36, 0x36, 0x33, 
0x32, 0x16, 0x16, 0x15, 0x14, 0x06, 0x06, 0x23, 0x3E, 0x02, 0x35, 0x34, 0x26, 0x26, 0x23, 0x22, 
0x06, 0x06, 0x15, 0x14, 0x16, 0x16, 0x33, 0x06, 0x26, 0x35, 0x34, 0x36, 0x33, 0x21, 0x32, 0x16, 
0x15, 0x14, 0x06, 0x23, 0x21, 0x75, 0x11, 0x11, 0x0D, 0x10, 0x07, 0x02, 0x02, 0x11, 0x0D, 0x0D, 
0x12, 0x12, 0x0D, 0x0B, 0x0B, 0xFD, 0xFE, 0x12, 0x0D, 0x03, 0x3E, 0x59, 0x34, 0x34, 0x58, 0x35, 
0x35, 0x58, 0x33, 0x34, 0x58, 0x34, 0x23, 0x3C, 0x24, 0x24, 0x3D, 0x22, 0x23, 0x3D, 0x24, 0x23, 
0x3D, 0x24, 0xB0, 0x11, 0x11, 0x0D, 0x01, 0x45, 0x0D, 0x11, 0x11, 0x0D, 0xFE, 0xBB, 0x11, 0x0D, 
0x02, 0xDA, 0x0D, 0x11, 0x0B, 0xFD, 0x6C, 0x02, 0x81, 0x0D, 0x11, 0x11, 0x0D, 0xFD, 0x26, 0x0D, 
0x11, 0x09, 0x02, 0x95, 0xFD, 0x80, 0x0D, 0x11, 0x01, 0x95, 0x34, 0x58, 0x35, 0x34, 0x58, 0x34, 
0x34, 0x58, 0x34, 0x35, 0x58, 0x34, 0x3D, 0x24, 0x3D, 0x23, 0x23, 0x3C, 0x24, 0x24, 0x3C, 0x23, 
0x24, 0x3D, 0x23, 0xB6, 0x11, 0x0D, 0x0D, 0x11, 0x11, 0x0D, 0x0D, 0x11, 0x00, 0x02, 0x00, 0x27, 
0x00, 0x00, 0x02, 0x4A, 0x02, 0x23, 0x00, 0x1D, 0x00, 0x24, 0x00, 0x08, 0xB5, 0x20, 0x1E, 0x06, 
0x00, 0x02, 0x30, 0x2B, 0x32, 0x26, 0x26, 0x35, 0x34, 0x36, 0x36, 0x33, 0x32, 0x16, 0x16, 0x15, 
0x14, 0x06, 0x23, 0x21, 0x15, 0x16, 0x33, 0x32, 0x37, 0x36, 0x33, 0x32, 0x16, 0x15, 0x14, 0x07, 
0x06, 0x23, 0x13, 0x35, 0x26, 0x23, 0x22, 0x07, 0x15, 0xEF, 0x7E, 0x4A, 0x4A, 0x7E, 0x4A, 0x49, 
0x7E, 0x4A, 0x11, 0x0D, 0xFE, 0x75, 0x40, 0x58, 0x50, 0x38, 0x09, 0x0A, 0x0D, 0x12, 0x09, 0x4B, 
0x66, 0x97, 0x40, 0x57, 0x58, 0x40, 0x4A, 0x7E, 0x49, 0x4A, 0x7E, 0x4A, 0x4A, 0x7E, 0x4A, 0x0D, 
0x11, 0x76, 0x40, 0x32, 0x07, 0x12, 0x0D, 0x0E, 0x08, 0x41, 0x01, 0x30, 0x76, 0x40, 0x40, 0x76, 
0x00, 0x01, 0x00, 0x2E, 0x01, 0xDF, 0x01, 0xAF, 0x03, 0x0E, 0x00, 0x15, 0x00, 0x28, 0xB1, 0x06, 
0x64, 0x44, 0x40, 0x1D, 0x12, 0x02, 0x02, 0x01, 0x00, 0x01, 0x4A, 0x00, 0x00, 0x01, 0x00, 0x83, 
0x03, 0x02, 0x02, 0x01, 0x01, 0x74, 0x00, 0x00, 0x00, 0x15, 0x00, 0x14, 0x26, 0x26, 0x04, 0x09, 
0x16, 0x2B, 0xB1, 0x06, 0x00, 0x44, 0x12, 0x26, 0x35, 0x34, 0x37, 0x37, 0x36, 0x33, 0x32, 0x17, 
0x17, 0x16, 0x15, 0x14, 0x06, 0x23, 0x22, 0x27, 0x27, 0x07, 0x06, 0x23, 0x40, 0x12, 0x04, 0xA4, 
0x0A, 0x0F, 0x0E, 0x0A, 0xA4, 0x04, 0x11, 0x0D, 0x11, 0x07, 0x8A, 0x8A, 0x0A, 0x0E, 0x01, 0xDF, 
0x11, 0x0D, 0x07, 0x08, 0xF6, 0x0C, 0x0C, 0xF6, 0x05, 0x0A, 0x0D, 0x11, 0x0A, 0xD0, 0xD0, 0x0A, 
0x00, 0x01, 0x00, 0x2A, 0x02, 0x4D, 0x00, 0x94, 0x03, 0x0D, 0x00, 0x10, 0x00, 0x1A, 0x40, 0x17, 
0x0B, 0x02, 0x02, 0x01, 0x00, 0x01, 0x4A, 0x00, 0x01, 0x00, 0x01, 0x84, 0x00, 0x00, 0x00, 0x3D, 
0x00, 0x4C, 0x16, 0x27, 0x02, 0x09, 0x16, 0x2B, 0x12, 0x26, 0x35, 0x34, 0x37, 0x37, 0x36, 0x36, 
0x33, 0x32, 0x16, 0x15, 0x14, 0x07, 0x07, 0x06, 0x23, 0x35, 0x0B, 0x01, 0x2E, 0x04, 0x0F, 0x09, 
0x0E, 0x11, 0x02, 0x41, 0x06, 0x0E, 0x02, 0x4D, 0x0B, 0x09, 0x07, 0x02, 0x90, 0x09, 0x0A, 0x12, 
0x0C, 0x05, 0x06, 0x89, 0x0E, 0x00, 0x00, 0x00, 0x00, 0x02, 0x00, 0x2A, 0x02, 0x4D, 0x01, 0x31, 
0x03, 0x0D, 0x00, 0x10, 0x00, 0x21, 0x00, 0x20, 0x40, 0x1D, 0x1C, 0x13, 0x0B, 0x02, 0x04, 0x01, 
0x00, 0x01, 0x4A, 0x03, 0x01, 0x01, 0x00, 0x01, 0x84, 0x02, 0x01, 0x00, 0x00, 0x3D, 0x00, 0x4C, 
0x16, 0x28, 0x16, 0x27, 0x04, 0x09, 0x18, 0x2B, 0x12, 0x26, 0x35, 0x34, 0x37, 0x37, 0x36, 0x36, 
0x33, 0x32, 0x16, 0x15, 0x14, 0x07, 0x07, 0x06, 0x23, 0x32, 0x26, 0x35, 0x34, 0x37, 0x37, 0x36, 
0x36, 0x33, 0x32, 0x16, 0x15, 0x14, 0x07, 0x07, 0x06, 0x23, 0x35, 0x0B, 0x01, 0x2E, 0x04, 0x0F, 
0x09, 0x0E, 0x11, 0x02, 0x41, 0x07, 0x0D, 0x95, 0x0B, 0x01, 0x2F, 0x03, 0x0F, 0x09, 0x0E, 0x11, 
0x02, 0x41, 0x06, 0x0E, 0x02, 0x4D, 0x0B, 0x09, 0x07, 0x02, 0x90, 0x09, 0x0A, 0x12, 0x0C, 0x05, 
0x06, 0x89, 0x0E, 0x0B, 0x09, 0x07, 0x02, 0x90, 0x09, 0x0A, 0x12, 0x0C, 0x05, 0x06, 0x89, 0x0E, 
0x00, 0x02, 0xFE, 0x6D, 0x02, 0x91, 0xFF, 0x9C, 0x02, 0xF8, 0x00, 0x0B, 0x00, 0x17, 0x00, 0x32, 
0xB1, 0x06, 0x64, 0x44, 0x40, 0x27, 0x02, 0x01, 0x00, 0x01, 0x01, 0x00, 0x57, 0x02, 0x01, 0x00, 
0x00, 0x01, 0x5F, 0x05, 0x03, 0x04, 0x03, 0x01, 0x00, 0x01, 0x4F, 0x0C, 0x0C, 0x00, 0x00, 0x0C, 
0x17, 0x0C, 0x16, 0x12, 0x10, 0x00, 0x0B, 0x00, 0x0A, 0x24, 0x06, 0x09, 0x15, 0x2B, 0xB1, 0x06, 
0x00, 0x44, 0x00, 0x26, 0x35, 0x34, 0x36, 0x33, 0x32, 0x16, 0x15, 0x14, 0x06, 0x23, 0x32, 0x26, 
0x35, 0x34, 0x36, 0x33, 0x32, 0x16, 0x15, 0x14, 0x06, 0x23, 0xFE, 0x8B, 0x1E, 0x1E, 0x16, 0x16, 
0x1D, 0x1D, 0x16, 0xB2, 0x1E, 0x1E, 0x16, 0x16, 0x1D, 0x1D, 0x16, 0x02, 0x91, 0x1E, 0x16, 0x15, 
0x1E, 0x1E, 0x15, 0x16, 0x1E, 0x1E, 0x16, 0x15, 0x1E, 0x1E, 0x15, 0x16, 0x1E, 0x00, 0x00, 0x00, 
0x00, 0x01, 0xFF, 0x45, 0x02, 0x96, 0xFF, 0xA2, 0x02, 0xF3, 0x00, 0x0B, 0x00, 0x26, 0xB1, 0x06, 
0x64, 0x44, 0x40, 0x1B, 0x00, 0x00, 0x01, 0x01, 0x00, 0x57, 0x00, 0x00, 0x00, 0x01, 0x5F, 0x02, 
0x01, 0x01, 0x00, 0x01, 0x4F, 0x00, 0x00, 0x00, 0x0B, 0x00, 0x0A, 0x24, 0x03, 0x09, 0x15, 0x2B, 
0xB1, 0x06, 0x00, 0x44, 0x02, 0x26, 0x35, 0x34, 0x36, 0x33, 0x32, 0x16, 0x15, 0x14, 0x06, 0x23, 
0xA1, 0x1A, 0x1C, 0x13, 0x13, 0x1B, 0x1B, 0x14, 0x02, 0x96, 0x1B, 0x14, 0x16, 0x18, 0x18, 0x16, 
0x14, 0x1B, 0x00, 0x00, 0x00, 0x01, 0xFF, 0x1F, 0x02, 0x7F, 0xFF, 0xD5, 0x03, 0x36, 0x00, 0x0F, 
0x00, 0x1F, 0xB1, 0x06, 0x64, 0x44, 0x40, 0x14, 0x00, 0x00, 0x01, 0x00, 0x83, 0x02, 0x01, 0x01, 
0x01, 0x74, 0x00, 0x00, 0x00, 0x0F, 0x00, 0x0E, 0x26, 0x03, 0x09, 0x15, 0x2B, 0xB1, 0x06, 0x00, 
0x44, 0x02, 0x27, 0x27, 0x26, 0x35, 0x34, 0x36, 0x33, 0x32, 0x17, 0x17, 0x16, 0x15, 0x14, 0x06, 
0x23, 0x53, 0x0B, 0x7B, 0x08, 0x12, 0x0D, 0x0C, 0x09, 0x7B, 0x07, 0x11, 0x0D, 0x02, 0x7F, 0x08, 
0x7B, 0x08, 0x0D, 0x0D, 0x12, 0x09, 0x7B, 0x07, 0x0D, 0x0D, 0x12, 0x00, 0x00, 0x01, 0xFF, 0x19, 
0x02, 0x74, 0xFF, 0xD0, 0x03, 0x2B, 0x00, 0x0F, 0x00, 0x1F, 0xB1, 0x06, 0x64, 0x44, 0x40, 0x14, 
0x00, 0x00, 0x01, 0x00, 0x83, 0x02, 0x01, 0x01, 0x01, 0x74, 0x00, 0x00, 0x00, 0x0F, 0x00, 0x0E, 
0x26, 0x03, 0x09, 0x15, 0x2B, 0xB1, 0x06, 0x00, 0x44, 0x02, 0x26, 0x35, 0x34, 0x37, 0x37, 0x36, 
0x33, 0x32, 0x16, 0x15, 0x14, 0x07, 0x07, 0x06, 0x23, 0xD5, 0x12, 0x07, 0x7B, 0x09, 0x0D, 0x0D, 
0x12, 0x09, 0x7B, 0x08, 0x0C, 0x02, 0x74, 0x12, 0x0D, 0x0B, 0x09, 0x7B, 0x09, 0x12, 0x0D, 0x0C, 
0x09, 0x7B, 0x08, 0x00, 0x00, 0x02, 0xFE, 0xCA, 0x02, 0x75, 0xFF, 0xD1, 0x03, 0x35, 0x00, 0x10, 
0x00, 0x21, 0x00, 0x26, 0xB1, 0x06, 0x64, 0x44, 0x40, 0x1B, 0x1C, 0x13, 0x0B, 0x02, 0x04, 0x01, 
0x00, 0x01, 0x4A, 0x02, 0x01, 0x00, 0x01, 0x00, 0x83, 0x03, 0x01, 0x01, 0x01, 0x74, 0x16, 0x28, 
0x16, 0x27, 0x04, 0x09, 0x18, 0x2B, 0xB1, 0x06, 0x00, 0x44, 0x00, 0x26, 0x35, 0x34, 0x37, 0x37, 
0x36, 0x36, 0x33, 0x32, 0x16, 0x15, 0x14, 0x07, 0x07, 0x06, 0x23, 0x32, 0x26, 0x35, 0x34, 0x37, 
0x37, 0x36, 0x36, 0x33, 0x32, 0x16, 0x15, 0x14, 0x07, 0x07, 0x06, 0x23, 0xFE, 0xD5, 0x0B, 0x01, 
0x2E, 0x04, 0x0F, 0x09, 0x0E, 0x11, 0x02, 0x41, 0x07, 0x0D, 0x95, 0x0B, 0x01, 0x2F, 0x03, 0x0F, 
0x09, 0x0E, 0x11, 0x02, 0x41, 0x06, 0x0E, 0x02, 0x75, 0x0B, 0x09, 0x07, 0x02, 0x90, 0x09, 0x0A, 
0x12, 0x0C, 0x05, 0x06, 0x89, 0x0E, 0x0B, 0x09, 0x07, 0x02, 0x90, 0x09, 0x0A, 0x12, 0x0C, 0x05, 
0x06, 0x89, 0x0E, 0x00, 0x00, 0x01, 0xFF, 0x62, 0x02, 0x1B, 0xFF, 0xCE, 0x03, 0x0D, 0x00, 0x18, 
0x00, 0x13, 0x40, 0x10, 0x00, 0x01, 0x01, 0x00, 0x5F, 0x00, 0x00, 0x00, 0x3D, 0x01, 0x4C, 0x17, 
0x2E, 0x02, 0x09, 0x16, 0x2B, 0x02, 0x26, 0x35, 0x34, 0x37, 0x36, 0x36, 0x37, 0x36, 0x26, 0x27, 
0x26, 0x26, 0x35, 0x34, 0x33, 0x32, 0x16, 0x15, 0x14, 0x07, 0x0E, 0x02, 0x23, 0x94, 0x0A, 0x0A, 
0x0B, 0x0D, 0x02, 0x01, 0x04, 0x05, 0x01, 0x08, 0x2B, 0x16, 0x18, 0x03, 0x06, 0x20, 0x24, 0x0D, 
0x02, 0x1B, 0x0B, 0x08, 0x07, 0x12, 0x14, 0x24, 0x19, 0x0C, 0x11, 0x0B, 0x02, 0x16, 0x10, 0x25, 
0x26, 0x1F, 0x0F, 0x11, 0x1C, 0x43, 0x2E, 0x00, 0x00, 0x01, 0xFE, 0xA2, 0x02, 0x88, 0xFF, 0xD2, 
0x03, 0x16, 0x00, 0x15, 0x00, 0x27, 0xB1, 0x06, 0x64, 0x44, 0x40, 0x1C, 0x12, 0x01, 0x01, 0x00, 
0x01, 0x4A, 0x00, 0x00, 0x01, 0x00, 0x83, 0x03, 0x02, 0x02, 0x01, 0x01, 0x74, 0x00, 0x00, 0x00, 
0x15, 0x00, 0x14, 0x26, 0x26, 0x04, 0x09, 0x16, 0x2B, 0xB1, 0x06, 0x00, 0x44, 0x00, 0x26, 0x35, 
0x34, 0x37, 0x37, 0x36, 0x33, 0x32, 0x17, 0x17, 0x16, 0x15, 0x14, 0x06, 0x23, 0x22, 0x27, 0x27, 
0x07, 0x06, 0x23, 0xFE, 0xB4, 0x12, 0x10, 0x79, 0x08, 0x07, 0x07, 0x08, 0x79, 0x10, 0x12, 0x0D, 
0x0A, 0x09, 0x66, 0x66, 0x09, 0x09, 0x02, 0x88, 0x11, 0x0D, 0x11, 0x0A, 0x51, 0x04, 0x04, 0x51, 
0x0A, 0x11, 0x0D, 0x11, 0x06, 0x44, 0x44, 0x06, 0x00, 0x01, 0xFE, 0xA2, 0x02, 0x88, 0xFF, 0xD2, 
0x03, 0x12, 0x00, 0x15, 0x00, 0x27, 0xB1, 0x06, 0x64, 0x44, 0x40, 0x1C, 0x0A, 0x01, 0x02, 0x00, 
0x01, 0x4A, 0x01, 0x01, 0x00, 0x02, 0x00, 0x83, 0x03, 0x01, 0x02, 0x02, 0x74, 0x00, 0x00, 0x00, 
0x15, 0x00, 0x14, 0x24, 0x26, 0x04, 0x09, 0x16, 0x2B, 0xB1, 0x06, 0x00, 0x44, 0x02, 0x27, 0x27, 
0x26, 0x35, 0x34, 0x36, 0x33, 0x32, 0x17, 0x17, 0x37, 0x36, 0x33, 0x32, 0x16, 0x15, 0x14, 0x07, 
0x07, 0x06, 0x23, 0xD0, 0x05, 0x79, 0x10, 0x0F, 0x0B, 0x0C, 0x0C, 0x66, 0x66, 0x0D, 0x0C, 0x0B, 
0x0E, 0x10, 0x79, 0x05, 0x0A, 0x02, 0x88, 0x04, 0x50, 0x0A, 0x11, 0x0C, 0x0F, 0x08, 0x46, 0x44, 
0x09, 0x0F, 0x0B, 0x0F, 0x0C, 0x50, 0x04, 0x00, 0x00, 0x01, 0xFE, 0xA2, 0x02, 0x88, 0xFF, 0xD3, 
0x03, 0x16, 0x00, 0x18, 0x00, 0x34, 0xB1, 0x06, 0x64, 0x44, 0x40, 0x29, 0x15, 0x01, 0x01, 0x00, 
0x01, 0x4A, 0x02, 0x01, 0x00, 0x01, 0x00, 0x83, 0x00, 0x01, 0x03, 0x03, 0x01, 0x57, 0x00, 0x01, 
0x01, 0x03, 0x5F, 0x04, 0x01, 0x03, 0x01, 0x03, 0x4F, 0x00, 0x00, 0x00, 0x18, 0x00, 0x17, 0x24, 
0x24, 0x25, 0x05, 0x09, 0x17, 0x2B, 0xB1, 0x06, 0x00, 0x44, 0x02, 0x26, 0x26, 0x35, 0x34, 0x36, 
0x33, 0x32, 0x16, 0x15, 0x14, 0x16, 0x33, 0x32, 0x36, 0x35, 0x34, 0x36, 0x33, 0x32, 0x16, 0x17, 
0x06, 0x06, 0x23, 0xEF, 0x46, 0x29, 0x12, 0x0D, 0x0D, 0x11, 0x31, 0x2A, 0x2A, 0x32, 0x11, 0x0D, 
0x0C, 0x12, 0x01, 0x04, 0x58, 0x3D, 0x02, 0x88, 0x1E, 0x33, 0x1E, 0x0D, 0x12, 0x12, 0x0D, 0x18, 
0x21, 0x21, 0x18, 0x0D, 0x12, 0x12, 0x0C, 0x32, 0x3E, 0x00, 0x00, 0x00, 0x00, 0x02, 0xFF, 0x19, 
0x02, 0x55, 0xFF, 0xD1, 0x03, 0x0D, 0x00, 0x0B, 0x00, 0x17, 0x00, 0x38, 0xB1, 0x06, 0x64, 0x44, 
0x40, 0x2D, 0x00, 0x00, 0x00, 0x02, 0x03, 0x00, 0x02, 0x67, 0x05, 0x01, 0x03, 0x01, 0x01, 0x03, 
0x57, 0x05, 0x01, 0x03, 0x03, 0x01, 0x5F, 0x04, 0x01, 0x01, 0x03, 0x01, 0x4F, 0x0C, 0x0C, 0x00, 
0x00, 0x0C, 0x17, 0x0C, 0x16, 0x12, 0x10, 0x00, 0x0B, 0x00, 0x0A, 0x24, 0x06, 0x09, 0x15, 0x2B, 
0xB1, 0x06, 0x00, 0x44, 0x02, 0x26, 0x35, 0x34, 0x36, 0x33, 0x32, 0x16, 0x15, 0x14, 0x06, 0x23, 
0x36, 0x36, 0x35, 0x34, 0x26, 0x23, 0x22, 0x06, 0x15, 0x14, 0x16, 0x33, 0xB1, 0x36, 0x37, 0x25, 
0x26, 0x36, 0x36, 0x26, 0x16, 0x20, 0x20, 0x16, 0x16, 0x1F, 0x1F, 0x16, 0x02, 0x55, 0x37, 0x25, 
0x26, 0x36, 0x36, 0x26, 0x25, 0x37, 0x27, 0x1F, 0x16, 0x17, 0x1F, 0x20, 0x16, 0x16, 0x1F, 0x00, 
0x00, 0x01, 0xFE, 0x56, 0x02, 0x76, 0xFF, 0xE1, 0x02, 0xEA, 0x00, 0x24, 0x00, 0x76, 0xB1, 0x06, 
0x64, 0x44, 0xB5, 0x20, 0x01, 0x00, 0x04, 0x01, 0x4A, 0x4B, 0xB0, 0x2E, 0x50, 0x58, 0x40, 0x22, 
0x00, 0x04, 0x02, 0x00, 0x02, 0x04, 0x00, 0x7E, 0x00, 0x02, 0x00, 0x00, 0x03, 0x02, 0x00, 0x67, 
0x00, 0x03, 0x01, 0x01, 0x03, 0x57, 0x00, 0x03, 0x03, 0x01, 0x5F, 0x06, 0x05, 0x02, 0x01, 0x03, 
0x01, 0x4F, 0x1B, 0x40, 0x29, 0x00, 0x04, 0x02, 0x00, 0x02, 0x04, 0x00, 0x7E, 0x00, 0x01, 0x03, 
0x05, 0x03, 0x01, 0x05, 0x7E, 0x00, 0x02, 0x00, 0x00, 0x03, 0x02, 0x00, 0x67, 0x00, 0x03, 0x01, 
0x05, 0x03, 0x57, 0x00, 0x03, 0x03, 0x05, 0x5F, 0x06, 0x01, 0x05, 0x03, 0x05, 0x4F, 0x59, 0x40, 
0x0E, 0x00, 0x00, 0x00, 0x24, 0x00, 0x23, 0x12, 0x24, 0x27, 0x22, 0x24, 0x07, 0x09, 0x19, 0x2B, 
0xB1, 0x06, 0x00, 0x44, 0x02, 0x26, 0x27, 0x26, 0x26, 0x23, 0x22, 0x07, 0x06, 0x23, 0x22, 0x27, 
0x26, 0x35, 0x34, 0x37, 0x36, 0x36, 0x33, 0x32, 0x16, 0x17, 0x16, 0x16, 0x33, 0x32, 0x37, 0x36, 
0x33, 0x32, 0x17, 0x16, 0x15, 0x14, 0x07, 0x06, 0x23, 0xAB, 0x2A, 0x18, 0x14, 0x18, 0x0D, 0x29, 
0x24, 0x09, 0x10, 0x0A, 0x05, 0x0F, 0x06, 0x1B, 0x41, 0x22, 0x1A, 0x27, 0x19, 0x15, 0x17, 0x11, 
0x22, 0x15, 0x0C, 0x10, 0x07, 0x04, 0x12, 0x06, 0x27, 0x43, 0x02, 0x76, 0x13, 0x10, 0x0E, 0x09, 
0x29, 0x0C, 0x04, 0x09, 0x0E, 0x0A, 0x07, 0x20, 0x23, 0x11, 0x10, 0x0E, 0x0B, 0x16, 0x0E, 0x03, 
0x09, 0x0F, 0x08, 0x08, 0x33, 0x00, 0x00, 0x00, 0x00, 0x01, 0xFE, 0x4B, 0x02, 0x95, 0xFF, 0x90, 
0x02, 0xD2, 0x00, 0x0D, 0x00, 0x26, 0xB1, 0x06, 0x64, 0x44, 0x40, 0x1B, 0x00, 0x00, 0x01, 0x01, 
0x00, 0x55, 0x00, 0x00, 0x00, 0x01, 0x5D, 0x02, 0x01, 0x01, 0x00, 0x01, 0x4D, 0x00, 0x00, 0x00, 
0x0D, 0x00, 0x0B, 0x34, 0x03, 0x09, 0x15, 0x2B, 0xB1, 0x06, 0x00, 0x44, 0x00, 0x26, 0x35, 0x34, 
0x36, 0x33, 0x21, 0x32, 0x16, 0x15, 0x14, 0x06, 0x23, 0x21, 0xFE, 0x5C, 0x11, 0x11, 0x0D, 0x01, 
0x09, 0x0D, 0x11, 0x11, 0x0D, 0xFE, 0xF7, 0x02, 0x95, 0x11, 0x0D, 0x0D, 0x12, 0x12, 0x0D, 0x0D, 
0x11, 0x00, 0x00, 0x00, 0x00, 0x01, 0xFF, 0x03, 0x02, 0x54, 0xFF, 0xCE, 0x03, 0x52, 0x00, 0x21, 
0x00, 0x3A, 0xB1, 0x06, 0x64, 0x44, 0x40, 0x2F, 0x1D, 0x01, 0x03, 0x01, 0x01, 0x4A, 0x00, 0x01, 
0x00, 0x03, 0x00, 0x01, 0x03, 0x7E, 0x04, 0x01, 0x03, 0x03, 0x82, 0x00, 0x02, 0x00, 0x00, 0x02, 
0x57, 0x00, 0x02, 0x02, 0x00, 0x5F, 0x00, 0x00, 0x02, 0x00, 0x4F, 0x00, 0x00, 0x00, 0x21, 0x00, 
0x20, 0x25, 0x22, 0x2B, 0x05, 0x09, 0x17, 0x2B, 0xB1, 0x06, 0x00, 0x44, 0x02, 0x26, 0x35, 0x35, 
0x34, 0x37, 0x37, 0x36, 0x36, 0x35, 0x34, 0x26, 0x23, 0x22, 0x07, 0x06, 0x23, 0x22, 0x26, 0x35, 
0x34, 0x37, 0x36, 0x33, 0x32, 0x16, 0x15, 0x14, 0x06, 0x07, 0x15, 0x14, 0x06, 0x23, 0xB7, 0x11, 
0x1A, 0x18, 0x17, 0x13, 0x1F, 0x18, 0x17, 0x13, 0x09, 0x0A, 0x0C, 0x11, 0x0A, 0x24, 0x2C, 0x31, 
0x40, 0x34, 0x28, 0x11, 0x0C, 0x02, 0x54, 0x11, 0x0C, 0x21, 0x1A, 0x06, 0x05, 0x05, 0x16, 0x13, 
0x17, 0x1C, 0x10, 0x07, 0x11, 0x0C, 0x0E, 0x08, 0x1E, 0x38, 0x2F, 0x2A, 0x31, 0x07, 0x18, 0x0C, 
0x11, 0x00, 0x00, 0x00, 0x00, 0x02, 0xFE, 0xCA, 0x02, 0x75, 0xFF, 0xD1, 0x03, 0x35, 0x00, 0x10, 
0x00, 0x21, 0x00, 0x33, 0xB1, 0x06, 0x64, 0x44, 0x40, 0x28, 0x1E, 0x15, 0x0D, 0x04, 0x04, 0x01, 
0x00, 0x01, 0x4A, 0x02, 0x01, 0x00, 0x01, 0x00, 0x83, 0x05, 0x03, 0x04, 0x03, 0x01, 0x01, 0x74, 
0x11, 0x11, 0x00, 0x00, 0x11, 0x21, 0x11, 0x20, 0x19, 0x17, 0x00, 0x10, 0x00, 0x0F, 0x26, 0x06, 
0x09, 0x15, 0x2B, 0xB1, 0x06, 0x00, 0x44, 0x02, 0x27, 0x27, 0x26, 0x35, 0x34, 0x36, 0x33, 0x32, 
0x16, 0x17, 0x17, 0x16, 0x15, 0x14, 0x06, 0x23, 0x32, 0x27, 0x27, 0x26, 0x35, 0x34, 0x36, 0x33, 
0x32, 0x16, 0x17, 0x17, 0x16, 0x15, 0x14, 0x06, 0x23, 0xED, 0x06, 0x41, 0x02, 0x11, 0x0E, 0x09, 
0x0F, 0x03, 0x2F, 0x01, 0x0B, 0x08, 0x90, 0x07, 0x41, 0x02, 0x11, 0x0E, 0x09, 0x0F, 0x04, 0x2E, 
0x01, 0x0B, 0x08, 0x02, 0x75, 0x0E, 0x89, 0x06, 0x05, 0x0C, 0x12, 0x0A, 0x09, 0x90, 0x02, 0x07, 
0x09, 0x0B, 0x0E, 0x89, 0x06, 0x05, 0x0C, 0x12, 0x0A, 0x09, 0x90, 0x02, 0x07, 0x09, 0x0B, 0x00, 
0x00, 0x01, 0xFE, 0x9D, 0x02, 0x88, 0xFF, 0xCE, 0x03, 0x16, 0x00, 0x18, 0x00, 0x35, 0xB1, 0x06, 
0x64, 0x44, 0x40, 0x2A, 0x02, 0x01, 0x00, 0x01, 0x01, 0x4A, 0x02, 0x01, 0x00, 0x01, 0x00, 0x84, 
0x04, 0x01, 0x03, 0x01, 0x01, 0x03, 0x57, 0x04, 0x01, 0x03, 0x03, 0x01, 0x5F, 0x00, 0x01, 0x03, 
0x01, 0x4F, 0x00, 0x00, 0x00, 0x18, 0x00, 0x17, 0x24, 0x24, 0x24, 0x05, 0x09, 0x17, 0x2B, 0xB1, 
0x06, 0x00, 0x44, 0x02, 0x16, 0x17, 0x06, 0x06, 0x23, 0x22, 0x26, 0x35, 0x34, 0x26, 0x23, 0x22, 
0x06, 0x15, 0x14, 0x06, 0x23, 0x22, 0x26, 0x35, 0x34, 0x36, 0x36, 0x33, 0x8E, 0x58, 0x04, 0x01, 
0x12, 0x0C, 0x0D, 0x11, 0x32, 0x2A, 0x2A, 0x31, 0x11, 0x0D, 0x0D, 0x12, 0x29, 0x46, 0x29, 0x03, 
0x16, 0x3E, 0x32, 0x0C, 0x12, 0x12, 0x0D, 0x18, 0x21, 0x21, 0x18, 0x0D, 0x12, 0x12, 0x0D, 0x1E, 
0x33, 0x1E, 0x00, 0x00, 0x00, 0x01, 0xFF, 0x5D, 0x02, 0x97, 0xFF, 0xCE, 0x03, 0x89, 0x00, 0x16, 
0x00, 0x26, 0xB1, 0x06, 0x64, 0x44, 0x40, 0x1B, 0x00, 0x00, 0x01, 0x01, 0x00, 0x57, 0x00, 0x00, 
0x00, 0x01, 0x5F, 0x02, 0x01, 0x01, 0x00, 0x01, 0x4F, 0x00, 0x00, 0x00, 0x16, 0x00, 0x15, 0x25, 
0x03, 0x09, 0x15, 0x2B, 0xB1, 0x06, 0x00, 0x44, 0x02, 0x26, 0x35, 0x34, 0x36, 0x36, 0x33, 0x32, 
0x15, 0x14, 0x07, 0x06, 0x06, 0x15, 0x14, 0x16, 0x17, 0x16, 0x16, 0x15, 0x14, 0x06, 0x23, 0x80, 
0x23, 0x17, 0x25, 0x16, 0x13, 0x0E, 0x09, 0x09, 0x0B, 0x0C, 0x0B, 0x0A, 0x1E, 0x15, 0x02, 0x97, 
0x2D, 0x26, 0x24, 0x4A, 0x31, 0x11, 0x0A, 0x14, 0x0E, 0x12, 0x0C, 0x12, 0x15, 0x11, 0x0D, 0x13, 
0x0E, 0x17, 0x1A, 0x00, 0x00, 0x01, 0xFF, 0x41, 0x01, 0xE9, 0xFF, 0xCE, 0x02, 0x85, 0x00, 0x10, 
0x00, 0x26, 0xB1, 0x06, 0x64, 0x44, 0x40, 0x1B, 0x00, 0x01, 0x00, 0x01, 0x83, 0x00, 0x00, 0x02, 
0x02, 0x00, 0x57, 0x00, 0x00, 0x00, 0x02, 0x5F, 0x00, 0x02, 0x00, 0x02, 0x4F, 0x25, 0x25, 0x20, 
0x03, 0x09, 0x17, 0x2B, 0xB1, 0x06, 0x00, 0x44, 0x03, 0x33, 0x32, 0x36, 0x35, 0x35, 0x34, 0x36, 
0x33, 0x32, 0x16, 0x15, 0x15, 0x14, 0x06, 0x23, 0x23, 0xBF, 0x2A, 0x12, 0x17, 0x0F, 0x0E, 0x0E, 
0x0F, 0x39, 0x2A, 0x2A, 0x02, 0x23, 0x1A, 0x14, 0x17, 0x0D, 0x10, 0x13, 0x0F, 0x12, 0x2C, 0x3C, 
0x00, 0x01, 0xFF, 0x71, 0xFF, 0x3A, 0xFF, 0xCE, 0xFF, 0x97, 0x00, 0x0B, 0x00, 0x26, 0xB1, 0x06, 
0x64, 0x44, 0x40, 0x1B, 0x00, 0x00, 0x01, 0x01, 0x00, 0x57, 0x00, 0x00, 0x00, 0x01, 0x5F, 0x02, 
0x01, 0x01, 0x00, 0x01, 0x4F, 0x00, 0x00, 0x00, 0x0B, 0x00, 0x0A, 0x24, 0x03, 0x09, 0x15, 0x2B, 
0xB1, 0x06, 0x00, 0x44, 0x06, 0x26, 0x35, 0x34, 0x36, 0x33, 0x32, 0x16, 0x15, 0x14, 0x06, 0x23, 
0x75, 0x1A, 0x1C, 0x13, 0x13, 0x1B, 0x1B, 0x14, 0xC6, 0x1B, 0x14, 0x16, 0x18, 0x18, 0x16, 0x14, 
0x1B, 0x00, 0x00, 0x00, 0xFF, 0xFF, 0xFE, 0x9F, 0xFF, 0x3F, 0xFF, 0xCE, 0xFF, 0xA6, 0x01, 0x07, 
0x03, 0x26, 0x00, 0x32, 0xFC, 0xAE, 0x00, 0x09, 0xB1, 0x00, 0x02, 0xB8, 0xFC, 0xAE, 0xB0, 0x33, 
0x2B, 0x00, 0x00, 0x00, 0x00, 0x01, 0xFE, 0xF2, 0xFF, 0x18, 0xFF, 0xDD, 0xFF, 0xD9, 0x00, 0x1B, 
0x00, 0x39, 0xB1, 0x06, 0x64, 0x44, 0x40, 0x2E, 0x00, 0x00, 0x02, 0x01, 0x02, 0x00, 0x01, 0x7E, 
0x00, 0x03, 0x00, 0x02, 0x00, 0x03, 0x02, 0x67, 0x00, 0x01, 0x04, 0x04, 0x01, 0x57, 0x00, 0x01, 
0x01, 0x04, 0x5F, 0x05, 0x01, 0x04, 0x01, 0x04, 0x4F, 0x00, 0x00, 0x00, 0x1B, 0x00, 0x1A, 0x22, 
0x24, 0x24, 0x24, 0x06, 0x09, 0x18, 0x2B, 0xB1, 0x06, 0x00, 0x44, 0x06, 0x26, 0x35, 0x34, 0x36, 
0x33, 0x32, 0x16, 0x17, 0x16, 0x16, 0x33, 0x32, 0x36, 0x35, 0x34, 0x26, 0x23, 0x22, 0x35, 0x34, 
0x33, 0x32, 0x16, 0x15, 0x14, 0x06, 0x23, 0xC1, 0x4D, 0x0D, 0x0C, 0x0B, 0x10, 0x0A, 0x0D, 0x1A, 
0x14, 0x1C, 0x22, 0x21, 0x20, 0x2C, 0x28, 0x35, 0x44, 0x44, 0x31, 0xE8, 0x28, 0x1A, 0x0B, 0x0D, 
0x07, 0x08, 0x0A, 0x0B, 0x1A, 0x16, 0x13, 0x17, 0x18, 0x19, 0x35, 0x29, 0x2B, 0x38, 0x00, 0x00, 
0x00, 0x01, 0xFE, 0xED, 0xFF, 0x18, 0xFF, 0xDB, 0x00, 0x26, 0x00, 0x26, 0x00, 0x3A, 0xB1, 0x06, 
0x64, 0x44, 0x40, 0x2F, 0x20, 0x1D, 0x15, 0x03, 0x00, 0x02, 0x01, 0x4A, 0x00, 0x02, 0x00, 0x02, 
0x83, 0x00, 0x00, 0x01, 0x00, 0x83, 0x00, 0x01, 0x03, 0x03, 0x01, 0x57, 0x00, 0x01, 0x01, 0x03, 
0x60, 0x04, 0x01, 0x03, 0x01, 0x03, 0x50, 0x00, 0x00, 0x00, 0x26, 0x00, 0x25, 0x2C, 0x26, 0x14, 
0x05, 0x09, 0x17, 0x2B, 0xB1, 0x06, 0x00, 0x44, 0x06, 0x26, 0x35, 0x34, 0x36, 0x33, 0x32, 0x16, 
0x16, 0x17, 0x16, 0x16, 0x33, 0x32, 0x36, 0x35, 0x34, 0x26, 0x27, 0x26, 0x26, 0x35, 0x34, 0x37, 
0x37, 0x36, 0x33, 0x32, 0x16, 0x15, 0x14, 0x07, 0x07, 0x16, 0x16, 0x15, 0x14, 0x06, 0x23, 0xD4, 
0x3F, 0x11, 0x0D, 0x08, 0x0C, 0x0C, 0x03, 0x0A, 0x13, 0x11, 0x1A, 0x21, 0x1A, 0x1F, 0x10, 0x10, 
0x05, 0x14, 0x08, 0x1B, 0x0C, 0x0F, 0x03, 0x0F, 0x32, 0x26, 0x4C, 0x33, 0xE8, 0x28, 0x1A, 0x0D, 
0x12, 0x07, 0x09, 0x03, 0x08, 0x09, 0x16, 0x13, 0x13, 0x17, 0x09, 0x04, 0x0C, 0x0B, 0x06, 0x0D, 
0x31, 0x16, 0x0F, 0x0B, 0x06, 0x06, 0x24, 0x0F, 0x2C, 0x21, 0x2C, 0x3C, 0x00, 0x01, 0xFE, 0xF1, 
0xFF, 0x1A, 0xFF, 0xD0, 0x00, 0x1F, 0x00, 0x20, 0x00, 0x32, 0xB1, 0x06, 0x64, 0x44, 0x40, 0x27, 
0x00, 0x00, 0x02, 0x00, 0x83, 0x00, 0x02, 0x01, 0x02, 0x83, 0x00, 0x01, 0x03, 0x03, 0x01, 0x57, 
0x00, 0x01, 0x01, 0x03, 0x60, 0x04, 0x01, 0x03, 0x01, 0x03, 0x50, 0x00, 0x00, 0x00, 0x20, 0x00, 
0x1F, 0x23, 0x29, 0x27, 0x05, 0x09, 0x17, 0x2B, 0xB1, 0x06, 0x00, 0x44, 0x06, 0x26, 0x35, 0x34, 
0x37, 0x36, 0x37, 0x36, 0x33, 0x32, 0x16, 0x15, 0x14, 0x06, 0x07, 0x06, 0x15, 0x14, 0x16, 0x33, 
0x32, 0x37, 0x37, 0x36, 0x33, 0x32, 0x16, 0x15, 0x14, 0x07, 0x07, 0x06, 0x23, 0xCD, 0x42, 0x2F, 
0x1F, 0x07, 0x08, 0x12, 0x0E, 0x11, 0x1E, 0x1E, 0x15, 0x1D, 0x15, 0x10, 0x0C, 0x23, 0x09, 0x09, 
0x0D, 0x12, 0x0A, 0x29, 0x1C, 0x21, 0xE6, 0x41, 0x2E, 0x35, 0x26, 0x19, 0x13, 0x0F, 0x10, 0x0D, 
0x13, 0x27, 0x16, 0x11, 0x18, 0x15, 0x1D, 0x08, 0x1A, 0x06, 0x12, 0x0D, 0x0F, 0x08, 0x1C, 0x13, 
0xFF, 0xFF, 0xFE, 0xA2, 0xFF, 0x22, 0xFF, 0xD3, 0xFF, 0xB0, 0x01, 0x07, 0x03, 0x2E, 0x00, 0x00, 
0xFC, 0x9A, 0x00, 0x09, 0xB1, 0x00, 0x01, 0xB8, 0xFC, 0x9A, 0xB0, 0x33, 0x2B, 0x00, 0x00, 0x00, 
0xFF, 0xFF, 0xFE, 0x89, 0xFF, 0x61, 0xFF, 0xCE, 0xFF, 0x9E, 0x01, 0x07, 0x03, 0x31, 0x00, 0x3E, 
0xFC, 0xCC, 0x00, 0x09, 0xB1, 0x00, 0x01, 0xB8, 0xFC, 0xCC, 0xB0, 0x33, 0x2B, 0x00, 0x00, 0x00, 
0x00, 0x01, 0xFE, 0x5A, 0x01, 0x1B, 0xFF, 0xCE, 0x01, 0x51, 0x00, 0x0D, 0x00, 0x26, 0xB1, 0x06, 
0x64, 0x44, 0x40, 0x1B, 0x00, 0x00, 0x01, 0x01, 0x00, 0x55, 0x00, 0x00, 0x00, 0x01, 0x5D, 0x02, 
0x01, 0x01, 0x00, 0x01, 0x4D, 0x00, 0x00, 0x00, 0x0D, 0x00, 0x0B, 0x34, 0x03, 0x09, 0x15, 0x2B, 
0xB1, 0x06, 0x00, 0x44, 0x00, 0x26, 0x35, 0x34, 0x36, 0x33, 0x21, 0x32, 0x16, 0x15, 0x14, 0x06, 
0x23, 0x21, 0xFE, 0x69, 0x0F, 0x0F, 0x0C, 0x01, 0x3E, 0x0C, 0x0F, 0x0F, 0x0C, 0xFE, 0xC2, 0x01, 
0x1B, 0x0F, 0x0C, 0x0C, 0x0F, 0x0F, 0x0C, 0x0C, 0x0F, 0x00, 0x00, 0x00, 0x00, 0x01, 0xFC, 0xC0, 
0x01, 0x1B, 0xFF, 0xD8, 0x01, 0x51, 0x00, 0x0D, 0x00, 0x26, 0xB1, 0x06, 0x64, 0x44, 0x40, 0x1B, 
0x00, 0x00, 0x01, 0x01, 0x00, 0x55, 0x00, 0x00, 0x00, 0x01, 0x5D, 0x02, 0x01, 0x01, 0x00, 0x01, 
0x4D, 0x00, 0x00, 0x00, 0x0D, 0x00, 0x0B, 0x34, 0x03, 0x09, 0x15, 0x2B, 0xB1, 0x06, 0x00, 0x44, 
0x00, 0x26, 0x35, 0x34, 0x36, 0x33, 0x21, 0x32, 0x16, 0x15, 0x14, 0x06, 0x23, 0x21, 0xFC, 0xCF, 
0x0F, 0x0F, 0x0C, 0x02, 0xE2, 0x0C, 0x0F, 0x0F, 0x0C, 0xFD, 0x1E, 0x01, 0x1B, 0x0F, 0x0C, 0x0C, 
0x0F, 0x0F, 0x0C, 0x0C, 0x0F, 0x00, 0x00, 0x00, 0x00, 0x01, 0xFE, 0x99, 0x02, 0x8C, 0xFF, 0xC2, 
0x02, 0xFE, 0x00, 0x24, 0x00, 0x55, 0x40, 0x0A, 0x1F, 0x01, 0x00, 0x02, 0x0D, 0x01, 0x01, 0x03, 
0x02, 0x4A, 0x4B, 0xB0, 0x22, 0x50, 0x58, 0x40, 0x14, 0x00, 0x03, 0x05, 0x04, 0x02, 0x01, 0x03, 
0x01, 0x63, 0x00, 0x00, 0x00, 0x02, 0x5F, 0x00, 0x02, 0x02, 0x3D, 0x00, 0x4C, 0x1B, 0x40, 0x1A, 
0x00, 0x02, 0x00, 0x00, 0x03, 0x02, 0x00, 0x67, 0x00, 0x03, 0x01, 0x01, 0x03, 0x57, 0x00, 0x03, 
0x03, 0x01, 0x5F, 0x05, 0x04, 0x02, 0x01, 0x03, 0x01, 0x4F, 0x59, 0x40, 0x0D, 0x00, 0x00, 0x00, 
0x24, 0x00, 0x23, 0x24, 0x26, 0x23, 0x24, 0x06, 0x09, 0x18, 0x2B, 0x02, 0x26, 0x27, 0x26, 0x26, 
0x23, 0x22, 0x06, 0x07, 0x06, 0x23, 0x22, 0x26, 0x35, 0x34, 0x37, 0x36, 0x36, 0x33, 0x32, 0x16, 
0x17, 0x16, 0x16, 0x33, 0x32, 0x37, 0x36, 0x36, 0x17, 0x16, 0x15, 0x14, 0x07, 0x06, 0x06, 0x23, 
0xA3, 0x27, 0x0D, 0x10, 0x15, 0x0C, 0x0C, 0x12, 0x0C, 0x09, 0x13, 0x0C, 0x0D, 0x03, 0x11, 0x2C, 
0x1E, 0x17, 0x1C, 0x15, 0x14, 0x13, 0x08, 0x0F, 0x0B, 0x04, 0x15, 0x0B, 0x16, 0x03, 0x0F, 0x25, 
0x19, 0x02, 0x8C, 0x15, 0x0D, 0x10, 0x0D, 0x15, 0x16, 0x12, 0x0E, 0x0A, 0x07, 0x07, 0x27, 0x23, 
0x0F, 0x12, 0x11, 0x0B, 0x1E, 0x0C, 0x0C, 0x03, 0x06, 0x13, 0x06, 0x06, 0x24, 0x1F, 0x00, 0x00, 
0xFF, 0xFF, 0xFF, 0xC1, 0x02, 0x27, 0x00, 0x28, 0x03, 0x13, 0x00, 0x02, 0x02, 0xD0, 0xC1, 0x00, 
0x00, 0x01, 0x00, 0x29, 0x02, 0x71, 0x01, 0x59, 0x02, 0xAF, 0x00, 0x0D, 0x00, 0x26, 0xB1, 0x06, 
0x64, 0x44, 0x40, 0x1B, 0x00, 0x00, 0x01, 0x01, 0x00, 0x55, 0x00, 0x00, 0x00, 0x01, 0x5D, 0x02, 
0x01, 0x01, 0x00, 0x01, 0x4D, 0x00, 0x00, 0x00, 0x0D, 0x00, 0x0B, 0x34, 0x03, 0x09, 0x15, 0x2B, 
0xB1, 0x06, 0x00, 0x44, 0x12, 0x26, 0x35, 0x34, 0x36, 0x33, 0x33, 0x32, 0x16, 0x15, 0x14, 0x06, 
0x23, 0x23, 0x3B, 0x12, 0x12, 0x0D, 0xF2, 0x0D, 0x12, 0x12, 0x0D, 0xF2, 0x02, 0x71, 0x12, 0x0D, 
0x0D, 0x12, 0x12, 0x0D, 0x0D, 0x12, 0x00, 0x00, 0x00, 0x01, 0x00, 0x2A, 0x02, 0x56, 0x00, 0xE1, 
0x03, 0x0D, 0x00, 0x0F, 0x00, 0x1F, 0xB1, 0x06, 0x64, 0x44, 0x40, 0x14, 0x00, 0x00, 0x01, 0x00, 
0x83, 0x02, 0x01, 0x01, 0x01, 0x74, 0x00, 0x00, 0x00, 0x0F, 0x00, 0x0E, 0x26, 0x03, 0x09, 0x15, 
0x2B, 0xB1, 0x06, 0x00, 0x44, 0x12, 0x26, 0x35, 0x34, 0x37, 0x37, 0x36, 0x33, 0x32, 0x16, 0x15, 
0x14, 0x07, 0x07, 0x06, 0x23, 0x3C, 0x12, 0x07, 0x7B, 0x09, 0x0D, 0x0D, 0x12, 0x09, 0x7B, 0x08, 
0x0C, 0x02, 0x56, 0x12, 0x0D, 0x0B, 0x09, 0x7B, 0x09, 0x12, 0x0D, 0x0C, 0x09, 0x7B, 0x08, 0x00, 
0x00, 0x01, 0x00, 0x29, 0x02, 0x74, 0x01, 0x5A, 0x03, 0x02, 0x00, 0x18, 0x00, 0x34, 0xB1, 0x06, 
0x64, 0x44, 0x40, 0x29, 0x15, 0x01, 0x01, 0x00, 0x01, 0x4A, 0x02, 0x01, 0x00, 0x01, 0x00, 0x83, 
0x00, 0x01, 0x03, 0x03, 0x01, 0x57, 0x00, 0x01, 0x01, 0x03, 0x5F, 0x04, 0x01, 0x03, 0x01, 0x03, 
0x4F, 0x00, 0x00, 0x00, 0x18, 0x00, 0x17, 0x24, 0x24, 0x25, 0x05, 0x09, 0x17, 0x2B, 0xB1, 0x06, 
0x00, 0x44, 0x12, 0x26, 0x26, 0x35, 0x34, 0x36, 0x33, 0x32, 0x16, 0x15, 0x14, 0x16, 0x33, 0x32, 
0x36, 0x35, 0x34, 0x36, 0x33, 0x32, 0x16, 0x17, 0x06, 0x06, 0x23, 0x98, 0x46, 0x29, 0x12, 0x0D, 
0x0D, 0x11, 0x31, 0x2A, 0x2A, 0x32, 0x11, 0x0D, 0x0D, 0x11, 0x01, 0x04, 0x58, 0x3D, 0x02, 0x74, 
0x1E, 0x33, 0x1E, 0x0D, 0x12, 0x12, 0x0D, 0x18, 0x21, 0x21, 0x18, 0x0D, 0x12, 0x12, 0x0C, 0x32, 
0x3E, 0x00, 0x00, 0x00, 0x00, 0x01, 0x00, 0x29, 0x02, 0x74, 0x01, 0x59, 0x02, 0xFE, 0x00, 0x15, 
0x00, 0x27, 0xB1, 0x06, 0x64, 0x44, 0x40, 0x1C, 0x0A, 0x01, 0x02, 0x00, 0x01, 0x4A, 0x01, 0x01, 
0x00, 0x02, 0x00, 0x83, 0x03, 0x01, 0x02, 0x02, 0x74, 0x00, 0x00, 0x00, 0x15, 0x00, 0x14, 0x24, 
0x26, 0x04, 0x09, 0x16, 0x2B, 0xB1, 0x06, 0x00, 0x44, 0x12, 0x27, 0x27, 0x26, 0x35, 0x34, 0x36, 
0x33, 0x32, 0x17, 0x17, 0x37, 0x36, 0x33, 0x32, 0x16, 0x15, 0x14, 0x07, 0x07, 0x06, 0x23, 0xB7, 
0x05, 0x79, 0x10, 0x0F, 0x0B, 0x0C, 0x0C, 0x66, 0x66, 0x0D, 0x0C, 0x0B, 0x0E, 0x10, 0x79, 0x05, 
0x0A, 0x02, 0x74, 0x04, 0x50, 0x0A, 0x11, 0x0C, 0x0F, 0x08, 0x46, 0x44, 0x09, 0x0F, 0x0B, 0x0F, 
0x0C, 0x50, 0x04, 0x00, 0x00, 0x01, 0x00, 0x26, 0xFF, 0x18, 0x01, 0x14, 0x00, 0x26, 0x00, 0x26, 
0x00, 0x3A, 0xB1, 0x06, 0x64, 0x44, 0x40, 0x2F, 0x20, 0x1D, 0x15, 0x03, 0x00, 0x02, 0x01, 0x4A, 
0x00, 0x02, 0x00, 0x02, 0x83, 0x00, 0x00, 0x01, 0x00, 0x83, 0x00, 0x01, 0x03, 0x03, 0x01, 0x57, 
0x00, 0x01, 0x01, 0x03, 0x60, 0x04, 0x01, 0x03, 0x01, 0x03, 0x50, 0x00, 0x00, 0x00, 0x26, 0x00, 
0x25, 0x2C, 0x26, 0x14, 0x05, 0x09, 0x17, 0x2B, 0xB1, 0x06, 0x00, 0x44, 0x16, 0x26, 0x35, 0x34, 
0x36, 0x33, 0x32, 0x16, 0x16, 0x17, 0x16, 0x16, 0x33, 0x32, 0x36, 0x35, 0x34, 0x26, 0x27, 0x26, 
0x26, 0x35, 0x34, 0x37, 0x37, 0x36, 0x33, 0x32, 0x16, 0x15, 0x14, 0x07, 0x07, 0x16, 0x16, 0x15, 
0x14, 0x06, 0x23, 0x65, 0x3F, 0x11, 0x0D, 0x08, 0x0C, 0x0C, 0x03, 0x0A, 0x13, 0x11, 0x1A, 0x21, 
0x1A, 0x1F, 0x10, 0x10, 0x05, 0x14, 0x08, 0x1B, 0x0C, 0x0F, 0x03, 0x0F, 0x32, 0x26, 0x4C, 0x33, 
0xE8, 0x28, 0x1A, 0x0D, 0x12, 0x07, 0x09, 0x03, 0x08, 0x09, 0x16, 0x13, 0x13, 0x17, 0x09, 0x04, 
0x0C, 0x0B, 0x06, 0x0D, 0x31, 0x16, 0x0F, 0x0B, 0x06, 0x06, 0x24, 0x0F, 0x2C, 0x21, 0x2C, 0x3C, 
0x00, 0x01, 0x00, 0x29, 0x02, 0x74, 0x01, 0x59, 0x03, 0x02, 0x00, 0x15, 0x00, 0x27, 0xB1, 0x06, 
0x64, 0x44, 0x40, 0x1C, 0x12, 0x01, 0x01, 0x00, 0x01, 0x4A, 0x00, 0x00, 0x01, 0x00, 0x83, 0x03, 
0x02, 0x02, 0x01, 0x01, 0x74, 0x00, 0x00, 0x00, 0x15, 0x00, 0x14, 0x26, 0x26, 0x04, 0x09, 0x16, 
0x2B, 0xB1, 0x06, 0x00, 0x44, 0x12, 0x26, 0x35, 0x34, 0x37, 0x37, 0x36, 0x33, 0x32, 0x17, 0x17, 
0x16, 0x15, 0x14, 0x06, 0x23, 0x22, 0x27, 0x27, 0x07, 0x06, 0x23, 0x3B, 0x12, 0x10, 0x79, 0x08, 
0x07, 0x07, 0x08, 0x79, 0x10, 0x12, 0x0D, 0x0A, 0x09, 0x66, 0x66, 0x09, 0x09, 0x02, 0x74, 0x11, 
0x0D, 0x11, 0x0A, 0x51, 0x04, 0x04, 0x51, 0x0A, 0x11, 0x0D, 0x11, 0x06, 0x44, 0x44, 0x06, 0x00, 
0x00, 0x02, 0x00, 0x63, 0x02, 0x73, 0x01, 0x92, 0x02, 0xDA, 0x00, 0x0B, 0x00, 0x17, 0x00, 0x32, 
0xB1, 0x06, 0x64, 0x44, 0x40, 0x27, 0x02, 0x01, 0x00, 0x01, 0x01, 0x00, 0x57, 0x02, 0x01, 0x00, 
0x00, 0x01, 0x5F, 0x05, 0x03, 0x04, 0x03, 0x01, 0x00, 0x01, 0x4F, 0x0C, 0x0C, 0x00, 0x00, 0x0C, 
0x17, 0x0C, 0x16, 0x12, 0x10, 0x00, 0x0B, 0x00, 0x0A, 0x24, 0x06, 0x09, 0x15, 0x2B, 0xB1, 0x06, 
0x00, 0x44, 0x12, 0x26, 0x35, 0x34, 0x36, 0x33, 0x32, 0x16, 0x15, 0x14, 0x06, 0x23, 0x32, 0x26, 
0x35, 0x34, 0x36, 0x33, 0x32, 0x16, 0x15, 0x14, 0x06, 0x23, 0x81, 0x1E, 0x1E, 0x16, 0x16, 0x1D, 
0x1D, 0x16, 0xB2, 0x1E, 0x1E, 0x16, 0x16, 0x1D, 0x1D, 0x16, 0x02, 0x73, 0x1E, 0x16, 0x15, 0x1E, 
0x1E, 0x15, 0x16, 0x1E, 0x1E, 0x16, 0x15, 0x1E, 0x1E, 0x15, 0x16, 0x1E, 0x00, 0x01, 0x00, 0x2B, 
0x02, 0x74, 0x00, 0x90, 0x02, 0xD9, 0x00, 0x0B, 0x00, 0x26, 0xB1, 0x06, 0x64, 0x44, 0x40, 0x1B, 
0x00, 0x00, 0x01, 0x01, 0x00, 0x57, 0x00, 0x00, 0x00, 0x01, 0x5F, 0x02, 0x01, 0x01, 0x00, 0x01, 
0x4F, 0x00, 0x00, 0x00, 0x0B, 0x00, 0x0A, 0x24, 0x03, 0x09, 0x15, 0x2B, 0xB1, 0x06, 0x00, 0x44, 
0x12, 0x26, 0x35, 0x34, 0x36, 0x33, 0x32, 0x16, 0x15, 0x14, 0x06, 0x23, 0x48, 0x1D, 0x1E, 0x15, 
0x15, 0x1D, 0x1D, 0x15, 0x02, 0x74, 0x1E, 0x15, 0x15, 0x1D, 0x1C, 0x16, 0x15, 0x1E, 0x00, 0x00, 
0x00, 0x01, 0x00, 0x30, 0x02, 0x57, 0x00, 0xE6, 0x03, 0x0E, 0x00, 0x0F, 0x00, 0x1F, 0xB1, 0x06, 
0x64, 0x44, 0x40, 0x14, 0x00, 0x00, 0x01, 0x00, 0x83, 0x02, 0x01, 0x01, 0x01, 0x74, 0x00, 0x00, 
0x00, 0x0F, 0x00, 0x0E, 0x26, 0x03, 0x09, 0x15, 0x2B, 0xB1, 0x06, 0x00, 0x44, 0x12, 0x27, 0x27, 
0x26, 0x35, 0x34, 0x36, 0x33, 0x32, 0x17, 0x17, 0x16, 0x15, 0x14, 0x06, 0x23, 0xBE, 0x0B, 0x7B, 
0x08, 0x12, 0x0D, 0x0C, 0x09, 0x7B, 0x07, 0x11, 0x0D, 0x02, 0x57, 0x08, 0x7B, 0x08, 0x0D, 0x0D, 
0x12, 0x09, 0x7B, 0x07, 0x0D, 0x0D, 0x12, 0x00, 0x00, 0x02, 0x00, 0x2A, 0x02, 0x4D, 0x01, 0x31, 
0x03, 0x0D, 0x00, 0x10, 0x00, 0x21, 0x00, 0x26, 0xB1, 0x06, 0x64, 0x44, 0x40, 0x1B, 0x1C, 0x13, 
0x0B, 0x02, 0x04, 0x01, 0x00, 0x01, 0x4A, 0x02, 0x01, 0x00, 0x01, 0x00, 0x83, 0x03, 0x01, 0x01, 
0x01, 0x74, 0x16, 0x28, 0x16, 0x27, 0x04, 0x09, 0x18, 0x2B, 0xB1, 0x06, 0x00, 0x44, 0x12, 0x26, 
0x35, 0x34, 0x37, 0x37, 0x36, 0x36, 0x33, 0x32, 0x16, 0x15, 0x14, 0x07, 0x07, 0x06, 0x23, 0x32, 
0x26, 0x35, 0x34, 0x37, 0x37, 0x36, 0x36, 0x33, 0x32, 0x16, 0x15, 0x14, 0x07, 0x07, 0x06, 0x23, 
0x35, 0x0B, 0x01, 0x2E, 0x04, 0x0F, 0x09, 0x0E, 0x11, 0x02, 0x41, 0x07, 0x0D, 0x95, 0x0B, 0x01, 
0x2F, 0x03, 0x0F, 0x09, 0x0E, 0x11, 0x02, 0x41, 0x06, 0x0E, 0x02, 0x4D, 0x0B, 0x09, 0x07, 0x02, 
0x90, 0x09, 0x0A, 0x12, 0x0C, 0x05, 0x06, 0x89, 0x0E, 0x0B, 0x09, 0x07, 0x02, 0x90, 0x09, 0x0A, 
0x12, 0x0C, 0x05, 0x06, 0x89, 0x0E, 0x00, 0x00, 0x00, 0x01, 0x00, 0x6E, 0x02, 0x77, 0x01, 0xB3, 
0x02, 0xB4, 0x00, 0x0D, 0x00, 0x26, 0xB1, 0x06, 0x64, 0x44, 0x40, 0x1B, 0x00, 0x00, 0x01, 0x01, 
0x00, 0x55, 0x00, 0x00, 0x00, 0x01, 0x5D, 0x02, 0x01, 0x01, 0x00, 0x01, 0x4D, 0x00, 0x00, 0x00, 
0x0D, 0x00, 0x0B, 0x34, 0x03, 0x09, 0x15, 0x2B, 0xB1, 0x06, 0x00, 0x44, 0x12, 0x26, 0x35, 0x34, 
0x36, 0x33, 0x21, 0x32, 0x16, 0x15, 0x14, 0x06, 0x23, 0x21, 0x7F, 0x11, 0x11, 0x0D, 0x01, 0x09, 
0x0D, 0x11, 0x11, 0x0D, 0xFE, 0xF7, 0x02, 0x77, 0x11, 0x0D, 0x0D, 0x12, 0x12, 0x0D, 0x0D, 0x11, 
0x00, 0x01, 0x00, 0x2A, 0xFF, 0x1A, 0x01, 0x09, 0x00, 0x1F, 0x00, 0x20, 0x00, 0x32, 0xB1, 0x06, 
0x64, 0x44, 0x40, 0x27, 0x00, 0x00, 0x02, 0x00, 0x83, 0x00, 0x02, 0x01, 0x02, 0x83, 0x00, 0x01, 
0x03, 0x03, 0x01, 0x57, 0x00, 0x01, 0x01, 0x03, 0x60, 0x04, 0x01, 0x03, 0x01, 0x03, 0x50, 0x00, 
0x00, 0x00, 0x20, 0x00, 0x1F, 0x23, 0x29, 0x27, 0x05, 0x09, 0x17, 0x2B, 0xB1, 0x06, 0x00, 0x44, 
0x16, 0x26, 0x35, 0x34, 0x37, 0x36, 0x37, 0x36, 0x33, 0x32, 0x16, 0x15, 0x14, 0x06, 0x07, 0x06, 
0x15, 0x14, 0x16, 0x33, 0x32, 0x37, 0x37, 0x36, 0x33, 0x32, 0x16, 0x15, 0x14, 0x07, 0x07, 0x06, 
0x23, 0x6C, 0x42, 0x2F, 0x1F, 0x07, 0x08, 0x12, 0x0E, 0x11, 0x1E, 0x1E, 0x15, 0x1D, 0x15, 0x10, 
0x0C, 0x23, 0x09, 0x09, 0x0D, 0x12, 0x0A, 0x29, 0x1C, 0x21, 0xE6, 0x41, 0x2E, 0x35, 0x26, 0x19, 
0x13, 0x0F, 0x10, 0x0D, 0x13, 0x27, 0x16, 0x11, 0x18, 0x15, 0x1D, 0x08, 0x1A, 0x06, 0x12, 0x0D, 
0x0F, 0x08, 0x1C, 0x13, 0x00, 0x02, 0x00, 0x2A, 0x02, 0x55, 0x00, 0xE2, 0x03, 0x0D, 0x00, 0x0B, 
0x00, 0x17, 0x00, 0x38, 0xB1, 0x06, 0x64, 0x44, 0x40, 0x2D, 0x00, 0x00, 0x00, 0x02, 0x03, 0x00, 
0x02, 0x67, 0x05, 0x01, 0x03, 0x01, 0x01, 0x03, 0x57, 0x05, 0x01, 0x03, 0x03, 0x01, 0x5F, 0x04, 
0x01, 0x01, 0x03, 0x01, 0x4F, 0x0C, 0x0C, 0x00, 0x00, 0x0C, 0x17, 0x0C, 0x16, 0x12, 0x10, 0x00, 
0x0B, 0x00, 0x0A, 0x24, 0x06, 0x09, 0x15, 0x2B, 0xB1, 0x06, 0x00, 0x44, 0x12, 0x26, 0x35, 0x34, 
0x36, 0x33, 0x32, 0x16, 0x15, 0x14, 0x06, 0x23, 0x36, 0x36, 0x35, 0x34, 0x26, 0x23, 0x22, 0x06, 
0x15, 0x14, 0x16, 0x33, 0x61, 0x37, 0x37, 0x25, 0x26, 0x36, 0x36, 0x26, 0x16, 0x20, 0x1F, 0x17, 
0x16, 0x1F, 0x1F, 0x16, 0x02, 0x55, 0x37, 0x25, 0x26, 0x36, 0x36, 0x26, 0x25, 0x37, 0x27, 0x1F, 
0x16, 0x17, 0x1F, 0x20, 0x16, 0x16, 0x1F, 0x00, 0x00, 0x01, 0x00, 0x2B, 0x02, 0x76, 0x01, 0xB6, 
0x02, 0xEA, 0x00, 0x24, 0x00, 0x76, 0xB1, 0x06, 0x64, 0x44, 0xB5, 0x20, 0x01, 0x00, 0x04, 0x01, 
0x4A, 0x4B, 0xB0, 0x2E, 0x50, 0x58, 0x40, 0x22, 0x00, 0x04, 0x02, 0x00, 0x02, 0x04, 0x00, 0x7E, 
0x00, 0x02, 0x00, 0x00, 0x03, 0x02, 0x00, 0x67, 0x00, 0x03, 0x01, 0x01, 0x03, 0x57, 0x00, 0x03, 
0x03, 0x01, 0x5F, 0x06, 0x05, 0x02, 0x01, 0x03, 0x01, 0x4F, 0x1B, 0x40, 0x29, 0x00, 0x04, 0x02, 
0x00, 0x02, 0x04, 0x00, 0x7E, 0x00, 0x01, 0x03, 0x05, 0x03, 0x01, 0x05, 0x7E, 0x00, 0x02, 0x00, 
0x00, 0x03, 0x02, 0x00, 0x67, 0x00, 0x03, 0x01, 0x05, 0x03, 0x57, 0x00, 0x03, 0x03, 0x05, 0x5F, 
0x06, 0x01, 0x05, 0x03, 0x05, 0x4F, 0x59, 0x40, 0x0E, 0x00, 0x00, 0x00, 0x24, 0x00, 0x23, 0x12, 
0x24, 0x27, 0x22, 0x24, 0x07, 0x09, 0x19, 0x2B, 0xB1, 0x06, 0x00, 0x44, 0x00, 0x26, 0x27, 0x26, 
0x26, 0x23, 0x22, 0x07, 0x06, 0x23, 0x22, 0x27, 0x26, 0x35, 0x34, 0x37, 0x36, 0x36, 0x33, 0x32, 
0x16, 0x17, 0x16, 0x16, 0x33, 0x32, 0x37, 0x36, 0x33, 0x32, 0x17, 0x16, 0x15, 0x14, 0x07, 0x06, 
0x23, 0x01, 0x2A, 0x2A, 0x18, 0x14, 0x18, 0x0D, 0x29, 0x24, 0x09, 0x10, 0x0A, 0x05, 0x0F, 0x06, 
0x1B, 0x41, 0x22, 0x1A, 0x27, 0x19, 0x15, 0x17, 0x11, 0x22, 0x15, 0x0C, 0x10, 0x07, 0x04, 0x12, 
0x06, 0x27, 0x43, 0x02, 0x76, 0x13, 0x10, 0x0E, 0x09, 0x29, 0x0C, 0x04, 0x09, 0x0E, 0x0A, 0x07, 
0x20, 0x23, 0x11, 0x10, 0x0E, 0x0B, 0x16, 0x0E, 0x03, 0x09, 0x0F, 0x08, 0x08, 0x33, 0x00, 0x00, 
0x00, 0x01, 0x00, 0x2A, 0x02, 0x88, 0x00, 0xE1, 0x03, 0x3F, 0x00, 0x0F, 0x00, 0x1F, 0xB1, 0x06, 
0x64, 0x44, 0x40, 0x14, 0x00, 0x00, 0x01, 0x00, 0x83, 0x02, 0x01, 0x01, 0x01, 0x74, 0x00, 0x00, 
0x00, 0x0F, 0x00, 0x0E, 0x26, 0x03, 0x08, 0x15, 0x2B, 0xB1, 0x06, 0x00, 0x44, 0x12, 0x26, 0x35, 
0x34, 0x37, 0x37, 0x36, 0x33, 0x32, 0x16, 0x15, 0x14, 0x07, 0x07, 0x06, 0x23, 0x3C, 0x12, 0x07, 
0x7B, 0x09, 0x0D, 0x0D, 0x12, 0x09, 0x7B, 0x08, 0x0C, 0x02, 0x88, 0x12, 0x0D, 0x0B, 0x09, 0x7B, 
0x09, 0x12, 0x0D, 0x0C, 0x09, 0x7B, 0x08, 0x00, 0x00, 0x03, 0x00, 0x32, 0x02, 0x7F, 0x01, 0xC8, 
0x03, 0x36, 0x00, 0x0F, 0x00, 0x1B, 0x00, 0x27, 0x00, 0x40, 0xB1, 0x06, 0x64, 0x44, 0x40, 0x35, 
0x00, 0x00, 0x03, 0x00, 0x83, 0x00, 0x01, 0x02, 0x01, 0x84, 0x07, 0x05, 0x06, 0x03, 0x03, 0x02, 
0x02, 0x03, 0x57, 0x07, 0x05, 0x06, 0x03, 0x03, 0x03, 0x02, 0x5F, 0x04, 0x01, 0x02, 0x03, 0x02, 
0x4F, 0x1C, 0x1C, 0x10, 0x10, 0x1C, 0x27, 0x1C, 0x26, 0x22, 0x20, 0x10, 0x1B, 0x10, 0x1A, 0x2A, 
0x26, 0x20, 0x08, 0x08, 0x17, 0x2B, 0xB1, 0x06, 0x00, 0x44, 0x00, 0x33, 0x32, 0x16, 0x15, 0x14, 
0x07, 0x07, 0x06, 0x23, 0x22, 0x26, 0x35, 0x34, 0x37, 0x37, 0x06, 0x16, 0x15, 0x14, 0x06, 0x23, 
0x22, 0x26, 0x35, 0x34, 0x36, 0x33, 0x20, 0x16, 0x15, 0x14, 0x06, 0x23, 0x22, 0x26, 0x35, 0x34, 
0x36, 0x33, 0x01, 0x38, 0x0C, 0x0D, 0x11, 0x07, 0x7B, 0x0B, 0x0A, 0x0D, 0x12, 0x08, 0x7B, 0xC3, 
0x17, 0x17, 0x11, 0x11, 0x18, 0x18, 0x11, 0x01, 0x55, 0x18, 0x18, 0x11, 0x11, 0x18, 0x18, 0x11, 
0x03, 0x36, 0x12, 0x0D, 0x0E, 0x07, 0x7B, 0x08, 0x12, 0x0D, 0x0C, 0x08, 0x7B, 0x3E, 0x18, 0x11, 
0x11, 0x17, 0x17, 0x11, 0x11, 0x18, 0x18, 0x11, 0x11, 0x17, 0x17, 0x11, 0x11, 0x18, 0x00, 0x00, 
0x00, 0x01, 0xFE, 0x78, 0x02, 0x69, 0xFF, 0xC4, 0x03, 0x02, 0x00, 0x19, 0x00, 0x40, 0x4B, 0xB0, 
0x2D, 0x50, 0x58, 0x40, 0x0F, 0x00, 0x01, 0x04, 0x01, 0x03, 0x01, 0x03, 0x63, 0x02, 0x01, 0x00, 
0x00, 0x17, 0x00, 0x4C, 0x1B, 0x40, 0x17, 0x02, 0x01, 0x00, 0x01, 0x00, 0x83, 0x00, 0x01, 0x03, 
0x03, 0x01, 0x57, 0x00, 0x01, 0x01, 0x03, 0x5F, 0x04, 0x01, 0x03, 0x01, 0x03, 0x4F, 0x59, 0x40, 
0x0C, 0x00, 0x00, 0x00, 0x19, 0x00, 0x18, 0x24, 0x24, 0x25, 0x05, 0x07, 0x17, 0x2B, 0x00, 0x26, 
0x26, 0x35, 0x34, 0x36, 0x33, 0x32, 0x16, 0x15, 0x14, 0x16, 0x33, 0x32, 0x36, 0x35, 0x34, 0x36, 
0x33, 0x32, 0x16, 0x15, 0x14, 0x06, 0x06, 0x23, 0xFE, 0xEF, 0x4C, 0x2B, 0x11, 0x0D, 0x0D, 0x11, 
0x3C, 0x2E, 0x2E, 0x3C, 0x11, 0x0D, 0x0D, 0x11, 0x2B, 0x4C, 0x2F, 0x02, 0x69, 0x20, 0x37, 0x23, 
0x0D, 0x12, 0x13, 0x11, 0x1D, 0x22, 0x22, 0x1D, 0x11, 0x13, 0x12, 0x0D, 0x23, 0x37, 0x20, 0x00, 
0xFF, 0xFF, 0xFE, 0x9D, 0x02, 0x88, 0xFF, 0xCE, 0x03, 0xCE, 0x00, 0x22, 0x03, 0x2E, 0xFB, 0x00, 
0x01, 0x07, 0x03, 0x29, 0xFF, 0xEF, 0x00, 0xA3, 0x00, 0x08, 0xB1, 0x01, 0x01, 0xB0, 0xA3, 0xB0, 
0x33, 0x2B, 0x00, 0x00, 0xFF, 0xFF, 0xFE, 0x9D, 0x02, 0x88, 0xFF, 0xCE, 0x03, 0xD9, 0x00, 0x22, 
0x03, 0x2E, 0xFB, 0x00, 0x01, 0x07, 0x03, 0x28, 0xFF, 0x80, 0x00, 0xA3, 0x00, 0x08, 0xB1, 0x01, 
0x01, 0xB0, 0xA3, 0xB0, 0x33, 0x2B, 0x00, 0x00, 0xFF, 0xFF, 0xFE, 0x9D, 0x02, 0x88, 0xFF, 0xCE, 
0x03, 0xF5, 0x00, 0x22, 0x03, 0x2E, 0xFB, 0x00, 0x01, 0x07, 0x03, 0x32, 0xFF, 0xDF, 0x00, 0xA3, 
0x00, 0x08, 0xB1, 0x01, 0x01, 0xB0, 0xA3, 0xB0, 0x33, 0x2B, 0x00, 0x00, 0xFF, 0xFF, 0xFE, 0x9A, 
0x02, 0x88, 0xFF, 0xCE, 0x03, 0xA1, 0x00, 0x22, 0x03, 0x2E, 0xFB, 0x00, 0x01, 0x07, 0x03, 0x40, 
0x00, 0x01, 0x00, 0xA3, 0x00, 0x08, 0xB1, 0x01, 0x01, 0xB0, 0xA3, 0xB0, 0x33, 0x2B, 0x00, 0x00, 
0xFF, 0xFF, 0xFE, 0x52, 0x02, 0x88, 0xFF, 0xCE, 0x03, 0xE5, 0x00, 0x22, 0x03, 0x2C, 0xB0, 0x00, 
0x01, 0x07, 0x03, 0x29, 0xFF, 0xFE, 0x00, 0xBA, 0x00, 0x08, 0xB1, 0x01, 0x01, 0xB0, 0xBA, 0xB0, 
0x33, 0x2B, 0x00, 0x00, 0xFF, 0xFF, 0xFE, 0x9E, 0x02, 0x88, 0xFF, 0xCE, 0x03, 0xF0, 0x00, 0x22, 
0x03, 0x2C, 0xFC, 0x00, 0x01, 0x07, 0x03, 0x28, 0xFF, 0xDB, 0x00, 0xBA, 0x00, 0x08, 0xB1, 0x01, 
0x01, 0xB0, 0xBA, 0xB0, 0x33, 0x2B, 0x00, 0x00, 0xFF, 0xFF, 0xFE, 0x64, 0x02, 0x88, 0xFF, 0xCE, 
0x04, 0x0C, 0x00, 0x22, 0x03, 0x2C, 0xC2, 0x00, 0x01, 0x07, 0x03, 0x32, 0x00, 0x00, 0x00, 0xBA, 
0x00, 0x08, 0xB1, 0x01, 0x01, 0xB0, 0xBA, 0xB0, 0x33, 0x2B, 0x00, 0x00, 0xFF, 0xFF, 0xFE, 0x99, 
0x02, 0x88, 0xFF, 0xCE, 0x03, 0xA4, 0x00, 0x22, 0x03, 0x2C, 0xFC, 0x00, 0x01, 0x07, 0x03, 0x40, 
0x00, 0x00, 0x00, 0xA6, 0x00, 0x08, 0xB1, 0x01, 0x01, 0xB0, 0xA6, 0xB0, 0x33, 0x2B, 0x00, 0x00, 
0x00, 0x01, 0x00, 0x00, 0x00, 0x03, 0x00, 0x41, 0x4E, 0x1F, 0x3F, 0x26, 0x5F, 0x0F, 0x3C, 0xF5, 
0x00, 0x03, 0x03, 0xE8, 0x00, 0x00, 0x00, 0x00, 0xD4, 0x2D, 0xA3, 0x4C, 0x00, 0x00, 0x00, 0x00, 
0xD4, 0xAC, 0xD9, 0xC1, 0xFC, 0xC0, 0xFF, 0x05, 0x04, 0xEF, 0x04, 0xF6, 0x00, 0x00, 0x00, 0x07, 
0x00, 0x02, 0x00, 0x00, 0x00, 0x00, 0x00, 0x00, 0x00, 0x01, 0x00, 0x00, 0x03, 0x71, 0xFF, 0x16, 
0x00, 0x00, 0x05, 0x19, 0xFC, 0xC0, 0xFF, 0xA7, 0x04, 0xEF, 0x00, 0x01, 0x00, 0x00, 0x00, 0x00, 
0x00, 0x00, 0x00, 0x00, 0x00, 0x00, 0x00, 0x00, 0x00, 0x00, 0x03, 0x53, 0x02, 0x71, 0x00, 0x28, 
0x00, 0x00, 0x00, 0x00, 0x01, 0x25, 0x00, 0x00, 0x01, 0x25, 0x00, 0x00, 0x02, 0xBF, 0x00, 0x13, 
0x02, 0xBF, 0x00, 0x13, 0x02, 0xBF, 0x00, 0x13, 0x02, 0xBF, 0x00, 0x13, 0x02, 0xBF, 0x00, 0x13, 
0x02, 0xBF, 0x00, 0x13, 0x02, 0xBF, 0x00, 0x13, 0x02, 0xBF, 0x00, 0x13, 0x02, 0xBF, 0x00, 0x13, 
0x02, 0xBF, 0x00, 0x13, 0x02, 0xBF, 0x00, 0x13, 0x02, 0xBF, 0x00, 0x13, 0x02, 0xBF, 0x00, 0x13, 
0x02, 0xBF, 0x00, 0x13, 0x02, 0xBF, 0x00, 0x13, 0x02, 0xBF, 0x00, 0x13, 0x02, 0xBF, 0x00, 0x13, 
0x02, 0xBF, 0x00, 0x13, 0x02, 0xBF, 0x00, 0x13, 0x02, 0xBF, 0x00, 0x13, 0x02, 0xBF, 0x00, 0x13, 
0x02, 0xBF, 0x00, 0x13, 0x02, 0xBF, 0x00, 0x13, 0x02, 0xBF, 0x00, 0x13, 0x02, 0xBF, 0x00, 0x13, 
0x03, 0xA3, 0x00, 0x12, 0x03, 0xA3, 0x00, 0x12, 0x02, 0xA3, 0x00, 0x64, 0x02, 0xFF, 0x00, 0x3C, 
0x02, 0xFF, 0x00, 0x3C, 0x02, 0xFF, 0x00, 0x3C, 0x02, 0xFF, 0x00, 0x3C, 0x02, 0xFF, 0x00, 0x3C, 
0x02, 0xFF, 0x00, 0x3C, 0x02, 0xF9, 0x00, 0x64, 0x02, 0xF9, 0x00, 0x00, 0x02, 0xF9, 0x00, 0x64, 
0x02, 0xF9, 0x00, 0x00, 0x02, 0xAE, 0x00, 0x64, 0x02, 0xAE, 0x00, 0x64, 0x02, 0xAE, 0x00, 0x64, 
0x02, 0xAE, 0x00, 0x64, 0x02, 0xAE, 0x00, 0x64, 0x02, 0xAE, 0x00, 0x64, 0x02, 0xAE, 0x00, 0x64, 
0x02, 0xAE, 0x00, 0x64, 0x02, 0xAE, 0x00, 0x64, 0x02, 0xAE, 0x00, 0x64, 0x02, 0xAE, 0x00, 0x64, 
0x02, 0xAE, 0x00, 0x64, 0x02, 0xAE, 0x00, 0x64, 0x02, 0xAE, 0x00, 0x64, 0x02, 0xAE, 0x00, 0x64, 
0x02, 0xAE, 0x00, 0x64, 0x02, 0xAE, 0x00, 0x64, 0x02, 0xAE, 0x00, 0x64, 0x02, 0xAE, 0x00, 0x64, 
0x02, 0xAE, 0x00, 0x64, 0x02, 0x71, 0x00, 0x27, 0x02, 0xFF, 0x00, 0x3C, 0x02, 0xFF, 0x00, 0x3C, 
0x02, 0xFF, 0x00, 0x3C, 0x02, 0xFF, 0x00, 0x3C, 0x02, 0xFF, 0x00, 0x3C, 0x02, 0xFF, 0x00, 0x3C, 
0x03, 0x39, 0x00, 0x64, 0x03, 0x39, 0x00, 0x16, 0x03, 0x39, 0x00, 0x64, 0x01, 0x04, 0x00, 0x64, 
0x02, 0x77, 0x00, 0x64, 0x01, 0x04, 0x00, 0x54, 0x01, 0x04, 0xFF, 0xE9, 0x01, 0x04, 0xFF, 0xEA, 
0x01, 0x04, 0xFF, 0xFE, 0x01, 0x04, 0xFF, 0xEA, 0x01, 0x04, 0x00, 0x53, 0x01, 0x04, 0x00, 0x53, 
0x01, 0x04, 0xFF, 0xEB, 0x01, 0x04, 0x00, 0x2E, 0x01, 0x04, 0xFF, 0xE9, 0x01, 0x04, 0xFF, 0xDF, 
0x01, 0x04, 0x00, 0x13, 0x01, 0x04, 0xFF, 0xE6, 0x02, 0x5E, 0x00, 0x2D, 0x02, 0x5E, 0x00, 0x2D, 
0x02, 0x87, 0x00, 0x64, 0x02, 0x87, 0x00, 0x64, 0x02, 0x72, 0x00, 0x64, 0x02, 0x72, 0x00, 0x54, 
0x02, 0x72, 0x00, 0x64, 0x02, 0x72, 0x00, 0x64, 0x02, 0x4A, 0x00, 0x64, 0x02, 0x98, 0x00, 0x0D, 
0x03, 0xD5, 0x00, 0x64, 0x03, 0x35, 0x00, 0x64, 0x03, 0x35, 0x00, 0x64, 0x03, 0x35, 0x00, 0x64, 
0x03, 0x35, 0x00, 0x64, 0x02, 0xB5, 0x00, 0x64, 0x03, 0x35, 0x00, 0x64, 0x03, 0x99, 0x00, 0x3C, 
0x03, 0x99, 0x00, 0x3C, 0x03, 0x99, 0x00, 0x3C, 0x03, 0x99, 0x00, 0x3C, 0x03, 0x99, 0x00, 0x3C, 
0x03, 0x99, 0x00, 0x3C, 0x03, 0x99, 0x00, 0x3C, 0x03, 0x99, 0x00, 0x3C, 0x03, 0x99, 0x00, 0x3C, 
0x03, 0x99, 0x00, 0x3C, 0x03, 0x99, 0x00, 0x3C, 0x03, 0x99, 0x00, 0x3C, 0x03, 0x99, 0x00, 0x3C, 
0x03, 0x99, 0x00, 0x3C, 0x03, 0x99, 0x00, 0x3C, 0x03, 0x99, 0x00, 0x3C, 0x03, 0x99, 0x00, 0x3C, 
0x03, 0x99, 0x00, 0x3C, 0x03, 0x99, 0x00, 0x3C, 0x03, 0x99, 0x00, 0x3C, 0x03, 0x99, 0x00, 0x3C, 
0x03, 0x99, 0x00, 0x3C, 0x03, 0x99, 0x00, 0x3C, 0x03, 0x99, 0x00, 0x3C, 0x03, 0x99, 0x00, 0x3C, 
0x03, 0x99, 0x00, 0x3C, 0x03, 0x5B, 0x00, 0x3A, 0x03, 0x5B, 0x00, 0x3A, 0x03, 0x99, 0x00, 0x3C, 
0x03, 0x99, 0x00, 0x3C, 0x04, 0x7B, 0x00, 0x3C, 0x02, 0x5D, 0x00, 0x64, 0x02, 0x5D, 0x00, 0x64, 
0x03, 0x99, 0x00, 0x3C, 0x02, 0x60, 0x00, 0x64, 0x02, 0x60, 0x00, 0x64, 0x02, 0x60, 0x00, 0x64, 
0x02, 0x60, 0x00, 0x64, 0x02, 0x60, 0x00, 0x64, 0x02, 0x60, 0x00, 0x64, 0x02, 0x84, 0x00, 0x41, 
0x02, 0x84, 0x00, 0x41, 0x02, 0x84, 0x00, 0x41, 0x02, 0x84, 0x00, 0x41, 0x02, 0x84, 0x00, 0x41, 
0x02, 0x84, 0x00, 0x41, 0x02, 0xA3, 0x00, 0x64, 0x03, 0x3E, 0x00, 0x3C, 0x02, 0x8A, 0x00, 0x0F, 
0x02, 0x8A, 0x00, 0x0F, 0x02, 0x8A, 0x00, 0x0F, 0x02, 0x8A, 0x00, 0x0F, 0x02, 0x8A, 0x00, 0x0F, 
0x03, 0x21, 0x00, 0x64, 0x03, 0x21, 0x00, 0x64, 0x03, 0x21, 0x00, 0x64, 0x03, 0x21, 0x00, 0x64, 
0x03, 0x21, 0x00, 0x64, 0x03, 0x21, 0x00, 0x64, 0x03, 0x21, 0x00, 0x64, 0x03, 0x21, 0x00, 0x64, 
0x03, 0x21, 0x00, 0x64, 0x03, 0x21, 0x00, 0x64, 0x03, 0x21, 0x00, 0x64, 0x03, 0x21, 0x00, 0x64, 
0x03, 0x21, 0x00, 0x64, 0x03, 0x21, 0x00, 0x64, 0x03, 0x21, 0x00, 0x64, 0x03, 0x21, 0x00, 0x64, 
0x03, 0x21, 0x00, 0x64, 0x03, 0x21, 0x00, 0x64, 0x03, 0x21, 0x00, 0x64, 0x03, 0x21, 0x00, 0x64, 
0x03, 0x21, 0x00, 0x64, 0x02, 0xBE, 0x00, 0x14, 0x03, 0xAA, 0x00, 0x1C, 0x03, 0xAA, 0x00, 0x1C, 
0x03, 0xAA, 0x00, 0x1C, 0x03, 0xAA, 0x00, 0x1C, 0x03, 0xAA, 0x00, 0x1C, 0x02, 0xBD, 0x00, 0x2D, 
0x02, 0x79, 0x00, 0x05, 0x02, 0x79, 0x00, 0x05, 0x02, 0x79, 0x00, 0x05, 0x02, 0x79, 0x00, 0x05, 
0x02, 0x79, 0x00, 0x05, 0x02, 0x79, 0x00, 0x05, 0x02, 0x79, 0x00, 0x05, 0x02, 0x79, 0x00, 0x05, 
0x02, 0x79, 0x00, 0x05, 0x02, 0xC7, 0x00, 0x2D, 0x02, 0xC7, 0x00, 0x2D, 0x02, 0xC7, 0x00, 0x2D, 
0x02, 0xC7, 0x00, 0x2D, 0x02, 0xA7, 0x00, 0x3C, 0x02, 0xA7, 0x00, 0x3C, 0x02, 0xA7, 0x00, 0x3C, 
0x02, 0xA7, 0x00, 0x3C, 0x02, 0xA7, 0x00, 0x3C, 0x02, 0xA7, 0x00, 0x3C, 0x02, 0xA7, 0x00, 0x3C, 
0x02, 0xA7, 0x00, 0x3C, 0x02, 0xA7, 0x00, 0x3C, 0x02, 0xA7, 0x00, 0x3C, 0x02, 0xA7, 0x00, 0x3C, 
0x02, 0xA7, 0x00, 0x3C, 0x02, 0xA7, 0x00, 0x3C, 0x02, 0xA7, 0x00, 0x3C, 0x02, 0xA7, 0x00, 0x3C, 
0x02, 0xA7, 0x00, 0x3C, 0x02, 0xA7, 0x00, 0x3C, 0x02, 0xA7, 0x00, 0x3C, 0x02, 0xA7, 0x00, 0x3C, 
0x02, 0xA7, 0x00, 0x3C, 0x02, 0xA7, 0x00, 0x3C, 0x02, 0xA7, 0x00, 0x3C, 0x02, 0xA7, 0x00, 0x3C, 
0x02, 0xA7, 0x00, 0x3C, 0x02, 0xA7, 0x00, 0x3C, 0x04, 0x54, 0x00, 0x3C, 0x04, 0x54, 0x00, 0x3C, 
0x02, 0xC5, 0x00, 0x5A, 0x02, 0x51, 0x00, 0x3C, 0x02, 0x51, 0x00, 0x3C, 0x02, 0x51, 0x00, 0x3C, 
0x02, 0x51, 0x00, 0x3C, 0x02, 0x51, 0x00, 0x3C, 0x02, 0x51, 0x00, 0x3C, 0x02, 0xC5, 0x00, 0x3C, 
0x02, 0x97, 0x00, 0x3C, 0x03, 0x0C, 0x00, 0x3C, 0x02, 0xC5, 0x00, 0x3C, 0x02, 0x61, 0x00, 0x3C, 
0x02, 0x61, 0x00, 0x3C, 0x02, 0x61, 0x00, 0x3C, 0x02, 0x61, 0x00, 0x3C, 0x02, 0x61, 0x00, 0x3C, 
0x02, 0x61, 0x00, 0x3C, 0x02, 0x61, 0x00, 0x3C, 0x02, 0x61, 0x00, 0x3C, 0x02, 0x61, 0x00, 0x3C, 
0x02, 0x61, 0x00, 0x3C, 0x02, 0x61, 0x00, 0x3C, 0x02, 0x61, 0x00, 0x3C, 0x02, 0x61, 0x00, 0x3C, 
0x02, 0x61, 0x00, 0x3C, 0x02, 0x61, 0x00, 0x3C, 0x02, 0x61, 0x00, 0x3C, 0x02, 0x61, 0x00, 0x3C, 
0x02, 0x61, 0x00, 0x3C, 0x02, 0x61, 0x00, 0x3C, 0x02, 0x61, 0x00, 0x3C, 0x02, 0x61, 0x00, 0x28, 
0x01, 0x6D, 0x00, 0x1E, 0x02, 0xA7, 0x00, 0x3C, 0x02, 0xA7, 0x00, 0x3C, 0x02, 0xA7, 0x00, 0x3C, 
0x02, 0xA7, 0x00, 0x3C, 0x02, 0xA7, 0x00, 0x3C, 0x02, 0xA7, 0x00, 0x3C, 0x02, 0xA1, 0x00, 0x5A, 
0x02, 0xA1, 0xFF, 0xFD, 0x02, 0xA1, 0xFF, 0xE0, 0x01, 0x18, 0x00, 0x5D, 0x01, 0x18, 0x00, 0x6E, 
0x01, 0x18, 0x00, 0x5E, 0x01, 0x18, 0x00, 0x02, 0x01, 0x18, 0x00, 0x03, 0x01, 0x18, 0x00, 0x08, 
0x01, 0x18, 0xFF, 0xFE, 0x01, 0x18, 0x00, 0x5D, 0x01, 0x18, 0x00, 0x5D, 0x01, 0x18, 0xFF, 0xF5, 
0x01, 0x18, 0x00, 0x38, 0x01, 0x18, 0x00, 0x02, 0x02, 0x34, 0x00, 0x5D, 0x01, 0x18, 0x00, 0x0A, 
0x01, 0x18, 0x00, 0x1D, 0x01, 0x18, 0xFF, 0xF0, 0x01, 0x1C, 0xFF, 0xA6, 0x01, 0x1C, 0xFF, 0xA6, 
0x01, 0x1C, 0xFF, 0xA6, 0x02, 0x3E, 0x00, 0x5A, 0x02, 0x3E, 0x00, 0x5A, 0x02, 0x3E, 0x00, 0x5A, 
0x01, 0x0E, 0x00, 0x46, 0x01, 0x0E, 0x00, 0x36, 0x01, 0x4B, 0x00, 0x46, 0x01, 0x0E, 0x00, 0x46, 
0x01, 0x4E, 0x00, 0x46, 0x01, 0x60, 0x00, 0x0E, 0x03, 0xB9, 0x00, 0x5A, 0x02, 0xA1, 0x00, 0x5A, 
0x02, 0xA1, 0x00, 0x5A, 0x02, 0xA1, 0x00, 0x5A, 0x02, 0xA1, 0x00, 0x5A, 0x02, 0xA1, 0x00, 0x5A, 
0x02, 0xA1, 0x00, 0x5A, 0x02, 0xA7, 0x00, 0x3C, 0x02, 0xA7, 0x00, 0x3C, 0x02, 0xA7, 0x00, 0x3C, 
0x02, 0xA7, 0x00, 0x3C, 0x02, 0xA7, 0x00, 0x3C, 0x02, 0xA7, 0x00, 0x3C, 0x02, 0xA7, 0x00, 0x3C, 
0x02, 0xA7, 0x00, 0x3C, 0x02, 0xA7, 0x00, 0x3C, 0x02, 0xA7, 0x00, 0x3C, 0x02, 0xA7, 0x00, 0x3C, 
0x02, 0xA7, 0x00, 0x3C, 0x02, 0xA7, 0x00, 0x3C, 0x02, 0xA7, 0x00, 0x3C, 0x02, 0xA7, 0x00, 0x3C, 
0x02, 0xA7, 0x00, 0x3C, 0x02, 0xA7, 0x00, 0x3C, 0x02, 0xA7, 0x00, 0x3C, 0x02, 0xA7, 0x00, 0x3C, 
0x02, 0xA7, 0x00, 0x3C, 0x02, 0xA7, 0x00, 0x3C, 0x02, 0xA7, 0x00, 0x3C, 0x02, 0xA7, 0x00, 0x3C, 
0x02, 0xA7, 0x00, 0x3C, 0x02, 0xA7, 0x00, 0x3C, 0x02, 0xA7, 0x00, 0x3C, 0x02, 0xB6, 0x00, 0x3C, 
0x02, 0xB6, 0x00, 0x3C, 0x02, 0xA7, 0x00, 0x3C, 0x02, 0xA7, 0x00, 0x3C, 0x04, 0x54, 0x00, 0x3C, 
0x02, 0xC5, 0x00, 0x5A, 0x02, 0xC5, 0x00, 0x5A, 0x02, 0xC5, 0x00, 0x3C, 0x01, 0xB6, 0x00, 0x5A, 
0x01, 0xB6, 0x00, 0x5A, 0x01, 0xB6, 0x00, 0x57, 0x01, 0xB6, 0x00, 0x09, 0x01, 0xB6, 0x00, 0x5A, 
0x01, 0xB6, 0x00, 0x56, 0x02, 0x18, 0x00, 0x41, 0x02, 0x18, 0x00, 0x41, 0x02, 0x18, 0x00, 0x41, 
0x02, 0x18, 0x00, 0x41, 0x02, 0x18, 0x00, 0x41, 0x02, 0x18, 0x00, 0x41, 0x02, 0x23, 0x00, 0x3E, 
0x01, 0x22, 0x00, 0x3C, 0x01, 0x93, 0x00, 0x14, 0x01, 0x93, 0x00, 0x14, 0x01, 0x93, 0x00, 0x14, 
0x01, 0x93, 0x00, 0x14, 0x01, 0x93, 0x00, 0x14, 0x02, 0xA1, 0x00, 0x50, 0x02, 0xA1, 0x00, 0x50, 
0x02, 0xA1, 0x00, 0x50, 0x02, 0xA1, 0x00, 0x50, 0x02, 0xA1, 0x00, 0x50, 0x02, 0xA1, 0x00, 0x50, 
0x02, 0xA1, 0x00, 0x50, 0x02, 0xA1, 0x00, 0x50, 0x02, 0xA1, 0x00, 0x50, 0x02, 0xA1, 0x00, 0x50, 
0x02, 0xA1, 0x00, 0x50, 0x02, 0xA1, 0x00, 0x50, 0x02, 0xA1, 0x00, 0x50, 0x02, 0xA1, 0x00, 0x50, 
0x02, 0xA1, 0x00, 0x50, 0x02, 0xA1, 0x00, 0x50, 0x02, 0xA1, 0x00, 0x50, 0x02, 0xA1, 0x00, 0x50, 
0x02, 0xA1, 0x00, 0x50, 0x02, 0xA1, 0x00, 0x50, 0x02, 0xA1, 0x00, 0x50, 0x02, 0x2D, 0x00, 0x14, 
0x02, 0xED, 0x00, 0x14, 0x02, 0xED, 0x00, 0x14, 0x02, 0xED, 0x00, 0x14, 0x02, 0xED, 0x00, 0x14, 
0x02, 0xED, 0x00, 0x14, 0x02, 0x1E, 0x00, 0x23, 0x02, 0x2A, 0x00, 0x19, 0x02, 0x2A, 0x00, 0x19, 
0x02, 0x2A, 0x00, 0x19, 0x02, 0x2A, 0x00, 0x19, 0x02, 0x2A, 0x00, 0x19, 0x02, 0x2A, 0x00, 0x19, 
0x02, 0x2A, 0x00, 0x19, 0x02, 0x2A, 0x00, 0x19, 0x02, 0x2A, 0x00, 0x19, 0x02, 0x2B, 0x00, 0x41, 
0x02, 0x2B, 0x00, 0x41, 0x02, 0x2B, 0x00, 0x41, 0x02, 0x2B, 0x00, 0x41, 0x02, 0xDA, 0x00, 0x1E, 
0x03, 0xF2, 0x00, 0x1E, 0x03, 0xE8, 0x00, 0x1E, 0x02, 0x4D, 0x00, 0x1E, 0x02, 0x7E, 0x00, 0x1E, 
0x01, 0xD6, 0x00, 0x28, 0x01, 0xD4, 0x00, 0x28, 0x02, 0xBF, 0x00, 0x13, 0x02, 0xC1, 0x00, 0x64, 
0x02, 0xA3, 0x00, 0x64, 0x02, 0x5B, 0x00, 0x64, 0x02, 0x5B, 0x00, 0x64, 0x02, 0x5C, 0x00, 0x64, 
0x03, 0x34, 0x00, 0x19, 0x02, 0xAE, 0x00, 0x64, 0x02, 0xAE, 0x00, 0x64, 0x02, 0xAE, 0x00, 0x64, 
0x03, 0xE4, 0x00, 0x16, 0x02, 0x6B, 0x00, 0x37, 0x03, 0x39, 0x00, 0x64, 0x03, 0x39, 0x00, 0x64, 
0x03, 0x39, 0x00, 0x64, 0x02, 0x90, 0x00, 0x64, 0x02, 0x90, 0x00, 0x64, 0x02, 0xBF, 0x00, 0x13, 
0x03, 0xD5, 0x00, 0x64, 0x03, 0x39, 0x00, 0x64, 0x03, 0x99, 0x00, 0x3C, 0x03, 0x18, 0x00, 0x64, 
0x02, 0x5D, 0x00, 0x64, 0x02, 0xFF, 0x00, 0x3C, 0x02, 0x8A, 0x00, 0x0F, 0x02, 0xBE, 0xFF, 0xFF, 
0x02, 0xBE, 0xFF, 0xFF, 0x03, 0x53, 0x00, 0x3C, 0x02, 0xBD, 0x00, 0x2D, 0x02, 0xE8, 0x00, 0x55, 
0x03, 0x3B, 0x00, 0x64, 0x04, 0x10, 0x00, 0x64, 0x04, 0x33, 0x00, 0x64, 0x03, 0x18, 0x00, 0x64, 
0x02, 0xAD, 0x00, 0x64, 0x03, 0x38, 0x00, 0x0F, 0x03, 0x85, 0x00, 0x64, 0x04, 0x01, 0x00, 0x13, 
0x04, 0x7E, 0x00, 0x64, 0x02, 0x84, 0x00, 0x41, 0x02, 0xFF, 0x00, 0x3C, 0x02, 0xFF, 0x00, 0x3C, 
0x01, 0x04, 0x00, 0x64, 0x01, 0x04, 0xFF, 0xEA, 0x02, 0x5E, 0x00, 0x2D, 0x03, 0x4D, 0x00, 0x0F, 
0x04, 0x89, 0x00, 0x64, 0x02, 0xA6, 0x00, 0x4B, 0x03, 0x06, 0x00, 0x0F, 0x02, 0xFD, 0x00, 0x0F, 
0x03, 0x7E, 0x00, 0x16, 0x03, 0x99, 0x00, 0x3C, 0x02, 0xB7, 0x00, 0x14, 0x02, 0x5B, 0xFF, 0xF5, 
0x02, 0xA9, 0x00, 0x64, 0x04, 0x02, 0x00, 0x16, 0x02, 0x6B, 0x00, 0x37, 0x02, 0x90, 0x00, 0x64, 
0x02, 0x90, 0x00, 0x64, 0x03, 0x38, 0x00, 0x0F, 0x03, 0x39, 0x00, 0x64, 0x04, 0x54, 0x00, 0x64, 
0x02, 0xFF, 0x00, 0x3C, 0x02, 0x79, 0x00, 0x05, 0x02, 0x79, 0x00, 0x05, 0x02, 0xE8, 0x00, 0x55, 
0x02, 0xE8, 0x00, 0x55, 0x02, 0xE8, 0x00, 0x64, 0x01, 0x04, 0x00, 0x64, 0x03, 0xE4, 0x00, 0x16, 
0x02, 0xFC, 0x00, 0x55, 0x02, 0xBF, 0x00, 0x13, 0x02, 0xBF, 0x00, 0x13, 0x03, 0xA3, 0x00, 0x12, 
0x02, 0xAE, 0x00, 0x64, 0x03, 0x3B, 0x00, 0x3C, 0x03, 0xE4, 0x00, 0x16, 0x02, 0x6B, 0x00, 0x37, 
0x03, 0x39, 0x00, 0x64, 0x03, 0x39, 0x00, 0x64, 0x03, 0x99, 0x00, 0x3C, 0x03, 0x99, 0x00, 0x3C, 
0x02, 0xBE, 0xFF, 0xFF, 0x02, 0xBE, 0xFF, 0xFF, 0x02, 0xBE, 0xFF, 0xFF, 0x02, 0xE8, 0x00, 0x55, 
0x02, 0x5B, 0x00, 0x64, 0x03, 0x85, 0x00, 0x64, 0x03, 0x99, 0x00, 0x3C, 0x03, 0xAA, 0x00, 0x1C, 
0x02, 0xA7, 0x00, 0x3C, 0x02, 0x92, 0x00, 0x41, 0x02, 0x4D, 0x00, 0x5A, 0x01, 0xFF, 0x00, 0x37, 
0x01, 0xFF, 0x00, 0x37, 0x01, 0xE5, 0x00, 0x5A, 0x02, 0xA7, 0x00, 0x3C, 0x02, 0x61, 0x00, 0x3C, 
0x02, 0x61, 0x00, 0x3C, 0x02, 0x61, 0x00, 0x3C, 0x03, 0x18, 0x00, 0x23, 0x01, 0xF7, 0x00, 0x2D, 
0x02, 0xA1, 0x00, 0x50, 0x02, 0xA1, 0x00, 0x50, 0x02, 0xA1, 0x00, 0x50, 0x02, 0x22, 0x00, 0x5A, 
0x02, 0x22, 0x00, 0x5A, 0x02, 0x4C, 0x00, 0x23, 0x03, 0x02, 0x00, 0x5A, 0x02, 0xAB, 0x00, 0x5A, 
0x02, 0xA7, 0x00, 0x3C, 0x02, 0xA1, 0x00, 0x5A, 0x02, 0xC5, 0x00, 0x5A, 0x02, 0x51, 0x00, 0x3C, 
0x03, 0xB9, 0x00, 0x5A, 0x02, 0x39, 0xFF, 0xED, 0x02, 0x39, 0xFF, 0xED, 0x02, 0xE3, 0x00, 0x3C, 
0x02, 0x1E, 0x00, 0x23, 0x02, 0x42, 0x00, 0x2D, 0x02, 0xC4, 0x00, 0x50, 0x03, 0xB9, 0x00, 0x50, 
0x03, 0xDC, 0x00, 0x50, 0x02, 0x23, 0x00, 0x28, 0x02, 0x2F, 0x00, 0x5A, 0x02, 0x89, 0x00, 0x14, 
0x02, 0xE4, 0x00, 0x5A, 0x03, 0x1F, 0x00, 0x23, 0x03, 0xAE, 0x00, 0x5A, 0x02, 0x18, 0x00, 0x41, 
0x02, 0x51, 0x00, 0x3C, 0x02, 0x51, 0x00, 0x3C, 0x01, 0x18, 0x00, 0x5D, 0x01, 0x18, 0xFF, 0xF4, 
0x01, 0x1C, 0xFF, 0xA6, 0x02, 0xAC, 0x00, 0x00, 0x03, 0x6F, 0x00, 0x5A, 0x02, 0x46, 0x00, 0x41, 
0x02, 0xB6, 0x00, 0x14, 0x02, 0x43, 0x00, 0x14, 0x02, 0xBE, 0x00, 0x23, 0x02, 0xA7, 0x00, 0x3C, 
0x02, 0x24, 0x00, 0x14, 0x01, 0xD6, 0x00, 0x14, 0x02, 0x2E, 0x00, 0x5A, 0x03, 0x21, 0x00, 0x1E, 
0x01, 0xF7, 0x00, 0x2D, 0x02, 0x27, 0x00, 0x5A, 0x02, 0x27, 0x00, 0x5A, 0x02, 0x8B, 0x00, 0x14, 
0x02, 0xAB, 0x00, 0x5A, 0x03, 0x76, 0x00, 0x5A, 0x02, 0x51, 0x00, 0x3C, 0x02, 0x4A, 0x00, 0x28, 
0x02, 0x4A, 0x00, 0x28, 0x02, 0x42, 0x00, 0x2D, 0x02, 0x42, 0x00, 0x2D, 0x02, 0xA1, 0x00, 0x5A, 
0x01, 0x0E, 0x00, 0x46, 0x03, 0x18, 0x00, 0x23, 0x02, 0x42, 0x00, 0x2D, 0x02, 0xA7, 0x00, 0x3C, 
0x02, 0xA7, 0x00, 0x3C, 0x04, 0x54, 0x00, 0x3C, 0x02, 0x61, 0x00, 0x3C, 0x02, 0x61, 0x00, 0x28, 
0x03, 0x18, 0x00, 0x23, 0x01, 0xF7, 0x00, 0x2D, 0x02, 0xA1, 0x00, 0x50, 0x02, 0xA1, 0x00, 0x50, 
0x02, 0xA7, 0x00, 0x3C, 0x02, 0xA7, 0x00, 0x3C, 0x02, 0x39, 0xFF, 0xED, 0x02, 0x39, 0xFF, 0xED, 
0x02, 0x39, 0xFF, 0xED, 0x02, 0x42, 0x00, 0x2D, 0x02, 0x13, 0x00, 0x37, 0x02, 0xE4, 0x00, 0x5A, 
0x02, 0xC5, 0x00, 0x3C, 0x02, 0xED, 0x00, 0x14, 0x01, 0xCA, 0x00, 0x5A, 0x02, 0xBF, 0x00, 0x13, 
0x02, 0xA3, 0x00, 0x64, 0x02, 0x71, 0x00, 0x28, 0x02, 0xBF, 0x00, 0x14, 0x02, 0xAE, 0x00, 0x64, 
0x02, 0xC7, 0x00, 0x2D, 0x03, 0x39, 0x00, 0x64, 0x03, 0x99, 0x00, 0x3C, 0x01, 0x04, 0x00, 0x64, 
0x02, 0x87, 0x00, 0x64, 0x02, 0xBF, 0x00, 0x13, 0x03, 0xD5, 0x00, 0x64, 0x03, 0x35, 0x00, 0x64, 
0x02, 0x71, 0x00, 0x28, 0x03, 0x99, 0x00, 0x3C, 0x02, 0x98, 0x00, 0x28, 0x02, 0x5D, 0x00, 0x64, 
0x02, 0x71, 0x00, 0x28, 0x02, 0x8A, 0x00, 0x0F, 0x02, 0x79, 0x00, 0x05, 0x03, 0x53, 0x00, 0x3C, 
0x02, 0xBD, 0x00, 0x2D, 0x02, 0xBF, 0x00, 0x28, 0x03, 0x85, 0x00, 0x3C, 0x02, 0xBF, 0x00, 0x13, 
0x03, 0x34, 0x00, 0x00, 0x03, 0xB5, 0x00, 0x00, 0x01, 0x8A, 0x00, 0x00, 0x03, 0xBB, 0x00, 0x00, 
0x03, 0x45, 0x00, 0x00, 0x03, 0xBA, 0x00, 0x0A, 0x01, 0x04, 0xFF, 0xEA, 0x02, 0x79, 0x00, 0x05, 
0x02, 0xBF, 0x00, 0x26, 0x02, 0x23, 0x00, 0x28, 0x02, 0x4A, 0x00, 0x28, 0x02, 0x71, 0x00, 0x27, 
0x01, 0xAE, 0x00, 0x29, 0x02, 0x23, 0x00, 0x28, 0x02, 0xA1, 0x00, 0x5A, 0x02, 0x23, 0x00, 0x28, 
0x01, 0x18, 0x00, 0x6E, 0x02, 0x23, 0x00, 0x28, 0x02, 0x23, 0x00, 0x28, 0x02, 0xA1, 0x00, 0x50, 
0x02, 0x2D, 0x00, 0x14, 0x01, 0xD5, 0x00, 0x28, 0x02, 0xA7, 0x00, 0x3C, 0x02, 0x71, 0x00, 0x27, 
0x02, 0xC5, 0x00, 0x5A, 0x01, 0xFC, 0x00, 0x28, 0x02, 0xA7, 0x00, 0x3C, 0x02, 0x23, 0x00, 0x28, 
0x02, 0x4A, 0x00, 0x28, 0x02, 0x71, 0x00, 0x27, 0x02, 0x23, 0x00, 0x28, 0x02, 0xBF, 0x00, 0x26, 
0x02, 0xBF, 0x00, 0x26, 0x01, 0x18, 0x00, 0x30, 0x01, 0x18, 0xFF, 0xF4, 0x01, 0x18, 0xFF, 0xD5, 
0x02, 0x4A, 0x00, 0x28, 0x02, 0x4A, 0x00, 0x28, 0x02, 0x4A, 0x00, 0x28, 0x02, 0xA7, 0x00, 0x3C, 
0x02, 0xBF, 0x00, 0x26, 0x02, 0xBF, 0x00, 0x26, 0x01, 0xAE, 0x00, 0x29, 0x02, 0xA1, 0x00, 0x5A, 
0x02, 0x36, 0x00, 0x32, 0x01, 0x70, 0x00, 0x2D, 0x02, 0x40, 0x00, 0x41, 0x02, 0x40, 0x00, 0x37, 
0x02, 0x83, 0x00, 0x0A, 0x02, 0x72, 0x00, 0x41, 0x02, 0x41, 0x00, 0x41, 0x02, 0x47, 0x00, 0x37, 
0x02, 0x59, 0x00, 0x41, 0x02, 0x41, 0x00, 0x2D, 0x01, 0x69, 0x00, 0x2B, 0x01, 0x5E, 0x00, 0x2D, 
0x01, 0x3C, 0x00, 0x14, 0x00, 0xFE, 0x00, 0x0A, 0x01, 0x65, 0x00, 0x2D, 0x01, 0x62, 0x00, 0x2D, 
0x01, 0x7C, 0x00, 0x2C, 0x01, 0x39, 0xFF, 0x76, 0x02, 0xF9, 0x00, 0x0A, 0x02, 0xE7, 0x00, 0x0A, 
0x03, 0x33, 0x00, 0x2D, 0x03, 0x08, 0x00, 0x0A, 0x03, 0x29, 0x00, 0x2D, 0x02, 0xED, 0x00, 0x2D, 
0x02, 0xED, 0x00, 0x14, 0x01, 0x7D, 0x00, 0x32, 0x01, 0xD5, 0x00, 0x2E, 0x00, 0xC3, 0x00, 0x2B, 
0x01, 0x87, 0x00, 0x52, 0x00, 0xC3, 0x00, 0x22, 0x00, 0xD5, 0x00, 0x32, 0x02, 0xBF, 0x00, 0x27, 
0x00, 0xFB, 0x00, 0x32, 0x01, 0x87, 0x00, 0x32, 0x00, 0xFB, 0x00, 0x64, 0x02, 0xD9, 0x00, 0x37, 
0x01, 0xD5, 0xFF, 0xDD, 0x00, 0xC9, 0x00, 0x32, 0x02, 0x23, 0x00, 0x27, 0x02, 0x23, 0x00, 0x27, 
0x01, 0x11, 0x00, 0x30, 0x00, 0x9C, 0x00, 0x31, 0x00, 0xCC, 0x00, 0x25, 0x01, 0xD5, 0x00, 0x27, 
0x01, 0xD5, 0xFF, 0xDD, 0x01, 0xD0, 0xFF, 0xDD, 0x00, 0xBB, 0x00, 0x2B, 0x01, 0x71, 0x00, 0x41, 
0x01, 0x71, 0x00, 0x00, 0x01, 0x20, 0x00, 0x41, 0x01, 0x20, 0x00, 0x00, 0x00, 0xF5, 0x00, 0x41, 
0x00, 0xF5, 0x00, 0x00, 0x03, 0xAA, 0xFF, 0xD3, 0x01, 0x87, 0xFF, 0xD8, 0x02, 0xBF, 0xFF, 0xD5, 
0x01, 0x87, 0x00, 0x27, 0x01, 0x87, 0x00, 0x27, 0x01, 0xD5, 0x00, 0x29, 0x01, 0xD5, 0x00, 0x29, 
0x01, 0x11, 0x00, 0x29, 0x01, 0x11, 0x00, 0x29, 0x00, 0xFE, 0x00, 0x1F, 0x01, 0x11, 0x00, 0x1E, 
0x01, 0x11, 0xFF, 0xFD, 0x00, 0xEA, 0x00, 0x46, 0x00, 0xEA, 0x00, 0x46, 0x00, 0x99, 0xFF, 0xFD, 
0x00, 0xEA, 0x00, 0x39, 0x00, 0xC3, 0x00, 0x2B, 0x01, 0x25, 0x00, 0x00, 0x02, 0xFF, 0x00, 0x3C, 
0x02, 0x51, 0x00, 0x3C, 0x02, 0xFF, 0x00, 0x3C, 0x01, 0xE0, 0x00, 0x2D, 0x02, 0x3C, 0x00, 0x2F, 
0x02, 0x94, 0x00, 0x26, 0x03, 0x36, 0x00, 0x19, 0x01, 0xD5, 0x00, 0x00, 0x02, 0xE6, 0x00, 0x3A, 
0x02, 0xFF, 0x00, 0x3C, 0x02, 0xA9, 0x00, 0x41, 0x02, 0x87, 0x00, 0x00, 0x02, 0x0E, 0x00, 0x28, 
0x02, 0x1B, 0x00, 0x32, 0x03, 0x0D, 0x00, 0x64, 0x03, 0x35, 0x00, 0x0A, 0x02, 0x8C, 0x00, 0x1E, 
0x02, 0x8C, 0x00, 0x1E, 0x02, 0x5D, 0x00, 0x0A, 0x02, 0x11, 0x00, 0x32, 0x01, 0xFC, 0x00, 0x28, 
0x02, 0x8A, 0x00, 0x0F, 0x02, 0x8A, 0x00, 0x0F, 0x03, 0xAA, 0x00, 0x4C, 0x02, 0x79, 0x00, 0x05, 
0x02, 0xEF, 0x00, 0x2D, 0x01, 0x34, 0x00, 0x32, 0x01, 0xD5, 0x00, 0x27, 0x01, 0xFC, 0x00, 0x28, 
0x02, 0x23, 0x00, 0x27, 0x02, 0x23, 0x00, 0x28, 0x01, 0xD5, 0x00, 0x28, 0x01, 0xD5, 0x00, 0x29, 
0x01, 0xFC, 0x00, 0x28, 0x01, 0xFC, 0x00, 0x28, 0x02, 0x23, 0x00, 0x27, 0x02, 0x23, 0x00, 0x27, 
0x02, 0x23, 0x00, 0x2D, 0x02, 0x23, 0x00, 0x2E, 0x02, 0x23, 0x00, 0x28, 0x01, 0xD5, 0x00, 0x2B, 
0x01, 0xD5, 0x00, 0x2B, 0x02, 0x23, 0x00, 0x28, 0x03, 0x1E, 0x00, 0x28, 0x03, 0x21, 0x00, 0x64, 
0x02, 0x23, 0x00, 0x29, 0x03, 0x85, 0x00, 0x3C, 0x02, 0xC4, 0x00, 0x14, 0x02, 0xBF, 0x00, 0x26, 
0x02, 0xBF, 0x00, 0x26, 0x03, 0x0D, 0x00, 0x26, 0x02, 0xA1, 0x00, 0x50, 0x02, 0x71, 0x00, 0x27, 
0x02, 0xBF, 0x00, 0x26, 0x03, 0x5B, 0x00, 0x2A, 0x05, 0x19, 0x00, 0x2A, 0x01, 0xD5, 0x00, 0x27, 
0x03, 0xAA, 0x00, 0x24, 0x01, 0xD5, 0x00, 0x27, 0x03, 0xAB, 0x00, 0x24, 0x03, 0xAA, 0x00, 0x24, 
0x01, 0xD5, 0x00, 0x27, 0x01, 0xD5, 0x00, 0x27, 0x04, 0x46, 0x00, 0x29, 0x02, 0xC8, 0x00, 0x2D, 
0x02, 0x2B, 0x00, 0x2D, 0x01, 0xD5, 0x00, 0x29, 0x03, 0x5B, 0x00, 0x2D, 0x03, 0x5B, 0x00, 0x2D, 
0x02, 0xE6, 0x00, 0x0A, 0x03, 0xAA, 0x00, 0x1F, 0x01, 0xD5, 0x00, 0x29, 0x01, 0x87, 0x00, 0xA3, 
0x00, 0xEA, 0x00, 0x53, 0x02, 0x23, 0x00, 0x28, 0x01, 0x87, 0x00, 0x28, 0x02, 0x23, 0x00, 0x28, 
0x04, 0xDC, 0x00, 0x64, 0x02, 0x71, 0x00, 0x27, 0x01, 0xD5, 0x00, 0x2E, 0x00, 0xC3, 0x00, 0x2A, 
0x01, 0x60, 0x00, 0x2A, 0x00, 0x00, 0xFE, 0x6D, 0x00, 0x00, 0xFF, 0x45, 0x00, 0x00, 0xFF, 0x1F, 
0x00, 0x00, 0xFF, 0x19, 0x00, 0x00, 0xFE, 0xCA, 0x00, 0x00, 0xFF, 0x62, 0x00, 0x00, 0xFE, 0xA2, 
0x00, 0x00, 0xFE, 0xA2, 0x00, 0x00, 0xFE, 0xA2, 0x00, 0x00, 0xFF, 0x19, 0x00, 0x00, 0xFE, 0x56, 
0x00, 0x00, 0xFE, 0x4B, 0x00, 0x00, 0xFF, 0x03, 0x00, 0x00, 0xFE, 0xCA, 0x00, 0x00, 0xFE, 0x9D, 
0x00, 0x00, 0xFF, 0x5D, 0x00, 0x00, 0xFF, 0x41, 0x00, 0x00, 0xFF, 0x71, 0x00, 0x00, 0xFE, 0x9F, 
0x00, 0x00, 0xFE, 0xF2, 0x00, 0x00, 0xFE, 0xED, 0x00, 0x00, 0xFE, 0xF1, 0x00, 0x00, 0xFE, 0xA2, 
0x00, 0x00, 0xFE, 0x89, 0x00, 0x00, 0xFE, 0x5A, 0x00, 0x00, 0xFC, 0xC0, 0x00, 0x00, 0xFE, 0x99, 
0x00, 0x9E, 0xFF, 0xC1, 0x01, 0x87, 0x00, 0x29, 0x01, 0x11, 0x00, 0x2A, 0x01, 0x87, 0x00, 0x29, 
0x01, 0x87, 0x00, 0x29, 0x01, 0x39, 0x00, 0x26, 0x01, 0x87, 0x00, 0x29, 0x01, 0xD5, 0x00, 0x63, 
0x00, 0xC3, 0x00, 0x2B, 0x01, 0x11, 0x00, 0x30, 0x01, 0x60, 0x00, 0x2A, 0x02, 0x23, 0x00, 0x6E, 
0x01, 0x39, 0x00, 0x2A, 0x01, 0x11, 0x00, 0x2A, 0x01, 0xD5, 0x00, 0x2B, 0x01, 0x11, 0x00, 0x2A, 
0x01, 0xFA, 0x00, 0x32, 0x00, 0x00, 0xFE, 0x78, 0xFE, 0x9D, 0xFE, 0x9D, 0xFE, 0x9D, 0xFE, 0x9A, 
0xFE, 0x52, 0xFE, 0x9E, 0xFE, 0x64, 0xFE, 0x99, 0x00, 0x00, 0x00, 0x6A, 0x00, 0x6A, 0x00, 0x6A, 
0x00, 0x6A, 0x00, 0xAC, 0x00, 0xBE, 0x00, 0xD0, 0x00, 0xEA, 0x01, 0x00, 0x01, 0x1A, 0x01, 0x34, 
0x01, 0x4E, 0x01, 0x60, 0x01, 0x7A, 0x01, 0x90, 0x01, 0xAA, 0x01, 0xC4, 0x01, 0xDE, 0x01, 0xF0, 
0x02, 0x02, 0x02, 0x0E, 0x02, 0x20, 0x02, 0x32, 0x02, 0x44, 0x02, 0x56, 0x02, 0xCE, 0x02, 0xE0, 
0x02, 0xFA, 0x03, 0x0C, 0x03, 0x74, 0x03, 0x86, 0x03, 0xE8, 0x04, 0x3A, 0x04, 0x4C, 0x04, 0x5E, 
0x04, 0xE6, 0x04, 0xF8, 0x05, 0x0A, 0x05, 0x4C, 0x05, 0xAC, 0x05, 0xBE, 0x05, 0xC6, 0x06, 0x0E, 
0x06, 0x20, 0x06, 0x32, 0x06, 0x44, 0x06, 0x56, 0x06, 0x70, 0x06, 0x86, 0x06, 0xA0, 0x06, 0xBA, 
0x06, 0xD4, 0x06, 0xE6, 0x06, 0xF8, 0x07, 0x0A, 0x07, 0x16, 0x07, 0x28, 0x07, 0x3A, 0x07, 0x4C, 
0x07, 0x5E, 0x07, 0xFA, 0x08, 0x0C, 0x08, 0x4C, 0x08, 0xAE, 0x08, 0xC0, 0x08, 0xD2, 0x08, 0xE4, 
0x08, 0xF0, 0x09, 0x02, 0x09, 0x46, 0x09, 0xB0, 0x09, 0xC2, 0x09, 0xE8, 0x0A, 0x44, 0x0A, 0x56, 
0x0A, 0x68, 0x0A, 0x7A, 0x0A, 0x8C, 0x0A, 0x9E, 0x0A, 0xB0, 0x0A, 0xBC, 0x0A, 0xCE, 0x0A, 0xE0, 
0x0A, 0xF2, 0x0B, 0x04, 0x0B, 0x6C, 0x0B, 0x7E, 0x0B, 0xC0, 0x0B, 0xD2, 0x0C, 0x1C, 0x0C, 0x28, 
0x0C, 0x56, 0x0C, 0x68, 0x0C, 0x74, 0x0C, 0x80, 0x0C, 0x8C, 0x0C, 0xE2, 0x0D, 0x6A, 0x0D, 0xA8, 
0x0D, 0xBA, 0x0D, 0xCC, 0x0D, 0xD8, 0x0E, 0x50, 0x0E, 0x62, 0x0E, 0xAA, 0x0E, 0xBC, 0x0E, 0xCE, 
0x0E, 0xE0, 0x0E, 0xFA, 0x0F, 0x10, 0x0F, 0x2A, 0x0F, 0x44, 0x0F, 0x5E, 0x0F, 0x70, 0x0F, 0x82, 
0x0F, 0x9C, 0x0F, 0xB6, 0x0F, 0xC2, 0x0F, 0xD4, 0x0F, 0xE6, 0x10, 0x48, 0x10, 0x5A, 0x10, 0x66, 
0x10, 0x78, 0x10, 0x8A, 0x10, 0x9C, 0x10, 0xAE, 0x10, 0xC0, 0x10, 0xD2, 0x11, 0x66, 0x12, 0x0C, 
0x12, 0x1E, 0x12, 0x30, 0x12, 0x4A, 0x13, 0x1C, 0x13, 0x64, 0x13, 0xB4, 0x14, 0x4E, 0x14, 0xA6, 
0x14, 0xB8, 0x14, 0xCA, 0x14, 0xD6, 0x14, 0xE8, 0x14, 0xFA, 0x15, 0x64, 0x15, 0x76, 0x15, 0x88, 
0x16, 0x26, 0x16, 0x38, 0x16, 0x44, 0x16, 0xD6, 0x17, 0x38, 0x17, 0x6E, 0x17, 0xC0, 0x17, 0xD2, 
0x18, 0x40, 0x18, 0x4C, 0x18, 0x8E, 0x18, 0xA0, 0x18, 0xB2, 0x18, 0xC4, 0x18, 0xD6, 0x18, 0xE8, 
0x18, 0xF4, 0x19, 0x06, 0x19, 0x18, 0x19, 0x6E, 0x19, 0x80, 0x19, 0x8C, 0x19, 0x9E, 0x19, 0xB0, 
0x19, 0xC2, 0x19, 0xD4, 0x19, 0xE6, 0x19, 0xF8, 0x1A, 0x7E, 0x1A, 0x90, 0x1A, 0xA2, 0x1A, 0xE0, 
0x1B, 0x3A, 0x1B, 0x4C, 0x1B, 0x5E, 0x1B, 0x70, 0x1B, 0x82, 0x1B, 0xD0, 0x1C, 0x12, 0x1C, 0x24, 
0x1C, 0x36, 0x1C, 0x48, 0x1C, 0x54, 0x1C, 0x66, 0x1C, 0x78, 0x1C, 0x8A, 0x1C, 0x9C, 0x1C, 0xDC, 
0x1C, 0xEE, 0x1D, 0x00, 0x1D, 0x12, 0x1D, 0x7C, 0x1D, 0x88, 0x1D, 0x94, 0x1D, 0xAA, 0x1D, 0xBA, 
0x1D, 0xD0, 0x1D, 0xE6, 0x1D, 0xFC, 0x1E, 0x08, 0x1E, 0x1E, 0x1E, 0x2E, 0x1E, 0x44, 0x1E, 0x5A, 
0x1E, 0x70, 0x1E, 0x7C, 0x1E, 0x88, 0x1E, 0x94, 0x1E, 0xA0, 0x1E, 0xAC, 0x1E, 0xB8, 0x1E, 0xC4, 
0x1F, 0x66, 0x1F, 0x72, 0x1F, 0x88, 0x1F, 0x94, 0x20, 0x50, 0x20, 0x5C, 0x20, 0xB6, 0x21, 0x0E, 
0x21, 0x1A, 0x21, 0x26, 0x21, 0xBA, 0x21, 0xC6, 0x21, 0xD2, 0x22, 0x2C, 0x22, 0xEA, 0x22, 0xF6, 
0x23, 0x6A, 0x23, 0xC8, 0x23, 0xD4, 0x23, 0xE0, 0x23, 0xEC, 0x23, 0xF8, 0x24, 0x0E, 0x24, 0x1E, 
0x24, 0x34, 0x24, 0x4A, 0x24, 0x60, 0x24, 0x6C, 0x24, 0x78, 0x24, 0x84, 0x24, 0x90, 0x24, 0x9C, 
0x24, 0xA8, 0x24, 0xB4, 0x24, 0xC0, 0x25, 0x46, 0x25, 0x52, 0x25, 0xB2, 0x26, 0x12, 0x26, 0x84, 
0x26, 0x90, 0x26, 0x9C, 0x26, 0xA8, 0x26, 0xB4, 0x26, 0xC0, 0x27, 0x0E, 0x27, 0x76, 0x27, 0x88, 
0x27, 0x94, 0x27, 0xBA, 0x27, 0xC6, 0x28, 0x1C, 0x28, 0x70, 0x28, 0x7C, 0x28, 0xD0, 0x28, 0xDC, 
0x28, 0xEC, 0x28, 0xF8, 0x29, 0x04, 0x29, 0x5A, 0x29, 0x6E, 0x29, 0xAE, 0x2A, 0x36, 0x2A, 0x42, 
0x2A, 0x4E, 0x2A, 0x80, 0x2A, 0xE0, 0x2B, 0x46, 0x2B, 0x52, 0x2B, 0xBE, 0x2B, 0xF0, 0x2C, 0x42, 
0x2C, 0x4E, 0x2C, 0x5A, 0x2C, 0x66, 0x2C, 0xBA, 0x2D, 0x34, 0x2D, 0x90, 0x2D, 0x9C, 0x2D, 0xA8, 
0x2D, 0xB4, 0x2E, 0x32, 0x2E, 0x3E, 0x2E, 0x86, 0x2E, 0x92, 0x2E, 0x9E, 0x2E, 0xAA, 0x2E, 0xC0, 
0x2E, 0xD0, 0x2E, 0xE6, 0x2E, 0xFC, 0x2F, 0x12, 0x2F, 0x1E, 0x2F, 0x2A, 0x2F, 0x40, 0x2F, 0x56, 
0x2F, 0x62, 0x2F, 0x6E, 0x2F, 0x7A, 0x2F, 0xDC, 0x2F, 0xE8, 0x2F, 0xF4, 0x30, 0x00, 0x30, 0x0C, 
0x30, 0x18, 0x30, 0x24, 0x30, 0x30, 0x30, 0x3C, 0x30, 0xD0, 0x31, 0x80, 0x31, 0x8C, 0x31, 0x98, 
0x31, 0xAE, 0x32, 0x40, 0x32, 0x9A, 0x32, 0xFE, 0x33, 0x54, 0x33, 0xAC, 0x33, 0xB8, 0x33, 0xC4, 
0x33, 0xD0, 0x33, 0xDC, 0x33, 0xE8, 0x34, 0x48, 0x34, 0x54, 0x34, 0x60, 0x34, 0xF4, 0x35, 0x00, 
0x35, 0x0C, 0x35, 0xAE, 0x35, 0xDE, 0x36, 0x40, 0x36, 0xC2, 0x36, 0xD4, 0x37, 0x80, 0x37, 0x8C, 
0x37, 0xE8, 0x37, 0xF4, 0x38, 0x00, 0x38, 0x0C, 0x38, 0x18, 0x38, 0x24, 0x38, 0x30, 0x38, 0x3C, 
0x38, 0x48, 0x38, 0xBE, 0x38, 0xCA, 0x38, 0xD6, 0x38, 0xE2, 0x38, 0xEE, 0x38, 0xFA, 0x39, 0x06, 
0x39, 0x12, 0x39, 0x1E, 0x39, 0xE0, 0x39, 0xEC, 0x39, 0xF8, 0x3A, 0x32, 0x3A, 0x86, 0x3A, 0x92, 
0x3A, 0x9E, 0x3A, 0xAA, 0x3A, 0xB6, 0x3A, 0xFE, 0x3B, 0x40, 0x3B, 0x4C, 0x3B, 0x58, 0x3B, 0x64, 
0x3B, 0x70, 0x3B, 0x7C, 0x3B, 0x88, 0x3B, 0x94, 0x3B, 0xA0, 0x3B, 0xD8, 0x3B, 0xE4, 0x3B, 0xF0, 
0x3B, 0xFC, 0x3C, 0x08, 0x3C, 0x1C, 0x3C, 0x2C, 0x3C, 0xBA, 0x3D, 0x3E, 0x3D, 0x8C, 0x3D, 0xCC, 
0x3E, 0x0E, 0x3E, 0x64, 0x3E, 0x6C, 0x3E, 0x9A, 0x3E, 0xAC, 0x3E, 0xE0, 0x3F, 0x24, 0x3F, 0x6C, 
0x3F, 0x7E, 0x3F, 0x90, 0x40, 0x04, 0x40, 0x7A, 0x40, 0xBA, 0x40, 0xCC, 0x40, 0xDE, 0x41, 0x2C, 
0x41, 0x3E, 0x41, 0x74, 0x41, 0x7C, 0x41, 0x84, 0x41, 0xCC, 0x42, 0x02, 0x42, 0x0A, 0x42, 0x12, 
0x42, 0x1A, 0x42, 0x70, 0x42, 0x82, 0x42, 0xEE, 0x42, 0xF6, 0x43, 0x42, 0x43, 0x82, 0x43, 0xC6, 
0x44, 0x14, 0x44, 0x56, 0x44, 0xA0, 0x44, 0xF2, 0x45, 0x56, 0x45, 0xB4, 0x46, 0x1A, 0x46, 0x22, 
0x46, 0x82, 0x46, 0xE6, 0x46, 0xEE, 0x47, 0x00, 0x47, 0x08, 0x47, 0x64, 0x47, 0xFC, 0x48, 0x54, 
0x48, 0xBE, 0x49, 0x24, 0x49, 0x9E, 0x49, 0xA6, 0x49, 0xE4, 0x4A, 0x30, 0x4A, 0x94, 0x4B, 0x16, 
0x4B, 0x96, 0x4B, 0xF2, 0x4C, 0x64, 0x4C, 0xBC, 0x4D, 0x0E, 0x4D, 0x5C, 0x4D, 0xB8, 0x4D, 0xC0, 
0x4E, 0x18, 0x4E, 0x72, 0x4E, 0xDC, 0x4F, 0x28, 0x4F, 0x30, 0x4F, 0x42, 0x4F, 0x9C, 0x4F, 0xAE, 
0x4F, 0xC0, 0x4F, 0xC8, 0x4F, 0xDA, 0x50, 0x3C, 0x50, 0x4E, 0x50, 0x60, 0x50, 0x72, 0x50, 0x84, 
0x50, 0x96, 0x50, 0xEC, 0x50, 0xFE, 0x51, 0x10, 0x51, 0x22, 0x51, 0x34, 0x51, 0x70, 0x51, 0x82, 
0x51, 0x8A, 0x51, 0x92, 0x51, 0xFC, 0x52, 0x74, 0x52, 0xCA, 0x53, 0x2A, 0x53, 0x36, 0x53, 0x6A, 
0x53, 0x72, 0x53, 0xD0, 0x53, 0xDC, 0x53, 0xE8, 0x54, 0x56, 0x54, 0xCC, 0x55, 0x28, 0x55, 0x34, 
0x55, 0x40, 0x55, 0x8A, 0x55, 0x96, 0x55, 0xCE, 0x56, 0x16, 0x56, 0x58, 0x56, 0xA0, 0x56, 0xA8, 
0x56, 0xB0, 0x56, 0xB8, 0x56, 0xC0, 0x57, 0x16, 0x57, 0x22, 0x57, 0x8C, 0x57, 0x94, 0x57, 0xDC, 
0x58, 0x4A, 0x58, 0xC4, 0x59, 0x50, 0x59, 0x94, 0x59, 0xE0, 0x5A, 0x2E, 0x5A, 0xBE, 0x5B, 0x14, 
0x5B, 0xAE, 0x5B, 0xB6, 0x5C, 0x1C, 0x5C, 0x86, 0x5C, 0x92, 0x5C, 0x9E, 0x5C, 0xAA, 0x5D, 0x14, 
0x5D, 0x92, 0x5D, 0xE8, 0x5E, 0x58, 0x5E, 0xC0, 0x5F, 0x2E, 0x5F, 0x36, 0x5F, 0x7C, 0x5F, 0xC6, 
0x60, 0x26, 0x60, 0x9E, 0x61, 0x1C, 0x61, 0x72, 0x61, 0xDE, 0x62, 0x30, 0x62, 0x80, 0x62, 0xCA, 
0x63, 0x2A, 0x63, 0x32, 0x63, 0x88, 0x63, 0xDC, 0x64, 0x3C, 0x64, 0x44, 0x64, 0x4C, 0x64, 0x58, 
0x64, 0xAC, 0x64, 0xB8, 0x64, 0xC4, 0x64, 0xCC, 0x64, 0xD8, 0x65, 0x38, 0x65, 0x44, 0x65, 0x50, 
0x65, 0x5C, 0x65, 0x68, 0x65, 0x74, 0x65, 0xCA, 0x65, 0xD6, 0x65, 0xE2, 0x65, 0xEE, 0x65, 0xFA, 
0x66, 0x60, 0x66, 0x6C, 0x66, 0x74, 0x66, 0x7C, 0x66, 0xA8, 0x66, 0xEA, 0x66, 0xF2, 0x67, 0x22, 
0x67, 0x2A, 0x67, 0x72, 0x67, 0x7A, 0x67, 0xBE, 0x68, 0x22, 0x68, 0x48, 0x68, 0x50, 0x68, 0x58, 
0x68, 0x60, 0x68, 0x68, 0x68, 0xC8, 0x69, 0x10, 0x69, 0x44, 0x69, 0x4C, 0x69, 0x98, 0x69, 0xA0, 
0x69, 0xE2, 0x69, 0xEA, 0x69, 0xF2, 0x6A, 0x44, 0x6A, 0xA8, 0x6A, 0xBA, 0x6A, 0xCC, 0x6A, 0xDE, 
0x6A, 0xF0, 0x6B, 0x02, 0x6B, 0x14, 0x6B, 0x26, 0x6B, 0x38, 0x6B, 0x4A, 0x6B, 0xAE, 0x6C, 0x22, 
0x6C, 0x5E, 0x6C, 0xD0, 0x6D, 0x3C, 0x6D, 0x9E, 0x6D, 0xFE, 0x6E, 0x48, 0x6E, 0x6E, 0x6E, 0xB2, 
0x6E, 0xF0, 0x6F, 0x5A, 0x6F, 0x62, 0x6F, 0xDA, 0x70, 0x22, 0x70, 0x60, 0x70, 0x68, 0x70, 0xC6, 
0x71, 0x16, 0x71, 0x4A, 0x71, 0x88, 0x71, 0xF8, 0x72, 0x44, 0x72, 0x96, 0x72, 0xFA, 0x73, 0x06, 
0x73, 0x12, 0x73, 0x1E, 0x73, 0x2A, 0x73, 0x36, 0x73, 0x42, 0x73, 0x4E, 0x73, 0x5A, 0x73, 0x66, 
0x73, 0x72, 0x73, 0x7E, 0x73, 0xBE, 0x73, 0xF6, 0x74, 0x4C, 0x74, 0xC2, 0x75, 0x0A, 0x75, 0x68, 
0x75, 0xC8, 0x76, 0x04, 0x76, 0x96, 0x76, 0xF0, 0x77, 0x56, 0x77, 0xC2, 0x77, 0xF6, 0x78, 0x3C, 
0x78, 0x88, 0x79, 0x08, 0x79, 0x6C, 0x79, 0x94, 0x79, 0xAA, 0x79, 0xC0, 0x79, 0xD6, 0x79, 0xE6, 
0x79, 0xF6, 0x7A, 0x06, 0x7A, 0x16, 0x7A, 0x7C, 0x7A, 0xA8, 0x7A, 0xCE, 0x7A, 0xF4, 0x7B, 0x04, 
0x7B, 0x38, 0x7B, 0x84, 0x7B, 0xC4, 0x7B, 0xD0, 0x7C, 0x10, 0x7C, 0x9E, 0x7C, 0xAE, 0x7C, 0xD0, 
0x7D, 0x38, 0x7D, 0xA4, 0x7D, 0xE6, 0x7E, 0x0C, 0x7E, 0x1C, 0x7E, 0x48, 0x7E, 0x74, 0x7E, 0x86, 
0x7E, 0x8E, 0x7E, 0xDA, 0x7F, 0x26, 0x7F, 0x5C, 0x7F, 0x94, 0x7F, 0xC6, 0x7F, 0xFA, 0x80, 0x22, 
0x80, 0x4A, 0x80, 0x72, 0x80, 0x9A, 0x80, 0xA2, 0x80, 0xFE, 0x81, 0x5C, 0x81, 0x92, 0x81, 0xC8, 
0x81, 0xD4, 0x82, 0x1E, 0x82, 0x68, 0x82, 0x94, 0x82, 0xC0, 0x82, 0xEC, 0x83, 0x18, 0x83, 0x26, 
0x83, 0x26, 0x83, 0xB2, 0x84, 0x3C, 0x84, 0xC6, 0x85, 0x72, 0x86, 0x0A, 0x86, 0x96, 0x87, 0x28, 
0x87, 0x76, 0x87, 0xD0, 0x88, 0x6E, 0x89, 0x08, 0x89, 0x68, 0x8A, 0x16, 0x8A, 0xA6, 0x8B, 0x04, 
0x8B, 0x74, 0x8B, 0xE0, 0x8C, 0x74, 0x8C, 0xDC, 0x8D, 0x36, 0x8D, 0xBE, 0x8E, 0x10, 0x8E, 0x76, 
0x8F, 0x08, 0x8F, 0x7E, 0x8F, 0xE8, 0x90, 0x02, 0x90, 0x0A, 0x90, 0x4E, 0x90, 0x90, 0x90, 0xAC, 
0x90, 0xF6, 0x91, 0x4C, 0x91, 0x8E, 0x91, 0xDA, 0x92, 0x10, 0x92, 0x46, 0x92, 0x5C, 0x92, 0x72, 
0x92, 0xCE, 0x92, 0xE4, 0x93, 0x58, 0x93, 0x88, 0x93, 0xDA, 0x94, 0x0E, 0x94, 0x4C, 0x94, 0x54, 
0x94, 0x90, 0x94, 0xBA, 0x94, 0xF4, 0x95, 0x22, 0x95, 0x8E, 0x95, 0xD8, 0x95, 0xFA, 0x96, 0x9C, 
0x97, 0x76, 0x97, 0xA8, 0x97, 0xDA, 0x98, 0x0C, 0x98, 0x3E, 0x98, 0x84, 0x98, 0xCA, 0x99, 0x24, 
0x99, 0xC2, 0x9A, 0x6A, 0x9A, 0xB0, 0x9B, 0x56, 0x9B, 0xF2, 0x9C, 0x86, 0x9C, 0xD8, 0x9D, 0x58, 
0x9D, 0xA6, 0x9D, 0xCC, 0x9E, 0x0E, 0x9E, 0x50, 0x9E, 0x9E, 0x9E, 0xFC, 0x9F, 0x92, 0x9F, 0xCC, 
0xA0, 0x04, 0xA0, 0x30, 0xA0, 0x74, 0xA0, 0xB4, 0xA0, 0xDE, 0xA1, 0x0A, 0xA1, 0x36, 0xA1, 0x7E, 
0xA1, 0xB0, 0xA1, 0xE8, 0xA2, 0x20, 0xA2, 0x62, 0xA2, 0xA4, 0xA3, 0x18, 0xA3, 0x46, 0xA3, 0x96, 
0xA3, 0xE4, 0xA4, 0x26, 0xA4, 0x5E, 0xA4, 0x8C, 0xA4, 0xB6, 0xA4, 0xC6, 0xA5, 0x0C, 0xA5, 0x62, 
0xA5, 0xAC, 0xA5, 0xBC, 0xA5, 0xCC, 0xA5, 0xFA, 0xA6, 0x28, 0xA6, 0x8C, 0xA6, 0x94, 0xA6, 0xC0, 
0xA6, 0xEC, 0xA7, 0x2E, 0xA7, 0x66, 0xA7, 0xBC, 0xA7, 0xF4, 0xA8, 0x32, 0xA8, 0x5C, 0xA8, 0x88, 
0xA8, 0xD0, 0xA8, 0xFC, 0xA9, 0x46, 0xA9, 0x88, 0xA9, 0xFC, 0xAA, 0x28, 0xAA, 0x84, 0xAA, 0xCC, 
0xAA, 0xDE, 0xAA, 0xF0, 0xAB, 0x02, 0xAB, 0x14, 0xAB, 0x26, 0xAB, 0x38, 0xAB, 0x4A, 0xAB, 0x5B, 
0x00, 0x01, 0x00, 0x00, 0x03, 0x5B, 0x00, 0x70, 0x00, 0x07, 0x00, 0x72, 0x00, 0x05, 0x00, 0x02, 
0x00, 0x2A, 0x00, 0x3B, 0x00, 0x8B, 0x00, 0x00, 0x00, 0x80, 0x0D, 0x16, 0x00, 0x04, 0x00, 0x01, 
0x00, 0x00, 0x00, 0x1C, 0x01, 0x56, 0x00, 0x01, 0x00, 0x00, 0x00, 0x00, 0x00, 0x00, 0x00, 0x66, 
0x00, 0x00, 0x00, 0x01, 0x00, 0x00, 0x00, 0x00, 0x00, 0x01, 0x00, 0x09, 0x00, 0x66, 0x00, 0x01, 
0x00, 0x00, 0x00, 0x00, 0x00, 0x02, 0x00, 0x05, 0x00, 0x6F, 0x00, 0x01, 0x00, 0x00, 0x00, 0x00, 
0x00, 0x03, 0x00, 0x1A, 0x00, 0x74, 0x00, 0x01, 0x00, 0x00, 0x00, 0x00, 0x00, 0x04, 0x00, 0x0F, 
0x00, 0x8E, 0x00, 0x01, 0x00, 0x00, 0x00, 0x00, 0x00, 0x05, 0x00, 0x0D, 0x00, 0x9D, 0x00, 0x01, 
0x00, 0x00, 0x00, 0x00, 0x00, 0x06, 0x00, 0x0F, 0x00, 0xAA, 0x00, 0x01, 0x00, 0x00, 0x00, 0x00, 
0x00, 0x08, 0x00, 0x0F, 0x00, 0xB9, 0x00, 0x01, 0x00, 0x00, 0x00, 0x00, 0x00, 0x09, 0x00, 0x0F, 
0x00, 0xC8, 0x00, 0x01, 0x00, 0x00, 0x00, 0x00, 0x00, 0x0B, 0x00, 0x1D, 0x00, 0xD7, 0x00, 0x01, 
0x00, 0x00, 0x00, 0x00, 0x00, 0x0C, 0x00, 0x1D, 0x00, 0xF4, 0x00, 0x01, 0x00, 0x00, 0x00, 0x00, 
0x00, 0x0D, 0x00, 0x90, 0x01, 0x11, 0x00, 0x01, 0x00, 0x00, 0x00, 0x00, 0x00, 0x0E, 0x00, 0x1A, 
0x01, 0xA1, 0x00, 0x03, 0x00, 0x01, 0x04, 0x09, 0x00, 0x00, 0x00, 0xCC, 0x01, 0xBB, 0x00, 0x03, 
0x00, 0x01, 0x04, 0x09, 0x00, 0x01, 0x00, 0x1E, 0x02, 0x87, 0x00, 0x03, 0x00, 0x01, 0x04, 0x09, 
0x00, 0x02, 0x00, 0x0E, 0x02, 0xA5, 0x00, 0x03, 0x00, 0x01, 0x04, 0x09, 0x00, 0x03, 0x00, 0x34, 
0x02, 0xB3, 0x00, 0x03, 0x00, 0x01, 0x04, 0x09, 0x00, 0x04, 0x00, 0x1E, 0x02, 0xE7, 0x00, 0x03, 
0x00, 0x01, 0x04, 0x09, 0x00, 0x05, 0x00, 0x1A, 0x03, 0x05, 0x00, 0x03, 0x00, 0x01, 0x04, 0x09, 
0x00, 0x06, 0x00, 0x1E, 0x03, 0x1F, 0x00, 0x03, 0x00, 0x01, 0x04, 0x09, 0x00, 0x08, 0x00, 0x1E, 
0x03, 0x3D, 0x00, 0x03, 0x00, 0x01, 0x04, 0x09, 0x00, 0x09, 0x00, 0x1E, 0x03, 0x5B, 0x00, 0x03, 
0x00, 0x01, 0x04, 0x09, 0x00, 0x0B, 0x00, 0x3A, 0x03, 0x79, 0x00, 0x03, 0x00, 0x01, 0x04, 0x09, 
0x00, 0x0C, 0x00, 0x3A, 0x03, 0xB3, 0x00, 0x03, 0x00, 0x01, 0x04, 0x09, 0x00, 0x0D, 0x01, 0x20, 
0x03, 0xED, 0x00, 0x03, 0x00, 0x01, 0x04, 0x09, 0x00, 0x0E, 0x00, 0x34, 0x05, 0x0D, 0x00, 0x03, 
0x00, 0x01, 0x04, 0x09, 0x00, 0x10, 0x00, 0x12, 0x05, 0x41, 0x00, 0x03, 0x00, 0x01, 0x04, 0x09, 
0x00, 0x11, 0x00, 0x0A, 0x05, 0x53, 0x43, 0x6F, 0x70, 0x79, 0x72, 0x69, 0x67, 0x68, 0x74, 0x20, 
0x32, 0x30, 0x31, 0x31, 0x20, 0x54, 0x68, 0x65, 0x20, 0x43, 0x6F, 0x6D, 0x66, 0x6F, 0x72, 0x74, 
0x61, 0x61, 0x20, 0x50, 0x72, 0x6F, 0x6A, 0x65, 0x63, 0x74, 0x20, 0x41, 0x75, 0x74, 0x68, 0x6F, 
0x72, 0x73, 0x20, 0x28, 0x61, 0x61, 0x6A, 0x6F, 0x68, 0x61, 0x6E, 0x40, 0x67, 0x6D, 0x61, 0x69, 
0x6C, 0x2E, 0x63, 0x6F, 0x6D, 0x29, 0x2C, 0x20, 0x77, 0x69, 0x74, 0x68, 0x20, 0x52, 0x65, 0x73, 
0x65, 0x72, 0x76, 0x65, 0x64, 0x20, 0x46, 0x6F, 0x6E, 0x74, 0x20, 0x4E, 0x61, 0x6D, 0x65, 0x20, 
0x22, 0x43, 0x6F, 0x6D, 0x66, 0x6F, 0x72, 0x74, 0x61, 0x61, 0x22, 0x2E, 0x43, 0x6F, 0x6D, 0x66, 
0x6F, 0x72, 0x74, 0x61, 0x61, 0x4C, 0x69, 0x67, 0x68, 0x74, 0x33, 0x2E, 0x30, 0x30, 0x31, 0x3B, 
0x43, 0x59, 0x52, 0x45, 0x3B, 0x43, 0x6F, 0x6D, 0x66, 0x6F, 0x72, 0x74, 0x61, 0x61, 0x2D, 0x4C, 
0x69, 0x67, 0x68, 0x74, 0x43, 0x6F, 0x6D, 0x66, 0x6F, 0x72, 0x74, 0x61, 0x61, 0x20, 0x4C, 0x69, 
0x67, 0x68, 0x74, 0x56, 0x65, 0x72, 0x73, 0x69, 0x6F, 0x6E, 0x20, 0x33, 0x2E, 0x30, 0x30, 0x31, 
0x43, 0x6F, 0x6D, 0x66, 0x6F, 0x72, 0x74, 0x61, 0x61, 0x2D, 0x4C, 0x69, 0x67, 0x68, 0x74, 0x4A, 
0x6F, 0x68, 0x61, 0x6E, 0x20, 0x41, 0x61, 0x6B, 0x65, 0x72, 0x6C, 0x75, 0x6E, 0x64, 0x4A, 0x6F, 
0x68, 0x61, 0x6E, 0x20, 0x41, 0x61, 0x6B, 0x65, 0x72, 0x6C, 0x75, 0x6E, 0x64, 0x68, 0x74, 0x74, 
0x70, 0x3A, 0x2F, 0x2F, 0x61, 0x61, 0x6A, 0x6F, 0x68, 0x61, 0x6E, 0x2E, 0x64, 0x65, 0x76, 0x69, 
0x61, 0x6E, 0x74, 0x61, 0x72, 0x74, 0x2E, 0x63, 0x6F, 0x6D, 0x68, 0x74, 0x74, 0x70, 0x3A, 0x2F, 
0x2F, 0x61, 0x61, 0x6A, 0x6F, 0x68, 0x61, 0x6E, 0x2E, 0x64, 0x65, 0x76, 0x69, 0x61, 0x6E, 0x74, 
0x61, 0x72, 0x74, 0x2E, 0x63, 0x6F, 0x6D, 0x54, 0x68, 0x69, 0x73, 0x20, 0x46, 0x6F, 0x6E, 0x74, 
0x20, 0x53, 0x6F, 0x66, 0x74, 0x77, 0x61, 0x72, 0x65, 0x20, 0x69, 0x73, 0x20, 0x6C, 0x69, 0x63, 
0x65, 0x6E, 0x73, 0x65, 0x64, 0x20, 0x75, 0x6E, 0x64, 0x65, 0x72, 0x20, 0x74, 0x68, 0x65, 0x20, 
0x53, 0x49, 0x4C, 0x20, 0x4F, 0x70, 0x65, 0x6E, 0x20, 0x46, 0x6F, 0x6E, 0x74, 0x20, 0x4C, 0x69, 
0x63, 0x65, 0x6E, 0x73, 0x65, 0x2C, 0x20, 0x56, 0x65, 0x72, 0x73, 0x69, 0x6F, 0x6E, 0x20, 0x31, 
0x2E, 0x31, 0x2E, 0x20, 0x54, 0x68, 0x69, 0x73, 0x20, 0x6C, 0x69, 0x63, 0x65, 0x6E, 0x73, 0x65, 
0x20, 0x69, 0x73, 0x20, 0x61, 0x76, 0x61, 0x69, 0x6C, 0x61, 0x62, 0x6C, 0x65, 0x20, 0x77, 0x69, 
0x74, 0x68, 0x20, 0x61, 0x20, 0x46, 0x41, 0x51, 0x20, 0x61, 0x74, 0x3A, 0x20, 0x68, 0x74, 0x74, 
0x70, 0x3A, 0x2F, 0x2F, 0x73, 0x63, 0x72, 0x69, 0x70, 0x74, 0x73, 0x2E, 0x73, 0x69, 0x6C, 0x2E, 
0x6F, 0x72, 0x67, 0x2F, 0x4F, 0x46, 0x4C, 0x68, 0x74, 0x74, 0x70, 0x3A, 0x2F, 0x2F, 0x73, 0x63, 
0x72, 0x69, 0x70, 0x74, 0x73, 0x2E, 0x73, 0x69, 0x6C, 0x2E, 0x6F, 0x72, 0x67, 0x2F, 0x4F, 0x46, 
0x4C, 0x00, 0x43, 0x00, 0x6F, 0x00, 0x70, 0x00, 0x79, 0x00, 0x72, 0x00, 0x69, 0x00, 0x67, 0x00, 
0x68, 0x00, 0x74, 0x00, 0x20, 0x00, 0x32, 0x00, 0x30, 0x00, 0x31, 0x00, 0x31, 0x00, 0x20, 0x00, 
0x54, 0x00, 0x68, 0x00, 0x65, 0x00, 0x20, 0x00, 0x43, 0x00, 0x6F, 0x00, 0x6D, 0x00, 0x66, 0x00, 
0x6F, 0x00, 0x72, 0x00, 0x74, 0x00, 0x61, 0x00, 0x61, 0x00, 0x20, 0x00, 0x50, 0x00, 0x72, 0x00, 
0x6F, 0x00, 0x6A, 0x00, 0x65, 0x00, 0x63, 0x00, 0x74, 0x00, 0x20, 0x00, 0x41, 0x00, 0x75, 0x00, 
0x74, 0x00, 0x68, 0x00, 0x6F, 0x00, 0x72, 0x00, 0x73, 0x00, 0x20, 0x00, 0x28, 0x00, 0x61, 0x00, 
0x61, 0x00, 0x6A, 0x00, 0x6F, 0x00, 0x68, 0x00, 0x61, 0x00, 0x6E, 0x00, 0x40, 0x00, 0x67, 0x00, 
0x6D, 0x00, 0x61, 0x00, 0x69, 0x00, 0x6C, 0x00, 0x2E, 0x00, 0x63, 0x00, 0x6F, 0x00, 0x6D, 0x00, 
0x29, 0x00, 0x2C, 0x00, 0x20, 0x00, 0x77, 0x00, 0x69, 0x00, 0x74, 0x00, 0x68, 0x00, 0x20, 0x00, 
0x52, 0x00, 0x65, 0x00, 0x73, 0x00, 0x65, 0x00, 0x72, 0x00, 0x76, 0x00, 0x65, 0x00, 0x64, 0x00, 
0x20, 0x00, 0x46, 0x00, 0x6F, 0x00, 0x6E, 0x00, 0x74, 0x00, 0x20, 0x00, 0x4E, 0x00, 0x61, 0x00, 
0x6D, 0x00, 0x65, 0x00, 0x20, 0x00, 0x22, 0x00, 0x43, 0x00, 0x6F, 0x00, 0x6D, 0x00, 0x66, 0x00, 
0x6F, 0x00, 0x72, 0x00, 0x74, 0x00, 0x61, 0x00, 0x61, 0x00, 0x22, 0x00, 0x2E, 0x00, 0x43, 0x00, 
0x6F, 0x00, 0x6D, 0x00, 0x66, 0x00, 0x6F, 0x00, 0x72, 0x00, 0x74, 0x00, 0x61, 0x00, 0x61, 0x00, 
0x20, 0x00, 0x4C, 0x00, 0x69, 0x00, 0x67, 0x00, 0x68, 0x00, 0x74, 0x00, 0x52, 0x00, 0x65, 0x00, 
0x67, 0x00, 0x75, 0x00, 0x6C, 0x00, 0x61, 0x00, 0x72, 0x00, 0x33, 0x00, 0x2E, 0x00, 0x30, 0x00, 
0x30, 0x00, 0x31, 0x00, 0x3B, 0x00, 0x43, 0x00, 0x59, 0x00, 0x52, 0x00, 0x45, 0x00, 0x3B, 0x00, 
0x43, 0x00, 0x6F, 0x00, 0x6D, 0x00, 0x66, 0x00, 0x6F, 0x00, 0x72, 0x00, 0x74, 0x00, 0x61, 0x00, 
0x61, 0x00, 0x2D, 0x00, 0x4C, 0x00, 0x69, 0x00, 0x67, 0x00, 0x68, 0x00, 0x74, 0x00, 0x43, 0x00, 
0x6F, 0x00, 0x6D, 0x00, 0x66, 0x00, 0x6F, 0x00, 0x72, 0x00, 0x74, 0x00, 0x61, 0x00, 0x61, 0x00, 
0x20, 0x00, 0x4C, 0x00, 0x69, 0x00, 0x67, 0x00, 0x68, 0x00, 0x74, 0x00, 0x56, 0x00, 0x65, 0x00, 
0x72, 0x00, 0x73, 0x00, 0x69, 0x00, 0x6F, 0x00, 0x6E, 0x00, 0x20, 0x00, 0x33, 0x00, 0x2E, 0x00, 
0x30, 0x00, 0x30, 0x00, 0x31, 0x00, 0x43, 0x00, 0x6F, 0x00, 0x6D, 0x00, 0x66, 0x00, 0x6F, 0x00, 
0x72, 0x00, 0x74, 0x00, 0x61, 0x00, 0x61, 0x00, 0x2D, 0x00, 0x4C, 0x00, 0x69, 0x00, 0x67, 0x00, 
0x68, 0x00, 0x74, 0x00, 0x4A, 0x00, 0x6F, 0x00, 0x68, 0x00, 0x61, 0x00, 0x6E, 0x00, 0x20, 0x00, 
0x41, 0x00, 0x61, 0x00, 0x6B, 0x00, 0x65, 0x00, 0x72, 0x00, 0x6C, 0x00, 0x75, 0x00, 0x6E, 0x00, 
0x64, 0x00, 0x4A, 0x00, 0x6F, 0x00, 0x68, 0x00, 0x61, 0x00, 0x6E, 0x00, 0x20, 0x00, 0x41, 0x00, 
0x61, 0x00, 0x6B, 0x00, 0x65, 0x00, 0x72, 0x00, 0x6C, 0x00, 0x75, 0x00, 0x6E, 0x00, 0x64, 0x00, 
0x68, 0x00, 0x74, 0x00, 0x74, 0x00, 0x70, 0x00, 0x3A, 0x00, 0x2F, 0x00, 0x2F, 0x00, 0x61, 0x00, 
0x61, 0x00, 0x6A, 0x00, 0x6F, 0x00, 0x68, 0x00, 0x61, 0x00, 0x6E, 0x00, 0x2E, 0x00, 0x64, 0x00, 
0x65, 0x00, 0x76, 0x00, 0x69, 0x00, 0x61, 0x00, 0x6E, 0x00, 0x74, 0x00, 0x61, 0x00, 0x72, 0x00, 
0x74, 0x00, 0x2E, 0x00, 0x63, 0x00, 0x6F, 0x00, 0x6D, 0x00, 0x68, 0x00, 0x74, 0x00, 0x74, 0x00, 
0x70, 0x00, 0x3A, 0x00, 0x2F, 0x00, 0x2F, 0x00, 0x61, 0x00, 0x61, 0x00, 0x6A, 0x00, 0x6F, 0x00, 
0x68, 0x00, 0x61, 0x00, 0x6E, 0x00, 0x2E, 0x00, 0x64, 0x00, 0x65, 0x00, 0x76, 0x00, 0x69, 0x00, 
0x61, 0x00, 0x6E, 0x00, 0x74, 0x00, 0x61, 0x00, 0x72, 0x00, 0x74, 0x00, 0x2E, 0x00, 0x63, 0x00, 
0x6F, 0x00, 0x6D, 0x00, 0x54, 0x00, 0x68, 0x00, 0x69, 0x00, 0x73, 0x00, 0x20, 0x00, 0x46, 0x00, 
0x6F, 0x00, 0x6E, 0x00, 0x74, 0x00, 0x20, 0x00, 0x53, 0x00, 0x6F, 0x00, 0x66, 0x00, 0x74, 0x00, 
0x77, 0x00, 0x61, 0x00, 0x72, 0x00, 0x65, 0x00, 0x20, 0x00, 0x69, 0x00, 0x73, 0x00, 0x20, 0x00, 
0x6C, 0x00, 0x69, 0x00, 0x63, 0x00, 0x65, 0x00, 0x6E, 0x00, 0x73, 0x00, 0x65, 0x00, 0x64, 0x00, 
0x20, 0x00, 0x75, 0x00, 0x6E, 0x00, 0x64, 0x00, 0x65, 0x00, 0x72, 0x00, 0x20, 0x00, 0x74, 0x00, 
0x68, 0x00, 0x65, 0x00, 0x20, 0x00, 0x53, 0x00, 0x49, 0x00, 0x4C, 0x00, 0x20, 0x00, 0x4F, 0x00, 
0x70, 0x00, 0x65, 0x00, 0x6E, 0x00, 0x20, 0x00, 0x46, 0x00, 0x6F, 0x00, 0x6E, 0x00, 0x74, 0x00, 
0x20, 0x00, 0x4C, 0x00, 0x69, 0x00, 0x63, 0x00, 0x65, 0x00, 0x6E, 0x00, 0x73, 0x00, 0x65, 0x00, 
0x2C, 0x00, 0x20, 0x00, 0x56, 0x00, 0x65, 0x00, 0x72, 0x00, 0x73, 0x00, 0x69, 0x00, 0x6F, 0x00, 
0x6E, 0x00, 0x20, 0x00, 0x31, 0x00, 0x2E, 0x00, 0x31, 0x00, 0x2E, 0x00, 0x20, 0x00, 0x54, 0x00, 
0x68, 0x00, 0x69, 0x00, 0x73, 0x00, 0x20, 0x00, 0x6C, 0x00, 0x69, 0x00, 0x63, 0x00, 0x65, 0x00, 
0x6E, 0x00, 0x73, 0x00, 0x65, 0x00, 0x20, 0x00, 0x69, 0x00, 0x73, 0x00, 0x20, 0x00, 0x61, 0x00, 
0x76, 0x00, 0x61, 0x00, 0x69, 0x00, 0x6C, 0x00, 0x61, 0x00, 0x62, 0x00, 0x6C, 0x00, 0x65, 0x00, 
0x20, 0x00, 0x77, 0x00, 0x69, 0x00, 0x74, 0x00, 0x68, 0x00, 0x20, 0x00, 0x61, 0x00, 0x20, 0x00, 
0x46, 0x00, 0x41, 0x00, 0x51, 0x00, 0x20, 0x00, 0x61, 0x00, 0x74, 0x00, 0x3A, 0x00, 0x20, 0x00, 
0x68, 0x00, 0x74, 0x00, 0x74, 0x00, 0x70, 0x00, 0x3A, 0x00, 0x2F, 0x00, 0x2F, 0x00, 0x73, 0x00, 
0x63, 0x00, 0x72, 0x00, 0x69, 0x00, 0x70, 0x00, 0x74, 0x00, 0x73, 0x00, 0x2E, 0x00, 0x73, 0x00, 
0x69, 0x00, 0x6C, 0x00, 0x2E, 0x00, 0x6F, 0x00, 0x72, 0x00, 0x67, 0x00, 0x2F, 0x00, 0x4F, 0x00, 
0x46, 0x00, 0x4C, 0x00, 0x68, 0x00, 0x74, 0x00, 0x74, 0x00, 0x70, 0x00, 0x3A, 0x00, 0x2F, 0x00, 
0x2F, 0x00, 0x73, 0x00, 0x63, 0x00, 0x72, 0x00, 0x69, 0x00, 0x70, 0x00, 0x74, 0x00, 0x73, 0x00, 
0x2E, 0x00, 0x73, 0x00, 0x69, 0x00, 0x6C, 0x00, 0x2E, 0x00, 0x6F, 0x00, 0x72, 0x00, 0x67, 0x00, 
0x2F, 0x00, 0x4F, 0x00, 0x46, 0x00, 0x4C, 0x00, 0x43, 0x00, 0x6F, 0x00, 0x6D, 0x00, 0x66, 0x00, 
0x6F, 0x00, 0x72, 0x00, 0x74, 0x00, 0x61, 0x00, 0x61, 0x00, 0x4C, 0x00, 0x69, 0x00, 0x67, 0x00, 
0x68, 0x00, 0x74, 0x00, 0x00, 0x02, 0x00, 0x00, 0x00, 0x00, 0x00, 0x00, 0xFF, 0xB5, 0x00, 0x32, 
0x00, 0x00, 0x00, 0x00, 0x00, 0x00, 0x00, 0x00, 0x00, 0x00, 0x00, 0x00, 0x00, 0x00, 0x00, 0x00, 
0x00, 0x00, 0x00, 0x00, 0x03, 0x5B, 0x00, 0x00, 0x01, 0x02, 0x00, 0x02, 0x00, 0x03, 0x00, 0x24, 
0x00, 0xC9, 0x01, 0x03, 0x01, 0x04, 0x01, 0x05, 0x01, 0x06, 0x01, 0x07, 0x01, 0x08, 0x00, 0xC7, 
0x01, 0x09, 0x01, 0x0A, 0x01, 0x0B, 0x01, 0x0C, 0x01, 0x0D, 0x01, 0x0E, 0x00, 0x62, 0x01, 0x0F, 
0x00, 0xAD, 0x01, 0x10, 0x01, 0x11, 0x01, 0x12, 0x01, 0x13, 0x00, 0x63, 0x01, 0x14, 0x00, 0xAE, 
0x00, 0x90, 0x01, 0x15, 0x00, 0x25, 0x00, 0x26, 0x00, 0xFD, 0x00, 0xFF, 0x00, 0x64, 0x01, 0x16, 
0x01, 0x17, 0x00, 0x27, 0x00, 0xE9, 0x01, 0x18, 0x01, 0x19, 0x00, 0x28, 0x00, 0x65, 0x01, 0x1A, 
0x01, 0x1B, 0x00, 0xC8, 0x01, 0x1C, 0x01, 0x1D, 0x01, 0x1E, 0x01, 0x1F, 0x01, 0x20, 0x01, 0x21, 
0x00, 0xCA, 0x01, 0x22, 0x01, 0x23, 0x00, 0xCB, 0x01, 0x24, 0x01, 0x25, 0x01, 0x26, 0x01, 0x27, 
0x01, 0x28, 0x00, 0x29, 0x00, 0x2A, 0x00, 0xF8, 0x01, 0x29, 0x01, 0x2A, 0x01, 0x2B, 0x01, 0x2C, 
0x00, 0x2B, 0x01, 0x2D, 0x01, 0x2E, 0x00, 0x2C, 0x01, 0x2F, 0x00, 0xCC, 0x01, 0x30, 0x00, 0xCD, 
0x01, 0x31, 0x00, 0xCE, 0x00, 0xFA, 0x01, 0x32, 0x00, 0xCF, 0x01, 0x33, 0x01, 0x34, 0x01, 0x35, 
0x01, 0x36, 0x01, 0x37, 0x00, 0x2D, 0x01, 0x38, 0x00, 0x2E, 0x01, 0x39, 0x00, 0x2F, 0x01, 0x3A, 
0x01, 0x3B, 0x01, 0x3C, 0x01, 0x3D, 0x00, 0xE2, 0x00, 0x30, 0x00, 0x31, 0x01, 0x3E, 0x01, 0x3F, 
0x01, 0x40, 0x01, 0x41, 0x00, 0x66, 0x00, 0x32, 0x00, 0xD0, 0x01, 0x42, 0x00, 0xD1, 0x01, 0x43, 
0x01, 0x44, 0x01, 0x45, 0x01, 0x46, 0x01, 0x47, 0x01, 0x48, 0x00, 0x67, 0x01, 0x49, 0x01, 0x4A, 
0x01, 0x4B, 0x00, 0xD3, 0x01, 0x4C, 0x01, 0x4D, 0x01, 0x4E, 0x01, 0x4F, 0x01, 0x50, 0x01, 0x51, 
0x01, 0x52, 0x01, 0x53, 0x01, 0x54, 0x01, 0x55, 0x01, 0x56, 0x00, 0x91, 0x01, 0x57, 0x00, 0xAF, 
0x01, 0x58, 0x00, 0xB0, 0x00, 0x33, 0x00, 0xED, 0x00, 0x34, 0x00, 0x35, 0x01, 0x59, 0x01, 0x5A, 
0x01, 0x5B, 0x01, 0x5C, 0x01, 0x5D, 0x00, 0x36, 0x01, 0x5E, 0x00, 0xE4, 0x00, 0xFB, 0x01, 0x5F, 
0x01, 0x60, 0x01, 0x61, 0x01, 0x62, 0x00, 0x37, 0x01, 0x63, 0x01, 0x64, 0x01, 0x65, 0x01, 0x66, 
0x00, 0x38, 0x00, 0xD4, 0x01, 0x67, 0x00, 0xD5, 0x01, 0x68, 0x00, 0x68, 0x01, 0x69, 0x00, 0xD6, 
0x01, 0x6A, 0x01, 0x6B, 0x01, 0x6C, 0x01, 0x6D, 0x01, 0x6E, 0x01, 0x6F, 0x01, 0x70, 0x01, 0x71, 
0x01, 0x72, 0x01, 0x73, 0x01, 0x74, 0x01, 0x75, 0x01, 0x76, 0x00, 0x39, 0x00, 0x3A, 0x01, 0x77, 
0x01, 0x78, 0x01, 0x79, 0x01, 0x7A, 0x00, 0x3B, 0x00, 0x3C, 0x00, 0xEB, 0x01, 0x7B, 0x00, 0xBB, 
0x01, 0x7C, 0x01, 0x7D, 0x01, 0x7E, 0x01, 0x7F, 0x01, 0x80, 0x00, 0x3D, 0x01, 0x81, 0x00, 0xE6, 
0x01, 0x82, 0x00, 0x44, 0x00, 0x69, 0x01, 0x83, 0x01, 0x84, 0x01, 0x85, 0x01, 0x86, 0x01, 0x87, 
0x01, 0x88, 0x00, 0x6B, 0x01, 0x89, 0x01, 0x8A, 0x01, 0x8B, 0x01, 0x8C, 0x01, 0x8D, 0x01, 0x8E, 
0x00, 0x6C, 0x01, 0x8F, 0x00, 0x6A, 0x01, 0x90, 0x01, 0x91, 0x01, 0x92, 0x01, 0x93, 0x00, 0x6E, 
0x01, 0x94, 0x00, 0x6D, 0x00, 0xA0, 0x01, 0x95, 0x00, 0x45, 0x00, 0x46, 0x00, 0xFE, 0x01, 0x00, 
0x00, 0x6F, 0x01, 0x96, 0x01, 0x97, 0x00, 0x47, 0x00, 0xEA, 0x01, 0x98, 0x01, 0x01, 0x00, 0x48, 
0x00, 0x70, 0x01, 0x99, 0x01, 0x9A, 0x00, 0x72, 0x01, 0x9B, 0x01, 0x9C, 0x01, 0x9D, 0x01, 0x9E, 
0x01, 0x9F, 0x01, 0xA0, 0x00, 0x73, 0x01, 0xA1, 0x01, 0xA2, 0x00, 0x71, 0x01, 0xA3, 0x01, 0xA4, 
0x01, 0xA5, 0x01, 0xA6, 0x01, 0xA7, 0x01, 0xA8, 0x00, 0x49, 0x00, 0x4A, 0x00, 0xF9, 0x01, 0xA9, 
0x01, 0xAA, 0x01, 0xAB, 0x01, 0xAC, 0x00, 0x4B, 0x01, 0xAD, 0x01, 0xAE, 0x00, 0x4C, 0x00, 0xD7, 
0x00, 0x74, 0x01, 0xAF, 0x00, 0x76, 0x01, 0xB0, 0x00, 0x77, 0x01, 0xB1, 0x01, 0xB2, 0x00, 0x75, 
0x01, 0xB3, 0x01, 0xB4, 0x01, 0xB5, 0x01, 0xB6, 0x01, 0xB7, 0x01, 0xB8, 0x00, 0x4D, 0x01, 0xB9, 
0x01, 0xBA, 0x00, 0x4E, 0x01, 0xBB, 0x01, 0xBC, 0x00, 0x4F, 0x01, 0xBD, 0x01, 0xBE, 0x01, 0xBF, 
0x01, 0xC0, 0x00, 0xE3, 0x00, 0x50, 0x00, 0x51, 0x01, 0xC1, 0x01, 0xC2, 0x01, 0xC3, 0x01, 0xC4, 
0x00, 0x78, 0x00, 0x52, 0x00, 0x79, 0x01, 0xC5, 0x00, 0x7B, 0x01, 0xC6, 0x01, 0xC7, 0x01, 0xC8, 
0x01, 0xC9, 0x01, 0xCA, 0x01, 0xCB, 0x00, 0x7C, 0x01, 0xCC, 0x01, 0xCD, 0x01, 0xCE, 0x00, 0x7A, 
0x01, 0xCF, 0x01, 0xD0, 0x01, 0xD1, 0x01, 0xD2, 0x01, 0xD3, 0x01, 0xD4, 0x01, 0xD5, 0x01, 0xD6, 
0x01, 0xD7, 0x01, 0xD8, 0x01, 0xD9, 0x00, 0xA1, 0x01, 0xDA, 0x00, 0x7D, 0x01, 0xDB, 0x00, 0xB1, 
0x00, 0x53, 0x00, 0xEE, 0x00, 0x54, 0x00, 0x55, 0x01, 0xDC, 0x01, 0xDD, 0x01, 0xDE, 0x01, 0xDF, 
0x01, 0xE0, 0x00, 0x56, 0x01, 0xE1, 0x00, 0xE5, 0x00, 0xFC, 0x01, 0xE2, 0x01, 0xE3, 0x00, 0x89, 
0x01, 0xE4, 0x00, 0x57, 0x01, 0xE5, 0x01, 0xE6, 0x01, 0xE7, 0x01, 0xE8, 0x00, 0x58, 0x00, 0x7E, 
0x01, 0xE9, 0x00, 0x80, 0x01, 0xEA, 0x00, 0x81, 0x01, 0xEB, 0x00, 0x7F, 0x01, 0xEC, 0x01, 0xED, 
0x01, 0xEE, 0x01, 0xEF, 0x01, 0xF0, 0x01, 0xF1, 0x01, 0xF2, 0x01, 0xF3, 0x01, 0xF4, 0x01, 0xF5, 
0x01, 0xF6, 0x01, 0xF7, 0x01, 0xF8, 0x00, 0x59, 0x00, 0x5A, 0x01, 0xF9, 0x01, 0xFA, 0x01, 0xFB, 
0x01, 0xFC, 0x00, 0x5B, 0x00, 0x5C, 0x00, 0xEC, 0x01, 0xFD, 0x00, 0xBA, 0x01, 0xFE, 0x01, 0xFF, 
0x02, 0x00, 0x02, 0x01, 0x02, 0x02, 0x00, 0x5D, 0x02, 0x03, 0x00, 0xE7, 0x02, 0x04, 0x02, 0x05, 
0x02, 0x06, 0x02, 0x07, 0x00, 0xC0, 0x00, 0xC1, 0x00, 0x9D, 0x00, 0x9E, 0x02, 0x08, 0x02, 0x09, 
0x02, 0x0A, 0x02, 0x0B, 0x02, 0x0C, 0x02, 0x0D, 0x02, 0x0E, 0x02, 0x0F, 0x02, 0x10, 0x02, 0x11, 
0x02, 0x12, 0x02, 0x13, 0x02, 0x14, 0x02, 0x15, 0x02, 0x16, 0x02, 0x17, 0x02, 0x18, 0x02, 0x19, 
0x02, 0x1A, 0x02, 0x1B, 0x02, 0x1C, 0x02, 0x1D, 0x02, 0x1E, 0x02, 0x1F, 0x02, 0x20, 0x02, 0x21, 
0x02, 0x22, 0x02, 0x23, 0x02, 0x24, 0x02, 0x25, 0x02, 0x26, 0x02, 0x27, 0x02, 0x28, 0x02, 0x29, 
0x02, 0x2A, 0x02, 0x2B, 0x02, 0x2C, 0x02, 0x2D, 0x02, 0x2E, 0x02, 0x2F, 0x02, 0x30, 0x02, 0x31, 
0x02, 0x32, 0x02, 0x33, 0x02, 0x34, 0x02, 0x35, 0x02, 0x36, 0x02, 0x37, 0x02, 0x38, 0x02, 0x39, 
0x02, 0x3A, 0x02, 0x3B, 0x02, 0x3C, 0x02, 0x3D, 0x02, 0x3E, 0x02, 0x3F, 0x02, 0x40, 0x02, 0x41, 
0x02, 0x42, 0x02, 0x43, 0x02, 0x44, 0x02, 0x45, 0x02, 0x46, 0x02, 0x47, 0x02, 0x48, 0x02, 0x49, 
0x02, 0x4A, 0x02, 0x4B, 0x02, 0x4C, 0x02, 0x4D, 0x02, 0x4E, 0x02, 0x4F, 0x02, 0x50, 0x02, 0x51, 
0x02, 0x52, 0x02, 0x53, 0x02, 0x54, 0x02, 0x55, 0x02, 0x56, 0x02, 0x57, 0x02, 0x58, 0x02, 0x59, 
0x02, 0x5A, 0x02, 0x5B, 0x02, 0x5C, 0x02, 0x5D, 0x02, 0x5E, 0x02, 0x5F, 0x02, 0x60, 0x02, 0x61, 
0x02, 0x62, 0x02, 0x63, 0x02, 0x64, 0x02, 0x65, 0x02, 0x66, 0x02, 0x67, 0x02, 0x68, 0x02, 0x69, 
0x02, 0x6A, 0x02, 0x6B, 0x02, 0x6C, 0x02, 0x6D, 0x02, 0x6E, 0x02, 0x6F, 0x02, 0x70, 0x02, 0x71, 
0x02, 0x72, 0x02, 0x73, 0x02, 0x74, 0x02, 0x75, 0x02, 0x76, 0x02, 0x77, 0x02, 0x78, 0x02, 0x79, 
0x02, 0x7A, 0x02, 0x7B, 0x02, 0x7C, 0x02, 0x7D, 0x02, 0x7E, 0x02, 0x7F, 0x02, 0x80, 0x02, 0x81, 
0x02, 0x82, 0x02, 0x83, 0x02, 0x84, 0x02, 0x85, 0x02, 0x86, 0x02, 0x87, 0x02, 0x88, 0x02, 0x89, 
0x02, 0x8A, 0x02, 0x8B, 0x02, 0x8C, 0x02, 0x8D, 0x02, 0x8E, 0x02, 0x8F, 0x02, 0x90, 0x02, 0x91, 
0x02, 0x92, 0x02, 0x93, 0x02, 0x94, 0x02, 0x95, 0x02, 0x96, 0x02, 0x97, 0x02, 0x98, 0x02, 0x99, 
0x02, 0x9A, 0x02, 0x9B, 0x02, 0x9C, 0x02, 0x9D, 0x02, 0x9E, 0x02, 0x9F, 0x02, 0xA0, 0x02, 0xA1, 
0x02, 0xA2, 0x02, 0xA3, 0x02, 0xA4, 0x02, 0xA5, 0x02, 0xA6, 0x02, 0xA7, 0x02, 0xA8, 0x02, 0xA9, 
0x02, 0xAA, 0x02, 0xAB, 0x02, 0xAC, 0x02, 0xAD, 0x02, 0xAE, 0x02, 0xAF, 0x02, 0xB0, 0x02, 0xB1, 
0x02, 0xB2, 0x02, 0xB3, 0x02, 0xB4, 0x02, 0xB5, 0x02, 0xB6, 0x02, 0xB7, 0x02, 0xB8, 0x02, 0xB9, 
0x02, 0xBA, 0x02, 0xBB, 0x02, 0xBC, 0x02, 0xBD, 0x02, 0xBE, 0x02, 0xBF, 0x02, 0xC0, 0x02, 0xC1, 
0x02, 0xC2, 0x02, 0xC3, 0x02, 0xC4, 0x02, 0xC5, 0x02, 0xC6, 0x02, 0xC7, 0x02, 0xC8, 0x02, 0xC9, 
0x02, 0xCA, 0x02, 0xCB, 0x02, 0xCC, 0x02, 0xCD, 0x02, 0xCE, 0x02, 0xCF, 0x02, 0xD0, 0x02, 0xD1, 
0x02, 0xD2, 0x02, 0xD3, 0x02, 0xD4, 0x02, 0xD5, 0x02, 0xD6, 0x02, 0xD7, 0x02, 0xD8, 0x02, 0xD9, 
0x02, 0xDA, 0x02, 0xDB, 0x02, 0xDC, 0x02, 0xDD, 0x02, 0xDE, 0x02, 0xDF, 0x02, 0xE0, 0x02, 0xE1, 
0x02, 0xE2, 0x02, 0xE3, 0x02, 0xE4, 0x02, 0xE5, 0x02, 0xE6, 0x02, 0xE7, 0x02, 0xE8, 0x02, 0xE9, 
0x02, 0xEA, 0x02, 0xEB, 0x02, 0xEC, 0x00, 0x9B, 0x02, 0xED, 0x02, 0xEE, 0x02, 0xEF, 0x02, 0xF0, 
0x02, 0xF1, 0x02, 0xF2, 0x02, 0xF3, 0x02, 0xF4, 0x02, 0xF5, 0x02, 0xF6, 0x02, 0xF7, 0x02, 0xF8, 
0x02, 0xF9, 0x02, 0xFA, 0x02, 0xFB, 0x02, 0xFC, 0x02, 0xFD, 0x02, 0xFE, 0x02, 0xFF, 0x03, 0x00, 
0x00, 0x13, 0x00, 0x14, 0x00, 0x15, 0x00, 0x16, 0x00, 0x17, 0x00, 0x18, 0x00, 0x19, 0x00, 0x1A, 
0x00, 0x1B, 0x00, 0x1C, 0x03, 0x01, 0x03, 0x02, 0x03, 0x03, 0x03, 0x04, 0x03, 0x05, 0x03, 0x06, 
0x03, 0x07, 0x00, 0xBC, 0x00, 0xF4, 0x00, 0xF5, 0x00, 0xF6, 0x03, 0x08, 0x03, 0x09, 0x03, 0x0A, 
0x03, 0x0B, 0x00, 0x0D, 0x00, 0x3F, 0x00, 0xC3, 0x00, 0x87, 0x00, 0x1D, 0x00, 0x0F, 0x00, 0xAB, 
0x00, 0x04, 0x03, 0x0C, 0x00, 0xA3, 0x00, 0x06, 0x03, 0x0D, 0x00, 0x11, 0x00, 0x22, 0x00, 0xA2, 
0x00, 0x05, 0x00, 0x0A, 0x00, 0x1E, 0x00, 0x12, 0x00, 0x42, 0x03, 0x0E, 0x03, 0x0F, 0x00, 0x5E, 
0x00, 0x60, 0x00, 0x3E, 0x00, 0x40, 0x00, 0x0B, 0x00, 0x0C, 0x00, 0xB3, 0x00, 0xB2, 0x03, 0x10, 
0x00, 0x10, 0x03, 0x11, 0x00, 0xA9, 0x00, 0xAA, 0x00, 0xBE, 0x00, 0xBF, 0x00, 0xC5, 0x00, 0xB4, 
0x00, 0xB5, 0x00, 0xB6, 0x03, 0x12, 0x00, 0xB7, 0x00, 0xC4, 0x03, 0x13, 0x03, 0x14, 0x03, 0x15, 
0x00, 0x84, 0x03, 0x16, 0x00, 0xBD, 0x00, 0x07, 0x03, 0x17, 0x03, 0x18, 0x00, 0xA6, 0x00, 0xF7, 
0x03, 0x19, 0x03, 0x1A, 0x03, 0x1B, 0x03, 0x1C, 0x03, 0x1D, 0x03, 0x1E, 0x03, 0x1F, 0x03, 0x20, 
0x03, 0x21, 0x03, 0x22, 0x03, 0x23, 0x00, 0x85, 0x03, 0x24, 0x03, 0x25, 0x03, 0x26, 0x00, 0x96, 
0x03, 0x27, 0x03, 0x28, 0x03, 0x29, 0x03, 0x2A, 0x00, 0x0E, 0x00, 0xEF, 0x00, 0xF0, 0x00, 0xB8, 
0x00, 0x20, 0x00, 0x8F, 0x00, 0x21, 0x00, 0x1F, 0x00, 0x95, 0x00, 0x94, 0x00, 0x93, 0x00, 0xA7, 
0x00, 0x61, 0x00, 0xA4, 0x00, 0x92, 0x03, 0x2B, 0x00, 0x9C, 0x03, 0x2C, 0x03, 0x2D, 0x00, 0x9A, 
0x00, 0x99, 0x00, 0xA5, 0x03, 0x2E, 0x00, 0x98, 0x03, 0x2F, 0x00, 0x08, 0x00, 0xC6, 0x03, 0x30, 
0x03, 0x31, 0x03, 0x32, 0x03, 0x33, 0x03, 0x34, 0x03, 0x35, 0x03, 0x36, 0x00, 0x23, 0x00, 0x09, 
0x00, 0x88, 0x00, 0x86, 0x00, 0x8B, 0x00, 0x8A, 0x00, 0x8C, 0x03, 0x37, 0x00, 0x83, 0x00, 0x5F, 
0x00, 0xE8, 0x00, 0x82, 0x03, 0x38, 0x00, 0xC2, 0x03, 0x39, 0x03, 0x3A, 0x00, 0x41, 0x03, 0x3B, 
0x03, 0x3C, 0x03, 0x3D, 0x03, 0x3E, 0x03, 0x3F, 0x03, 0x40, 0x03, 0x41, 0x03, 0x42, 0x03, 0x43, 
0x03, 0x44, 0x03, 0x45, 0x03, 0x46, 0x03, 0x47, 0x03, 0x48, 0x03, 0x49, 0x03, 0x4A, 0x03, 0x4B, 
0x03, 0x4C, 0x03, 0x4D, 0x03, 0x4E, 0x03, 0x4F, 0x03, 0x50, 0x03, 0x51, 0x03, 0x52, 0x03, 0x53, 
0x03, 0x54, 0x03, 0x55, 0x03, 0x56, 0x03, 0x57, 0x03, 0x58, 0x03, 0x59, 0x00, 0x8D, 0x00, 0xDB, 
0x00, 0xE1, 0x00, 0xDE, 0x00, 0xD8, 0x00, 0x8E, 0x00, 0xDC, 0x00, 0x43, 0x00, 0xDF, 0x00, 0xDA, 
0x00, 0xE0, 0x00, 0xDD, 0x00, 0xD9, 0x03, 0x5A, 0x03, 0x5B, 0x03, 0x5C, 0x03, 0x5D, 0x03, 0x5E, 
0x03, 0x5F, 0x03, 0x60, 0x03, 0x61, 0x03, 0x62, 0x03, 0x63, 0x03, 0x64, 0x04, 0x4E, 0x55, 0x4C, 
0x4C, 0x06, 0x41, 0x62, 0x72, 0x65, 0x76, 0x65, 0x07, 0x75, 0x6E, 0x69, 0x31, 0x45, 0x41, 0x45, 
0x07, 0x75, 0x6E, 0x69, 0x31, 0x45, 0x42, 0x36, 0x07, 0x75, 0x6E, 0x69, 0x31, 0x45, 0x42, 0x30, 
0x07, 0x75, 0x6E, 0x69, 0x31, 0x45, 0x42, 0x32, 0x07, 0x75, 0x6E, 0x69, 0x31, 0x45, 0x42, 0x34, 
0x07, 0x75, 0x6E, 0x69, 0x31, 0x45, 0x41, 0x34, 0x07, 0x75, 0x6E, 0x69, 0x31, 0x45, 0x41, 0x43, 
0x07, 0x75, 0x6E, 0x69, 0x31, 0x45, 0x41, 0x36, 0x07, 0x75, 0x6E, 0x69, 0x31, 0x45, 0x41, 0x38, 
0x07, 0x75, 0x6E, 0x69, 0x31, 0x45, 0x41, 0x41, 0x07, 0x75, 0x6E, 0x69, 0x30, 0x32, 0x30, 0x30, 
0x07, 0x75, 0x6E, 0x69, 0x31, 0x45, 0x41, 0x30, 0x07, 0x75, 0x6E, 0x69, 0x31, 0x45, 0x41, 0x32, 
0x07, 0x75, 0x6E, 0x69, 0x30, 0x32, 0x30, 0x32, 0x07, 0x41, 0x6D, 0x61, 0x63, 0x72, 0x6F, 0x6E, 
0x07, 0x41, 0x6F, 0x67, 0x6F, 0x6E, 0x65, 0x6B, 0x0A, 0x41, 0x72, 0x69, 0x6E, 0x67, 0x61, 0x63, 
0x75, 0x74, 0x65, 0x07, 0x41, 0x45, 0x61, 0x63, 0x75, 0x74, 0x65, 0x0B, 0x43, 0x63, 0x69, 0x72, 
0x63, 0x75, 0x6D, 0x66, 0x6C, 0x65, 0x78, 0x0A, 0x43, 0x64, 0x6F, 0x74, 0x61, 0x63, 0x63, 0x65, 
0x6E, 0x74, 0x06, 0x44, 0x63, 0x61, 0x72, 0x6F, 0x6E, 0x06, 0x44, 0x63, 0x72, 0x6F, 0x61, 0x74, 
0x06, 0x45, 0x62, 0x72, 0x65, 0x76, 0x65, 0x06, 0x45, 0x63, 0x61, 0x72, 0x6F, 0x6E, 0x07, 0x75, 
0x6E, 0x69, 0x31, 0x45, 0x42, 0x45, 0x07, 0x75, 0x6E, 0x69, 0x31, 0x45, 0x43, 0x36, 0x07, 0x75, 
0x6E, 0x69, 0x31, 0x45, 0x43, 0x30, 0x07, 0x75, 0x6E, 0x69, 0x31, 0x45, 0x43, 0x32, 0x07, 0x75, 
0x6E, 0x69, 0x31, 0x45, 0x43, 0x34, 0x07, 0x75, 0x6E, 0x69, 0x30, 0x32, 0x30, 0x34, 0x0A, 0x45, 
0x64, 0x6F, 0x74, 0x61, 0x63, 0x63, 0x65, 0x6E, 0x74, 0x07, 0x75, 0x6E, 0x69, 0x31, 0x45, 0x42, 
0x38, 0x07, 0x75, 0x6E, 0x69, 0x31, 0x45, 0x42, 0x41, 0x07, 0x75, 0x6E, 0x69, 0x30, 0x32, 0x30, 
0x36, 0x07, 0x45, 0x6D, 0x61, 0x63, 0x72, 0x6F, 0x6E, 0x07, 0x45, 0x6F, 0x67, 0x6F, 0x6E, 0x65, 
0x6B, 0x07, 0x75, 0x6E, 0x69, 0x31, 0x45, 0x42, 0x43, 0x06, 0x47, 0x63, 0x61, 0x72, 0x6F, 0x6E, 
0x0B, 0x47, 0x63, 0x69, 0x72, 0x63, 0x75, 0x6D, 0x66, 0x6C, 0x65, 0x78, 0x0C, 0x47, 0x63, 0x6F, 
0x6D, 0x6D, 0x61, 0x61, 0x63, 0x63, 0x65, 0x6E, 0x74, 0x0A, 0x47, 0x64, 0x6F, 0x74, 0x61, 0x63, 
0x63, 0x65, 0x6E, 0x74, 0x04, 0x48, 0x62, 0x61, 0x72, 0x0B, 0x48, 0x63, 0x69, 0x72, 0x63, 0x75, 
0x6D, 0x66, 0x6C, 0x65, 0x78, 0x02, 0x49, 0x4A, 0x06, 0x49, 0x62, 0x72, 0x65, 0x76, 0x65, 0x07, 
0x75, 0x6E, 0x69, 0x30, 0x32, 0x30, 0x38, 0x07, 0x75, 0x6E, 0x69, 0x31, 0x45, 0x43, 0x41, 0x07, 
0x75, 0x6E, 0x69, 0x31, 0x45, 0x43, 0x38, 0x07, 0x75, 0x6E, 0x69, 0x30, 0x32, 0x30, 0x41, 0x07, 
0x49, 0x6D, 0x61, 0x63, 0x72, 0x6F, 0x6E, 0x07, 0x49, 0x6F, 0x67, 0x6F, 0x6E, 0x65, 0x6B, 0x06, 
0x49, 0x74, 0x69, 0x6C, 0x64, 0x65, 0x0B, 0x4A, 0x63, 0x69, 0x72, 0x63, 0x75, 0x6D, 0x66, 0x6C, 
0x65, 0x78, 0x0C, 0x4B, 0x63, 0x6F, 0x6D, 0x6D, 0x61, 0x61, 0x63, 0x63, 0x65, 0x6E, 0x74, 0x06, 
0x4C, 0x61, 0x63, 0x75, 0x74, 0x65, 0x06, 0x4C, 0x63, 0x61, 0x72, 0x6F, 0x6E, 0x0C, 0x4C, 0x63, 
0x6F, 0x6D, 0x6D, 0x61, 0x61, 0x63, 0x63, 0x65, 0x6E, 0x74, 0x04, 0x4C, 0x64, 0x6F, 0x74, 0x06, 
0x4E, 0x61, 0x63, 0x75, 0x74, 0x65, 0x06, 0x4E, 0x63, 0x61, 0x72, 0x6F, 0x6E, 0x0C, 0x4E, 0x63, 
0x6F, 0x6D, 0x6D, 0x61, 0x61, 0x63, 0x63, 0x65, 0x6E, 0x74, 0x03, 0x45, 0x6E, 0x67, 0x06, 0x4F, 
0x62, 0x72, 0x65, 0x76, 0x65, 0x07, 0x75, 0x6E, 0x69, 0x31, 0x45, 0x44, 0x30, 0x07, 0x75, 0x6E, 
0x69, 0x31, 0x45, 0x44, 0x38, 0x07, 0x75, 0x6E, 0x69, 0x31, 0x45, 0x44, 0x32, 0x07, 0x75, 0x6E, 
0x69, 0x31, 0x45, 0x44, 0x34, 0x07, 0x75, 0x6E, 0x69, 0x31, 0x45, 0x44, 0x36, 0x07, 0x75, 0x6E, 
0x69, 0x30, 0x32, 0x30, 0x43, 0x07, 0x75, 0x6E, 0x69, 0x30, 0x32, 0x32, 0x41, 0x07, 0x75, 0x6E, 
0x69, 0x30, 0x32, 0x33, 0x30, 0x07, 0x75, 0x6E, 0x69, 0x31, 0x45, 0x43, 0x43, 0x07, 0x75, 0x6E, 
0x69, 0x31, 0x45, 0x43, 0x45, 0x05, 0x4F, 0x68, 0x6F, 0x72, 0x6E, 0x07, 0x75, 0x6E, 0x69, 0x31, 
0x45, 0x44, 0x41, 0x07, 0x75, 0x6E, 0x69, 0x31, 0x45, 0x45, 0x32, 0x07, 0x75, 0x6E, 0x69, 0x31, 
0x45, 0x44, 0x43, 0x07, 0x75, 0x6E, 0x69, 0x31, 0x45, 0x44, 0x45, 0x07, 0x75, 0x6E, 0x69, 0x31, 
0x45, 0x45, 0x30, 0x0D, 0x4F, 0x68, 0x75, 0x6E, 0x67, 0x61, 0x72, 0x75, 0x6D, 0x6C, 0x61, 0x75, 
0x74, 0x07, 0x75, 0x6E, 0x69, 0x30, 0x32, 0x30, 0x45, 0x07, 0x4F, 0x6D, 0x61, 0x63, 0x72, 0x6F, 
0x6E, 0x07, 0x75, 0x6E, 0x69, 0x30, 0x31, 0x45, 0x41, 0x0B, 0x4F, 0x73, 0x6C, 0x61, 0x73, 0x68, 
0x61, 0x63, 0x75, 0x74, 0x65, 0x07, 0x75, 0x6E, 0x69, 0x30, 0x32, 0x32, 0x43, 0x06, 0x52, 0x61, 
0x63, 0x75, 0x74, 0x65, 0x06, 0x52, 0x63, 0x61, 0x72, 0x6F, 0x6E, 0x0C, 0x52, 0x63, 0x6F, 0x6D, 
0x6D, 0x61, 0x61, 0x63, 0x63, 0x65, 0x6E, 0x74, 0x07, 0x75, 0x6E, 0x69, 0x30, 0x32, 0x31, 0x30, 
0x07, 0x75, 0x6E, 0x69, 0x30, 0x32, 0x31, 0x32, 0x06, 0x53, 0x61, 0x63, 0x75, 0x74, 0x65, 0x0B, 
0x53, 0x63, 0x69, 0x72, 0x63, 0x75, 0x6D, 0x66, 0x6C, 0x65, 0x78, 0x0C, 0x53, 0x63, 0x6F, 0x6D, 
0x6D, 0x61, 0x61, 0x63, 0x63, 0x65, 0x6E, 0x74, 0x07, 0x75, 0x6E, 0x69, 0x31, 0x45, 0x39, 0x45, 
0x07, 0x75, 0x6E, 0x69, 0x30, 0x31, 0x38, 0x46, 0x04, 0x54, 0x62, 0x61, 0x72, 0x06, 0x54, 0x63, 
0x61, 0x72, 0x6F, 0x6E, 0x07, 0x75, 0x6E, 0x69, 0x30, 0x31, 0x36, 0x32, 0x07, 0x75, 0x6E, 0x69, 
0x30, 0x32, 0x31, 0x41, 0x06, 0x55, 0x62, 0x72, 0x65, 0x76, 0x65, 0x07, 0x75, 0x6E, 0x69, 0x30, 
0x32, 0x31, 0x34, 0x07, 0x75, 0x6E, 0x69, 0x31, 0x45, 0x45, 0x34, 0x07, 0x75, 0x6E, 0x69, 0x31, 
0x45, 0x45, 0x36, 0x05, 0x55, 0x68, 0x6F, 0x72, 0x6E, 0x07, 0x75, 0x6E, 0x69, 0x31, 0x45, 0x45, 
0x38, 0x07, 0x75, 0x6E, 0x69, 0x31, 0x45, 0x46, 0x30, 0x07, 0x75, 0x6E, 0x69, 0x31, 0x45, 0x45, 
0x41, 0x07, 0x75, 0x6E, 0x69, 0x31, 0x45, 0x45, 0x43, 0x07, 0x75, 0x6E, 0x69, 0x31, 0x45, 0x45, 
0x45, 0x0D, 0x55, 0x68, 0x75, 0x6E, 0x67, 0x61, 0x72, 0x75, 0x6D, 0x6C, 0x61, 0x75, 0x74, 0x07, 
0x75, 0x6E, 0x69, 0x30, 0x32, 0x31, 0x36, 0x07, 0x55, 0x6D, 0x61, 0x63, 0x72, 0x6F, 0x6E, 0x07, 
0x55, 0x6F, 0x67, 0x6F, 0x6E, 0x65, 0x6B, 0x05, 0x55, 0x72, 0x69, 0x6E, 0x67, 0x06, 0x55, 0x74, 
0x69, 0x6C, 0x64, 0x65, 0x06, 0x57, 0x61, 0x63, 0x75, 0x74, 0x65, 0x0B, 0x57, 0x63, 0x69, 0x72, 
0x63, 0x75, 0x6D, 0x66, 0x6C, 0x65, 0x78, 0x09, 0x57, 0x64, 0x69, 0x65, 0x72, 0x65, 0x73, 0x69, 
0x73, 0x06, 0x57, 0x67, 0x72, 0x61, 0x76, 0x65, 0x0B, 0x59, 0x63, 0x69, 0x72, 0x63, 0x75, 0x6D, 
0x66, 0x6C, 0x65, 0x78, 0x07, 0x75, 0x6E, 0x69, 0x31, 0x45, 0x46, 0x34, 0x06, 0x59, 0x67, 0x72, 
0x61, 0x76, 0x65, 0x07, 0x75, 0x6E, 0x69, 0x31, 0x45, 0x46, 0x36, 0x07, 0x75, 0x6E, 0x69, 0x30, 
0x32, 0x33, 0x32, 0x07, 0x75, 0x6E, 0x69, 0x31, 0x45, 0x46, 0x38, 0x06, 0x5A, 0x61, 0x63, 0x75, 
0x74, 0x65, 0x0A, 0x5A, 0x64, 0x6F, 0x74, 0x61, 0x63, 0x63, 0x65, 0x6E, 0x74, 0x06, 0x61, 0x62, 
0x72, 0x65, 0x76, 0x65, 0x07, 0x75, 0x6E, 0x69, 0x31, 0x45, 0x41, 0x46, 0x07, 0x75, 0x6E, 0x69, 
0x31, 0x45, 0x42, 0x37, 0x07, 0x75, 0x6E, 0x69, 0x31, 0x45, 0x42, 0x31, 0x07, 0x75, 0x6E, 0x69, 
0x31, 0x45, 0x42, 0x33, 0x07, 0x75, 0x6E, 0x69, 0x31, 0x45, 0x42, 0x35, 0x07, 0x75, 0x6E, 0x69, 
0x31, 0x45, 0x41, 0x35, 0x07, 0x75, 0x6E, 0x69, 0x31, 0x45, 0x41, 0x44, 0x07, 0x75, 0x6E, 0x69, 
0x31, 0x45, 0x41, 0x37, 0x07, 0x75, 0x6E, 0x69, 0x31, 0x45, 0x41, 0x39, 0x07, 0x75, 0x6E, 0x69, 
0x31, 0x45, 0x41, 0x42, 0x07, 0x75, 0x6E, 0x69, 0x30, 0x32, 0x30, 0x31, 0x07, 0x75, 0x6E, 0x69, 
0x31, 0x45, 0x41, 0x31, 0x07, 0x75, 0x6E, 0x69, 0x31, 0x45, 0x41, 0x33, 0x07, 0x75, 0x6E, 0x69, 
0x30, 0x32, 0x30, 0x33, 0x07, 0x61, 0x6D, 0x61, 0x63, 0x72, 0x6F, 0x6E, 0x07, 0x61, 0x6F, 0x67, 
0x6F, 0x6E, 0x65, 0x6B, 0x0A, 0x61, 0x72, 0x69, 0x6E, 0x67, 0x61, 0x63, 0x75, 0x74, 0x65, 0x07, 
0x61, 0x65, 0x61, 0x63, 0x75, 0x74, 0x65, 0x0B, 0x63, 0x63, 0x69, 0x72, 0x63, 0x75, 0x6D, 0x66, 
0x6C, 0x65, 0x78, 0x0A, 0x63, 0x64, 0x6F, 0x74, 0x61, 0x63, 0x63, 0x65, 0x6E, 0x74, 0x06, 0x64, 
0x63, 0x61, 0x72, 0x6F, 0x6E, 0x06, 0x65, 0x62, 0x72, 0x65, 0x76, 0x65, 0x06, 0x65, 0x63, 0x61, 
0x72, 0x6F, 0x6E, 0x07, 0x75, 0x6E, 0x69, 0x31, 0x45, 0x42, 0x46, 0x07, 0x75, 0x6E, 0x69, 0x31, 
0x45, 0x43, 0x37, 0x07, 0x75, 0x6E, 0x69, 0x31, 0x45, 0x43, 0x31, 0x07, 0x75, 0x6E, 0x69, 0x31, 
0x45, 0x43, 0x33, 0x07, 0x75, 0x6E, 0x69, 0x31, 0x45, 0x43, 0x35, 0x07, 0x75, 0x6E, 0x69, 0x30, 
0x32, 0x30, 0x35, 0x0A, 0x65, 0x64, 0x6F, 0x74, 0x61, 0x63, 0x63, 0x65, 0x6E, 0x74, 0x07, 0x75, 
0x6E, 0x69, 0x31, 0x45, 0x42, 0x39, 0x07, 0x75, 0x6E, 0x69, 0x31, 0x45, 0x42, 0x42, 0x07, 0x75, 
0x6E, 0x69, 0x30, 0x32, 0x30, 0x37, 0x07, 0x65, 0x6D, 0x61, 0x63, 0x72, 0x6F, 0x6E, 0x07, 0x65, 
0x6F, 0x67, 0x6F, 0x6E, 0x65, 0x6B, 0x07, 0x75, 0x6E, 0x69, 0x31, 0x45, 0x42, 0x44, 0x07, 0x75, 
0x6E, 0x69, 0x30, 0x32, 0x35, 0x39, 0x06, 0x67, 0x63, 0x61, 0x72, 0x6F, 0x6E, 0x0B, 0x67, 0x63, 
0x69, 0x72, 0x63, 0x75, 0x6D, 0x66, 0x6C, 0x65, 0x78, 0x0C, 0x67, 0x63, 0x6F, 0x6D, 0x6D, 0x61, 
0x61, 0x63, 0x63, 0x65, 0x6E, 0x74, 0x0A, 0x67, 0x64, 0x6F, 0x74, 0x61, 0x63, 0x63, 0x65, 0x6E, 
0x74, 0x04, 0x68, 0x62, 0x61, 0x72, 0x0B, 0x68, 0x63, 0x69, 0x72, 0x63, 0x75, 0x6D, 0x66, 0x6C, 
0x65, 0x78, 0x06, 0x69, 0x62, 0x72, 0x65, 0x76, 0x65, 0x07, 0x75, 0x6E, 0x69, 0x30, 0x32, 0x30, 
0x39, 0x09, 0x69, 0x2E, 0x6C, 0x6F, 0x63, 0x6C, 0x54, 0x52, 0x4B, 0x07, 0x75, 0x6E, 0x69, 0x31, 
0x45, 0x43, 0x42, 0x07, 0x75, 0x6E, 0x69, 0x31, 0x45, 0x43, 0x39, 0x07, 0x75, 0x6E, 0x69, 0x30, 
0x32, 0x30, 0x42, 0x02, 0x69, 0x6A, 0x07, 0x69, 0x6D, 0x61, 0x63, 0x72, 0x6F, 0x6E, 0x07, 0x69, 
0x6F, 0x67, 0x6F, 0x6E, 0x65, 0x6B, 0x06, 0x69, 0x74, 0x69, 0x6C, 0x64, 0x65, 0x07, 0x75, 0x6E, 
0x69, 0x30, 0x32, 0x33, 0x37, 0x0B, 0x6A, 0x63, 0x69, 0x72, 0x63, 0x75, 0x6D, 0x66, 0x6C, 0x65, 
0x78, 0x0C, 0x6B, 0x63, 0x6F, 0x6D, 0x6D, 0x61, 0x61, 0x63, 0x63, 0x65, 0x6E, 0x74, 0x0C, 0x6B, 
0x67, 0x72, 0x65, 0x65, 0x6E, 0x6C, 0x61, 0x6E, 0x64, 0x69, 0x63, 0x06, 0x6C, 0x61, 0x63, 0x75, 
0x74, 0x65, 0x06, 0x6C, 0x63, 0x61, 0x72, 0x6F, 0x6E, 0x0C, 0x6C, 0x63, 0x6F, 0x6D, 0x6D, 0x61, 
0x61, 0x63, 0x63, 0x65, 0x6E, 0x74, 0x04, 0x6C, 0x64, 0x6F, 0x74, 0x06, 0x6E, 0x61, 0x63, 0x75, 
0x74, 0x65, 0x06, 0x6E, 0x63, 0x61, 0x72, 0x6F, 0x6E, 0x0C, 0x6E, 0x63, 0x6F, 0x6D, 0x6D, 0x61, 
0x61, 0x63, 0x63, 0x65, 0x6E, 0x74, 0x03, 0x65, 0x6E, 0x67, 0x06, 0x6F, 0x62, 0x72, 0x65, 0x76, 
0x65, 0x07, 0x75, 0x6E, 0x69, 0x31, 0x45, 0x44, 0x31, 0x07, 0x75, 0x6E, 0x69, 0x31, 0x45, 0x44, 
0x39, 0x07, 0x75, 0x6E, 0x69, 0x31, 0x45, 0x44, 0x33, 0x07, 0x75, 0x6E, 0x69, 0x31, 0x45, 0x44, 
0x35, 0x07, 0x75, 0x6E, 0x69, 0x31, 0x45, 0x44, 0x37, 0x07, 0x75, 0x6E, 0x69, 0x30, 0x32, 0x30, 
0x44, 0x07, 0x75, 0x6E, 0x69, 0x30, 0x32, 0x32, 0x42, 0x07, 0x75, 0x6E, 0x69, 0x30, 0x32, 0x33, 
0x31, 0x07, 0x75, 0x6E, 0x69, 0x31, 0x45, 0x43, 0x44, 0x07, 0x75, 0x6E, 0x69, 0x31, 0x45, 0x43, 
0x46, 0x05, 0x6F, 0x68, 0x6F, 0x72, 0x6E, 0x07, 0x75, 0x6E, 0x69, 0x31, 0x45, 0x44, 0x42, 0x07, 
0x75, 0x6E, 0x69, 0x31, 0x45, 0x45, 0x33, 0x07, 0x75, 0x6E, 0x69, 0x31, 0x45, 0x44, 0x44, 0x07, 
0x75, 0x6E, 0x69, 0x31, 0x45, 0x44, 0x46, 0x07, 0x75, 0x6E, 0x69, 0x31, 0x45, 0x45, 0x31, 0x0D, 
0x6F, 0x68, 0x75, 0x6E, 0x67, 0x61, 0x72, 0x75, 0x6D, 0x6C, 0x61, 0x75, 0x74, 0x07, 0x75, 0x6E, 
0x69, 0x30, 0x32, 0x30, 0x46, 0x07, 0x6F, 0x6D, 0x61, 0x63, 0x72, 0x6F, 0x6E, 0x07, 0x75, 0x6E, 
0x69, 0x30, 0x31, 0x45, 0x42, 0x0B, 0x6F, 0x73, 0x6C, 0x61, 0x73, 0x68, 0x61, 0x63, 0x75, 0x74, 
0x65, 0x07, 0x75, 0x6E, 0x69, 0x30, 0x32, 0x32, 0x44, 0x06, 0x72, 0x61, 0x63, 0x75, 0x74, 0x65, 
0x06, 0x72, 0x63, 0x61, 0x72, 0x6F, 0x6E, 0x0C, 0x72, 0x63, 0x6F, 0x6D, 0x6D, 0x61, 0x61, 0x63, 
0x63, 0x65, 0x6E, 0x74, 0x07, 0x75, 0x6E, 0x69, 0x30, 0x32, 0x31, 0x31, 0x07, 0x75, 0x6E, 0x69, 
0x30, 0x32, 0x31, 0x33, 0x06, 0x73, 0x61, 0x63, 0x75, 0x74, 0x65, 0x0B, 0x73, 0x63, 0x69, 0x72, 
0x63, 0x75, 0x6D, 0x66, 0x6C, 0x65, 0x78, 0x0C, 0x73, 0x63, 0x6F, 0x6D, 0x6D, 0x61, 0x61, 0x63, 
0x63, 0x65, 0x6E, 0x74, 0x05, 0x6C, 0x6F, 0x6E, 0x67, 0x73, 0x04, 0x74, 0x62, 0x61, 0x72, 0x06, 
0x74, 0x63, 0x61, 0x72, 0x6F, 0x6E, 0x07, 0x75, 0x6E, 0x69, 0x30, 0x31, 0x36, 0x33, 0x07, 0x75, 
0x6E, 0x69, 0x30, 0x32, 0x31, 0x42, 0x06, 0x75, 0x62, 0x72, 0x65, 0x76, 0x65, 0x07, 0x75, 0x6E, 
0x69, 0x30, 0x32, 0x31, 0x35, 0x07, 0x75, 0x6E, 0x69, 0x31, 0x45, 0x45, 0x35, 0x07, 0x75, 0x6E, 
0x69, 0x31, 0x45, 0x45, 0x37, 0x05, 0x75, 0x68, 0x6F, 0x72, 0x6E, 0x07, 0x75, 0x6E, 0x69, 0x31, 
0x45, 0x45, 0x39, 0x07, 0x75, 0x6E, 0x69, 0x31, 0x45, 0x46, 0x31, 0x07, 0x75, 0x6E, 0x69, 0x31, 
0x45, 0x45, 0x42, 0x07, 0x75, 0x6E, 0x69, 0x31, 0x45, 0x45, 0x44, 0x07, 0x75, 0x6E, 0x69, 0x31, 
0x45, 0x45, 0x46, 0x0D, 0x75, 0x68, 0x75, 0x6E, 0x67, 0x61, 0x72, 0x75, 0x6D, 0x6C, 0x61, 0x75, 
0x74, 0x07, 0x75, 0x6E, 0x69, 0x30, 0x32, 0x31, 0x37, 0x07, 0x75, 0x6D, 0x61, 0x63, 0x72, 0x6F, 
0x6E, 0x07, 0x75, 0x6F, 0x67, 0x6F, 0x6E, 0x65, 0x6B, 0x05, 0x75, 0x72, 0x69, 0x6E, 0x67, 0x06, 
0x75, 0x74, 0x69, 0x6C, 0x64, 0x65, 0x06, 0x77, 0x61, 0x63, 0x75, 0x74, 0x65, 0x0B, 0x77, 0x63, 
0x69, 0x72, 0x63, 0x75, 0x6D, 0x66, 0x6C, 0x65, 0x78, 0x09, 0x77, 0x64, 0x69, 0x65, 0x72, 0x65, 
0x73, 0x69, 0x73, 0x06, 0x77, 0x67, 0x72, 0x61, 0x76, 0x65, 0x0B, 0x79, 0x63, 0x69, 0x72, 0x63, 
0x75, 0x6D, 0x66, 0x6C, 0x65, 0x78, 0x07, 0x75, 0x6E, 0x69, 0x31, 0x45, 0x46, 0x35, 0x06, 0x79, 
0x67, 0x72, 0x61, 0x76, 0x65, 0x07, 0x75, 0x6E, 0x69, 0x31, 0x45, 0x46, 0x37, 0x07, 0x75, 0x6E, 
0x69, 0x30, 0x32, 0x33, 0x33, 0x07, 0x75, 0x6E, 0x69, 0x31, 0x45, 0x46, 0x39, 0x06, 0x7A, 0x61, 
0x63, 0x75, 0x74, 0x65, 0x0A, 0x7A, 0x64, 0x6F, 0x74, 0x61, 0x63, 0x63, 0x65, 0x6E, 0x74, 0x03, 
0x66, 0x5F, 0x66, 0x05, 0x66, 0x5F, 0x66, 0x5F, 0x69, 0x05, 0x66, 0x5F, 0x66, 0x5F, 0x6C, 0x07, 
0x75, 0x6E, 0x69, 0x30, 0x34, 0x31, 0x30, 0x07, 0x75, 0x6E, 0x69, 0x30, 0x34, 0x31, 0x31, 0x07, 
0x75, 0x6E, 0x69, 0x30, 0x34, 0x31, 0x32, 0x07, 0x75, 0x6E, 0x69, 0x30, 0x34, 0x31, 0x33, 0x07, 
0x75, 0x6E, 0x69, 0x30, 0x34, 0x30, 0x33, 0x07, 0x75, 0x6E, 0x69, 0x30, 0x34, 0x39, 0x30, 0x07, 
0x75, 0x6E, 0x69, 0x30, 0x34, 0x31, 0x34, 0x07, 0x75, 0x6E, 0x69, 0x30, 0x34, 0x31, 0x35, 0x07, 
0x75, 0x6E, 0x69, 0x30, 0x34, 0x30, 0x30, 0x07, 0x75, 0x6E, 0x69, 0x30, 0x34, 0x30, 0x31, 0x07, 
0x75, 0x6E, 0x69, 0x30, 0x34, 0x31, 0x36, 0x07, 0x75, 0x6E, 0x69, 0x30, 0x34, 0x31, 0x37, 0x07, 
0x75, 0x6E, 0x69, 0x30, 0x34, 0x31, 0x38, 0x07, 0x75, 0x6E, 0x69, 0x30, 0x34, 0x31, 0x39, 0x07, 
0x75, 0x6E, 0x69, 0x30, 0x34, 0x30, 0x44, 0x07, 0x75, 0x6E, 0x69, 0x30, 0x34, 0x31, 0x41, 0x07, 
0x75, 0x6E, 0x69, 0x30, 0x34, 0x30, 0x43, 0x07, 0x75, 0x6E, 0x69, 0x30, 0x34, 0x31, 0x42, 0x07, 
0x75, 0x6E, 0x69, 0x30, 0x34, 0x31, 0x43, 0x07, 0x75, 0x6E, 0x69, 0x30, 0x34, 0x31, 0x44, 0x07, 
0x75, 0x6E, 0x69, 0x30, 0x34, 0x31, 0x45, 0x07, 0x75, 0x6E, 0x69, 0x30, 0x34, 0x31, 0x46, 0x07, 
0x75, 0x6E, 0x69, 0x30, 0x34, 0x32, 0x30, 0x07, 0x75, 0x6E, 0x69, 0x30, 0x34, 0x32, 0x31, 0x07, 
0x75, 0x6E, 0x69, 0x30, 0x34, 0x32, 0x32, 0x07, 0x75, 0x6E, 0x69, 0x30, 0x34, 0x32, 0x33, 0x07, 
0x75, 0x6E, 0x69, 0x30, 0x34, 0x30, 0x45, 0x07, 0x75, 0x6E, 0x69, 0x30, 0x34, 0x32, 0x34, 0x07, 
0x75, 0x6E, 0x69, 0x30, 0x34, 0x32, 0x35, 0x07, 0x75, 0x6E, 0x69, 0x30, 0x34, 0x32, 0x37, 0x07, 
0x75, 0x6E, 0x69, 0x30, 0x34, 0x32, 0x36, 0x07, 0x75, 0x6E, 0x69, 0x30, 0x34, 0x32, 0x38, 0x07, 
0x75, 0x6E, 0x69, 0x30, 0x34, 0x32, 0x39, 0x07, 0x75, 0x6E, 0x69, 0x30, 0x34, 0x30, 0x46, 0x07, 
0x75, 0x6E, 0x69, 0x30, 0x34, 0x32, 0x43, 0x07, 0x75, 0x6E, 0x69, 0x30, 0x34, 0x32, 0x41, 0x07, 
0x75, 0x6E, 0x69, 0x30, 0x34, 0x32, 0x42, 0x07, 0x75, 0x6E, 0x69, 0x30, 0x34, 0x30, 0x39, 0x07, 
0x75, 0x6E, 0x69, 0x30, 0x34, 0x30, 0x41, 0x07, 0x75, 0x6E, 0x69, 0x30, 0x34, 0x30, 0x35, 0x07, 
0x75, 0x6E, 0x69, 0x30, 0x34, 0x30, 0x34, 0x07, 0x75, 0x6E, 0x69, 0x30, 0x34, 0x32, 0x44, 0x07, 
0x75, 0x6E, 0x69, 0x30, 0x34, 0x30, 0x36, 0x07, 0x75, 0x6E, 0x69, 0x30, 0x34, 0x30, 0x37, 0x07, 
0x75, 0x6E, 0x69, 0x30, 0x34, 0x30, 0x38, 0x07, 0x75, 0x6E, 0x69, 0x30, 0x34, 0x30, 0x42, 0x07, 
0x75, 0x6E, 0x69, 0x30, 0x34, 0x32, 0x45, 0x07, 0x75, 0x6E, 0x69, 0x30, 0x34, 0x32, 0x46, 0x07, 
0x75, 0x6E, 0x69, 0x30, 0x34, 0x30, 0x32, 0x07, 0x75, 0x6E, 0x69, 0x30, 0x34, 0x36, 0x32, 0x07, 
0x75, 0x6E, 0x69, 0x30, 0x34, 0x36, 0x41, 0x07, 0x75, 0x6E, 0x69, 0x30, 0x34, 0x37, 0x32, 0x07, 
0x75, 0x6E, 0x69, 0x30, 0x34, 0x37, 0x34, 0x07, 0x75, 0x6E, 0x69, 0x30, 0x34, 0x39, 0x32, 0x07, 
0x75, 0x6E, 0x69, 0x30, 0x34, 0x39, 0x34, 0x07, 0x75, 0x6E, 0x69, 0x30, 0x34, 0x39, 0x36, 0x07, 
0x75, 0x6E, 0x69, 0x30, 0x34, 0x39, 0x38, 0x07, 0x75, 0x6E, 0x69, 0x30, 0x34, 0x39, 0x41, 0x07, 
0x75, 0x6E, 0x69, 0x30, 0x34, 0x39, 0x43, 0x07, 0x75, 0x6E, 0x69, 0x30, 0x34, 0x41, 0x30, 0x07, 
0x75, 0x6E, 0x69, 0x30, 0x34, 0x41, 0x32, 0x07, 0x75, 0x6E, 0x69, 0x30, 0x34, 0x41, 0x34, 0x07, 
0x75, 0x6E, 0x69, 0x30, 0x34, 0x41, 0x41, 0x07, 0x75, 0x6E, 0x69, 0x30, 0x34, 0x41, 0x45, 0x07, 
0x75, 0x6E, 0x69, 0x30, 0x34, 0x42, 0x30, 0x07, 0x75, 0x6E, 0x69, 0x30, 0x34, 0x42, 0x36, 0x07, 
0x75, 0x6E, 0x69, 0x30, 0x34, 0x42, 0x38, 0x07, 0x75, 0x6E, 0x69, 0x30, 0x34, 0x42, 0x41, 0x07, 
0x75, 0x6E, 0x69, 0x30, 0x34, 0x43, 0x30, 0x07, 0x75, 0x6E, 0x69, 0x30, 0x34, 0x43, 0x31, 0x07, 
0x75, 0x6E, 0x69, 0x30, 0x34, 0x43, 0x42, 0x07, 0x75, 0x6E, 0x69, 0x30, 0x34, 0x44, 0x30, 0x07, 
0x75, 0x6E, 0x69, 0x30, 0x34, 0x44, 0x32, 0x07, 0x75, 0x6E, 0x69, 0x30, 0x34, 0x44, 0x34, 0x07, 
0x75, 0x6E, 0x69, 0x30, 0x34, 0x44, 0x36, 0x07, 0x75, 0x6E, 0x69, 0x30, 0x34, 0x44, 0x38, 0x07, 
0x75, 0x6E, 0x69, 0x30, 0x34, 0x44, 0x43, 0x07, 0x75, 0x6E, 0x69, 0x30, 0x34, 0x44, 0x45, 0x07, 
0x75, 0x6E, 0x69, 0x30, 0x34, 0x45, 0x32, 0x07, 0x75, 0x6E, 0x69, 0x30, 0x34, 0x45, 0x34, 0x07, 
0x75, 0x6E, 0x69, 0x30, 0x34, 0x45, 0x36, 0x07, 0x75, 0x6E, 0x69, 0x30, 0x34, 0x45, 0x38, 0x07, 
0x75, 0x6E, 0x69, 0x30, 0x34, 0x45, 0x45, 0x07, 0x75, 0x6E, 0x69, 0x30, 0x34, 0x46, 0x30, 0x07, 
0x75, 0x6E, 0x69, 0x30, 0x34, 0x46, 0x32, 0x07, 0x75, 0x6E, 0x69, 0x30, 0x34, 0x46, 0x34, 0x07, 
0x75, 0x6E, 0x69, 0x30, 0x34, 0x46, 0x36, 0x07, 0x75, 0x6E, 0x69, 0x30, 0x34, 0x46, 0x38, 0x07, 
0x75, 0x6E, 0x69, 0x30, 0x35, 0x31, 0x41, 0x07, 0x75, 0x6E, 0x69, 0x30, 0x35, 0x31, 0x43, 0x07, 
0x75, 0x6E, 0x69, 0x30, 0x34, 0x33, 0x30, 0x07, 0x75, 0x6E, 0x69, 0x30, 0x34, 0x33, 0x31, 0x07, 
0x75, 0x6E, 0x69, 0x30, 0x34, 0x33, 0x32, 0x07, 0x75, 0x6E, 0x69, 0x30, 0x34, 0x33, 0x33, 0x07, 
0x75, 0x6E, 0x69, 0x30, 0x34, 0x35, 0x33, 0x07, 0x75, 0x6E, 0x69, 0x30, 0x34, 0x39, 0x31, 0x07, 
0x75, 0x6E, 0x69, 0x30, 0x34, 0x33, 0x34, 0x07, 0x75, 0x6E, 0x69, 0x30, 0x34, 0x33, 0x35, 0x07, 
0x75, 0x6E, 0x69, 0x30, 0x34, 0x35, 0x30, 0x07, 0x75, 0x6E, 0x69, 0x30, 0x34, 0x35, 0x31, 0x07, 
0x75, 0x6E, 0x69, 0x30, 0x34, 0x33, 0x36, 0x07, 0x75, 0x6E, 0x69, 0x30, 0x34, 0x33, 0x37, 0x07, 
0x75, 0x6E, 0x69, 0x30, 0x34, 0x33, 0x38, 0x07, 0x75, 0x6E, 0x69, 0x30, 0x34, 0x33, 0x39, 0x07, 
0x75, 0x6E, 0x69, 0x30, 0x34, 0x35, 0x44, 0x07, 0x75, 0x6E, 0x69, 0x30, 0x34, 0x33, 0x41, 0x07, 
0x75, 0x6E, 0x69, 0x30, 0x34, 0x35, 0x43, 0x07, 0x75, 0x6E, 0x69, 0x30, 0x34, 0x33, 0x42, 0x07, 
0x75, 0x6E, 0x69, 0x30, 0x34, 0x33, 0x43, 0x07, 0x75, 0x6E, 0x69, 0x30, 0x34, 0x33, 0x44, 0x07, 
0x75, 0x6E, 0x69, 0x30, 0x34, 0x33, 0x45, 0x07, 0x75, 0x6E, 0x69, 0x30, 0x34, 0x33, 0x46, 0x07, 
0x75, 0x6E, 0x69, 0x30, 0x34, 0x34, 0x30, 0x07, 0x75, 0x6E, 0x69, 0x30, 0x34, 0x34, 0x31, 0x07, 
0x75, 0x6E, 0x69, 0x30, 0x34, 0x34, 0x32, 0x07, 0x75, 0x6E, 0x69, 0x30, 0x34, 0x34, 0x33, 0x07, 
0x75, 0x6E, 0x69, 0x30, 0x34, 0x35, 0x45, 0x07, 0x75, 0x6E, 0x69, 0x30, 0x34, 0x34, 0x34, 0x07, 
0x75, 0x6E, 0x69, 0x30, 0x34, 0x34, 0x35, 0x07, 0x75, 0x6E, 0x69, 0x30, 0x34, 0x34, 0x37, 0x07, 
0x75, 0x6E, 0x69, 0x30, 0x34, 0x34, 0x36, 0x07, 0x75, 0x6E, 0x69, 0x30, 0x34, 0x34, 0x38, 0x07, 
0x75, 0x6E, 0x69, 0x30, 0x34, 0x34, 0x39, 0x07, 0x75, 0x6E, 0x69, 0x30, 0x34, 0x35, 0x46, 0x07, 
0x75, 0x6E, 0x69, 0x30, 0x34, 0x34, 0x43, 0x07, 0x75, 0x6E, 0x69, 0x30, 0x34, 0x34, 0x41, 0x07, 
0x75, 0x6E, 0x69, 0x30, 0x34, 0x34, 0x42, 0x07, 0x75, 0x6E, 0x69, 0x30, 0x34, 0x35, 0x39, 0x07, 
0x75, 0x6E, 0x69, 0x30, 0x34, 0x35, 0x41, 0x07, 0x75, 0x6E, 0x69, 0x30, 0x34, 0x35, 0x35, 0x07, 
0x75, 0x6E, 0x69, 0x30, 0x34, 0x35, 0x34, 0x07, 0x75, 0x6E, 0x69, 0x30, 0x34, 0x34, 0x44, 0x07, 
0x75, 0x6E, 0x69, 0x30, 0x34, 0x35, 0x36, 0x07, 0x75, 0x6E, 0x69, 0x30, 0x34, 0x35, 0x37, 0x07, 
0x75, 0x6E, 0x69, 0x30, 0x34, 0x35, 0x38, 0x07, 0x75, 0x6E, 0x69, 0x30, 0x34, 0x35, 0x42, 0x07, 
0x75, 0x6E, 0x69, 0x30, 0x34, 0x34, 0x45, 0x07, 0x75, 0x6E, 0x69, 0x30, 0x34, 0x34, 0x46, 0x07, 
0x75, 0x6E, 0x69, 0x30, 0x34, 0x35, 0x32, 0x07, 0x75, 0x6E, 0x69, 0x30, 0x34, 0x36, 0x33, 0x07, 
0x75, 0x6E, 0x69, 0x30, 0x34, 0x36, 0x42, 0x07, 0x75, 0x6E, 0x69, 0x30, 0x34, 0x37, 0x33, 0x07, 
0x75, 0x6E, 0x69, 0x30, 0x34, 0x37, 0x35, 0x07, 0x75, 0x6E, 0x69, 0x30, 0x34, 0x39, 0x33, 0x07, 
0x75, 0x6E, 0x69, 0x30, 0x34, 0x39, 0x35, 0x07, 0x75, 0x6E, 0x69, 0x30, 0x34, 0x39, 0x37, 0x07, 
0x75, 0x6E, 0x69, 0x30, 0x34, 0x39, 0x39, 0x07, 0x75, 0x6E, 0x69, 0x30, 0x34, 0x39, 0x42, 0x07, 
0x75, 0x6E, 0x69, 0x30, 0x34, 0x39, 0x44, 0x07, 0x75, 0x6E, 0x69, 0x30, 0x34, 0x41, 0x31, 0x07, 
0x75, 0x6E, 0x69, 0x30, 0x34, 0x41, 0x33, 0x07, 0x75, 0x6E, 0x69, 0x30, 0x34, 0x41, 0x35, 0x07, 
0x75, 0x6E, 0x69, 0x30, 0x34, 0x41, 0x42, 0x07, 0x75, 0x6E, 0x69, 0x30, 0x34, 0x41, 0x46, 0x07, 
0x75, 0x6E, 0x69, 0x30, 0x34, 0x42, 0x31, 0x07, 0x75, 0x6E, 0x69, 0x30, 0x34, 0x42, 0x37, 0x07, 
0x75, 0x6E, 0x69, 0x30, 0x34, 0x42, 0x39, 0x07, 0x75, 0x6E, 0x69, 0x30, 0x34, 0x42, 0x42, 0x07, 
0x75, 0x6E, 0x69, 0x30, 0x34, 0x43, 0x46, 0x07, 0x75, 0x6E, 0x69, 0x30, 0x34, 0x43, 0x32, 0x07, 
0x75, 0x6E, 0x69, 0x30, 0x34, 0x43, 0x43, 0x07, 0x75, 0x6E, 0x69, 0x30, 0x34, 0x44, 0x31, 0x07, 
0x75, 0x6E, 0x69, 0x30, 0x34, 0x44, 0x33, 0x07, 0x75, 0x6E, 0x69, 0x30, 0x34, 0x44, 0x35, 0x07, 
0x75, 0x6E, 0x69, 0x30, 0x34, 0x44, 0x37, 0x07, 0x75, 0x6E, 0x69, 0x30, 0x34, 0x44, 0x39, 0x07, 
0x75, 0x6E, 0x69, 0x30, 0x34, 0x44, 0x44, 0x07, 0x75, 0x6E, 0x69, 0x30, 0x34, 0x44, 0x46, 0x07, 
0x75, 0x6E, 0x69, 0x30, 0x34, 0x45, 0x33, 0x07, 0x75, 0x6E, 0x69, 0x30, 0x34, 0x45, 0x35, 0x07, 
0x75, 0x6E, 0x69, 0x30, 0x34, 0x45, 0x37, 0x07, 0x75, 0x6E, 0x69, 0x30, 0x34, 0x45, 0x39, 0x07, 
0x75, 0x6E, 0x69, 0x30, 0x34, 0x45, 0x46, 0x07, 0x75, 0x6E, 0x69, 0x30, 0x34, 0x46, 0x31, 0x07, 
0x75, 0x6E, 0x69, 0x30, 0x34, 0x46, 0x33, 0x07, 0x75, 0x6E, 0x69, 0x30, 0x34, 0x46, 0x35, 0x07, 
0x75, 0x6E, 0x69, 0x30, 0x34, 0x46, 0x37, 0x07, 0x75, 0x6E, 0x69, 0x30, 0x34, 0x46, 0x39, 0x07, 
0x75, 0x6E, 0x69, 0x30, 0x35, 0x31, 0x42, 0x07, 0x75, 0x6E, 0x69, 0x30, 0x35, 0x31, 0x44, 0x0C, 
0x75, 0x6E, 0x69, 0x30, 0x34, 0x33, 0x33, 0x2E, 0x73, 0x73, 0x30, 0x31, 0x05, 0x41, 0x6C, 0x70, 
0x68, 0x61, 0x04, 0x42, 0x65, 0x74, 0x61, 0x05, 0x47, 0x61, 0x6D, 0x6D, 0x61, 0x07, 0x75, 0x6E, 
0x69, 0x30, 0x33, 0x39, 0x34, 0x07, 0x45, 0x70, 0x73, 0x69, 0x6C, 0x6F, 0x6E, 0x04, 0x5A, 0x65, 
0x74, 0x61, 0x03, 0x45, 0x74, 0x61, 0x05, 0x54, 0x68, 0x65, 0x74, 0x61, 0x04, 0x49, 0x6F, 0x74, 
0x61, 0x05, 0x4B, 0x61, 0x70, 0x70, 0x61, 0x06, 0x4C, 0x61, 0x6D, 0x62, 0x64, 0x61, 0x02, 0x4D, 
0x75, 0x02, 0x4E, 0x75, 0x02, 0x58, 0x69, 0x07, 0x4F, 0x6D, 0x69, 0x63, 0x72, 0x6F, 0x6E, 0x02, 
0x50, 0x69, 0x03, 0x52, 0x68, 0x6F, 0x05, 0x53, 0x69, 0x67, 0x6D, 0x61, 0x03, 0x54, 0x61, 0x75, 
0x07, 0x55, 0x70, 0x73, 0x69, 0x6C, 0x6F, 0x6E, 0x03, 0x50, 0x68, 0x69, 0x03, 0x43, 0x68, 0x69, 
0x03, 0x50, 0x73, 0x69, 0x07, 0x75, 0x6E, 0x69, 0x30, 0x33, 0x41, 0x39, 0x0A, 0x41, 0x6C, 0x70, 
0x68, 0x61, 0x74, 0x6F, 0x6E, 0x6F, 0x73, 0x0C, 0x45, 0x70, 0x73, 0x69, 0x6C, 0x6F, 0x6E, 0x74, 
0x6F, 0x6E, 0x6F, 0x73, 0x08, 0x45, 0x74, 0x61, 0x74, 0x6F, 0x6E, 0x6F, 0x73, 0x09, 0x49, 0x6F, 
0x74, 0x61, 0x74, 0x6F, 0x6E, 0x6F, 0x73, 0x0C, 0x4F, 0x6D, 0x69, 0x63, 0x72, 0x6F, 0x6E, 0x74, 
0x6F, 0x6E, 0x6F, 0x73, 0x0C, 0x55, 0x70, 0x73, 0x69, 0x6C, 0x6F, 0x6E, 0x74, 0x6F, 0x6E, 0x6F, 
0x73, 0x0A, 0x4F, 0x6D, 0x65, 0x67, 0x61, 0x74, 0x6F, 0x6E, 0x6F, 0x73, 0x0C, 0x49, 0x6F, 0x74, 
0x61, 0x64, 0x69, 0x65, 0x72, 0x65, 0x73, 0x69, 0x73, 0x0F, 0x55, 0x70, 0x73, 0x69, 0x6C, 0x6F, 
0x6E, 0x64, 0x69, 0x65, 0x72, 0x65, 0x73, 0x69, 0x73, 0x05, 0x61, 0x6C, 0x70, 0x68, 0x61, 0x04, 
0x62, 0x65, 0x74, 0x61, 0x05, 0x67, 0x61, 0x6D, 0x6D, 0x61, 0x05, 0x64, 0x65, 0x6C, 0x74, 0x61, 
0x07, 0x65, 0x70, 0x73, 0x69, 0x6C, 0x6F, 0x6E, 0x04, 0x7A, 0x65, 0x74, 0x61, 0x03, 0x65, 0x74, 
0x61, 0x05, 0x74, 0x68, 0x65, 0x74, 0x61, 0x04, 0x69, 0x6F, 0x74, 0x61, 0x05, 0x6B, 0x61, 0x70, 
0x70, 0x61, 0x06, 0x6C, 0x61, 0x6D, 0x62, 0x64, 0x61, 0x07, 0x75, 0x6E, 0x69, 0x30, 0x33, 0x42, 
0x43, 0x02, 0x6E, 0x75, 0x02, 0x78, 0x69, 0x07, 0x6F, 0x6D, 0x69, 0x63, 0x72, 0x6F, 0x6E, 0x03, 
0x72, 0x68, 0x6F, 0x07, 0x75, 0x6E, 0x69, 0x30, 0x33, 0x43, 0x32, 0x05, 0x73, 0x69, 0x67, 0x6D, 
0x61, 0x03, 0x74, 0x61, 0x75, 0x07, 0x75, 0x70, 0x73, 0x69, 0x6C, 0x6F, 0x6E, 0x03, 0x70, 0x68, 
0x69, 0x03, 0x63, 0x68, 0x69, 0x03, 0x70, 0x73, 0x69, 0x05, 0x6F, 0x6D, 0x65, 0x67, 0x61, 0x09, 
0x69, 0x6F, 0x74, 0x61, 0x74, 0x6F, 0x6E, 0x6F, 0x73, 0x0C, 0x69, 0x6F, 0x74, 0x61, 0x64, 0x69, 
0x65, 0x72, 0x65, 0x73, 0x69, 0x73, 0x11, 0x69, 0x6F, 0x74, 0x61, 0x64, 0x69, 0x65, 0x72, 0x65, 
0x73, 0x69, 0x73, 0x74, 0x6F, 0x6E, 0x6F, 0x73, 0x0C, 0x75, 0x70, 0x73, 0x69, 0x6C, 0x6F, 0x6E, 
0x74, 0x6F, 0x6E, 0x6F, 0x73, 0x0F, 0x75, 0x70, 0x73, 0x69, 0x6C, 0x6F, 0x6E, 0x64, 0x69, 0x65, 
0x72, 0x65, 0x73, 0x69, 0x73, 0x14, 0x75, 0x70, 0x73, 0x69, 0x6C, 0x6F, 0x6E, 0x64, 0x69, 0x65, 
0x72, 0x65, 0x73, 0x69, 0x73, 0x74, 0x6F, 0x6E, 0x6F, 0x73, 0x0C, 0x6F, 0x6D, 0x69, 0x63, 0x72, 
0x6F, 0x6E, 0x74, 0x6F, 0x6E, 0x6F, 0x73, 0x0A, 0x6F, 0x6D, 0x65, 0x67, 0x61, 0x74, 0x6F, 0x6E, 
0x6F, 0x73, 0x0A, 0x61, 0x6C, 0x70, 0x68, 0x61, 0x74, 0x6F, 0x6E, 0x6F, 0x73, 0x0C, 0x65, 0x70, 
0x73, 0x69, 0x6C, 0x6F, 0x6E, 0x74, 0x6F, 0x6E, 0x6F, 0x73, 0x08, 0x65, 0x74, 0x61, 0x74, 0x6F, 
0x6E, 0x6F, 0x73, 0x0A, 0x65, 0x69, 0x67, 0x68, 0x74, 0x2E, 0x64, 0x6E, 0x6F, 0x6D, 0x09, 0x66, 
0x69, 0x76, 0x65, 0x2E, 0x6E, 0x75, 0x6D, 0x72, 0x0A, 0x73, 0x65, 0x76, 0x65, 0x6E, 0x2E, 0x6E, 
0x75, 0x6D, 0x72, 0x07, 0x75, 0x6E, 0x69, 0x30, 0x30, 0x42, 0x39, 0x07, 0x75, 0x6E, 0x69, 0x30, 
0x30, 0x42, 0x32, 0x07, 0x75, 0x6E, 0x69, 0x30, 0x30, 0x42, 0x33, 0x07, 0x75, 0x6E, 0x69, 0x32, 
0x30, 0x37, 0x34, 0x09, 0x6F, 0x6E, 0x65, 0x65, 0x69, 0x67, 0x68, 0x74, 0x68, 0x0C, 0x74, 0x68, 
0x72, 0x65, 0x65, 0x65, 0x69, 0x67, 0x68, 0x74, 0x68, 0x73, 0x0B, 0x66, 0x69, 0x76, 0x65, 0x65, 
0x69, 0x67, 0x68, 0x74, 0x68, 0x73, 0x0C, 0x73, 0x65, 0x76, 0x65, 0x6E, 0x65, 0x69, 0x67, 0x68, 
0x74, 0x68, 0x73, 0x09, 0x65, 0x78, 0x63, 0x6C, 0x61, 0x6D, 0x64, 0x62, 0x6C, 0x07, 0x75, 0x6E, 
0x69, 0x32, 0x30, 0x33, 0x45, 0x0D, 0x75, 0x6E, 0x64, 0x65, 0x72, 0x73, 0x63, 0x6F, 0x72, 0x65, 
0x64, 0x62, 0x6C, 0x16, 0x70, 0x65, 0x72, 0x69, 0x6F, 0x64, 0x63, 0x65, 0x6E, 0x74, 0x65, 0x72, 
0x65, 0x64, 0x2E, 0x6C, 0x6F, 0x63, 0x6C, 0x43, 0x41, 0x54, 0x07, 0x75, 0x6E, 0x69, 0x32, 0x30, 
0x31, 0x35, 0x07, 0x75, 0x6E, 0x69, 0x30, 0x30, 0x41, 0x44, 0x0D, 0x71, 0x75, 0x6F, 0x74, 0x65, 
0x72, 0x65, 0x76, 0x65, 0x72, 0x73, 0x65, 0x64, 0x09, 0x61, 0x6E, 0x6F, 0x74, 0x65, 0x6C, 0x65, 
0x69, 0x61, 0x07, 0x75, 0x6E, 0x69, 0x30, 0x30, 0x41, 0x30, 0x07, 0x75, 0x6E, 0x69, 0x32, 0x30, 
0x42, 0x35, 0x0D, 0x63, 0x6F, 0x6C, 0x6F, 0x6E, 0x6D, 0x6F, 0x6E, 0x65, 0x74, 0x61, 0x72, 0x79, 
0x04, 0x64, 0x6F, 0x6E, 0x67, 0x04, 0x45, 0x75, 0x72, 0x6F, 0x07, 0x75, 0x6E, 0x69, 0x32, 0x30, 
0x42, 0x32, 0x07, 0x75, 0x6E, 0x69, 0x32, 0x30, 0x42, 0x34, 0x07, 0x75, 0x6E, 0x69, 0x32, 0x30, 
0x41, 0x44, 0x04, 0x6C, 0x69, 0x72, 0x61, 0x07, 0x75, 0x6E, 0x69, 0x32, 0x30, 0x42, 0x41, 0x07, 
0x75, 0x6E, 0x69, 0x32, 0x30, 0x42, 0x43, 0x07, 0x75, 0x6E, 0x69, 0x32, 0x30, 0x41, 0x36, 0x06, 
0x70, 0x65, 0x73, 0x65, 0x74, 0x61, 0x07, 0x75, 0x6E, 0x69, 0x32, 0x30, 0x42, 0x31, 0x07, 0x75, 
0x6E, 0x69, 0x32, 0x30, 0x42, 0x44, 0x07, 0x75, 0x6E, 0x69, 0x32, 0x30, 0x42, 0x39, 0x07, 0x75, 
0x6E, 0x69, 0x32, 0x30, 0x42, 0x38, 0x07, 0x75, 0x6E, 0x69, 0x32, 0x30, 0x41, 0x45, 0x07, 0x75, 
0x6E, 0x69, 0x32, 0x30, 0x41, 0x39, 0x0C, 0x75, 0x6E, 0x69, 0x32, 0x30, 0x42, 0x34, 0x2E, 0x62, 
0x6F, 0x6C, 0x64, 0x07, 0x75, 0x6E, 0x69, 0x32, 0x32, 0x31, 0x39, 0x07, 0x75, 0x6E, 0x69, 0x32, 
0x32, 0x31, 0x35, 0x0B, 0x65, 0x71, 0x75, 0x69, 0x76, 0x61, 0x6C, 0x65, 0x6E, 0x63, 0x65, 0x0C, 
0x69, 0x6E, 0x74, 0x65, 0x72, 0x73, 0x65, 0x63, 0x74, 0x69, 0x6F, 0x6E, 0x07, 0x75, 0x6E, 0x69, 
0x32, 0x31, 0x32, 0x36, 0x07, 0x75, 0x6E, 0x69, 0x32, 0x32, 0x30, 0x36, 0x07, 0x75, 0x6E, 0x69, 
0x30, 0x30, 0x42, 0x35, 0x0A, 0x6F, 0x72, 0x74, 0x68, 0x6F, 0x67, 0x6F, 0x6E, 0x61, 0x6C, 0x07, 
0x61, 0x72, 0x72, 0x6F, 0x77, 0x75, 0x70, 0x0A, 0x61, 0x72, 0x72, 0x6F, 0x77, 0x72, 0x69, 0x67, 
0x68, 0x74, 0x09, 0x61, 0x72, 0x72, 0x6F, 0x77, 0x64, 0x6F, 0x77, 0x6E, 0x09, 0x61, 0x72, 0x72, 
0x6F, 0x77, 0x6C, 0x65, 0x66, 0x74, 0x09, 0x61, 0x72, 0x72, 0x6F, 0x77, 0x62, 0x6F, 0x74, 0x68, 
0x09, 0x61, 0x72, 0x72, 0x6F, 0x77, 0x75, 0x70, 0x64, 0x6E, 0x0C, 0x61, 0x72, 0x72, 0x6F, 0x77, 
0x75, 0x70, 0x64, 0x6E, 0x62, 0x73, 0x65, 0x07, 0x75, 0x6E, 0x69, 0x32, 0x31, 0x30, 0x35, 0x07, 
0x75, 0x6E, 0x69, 0x32, 0x31, 0x31, 0x33, 0x07, 0x75, 0x6E, 0x69, 0x32, 0x31, 0x31, 0x36, 0x09, 
0x65, 0x73, 0x74, 0x69, 0x6D, 0x61, 0x74, 0x65, 0x64, 0x06, 0x6D, 0x69, 0x6E, 0x75, 0x74, 0x65, 
0x06, 0x73, 0x65, 0x63, 0x6F, 0x6E, 0x64, 0x07, 0x75, 0x6E, 0x69, 0x30, 0x33, 0x30, 0x38, 0x07, 
0x75, 0x6E, 0x69, 0x30, 0x33, 0x30, 0x37, 0x09, 0x67, 0x72, 0x61, 0x76, 0x65, 0x63, 0x6F, 0x6D, 
0x62, 0x09, 0x61, 0x63, 0x75, 0x74, 0x65, 0x63, 0x6F, 0x6D, 0x62, 0x07, 0x75, 0x6E, 0x69, 0x30, 
0x33, 0x30, 0x42, 0x0D, 0x63, 0x61, 0x72, 0x6F, 0x6E, 0x63, 0x6F, 0x6D, 0x62, 0x2E, 0x61, 0x6C, 
0x74, 0x07, 0x75, 0x6E, 0x69, 0x30, 0x33, 0x30, 0x32, 0x07, 0x75, 0x6E, 0x69, 0x30, 0x33, 0x30, 
0x43, 0x07, 0x75, 0x6E, 0x69, 0x30, 0x33, 0x30, 0x36, 0x07, 0x75, 0x6E, 0x69, 0x30, 0x33, 0x30, 
0x41, 0x09, 0x74, 0x69, 0x6C, 0x64, 0x65, 0x63, 0x6F, 0x6D, 0x62, 0x07, 0x75, 0x6E, 0x69, 0x30, 
0x33, 0x30, 0x34, 0x0D, 0x68, 0x6F, 0x6F, 0x6B, 0x61, 0x62, 0x6F, 0x76, 0x65, 0x63, 0x6F, 0x6D, 
0x62, 0x07, 0x75, 0x6E, 0x69, 0x30, 0x33, 0x30, 0x46, 0x07, 0x75, 0x6E, 0x69, 0x30, 0x33, 0x31, 
0x31, 0x07, 0x75, 0x6E, 0x69, 0x30, 0x33, 0x31, 0x32, 0x07, 0x75, 0x6E, 0x69, 0x30, 0x33, 0x31, 
0x42, 0x0C, 0x64, 0x6F, 0x74, 0x62, 0x65, 0x6C, 0x6F, 0x77, 0x63, 0x6F, 0x6D, 0x62, 0x07, 0x75, 
0x6E, 0x69, 0x30, 0x33, 0x32, 0x34, 0x07, 0x75, 0x6E, 0x69, 0x30, 0x33, 0x32, 0x36, 0x07, 0x75, 
0x6E, 0x69, 0x30, 0x33, 0x32, 0x37, 0x07, 0x75, 0x6E, 0x69, 0x30, 0x33, 0x32, 0x38, 0x07, 0x75, 
0x6E, 0x69, 0x30, 0x33, 0x32, 0x45, 0x07, 0x75, 0x6E, 0x69, 0x30, 0x33, 0x33, 0x31, 0x07, 0x75, 
0x6E, 0x69, 0x30, 0x33, 0x33, 0x35, 0x07, 0x75, 0x6E, 0x69, 0x30, 0x33, 0x33, 0x36, 0x0B, 0x74, 
0x69, 0x6C, 0x64, 0x65, 0x63, 0x6F, 0x6D, 0x62, 0x2E, 0x69, 0x07, 0x75, 0x6E, 0x69, 0x30, 0x32, 
0x42, 0x43, 0x07, 0x75, 0x6E, 0x69, 0x30, 0x32, 0x43, 0x39, 0x05, 0x74, 0x6F, 0x6E, 0x6F, 0x73, 
0x0D, 0x64, 0x69, 0x65, 0x72, 0x65, 0x73, 0x69, 0x73, 0x74, 0x6F, 0x6E, 0x6F, 0x73, 0x0B, 0x62, 
0x72, 0x65, 0x76, 0x65, 0x63, 0x6F, 0x6D, 0x62, 0x63, 0x79, 0x0B, 0x75, 0x6E, 0x69, 0x30, 0x33, 
0x30, 0x36, 0x30, 0x33, 0x30, 0x31, 0x0B, 0x75, 0x6E, 0x69, 0x30, 0x33, 0x30, 0x36, 0x30, 0x33, 
0x30, 0x30, 0x0B, 0x75, 0x6E, 0x69, 0x30, 0x33, 0x30, 0x36, 0x30, 0x33, 0x30, 0x39, 0x0B, 0x75, 
0x6E, 0x69, 0x30, 0x33, 0x30, 0x36, 0x30, 0x33, 0x30, 0x33, 0x0B, 0x75, 0x6E, 0x69, 0x30, 0x33, 
0x30, 0x32, 0x30, 0x33, 0x30, 0x31, 0x0B, 0x75, 0x6E, 0x69, 0x30, 0x33, 0x30, 0x32, 0x30, 0x33, 
0x30, 0x30, 0x0B, 0x75, 0x6E, 0x69, 0x30, 0x33, 0x30, 0x32, 0x30, 0x33, 0x30, 0x39, 0x0B, 0x75, 
0x6E, 0x69, 0x30, 0x33, 0x30, 0x32, 0x30, 0x33, 0x30, 0x33, 0x00, 0x00, 0x00, 0x01, 0x00, 0x01, 
0xFF, 0xFF, 0x00, 0x0F, 0x00, 0x00, 0x00, 0x00, 0x00, 0x00, 0x00, 0x00, 0x00, 0x00, 0x00, 0x00, 
0x00, 0x00, 0x00, 0x00, 0x00, 0x00, 0x00, 0x00, 0x00, 0x00, 0x00, 0x00, 0x00, 0x00, 0x00, 0x00, 
0x00, 0x00, 0x00, 0x00, 0x00, 0x00, 0x00, 0x00, 0x00, 0x00, 0x00, 0x3C, 0x00, 0x3C, 0x00, 0x38, 
0x00, 0x38, 0x03, 0x0D, 0x00, 0x00, 0x02, 0x28, 0xFF, 0xFB, 0xFF, 0x16, 0x05, 0x05, 0xFE, 0xEC, 
0x03, 0x17, 0xFF, 0xF6, 0x02, 0x28, 0xFF, 0xFB, 0xFF, 0x16, 0x05, 0x05, 0xFE, 0xEC, 0x00, 0x3C, 
0x00, 0x3C, 0x00, 0x38, 0x00, 0x38, 0x03, 0x0D, 0x00, 0x00, 0x03, 0x0E, 0x02, 0x23, 0x00, 0x00, 
0xFF, 0x16, 0x05, 0x05, 0xFE, 0xEC, 0x03, 0x17, 0xFF, 0xF6, 0x03, 0x16, 0x02, 0x23, 0x00, 0x00, 
0xFF, 0x16, 0x05, 0x05, 0xFE, 0xEC, 0x00, 0x3C, 0x00, 0x3C, 0x00, 0x38, 0x00, 0x38, 0x03, 0x0D, 
0x00, 0x00, 0x03, 0x0D, 0x02, 0x23, 0x00, 0x00, 0xFF, 0x16, 0x05, 0x05, 0xFE, 0xEC, 0x03, 0x17, 
0xFF, 0xF6, 0x03, 0x0D, 0x02, 0x29, 0xFF, 0xFB, 0xFF, 0x16, 0x05, 0x05, 0xFE, 0xEC, 0x00, 0x3C, 
0x00, 0x3C, 0x00, 0x38, 0x00, 0x38, 0x03, 0x0E, 0x00, 0x00, 0x03, 0x0D, 0x02, 0x23, 0x00, 0x00, 
0xFF, 0x16, 0x05, 0x05, 0xFE, 0xEC, 0x03, 0x15, 0x00, 0x00, 0x03, 0x0D, 0x02, 0x29, 0xFF, 0xFB, 
0xFF, 0x16, 0x05, 0x05, 0xFE, 0xEC, 0x00, 0x00, 0xB0, 0x00, 0x2C, 0x20, 0xB0, 0x00, 0x55, 0x58, 
0x45, 0x59, 0x20, 0x20, 0x4B, 0xB8, 0x00, 0x0E, 0x51, 0x4B, 0xB0, 0x06, 0x53, 0x5A, 0x58, 0xB0, 
0x34, 0x1B, 0xB0, 0x28, 0x59, 0x60, 0x66, 0x20, 0x8A, 0x55, 0x58, 0xB0, 0x02, 0x25, 0x61, 0xB9, 
0x08, 0x00, 0x08, 0x00, 0x63, 0x63, 0x23, 0x62, 0x1B, 0x21, 0x21, 0xB0, 0x00, 0x59, 0xB0, 0x00, 
0x43, 0x23, 0x44, 0xB2, 0x00, 0x01, 0x00, 0x43, 0x60, 0x42, 0x2D, 0xB0, 0x01, 0x2C, 0xB0, 0x20, 
0x60, 0x66, 0x2D, 0xB0, 0x02, 0x2C, 0x20, 0x64, 0x20, 0xB0, 0xC0, 0x50, 0xB0, 0x04, 0x26, 0x5A, 
0xB2, 0x28, 0x01, 0x0A, 0x43, 0x45, 0x63, 0x45, 0xB0, 0x06, 0x45, 0x58, 0x21, 0xB0, 0x03, 0x25, 
0x59, 0x52, 0x5B, 0x58, 0x21, 0x23, 0x21, 0x1B, 0x8A, 0x58, 0x20, 0xB0, 0x50, 0x50, 0x58, 0x21, 
0xB0, 0x40, 0x59, 0x1B, 0x20, 0xB0, 0x38, 0x50, 0x58, 0x21, 0xB0, 0x38, 0x59, 0x59, 0x20, 0xB1, 
0x01, 0x0A, 0x43, 0x45, 0x63, 0x45, 0x61, 0x64, 0xB0, 0x28, 0x50, 0x58, 0x21, 0xB1, 0x01, 0x0A, 
0x43, 0x45, 0x63, 0x45, 0x20, 0xB0, 0x30, 0x50, 0x58, 0x21, 0xB0, 0x30, 0x59, 0x1B, 0x20, 0xB0, 
0xC0, 0x50, 0x58, 0x20, 0x66, 0x20, 0x8A, 0x8A, 0x61, 0x20, 0xB0, 0x0A, 0x50, 0x58, 0x60, 0x1B, 
0x20, 0xB0, 0x20, 0x50, 0x58, 0x21, 0xB0, 0x0A, 0x60, 0x1B, 0x20, 0xB0, 0x36, 0x50, 0x58, 0x21, 
0xB0, 0x36, 0x60, 0x1B, 0x60, 0x59, 0x59, 0x59, 0x1B, 0xB0, 0x01, 0x2B, 0x59, 0x59, 0x23, 0xB0, 
0x00, 0x50, 0x58, 0x65, 0x59, 0x59, 0x2D, 0xB0, 0x03, 0x2C, 0x20, 0x45, 0x20, 0xB0, 0x04, 0x25, 
0x61, 0x64, 0x20, 0xB0, 0x05, 0x43, 0x50, 0x58, 0xB0, 0x05, 0x23, 0x42, 0xB0, 0x06, 0x23, 0x42, 
0x1B, 0x21, 0x21, 0x59, 0xB0, 0x01, 0x60, 0x2D, 0xB0, 0x04, 0x2C, 0x23, 0x21, 0x23, 0x21, 0x20, 
0x64, 0xB1, 0x05, 0x62, 0x42, 0x20, 0xB0, 0x06, 0x23, 0x42, 0xB0, 0x06, 0x45, 0x58, 0x1B, 0xB1, 
0x01, 0x0A, 0x43, 0x45, 0x63, 0xB1, 0x01, 0x0A, 0x43, 0xB0, 0x04, 0x60, 0x45, 0x63, 0xB0, 0x03, 
0x2A, 0x21, 0x20, 0xB0, 0x06, 0x43, 0x20, 0x8A, 0x20, 0x8A, 0xB0, 0x01, 0x2B, 0xB1, 0x30, 0x05, 
0x25, 0xB0, 0x04, 0x26, 0x51, 0x58, 0x60, 0x50, 0x1B, 0x61, 0x52, 0x59, 0x58, 0x23, 0x59, 0x21, 
0x59, 0x20, 0xB0, 0x40, 0x53, 0x58, 0xB0, 0x01, 0x2B, 0x1B, 0x21, 0xB0, 0x40, 0x59, 0x23, 0xB0, 
0x00, 0x50, 0x58, 0x65, 0x59, 0x2D, 0xB0, 0x05, 0x2C, 0xB0, 0x07, 0x43, 0x2B, 0xB2, 0x00, 0x02, 
0x00, 0x43, 0x60, 0x42, 0x2D, 0xB0, 0x06, 0x2C, 0xB0, 0x07, 0x23, 0x42, 0x23, 0x20, 0xB0, 0x00, 
0x23, 0x42, 0x61, 0xB0, 0x02, 0x62, 0x66, 0xB0, 0x01, 0x63, 0xB0, 0x01, 0x60, 0xB0, 0x05, 0x2A, 
0x2D, 0xB0, 0x07, 0x2C, 0x20, 0x20, 0x45, 0x20, 0xB0, 0x0B, 0x43, 0x63, 0xB8, 0x04, 0x00, 0x62, 
0x20, 0xB0, 0x00, 0x50, 0x58, 0xB0, 0x40, 0x60, 0x59, 0x66, 0xB0, 0x01, 0x63, 0x60, 0x44, 0xB0, 
0x01, 0x60, 0x2D, 0xB0, 0x08, 0x2C, 0xB2, 0x07, 0x0B, 0x00, 0x43, 0x45, 0x42, 0x2A, 0x21, 0xB2, 
0x00, 0x01, 0x00, 0x43, 0x60, 0x42, 0x2D, 0xB0, 0x09, 0x2C, 0xB0, 0x00, 0x43, 0x23, 0x44, 0xB2, 
0x00, 0x01, 0x00, 0x43, 0x60, 0x42, 0x2D, 0xB0, 0x0A, 0x2C, 0x20, 0x20, 0x45, 0x20, 0xB0, 0x01, 
0x2B, 0x23, 0xB0, 0x00, 0x43, 0xB0, 0x04, 0x25, 0x60, 0x20, 0x45, 0x8A, 0x23, 0x61, 0x20, 0x64, 
0x20, 0xB0, 0x20, 0x50, 0x58, 0x21, 0xB0, 0x00, 0x1B, 0xB0, 0x30, 0x50, 0x58, 0xB0, 0x20, 0x1B, 
0xB0, 0x40, 0x59, 0x59, 0x23, 0xB0, 0x00, 0x50, 0x58, 0x65, 0x59, 0xB0, 0x03, 0x25, 0x23, 0x61, 
0x44, 0x44, 0xB0, 0x01, 0x60, 0x2D, 0xB0, 0x0B, 0x2C, 0x20, 0x20, 0x45, 0x20, 0xB0, 0x01, 0x2B, 
0x23, 0xB0, 0x00, 0x43, 0xB0, 0x04, 0x25, 0x60, 0x20, 0x45, 0x8A, 0x23, 0x61, 0x20, 0x64, 0xB0, 
0x24, 0x50, 0x58, 0xB0, 0x00, 0x1B, 0xB0, 0x40, 0x59, 0x23, 0xB0, 0x00, 0x50, 0x58, 0x65, 0x59, 
0xB0, 0x03, 0x25, 0x23, 0x61, 0x44, 0x44, 0xB0, 0x01, 0x60, 0x2D, 0xB0, 0x0C, 0x2C, 0x20, 0xB0, 
0x00, 0x23, 0x42, 0xB2, 0x0B, 0x0A, 0x03, 0x45, 0x58, 0x21, 0x1B, 0x23, 0x21, 0x59, 0x2A, 0x21, 
0x2D, 0xB0, 0x0D, 0x2C, 0xB1, 0x02, 0x02, 0x45, 0xB0, 0x64, 0x61, 0x44, 0x2D, 0xB0, 0x0E, 0x2C, 
0xB0, 0x01, 0x60, 0x20, 0x20, 0xB0, 0x0C, 0x43, 0x4A, 0xB0, 0x00, 0x50, 0x58, 0x20, 0xB0, 0x0C, 
0x23, 0x42, 0x59, 0xB0, 0x0D, 0x43, 0x4A, 0xB0, 0x00, 0x52, 0x58, 0x20, 0xB0, 0x0D, 0x23, 0x42, 
0x59, 0x2D, 0xB0, 0x0F, 0x2C, 0x20, 0xB0, 0x10, 0x62, 0x66, 0xB0, 0x01, 0x63, 0x20, 0xB8, 0x04, 
0x00, 0x63, 0x8A, 0x23, 0x61, 0xB0, 0x0E, 0x43, 0x60, 0x20, 0x8A, 0x60, 0x20, 0xB0, 0x0E, 0x23, 
0x42, 0x23, 0x2D, 0xB0, 0x10, 0x2C, 0x4B, 0x54, 0x58, 0xB1, 0x04, 0x64, 0x44, 0x59, 0x24, 0xB0, 
0x0D, 0x65, 0x23, 0x78, 0x2D, 0xB0, 0x11, 0x2C, 0x4B, 0x51, 0x58, 0x4B, 0x53, 0x58, 0xB1, 0x04, 
0x64, 0x44, 0x59, 0x1B, 0x21, 0x59, 0x24, 0xB0, 0x13, 0x65, 0x23, 0x78, 0x2D, 0xB0, 0x12, 0x2C, 
0xB1, 0x00, 0x0F, 0x43, 0x55, 0x58, 0xB1, 0x0F, 0x0F, 0x43, 0xB0, 0x01, 0x61, 0x42, 0xB0, 0x0F, 
0x2B, 0x59, 0xB0, 0x00, 0x43, 0xB0, 0x02, 0x25, 0x42, 0xB1, 0x0C, 0x02, 0x25, 0x42, 0xB1, 0x0D, 
0x02, 0x25, 0x42, 0xB0, 0x01, 0x16, 0x23, 0x20, 0xB0, 0x03, 0x25, 0x50, 0x58, 0xB1, 0x01, 0x00, 
0x43, 0x60, 0xB0, 0x04, 0x25, 0x42, 0x8A, 0x8A, 0x20, 0x8A, 0x23, 0x61, 0xB0, 0x0E, 0x2A, 0x21, 
0x23, 0xB0, 0x01, 0x61, 0x20, 0x8A, 0x23, 0x61, 0xB0, 0x0E, 0x2A, 0x21, 0x1B, 0xB1, 0x01, 0x00, 
0x43, 0x60, 0xB0, 0x02, 0x25, 0x42, 0xB0, 0x02, 0x25, 0x61, 0xB0, 0x0E, 0x2A, 0x21, 0x59, 0xB0, 
0x0C, 0x43, 0x47, 0xB0, 0x0D, 0x43, 0x47, 0x60, 0xB0, 0x02, 0x62, 0x20, 0xB0, 0x00, 0x50, 0x58, 
0xB0, 0x40, 0x60, 0x59, 0x66, 0xB0, 0x01, 0x63, 0x20, 0xB0, 0x0B, 0x43, 0x63, 0xB8, 0x04, 0x00, 
0x62, 0x20, 0xB0, 0x00, 0x50, 0x58, 0xB0, 0x40, 0x60, 0x59, 0x66, 0xB0, 0x01, 0x63, 0x60, 0xB1, 
0x00, 0x00, 0x13, 0x23, 0x44, 0xB0, 0x01, 0x43, 0xB0, 0x00, 0x3E, 0xB2, 0x01, 0x01, 0x01, 0x43, 
0x60, 0x42, 0x2D, 0xB0, 0x13, 0x2C, 0x00, 0xB1, 0x00, 0x02, 0x45, 0x54, 0x58, 0xB0, 0x0F, 0x23, 
0x42, 0x20, 0x45, 0xB0, 0x0B, 0x23, 0x42, 0xB0, 0x0A, 0x23, 0xB0, 0x04, 0x60, 0x42, 0x20, 0x60, 
0xB0, 0x01, 0x61, 0xB5, 0x11, 0x11, 0x01, 0x00, 0x0E, 0x00, 0x42, 0x42, 0x8A, 0x60, 0xB1, 0x12, 
0x06, 0x2B, 0xB0, 0x89, 0x2B, 0x1B, 0x22, 0x59, 0x2D, 0xB0, 0x14, 0x2C, 0xB1, 0x00, 0x13, 0x2B, 
0x2D, 0xB0, 0x15, 0x2C, 0xB1, 0x01, 0x13, 0x2B, 0x2D, 0xB0, 0x16, 0x2C, 0xB1, 0x02, 0x13, 0x2B, 
0x2D, 0xB0, 0x17, 0x2C, 0xB1, 0x03, 0x13, 0x2B, 0x2D, 0xB0, 0x18, 0x2C, 0xB1, 0x04, 0x13, 0x2B, 
0x2D, 0xB0, 0x19, 0x2C, 0xB1, 0x05, 0x13, 0x2B, 0x2D, 0xB0, 0x1A, 0x2C, 0xB1, 0x06, 0x13, 0x2B, 
0x2D, 0xB0, 0x1B, 0x2C, 0xB1, 0x07, 0x13, 0x2B, 0x2D, 0xB0, 0x1C, 0x2C, 0xB1, 0x08, 0x13, 0x2B, 
0x2D, 0xB0, 0x1D, 0x2C, 0xB1, 0x09, 0x13, 0x2B, 0x2D, 0xB0, 0x29, 0x2C, 0x23, 0x20, 0xB0, 0x10, 
0x62, 0x66, 0xB0, 0x01, 0x63, 0xB0, 0x06, 0x60, 0x4B, 0x54, 0x58, 0x23, 0x20, 0x2E, 0xB0, 0x01, 
0x5D, 0x1B, 0x21, 0x21, 0x59, 0x2D, 0xB0, 0x2A, 0x2C, 0x23, 0x20, 0xB0, 0x10, 0x62, 0x66, 0xB0, 
0x01, 0x63, 0xB0, 0x16, 0x60, 0x4B, 0x54, 0x58, 0x23, 0x20, 0x2E, 0xB0, 0x01, 0x71, 0x1B, 0x21, 
0x21, 0x59, 0x2D, 0xB0, 0x2B, 0x2C, 0x23, 0x20, 0xB0, 0x10, 0x62, 0x66, 0xB0, 0x01, 0x63, 0xB0, 
0x26, 0x60, 0x4B, 0x54, 0x58, 0x23, 0x20, 0x2E, 0xB0, 0x01, 0x72, 0x1B, 0x21, 0x21, 0x59, 0x2D, 
0xB0, 0x1E, 0x2C, 0x00, 0xB0, 0x0D, 0x2B, 0xB1, 0x00, 0x02, 0x45, 0x54, 0x58, 0xB0, 0x0F, 0x23, 
0x42, 0x20, 0x45, 0xB0, 0x0B, 0x23, 0x42, 0xB0, 0x0A, 0x23, 0xB0, 0x04, 0x60, 0x42, 0x20, 0x60, 
0xB0, 0x01, 0x61, 0xB5, 0x11, 0x11, 0x01, 0x00, 0x0E, 0x00, 0x42, 0x42, 0x8A, 0x60, 0xB1, 0x12, 
0x06, 0x2B, 0xB0, 0x89, 0x2B, 0x1B, 0x22, 0x59, 0x2D, 0xB0, 0x1F, 0x2C, 0xB1, 0x00, 0x1E, 0x2B, 
0x2D, 0xB0, 0x20, 0x2C, 0xB1, 0x01, 0x1E, 0x2B, 0x2D, 0xB0, 0x21, 0x2C, 0xB1, 0x02, 0x1E, 0x2B, 
0x2D, 0xB0, 0x22, 0x2C, 0xB1, 0x03, 0x1E, 0x2B, 0x2D, 0xB0, 0x23, 0x2C, 0xB1, 0x04, 0x1E, 0x2B, 
0x2D, 0xB0, 0x24, 0x2C, 0xB1, 0x05, 0x1E, 0x2B, 0x2D, 0xB0, 0x25, 0x2C, 0xB1, 0x06, 0x1E, 0x2B, 
0x2D, 0xB0, 0x26, 0x2C, 0xB1, 0x07, 0x1E, 0x2B, 0x2D, 0xB0, 0x27, 0x2C, 0xB1, 0x08, 0x1E, 0x2B, 
0x2D, 0xB0, 0x28, 0x2C, 0xB1, 0x09, 0x1E, 0x2B, 0x2D, 0xB0, 0x2C, 0x2C, 0x20, 0x3C, 0xB0, 0x01, 
0x60, 0x2D, 0xB0, 0x2D, 0x2C, 0x20, 0x60, 0xB0, 0x11, 0x60, 0x20, 0x43, 0x23, 0xB0, 0x01, 0x60, 
0x43, 0xB0, 0x02, 0x25, 0x61, 0xB0, 0x01, 0x60, 0xB0, 0x2C, 0x2A, 0x21, 0x2D, 0xB0, 0x2E, 0x2C, 
0xB0, 0x2D, 0x2B, 0xB0, 0x2D, 0x2A, 0x2D, 0xB0, 0x2F, 0x2C, 0x20, 0x20, 0x47, 0x20, 0x20, 0xB0, 
0x0B, 0x43, 0x63, 0xB8, 0x04, 0x00, 0x62, 0x20, 0xB0, 0x00, 0x50, 0x58, 0xB0, 0x40, 0x60, 0x59, 
0x66, 0xB0, 0x01, 0x63, 0x60, 0x23, 0x61, 0x38, 0x23, 0x20, 0x8A, 0x55, 0x58, 0x20, 0x47, 0x20, 
0x20, 0xB0, 0x0B, 0x43, 0x63, 0xB8, 0x04, 0x00, 0x62, 0x20, 0xB0, 0x00, 0x50, 0x58, 0xB0, 0x40, 
0x60, 0x59, 0x66, 0xB0, 0x01, 0x63, 0x60, 0x23, 0x61, 0x38, 0x1B, 0x21, 0x59, 0x2D, 0xB0, 0x30, 
0x2C, 0x00, 0xB1, 0x00, 0x02, 0x45, 0x54, 0x58, 0xB0, 0x01, 0x16, 0xB0, 0x2F, 0x2A, 0xB1, 0x05, 
0x01, 0x15, 0x45, 0x58, 0x30, 0x59, 0x1B, 0x22, 0x59, 0x2D, 0xB0, 0x31, 0x2C, 0x00, 0xB0, 0x0D, 
0x2B, 0xB1, 0x00, 0x02, 0x45, 0x54, 0x58, 0xB0, 0x01, 0x16, 0xB0, 0x2F, 0x2A, 0xB1, 0x05, 0x01, 
0x15, 0x45, 0x58, 0x30, 0x59, 0x1B, 0x22, 0x59, 0x2D, 0xB0, 0x32, 0x2C, 0x20, 0x35, 0xB0, 0x01, 
0x60, 0x2D, 0xB0, 0x33, 0x2C, 0x00, 0xB0, 0x01, 0x45, 0x63, 0xB8, 0x04, 0x00, 0x62, 0x20, 0xB0, 
0x00, 0x50, 0x58, 0xB0, 0x40, 0x60, 0x59, 0x66, 0xB0, 0x01, 0x63, 0xB0, 0x01, 0x2B, 0xB0, 0x0B, 
0x43, 0x63, 0xB8, 0x04, 0x00, 0x62, 0x20, 0xB0, 0x00, 0x50, 0x58, 0xB0, 0x40, 0x60, 0x59, 0x66, 
0xB0, 0x01, 0x63, 0xB0, 0x01, 0x2B, 0xB0, 0x00, 0x16, 0xB4, 0x00, 0x00, 0x00, 0x00, 0x00, 0x44, 
0x3E, 0x23, 0x38, 0xB1, 0x32, 0x01, 0x15, 0x2A, 0x21, 0x2D, 0xB0, 0x34, 0x2C, 0x20, 0x3C, 0x20, 
0x47, 0x20, 0xB0, 0x0B, 0x43, 0x63, 0xB8, 0x04, 0x00, 0x62, 0x20, 0xB0, 0x00, 0x50, 0x58, 0xB0, 
0x40, 0x60, 0x59, 0x66, 0xB0, 0x01, 0x63, 0x60, 0xB0, 0x00, 0x43, 0x61, 0x38, 0x2D, 0xB0, 0x35, 
0x2C, 0x2E, 0x17, 0x3C, 0x2D, 0xB0, 0x36, 0x2C, 0x20, 0x3C, 0x20, 0x47, 0x20, 0xB0, 0x0B, 0x43, 
0x63, 0xB8, 0x04, 0x00, 0x62, 0x20, 0xB0, 0x00, 0x50, 0x58, 0xB0, 0x40, 0x60, 0x59, 0x66, 0xB0, 
0x01, 0x63, 0x60, 0xB0, 0x00, 0x43, 0x61, 0xB0, 0x01, 0x43, 0x63, 0x38, 0x2D, 0xB0, 0x37, 0x2C, 
0xB1, 0x02, 0x00, 0x16, 0x25, 0x20, 0x2E, 0x20, 0x47, 0xB0, 0x00, 0x23, 0x42, 0xB0, 0x02, 0x25, 
0x49, 0x8A, 0x8A, 0x47, 0x23, 0x47, 0x23, 0x61, 0x20, 0x58, 0x62, 0x1B, 0x21, 0x59, 0xB0, 0x01, 
0x23, 0x42, 0xB2, 0x36, 0x01, 0x01, 0x15, 0x14, 0x2A, 0x2D, 0xB0, 0x38, 0x2C, 0xB0, 0x00, 0x16, 
0xB0, 0x10, 0x23, 0x42, 0xB0, 0x04, 0x25, 0xB0, 0x04, 0x25, 0x47, 0x23, 0x47, 0x23, 0x61, 0xB0, 
0x09, 0x43, 0x2B, 0x65, 0x8A, 0x2E, 0x23, 0x20, 0x20, 0x3C, 0x8A, 0x38, 0x2D, 0xB0, 0x39, 0x2C, 
0xB0, 0x00, 0x16, 0xB0, 0x10, 0x23, 0x42, 0xB0, 0x04, 0x25, 0xB0, 0x04, 0x25, 0x20, 0x2E, 0x47, 
0x23, 0x47, 0x23, 0x61, 0x20, 0xB0, 0x04, 0x23, 0x42, 0xB0, 0x09, 0x43, 0x2B, 0x20, 0xB0, 0x60, 
0x50, 0x58, 0x20, 0xB0, 0x40, 0x51, 0x58, 0xB3, 0x02, 0x20, 0x03, 0x20, 0x1B, 0xB3, 0x02, 0x26, 
0x03, 0x1A, 0x59, 0x42, 0x42, 0x23, 0x20, 0xB0, 0x08, 0x43, 0x20, 0x8A, 0x23, 0x47, 0x23, 0x47, 
0x23, 0x61, 0x23, 0x46, 0x60, 0xB0, 0x04, 0x43, 0xB0, 0x02, 0x62, 0x20, 0xB0, 0x00, 0x50, 0x58, 
0xB0, 0x40, 0x60, 0x59, 0x66, 0xB0, 0x01, 0x63, 0x60, 0x20, 0xB0, 0x01, 0x2B, 0x20, 0x8A, 0x8A, 
0x61, 0x20, 0xB0, 0x02, 0x43, 0x60, 0x64, 0x23, 0xB0, 0x03, 0x43, 0x61, 0x64, 0x50, 0x58, 0xB0, 
0x02, 0x43, 0x61, 0x1B, 0xB0, 0x03, 0x43, 0x60, 0x59, 0xB0, 0x03, 0x25, 0xB0, 0x02, 0x62, 0x20, 
0xB0, 0x00, 0x50, 0x58, 0xB0, 0x40, 0x60, 0x59, 0x66, 0xB0, 0x01, 0x63, 0x61, 0x23, 0x20, 0x20, 
0xB0, 0x04, 0x26, 0x23, 0x46, 0x61, 0x38, 0x1B, 0x23, 0xB0, 0x08, 0x43, 0x46, 0xB0, 0x02, 0x25, 
0xB0, 0x08, 0x43, 0x47, 0x23, 0x47, 0x23, 0x61, 0x60, 0x20, 0xB0, 0x04, 0x43, 0xB0, 0x02, 0x62, 
0x20, 0xB0, 0x00, 0x50, 0x58, 0xB0, 0x40, 0x60, 0x59, 0x66, 0xB0, 0x01, 0x63, 0x60, 0x23, 0x20, 
0xB0, 0x01, 0x2B, 0x23, 0xB0, 0x04, 0x43, 0x60, 0xB0, 0x01, 0x2B, 0xB0, 0x05, 0x25, 0x61, 0xB0, 
0x05, 0x25, 0xB0, 0x02, 0x62, 0x20, 0xB0, 0x00, 0x50, 0x58, 0xB0, 0x40, 0x60, 0x59, 0x66, 0xB0, 
0x01, 0x63, 0xB0, 0x04, 0x26, 0x61, 0x20, 0xB0, 0x04, 0x25, 0x60, 0x64, 0x23, 0xB0, 0x03, 0x25, 
0x60, 0x64, 0x50, 0x58, 0x21, 0x1B, 0x23, 0x21, 0x59, 0x23, 0x20, 0x20, 0xB0, 0x04, 0x26, 0x23, 
0x46, 0x61, 0x38, 0x59, 0x2D, 0xB0, 0x3A, 0x2C, 0xB0, 0x00, 0x16, 0xB0, 0x10, 0x23, 0x42, 0x20, 
0x20, 0x20, 0xB0, 0x05, 0x26, 0x20, 0x2E, 0x47, 0x23, 0x47, 0x23, 0x61, 0x23, 0x3C, 0x38, 0x2D, 
0xB0, 0x3B, 0x2C, 0xB0, 0x00, 0x16, 0xB0, 0x10, 0x23, 0x42, 0x20, 0xB0, 0x08, 0x23, 0x42, 0x20, 
0x20, 0x20, 0x46, 0x23, 0x47, 0xB0, 0x01, 0x2B, 0x23, 0x61, 0x38, 0x2D, 0xB0, 0x3C, 0x2C, 0xB0, 
0x00, 0x16, 0xB0, 0x10, 0x23, 0x42, 0xB0, 0x03, 0x25, 0xB0, 0x02, 0x25, 0x47, 0x23, 0x47, 0x23, 
0x61, 0xB0, 0x00, 0x54, 0x58, 0x2E, 0x20, 0x3C, 0x23, 0x21, 0x1B, 0xB0, 0x02, 0x25, 0xB0, 0x02, 
0x25, 0x47, 0x23, 0x47, 0x23, 0x61, 0x20, 0xB0, 0x05, 0x25, 0xB0, 0x04, 0x25, 0x47, 0x23, 0x47, 
0x23, 0x61, 0xB0, 0x06, 0x25, 0xB0, 0x05, 0x25, 0x49, 0xB0, 0x02, 0x25, 0x61, 0xB9, 0x08, 0x00, 
0x08, 0x00, 0x63, 0x63, 0x23, 0x20, 0x58, 0x62, 0x1B, 0x21, 0x59, 0x63, 0xB8, 0x04, 0x00, 0x62, 
0x20, 0xB0, 0x00, 0x50, 0x58, 0xB0, 0x40, 0x60, 0x59, 0x66, 0xB0, 0x01, 0x63, 0x60, 0x23, 0x2E, 
0x23, 0x20, 0x20, 0x3C, 0x8A, 0x38, 0x23, 0x21, 0x59, 0x2D, 0xB0, 0x3D, 0x2C, 0xB0, 0x00, 0x16, 
0xB0, 0x10, 0x23, 0x42, 0x20, 0xB0, 0x08, 0x43, 0x20, 0x2E, 0x47, 0x23, 0x47, 0x23, 0x61, 0x20, 
0x60, 0xB0, 0x20, 0x60, 0x66, 0xB0, 0x02, 0x62, 0x20, 0xB0, 0x00, 0x50, 0x58, 0xB0, 0x40, 0x60, 
0x59, 0x66, 0xB0, 0x01, 0x63, 0x23, 0x20, 0x20, 0x3C, 0x8A, 0x38, 0x2D, 0xB0, 0x3E, 0x2C, 0x23, 
0x20, 0x2E, 0x46, 0xB0, 0x02, 0x25, 0x46, 0xB0, 0x10, 0x43, 0x58, 0x50, 0x1B, 0x52, 0x59, 0x58, 
0x20, 0x3C, 0x59, 0x2E, 0xB1, 0x2E, 0x01, 0x14, 0x2B, 0x2D, 0xB0, 0x3F, 0x2C, 0x23, 0x20, 0x2E, 
0x46, 0xB0, 0x02, 0x25, 0x46, 0xB0, 0x10, 0x43, 0x58, 0x52, 0x1B, 0x50, 0x59, 0x58, 0x20, 0x3C, 
0x59, 0x2E, 0xB1, 0x2E, 0x01, 0x14, 0x2B, 0x2D, 0xB0, 0x40, 0x2C, 0x23, 0x20, 0x2E, 0x46, 0xB0, 
0x02, 0x25, 0x46, 0xB0, 0x10, 0x43, 0x58, 0x50, 0x1B, 0x52, 0x59, 0x58, 0x20, 0x3C, 0x59, 0x23, 
0x20, 0x2E, 0x46, 0xB0, 0x02, 0x25, 0x46, 0xB0, 0x10, 0x43, 0x58, 0x52, 0x1B, 0x50, 0x59, 0x58, 
0x20, 0x3C, 0x59, 0x2E, 0xB1, 0x2E, 0x01, 0x14, 0x2B, 0x2D, 0xB0, 0x41, 0x2C, 0xB0, 0x38, 0x2B, 
0x23, 0x20, 0x2E, 0x46, 0xB0, 0x02, 0x25, 0x46, 0xB0, 0x10, 0x43, 0x58, 0x50, 0x1B, 0x52, 0x59, 
0x58, 0x20, 0x3C, 0x59, 0x2E, 0xB1, 0x2E, 0x01, 0x14, 0x2B, 0x2D, 0xB0, 0x42, 0x2C, 0xB0, 0x39, 
0x2B, 0x8A, 0x20, 0x20, 0x3C, 0xB0, 0x04, 0x23, 0x42, 0x8A, 0x38, 0x23, 0x20, 0x2E, 0x46, 0xB0, 
0x02, 0x25, 0x46, 0xB0, 0x10, 0x43, 0x58, 0x50, 0x1B, 0x52, 0x59, 0x58, 0x20, 0x3C, 0x59, 0x2E, 
0xB1, 0x2E, 0x01, 0x14, 0x2B, 0xB0, 0x04, 0x43, 0x2E, 0xB0, 0x2E, 0x2B, 0x2D, 0xB0, 0x43, 0x2C, 
0xB0, 0x00, 0x16, 0xB0, 0x04, 0x25, 0xB0, 0x04, 0x26, 0x20, 0x2E, 0x47, 0x23, 0x47, 0x23, 0x61, 
0xB0, 0x09, 0x43, 0x2B, 0x23, 0x20, 0x3C, 0x20, 0x2E, 0x23, 0x38, 0xB1, 0x2E, 0x01, 0x14, 0x2B, 
0x2D, 0xB0, 0x44, 0x2C, 0xB1, 0x08, 0x04, 0x25, 0x42, 0xB0, 0x00, 0x16, 0xB0, 0x04, 0x25, 0xB0, 
0x04, 0x25, 0x20, 0x2E, 0x47, 0x23, 0x47, 0x23, 0x61, 0x20, 0xB0, 0x04, 0x23, 0x42, 0xB0, 0x09, 
0x43, 0x2B, 0x20, 0xB0, 0x60, 0x50, 0x58, 0x20, 0xB0, 0x40, 0x51, 0x58, 0xB3, 0x02, 0x20, 0x03, 
0x20, 0x1B, 0xB3, 0x02, 0x26, 0x03, 0x1A, 0x59, 0x42, 0x42, 0x23, 0x20, 0x47, 0xB0, 0x04, 0x43, 
0xB0, 0x02, 0x62, 0x20, 0xB0, 0x00, 0x50, 0x58, 0xB0, 0x40, 0x60, 0x59, 0x66, 0xB0, 0x01, 0x63, 
0x60, 0x20, 0xB0, 0x01, 0x2B, 0x20, 0x8A, 0x8A, 0x61, 0x20, 0xB0, 0x02, 0x43, 0x60, 0x64, 0x23, 
0xB0, 0x03, 0x43, 0x61, 0x64, 0x50, 0x58, 0xB0, 0x02, 0x43, 0x61, 0x1B, 0xB0, 0x03, 0x43, 0x60, 
0x59, 0xB0, 0x03, 0x25, 0xB0, 0x02, 0x62, 0x20, 0xB0, 0x00, 0x50, 0x58, 0xB0, 0x40, 0x60, 0x59, 
0x66, 0xB0, 0x01, 0x63, 0x61, 0xB0, 0x02, 0x25, 0x46, 0x61, 0x38, 0x23, 0x20, 0x3C, 0x23, 0x38, 
0x1B, 0x21, 0x20, 0x20, 0x46, 0x23, 0x47, 0xB0, 0x01, 0x2B, 0x23, 0x61, 0x38, 0x21, 0x59, 0xB1, 
0x2E, 0x01, 0x14, 0x2B, 0x2D, 0xB0, 0x45, 0x2C, 0xB1, 0x00, 0x38, 0x2B, 0x2E, 0xB1, 0x2E, 0x01, 
0x14, 0x2B, 0x2D, 0xB0, 0x46, 0x2C, 0xB1, 0x00, 0x39, 0x2B, 0x21, 0x23, 0x20, 0x20, 0x3C, 0xB0, 
0x04, 0x23, 0x42, 0x23, 0x38, 0xB1, 0x2E, 0x01, 0x14, 0x2B, 0xB0, 0x04, 0x43, 0x2E, 0xB0, 0x2E, 
0x2B, 0x2D, 0xB0, 0x47, 0x2C, 0xB0, 0x00, 0x15, 0x20, 0x47, 0xB0, 0x00, 0x23, 0x42, 0xB2, 0x00, 
0x01, 0x01, 0x15, 0x14, 0x13, 0x2E, 0xB0, 0x34, 0x2A, 0x2D, 0xB0, 0x48, 0x2C, 0xB0, 0x00, 0x15, 
0x20, 0x47, 0xB0, 0x00, 0x23, 0x42, 0xB2, 0x00, 0x01, 0x01, 0x15, 0x14, 0x13, 0x2E, 0xB0, 0x34, 
0x2A, 0x2D, 0xB0, 0x49, 0x2C, 0xB1, 0x00, 0x01, 0x14, 0x13, 0xB0, 0x35, 0x2A, 0x2D, 0xB0, 0x4A, 
0x2C, 0xB0, 0x37, 0x2A, 0x2D, 0xB0, 0x4B, 0x2C, 0xB0, 0x00, 0x16, 0x45, 0x23, 0x20, 0x2E, 0x20, 
0x46, 0x8A, 0x23, 0x61, 0x38, 0xB1, 0x2E, 0x01, 0x14, 0x2B, 0x2D, 0xB0, 0x4C, 0x2C, 0xB0, 0x08, 
0x23, 0x42, 0xB0, 0x4B, 0x2B, 0x2D, 0xB0, 0x4D, 0x2C, 0xB2, 0x00, 0x00, 0x44, 0x2B, 0x2D, 0xB0, 
0x4E, 0x2C, 0xB2, 0x00, 0x01, 0x44, 0x2B, 0x2D, 0xB0, 0x4F, 0x2C, 0xB2, 0x01, 0x00, 0x44, 0x2B, 
0x2D, 0xB0, 0x50, 0x2C, 0xB2, 0x01, 0x01, 0x44, 0x2B, 0x2D, 0xB0, 0x51, 0x2C, 0xB2, 0x00, 0x00, 
0x45, 0x2B, 0x2D, 0xB0, 0x52, 0x2C, 0xB2, 0x00, 0x01, 0x45, 0x2B, 0x2D, 0xB0, 0x53, 0x2C, 0xB2, 
0x01, 0x00, 0x45, 0x2B, 0x2D, 0xB0, 0x54, 0x2C, 0xB2, 0x01, 0x01, 0x45, 0x2B, 0x2D, 0xB0, 0x55, 
0x2C, 0xB3, 0x00, 0x00, 0x00, 0x41, 0x2B, 0x2D, 0xB0, 0x56, 0x2C, 0xB3, 0x00, 0x01, 0x00, 0x41, 
0x2B, 0x2D, 0xB0, 0x57, 0x2C, 0xB3, 0x01, 0x00, 0x00, 0x41, 0x2B, 0x2D, 0xB0, 0x58, 0x2C, 0xB3, 
0x01, 0x01, 0x00, 0x41, 0x2B, 0x2D, 0xB0, 0x59, 0x2C, 0xB3, 0x00, 0x00, 0x01, 0x41, 0x2B, 0x2D, 
0xB0, 0x5A, 0x2C, 0xB3, 0x00, 0x01, 0x01, 0x41, 0x2B, 0x2D, 0xB0, 0x5B, 0x2C, 0xB3, 0x01, 0x00, 
0x01, 0x41, 0x2B, 0x2D, 0xB0, 0x5C, 0x2C, 0xB3, 0x01, 0x01, 0x01, 0x41, 0x2B, 0x2D, 0xB0, 0x5D, 
0x2C, 0xB2, 0x00, 0x00, 0x43, 0x2B, 0x2D, 0xB0, 0x5E, 0x2C, 0xB2, 0x00, 0x01, 0x43, 0x2B, 0x2D, 
0xB0, 0x5F, 0x2C, 0xB2, 0x01, 0x00, 0x43, 0x2B, 0x2D, 0xB0, 0x60, 0x2C, 0xB2, 0x01, 0x01, 0x43, 
0x2B, 0x2D, 0xB0, 0x61, 0x2C, 0xB2, 0x00, 0x00, 0x46, 0x2B, 0x2D, 0xB0, 0x62, 0x2C, 0xB2, 0x00, 
0x01, 0x46, 0x2B, 0x2D, 0xB0, 0x63, 0x2C, 0xB2, 0x01, 0x00, 0x46, 0x2B, 0x2D, 0xB0, 0x64, 0x2C, 
0xB2, 0x01, 0x01, 0x46, 0x2B, 0x2D, 0xB0, 0x65, 0x2C, 0xB3, 0x00, 0x00, 0x00, 0x42, 0x2B, 0x2D, 
0xB0, 0x66, 0x2C, 0xB3, 0x00, 0x01, 0x00, 0x42, 0x2B, 0x2D, 0xB0, 0x67, 0x2C, 0xB3, 0x01, 0x00, 
0x00, 0x42, 0x2B, 0x2D, 0xB0, 0x68, 0x2C, 0xB3, 0x01, 0x01, 0x00, 0x42, 0x2B, 0x2D, 0xB0, 0x69, 
0x2C, 0xB3, 0x00, 0x00, 0x01, 0x42, 0x2B, 0x2D, 0xB0, 0x6A, 0x2C, 0xB3, 0x00, 0x01, 0x01, 0x42, 
0x2B, 0x2D, 0xB0, 0x6B, 0x2C, 0xB3, 0x01, 0x00, 0x01, 0x42, 0x2B, 0x2D, 0xB0, 0x6C, 0x2C, 0xB3, 
0x01, 0x01, 0x01, 0x42, 0x2B, 0x2D, 0xB0, 0x6D, 0x2C, 0xB1, 0x00, 0x3A, 0x2B, 0x2E, 0xB1, 0x2E, 
0x01, 0x14, 0x2B, 0x2D, 0xB0, 0x6E, 0x2C, 0xB1, 0x00, 0x3A, 0x2B, 0xB0, 0x3E, 0x2B, 0x2D, 0xB0, 
0x6F, 0x2C, 0xB1, 0x00, 0x3A, 0x2B, 0xB0, 0x3F, 0x2B, 0x2D, 0xB0, 0x70, 0x2C, 0xB0, 0x00, 0x16, 
0xB1, 0x00, 0x3A, 0x2B, 0xB0, 0x40, 0x2B, 0x2D, 0xB0, 0x71, 0x2C, 0xB1, 0x01, 0x3A, 0x2B, 0xB0, 
0x3E, 0x2B, 0x2D, 0xB0, 0x72, 0x2C, 0xB1, 0x01, 0x3A, 0x2B, 0xB0, 0x3F, 0x2B, 0x2D, 0xB0, 0x73, 
0x2C, 0xB0, 0x00, 0x16, 0xB1, 0x01, 0x3A, 0x2B, 0xB0, 0x40, 0x2B, 0x2D, 0xB0, 0x74, 0x2C, 0xB1, 
0x00, 0x3B, 0x2B, 0x2E, 0xB1, 0x2E, 0x01, 0x14, 0x2B, 0x2D, 0xB0, 0x75, 0x2C, 0xB1, 0x00, 0x3B, 
0x2B, 0xB0, 0x3E, 0x2B, 0x2D, 0xB0, 0x76, 0x2C, 0xB1, 0x00, 0x3B, 0x2B, 0xB0, 0x3F, 0x2B, 0x2D, 
0xB0, 0x77, 0x2C, 0xB1, 0x00, 0x3B, 0x2B, 0xB0, 0x40, 0x2B, 0x2D, 0xB0, 0x78, 0x2C, 0xB1, 0x01, 
0x3B, 0x2B, 0xB0, 0x3E, 0x2B, 0x2D, 0xB0, 0x79, 0x2C, 0xB1, 0x01, 0x3B, 0x2B, 0xB0, 0x3F, 0x2B, 
0x2D, 0xB0, 0x7A, 0x2C, 0xB1, 0x01, 0x3B, 0x2B, 0xB0, 0x40, 0x2B, 0x2D, 0xB0, 0x7B, 0x2C, 0xB1, 
0x00, 0x3C, 0x2B, 0x2E, 0xB1, 0x2E, 0x01, 0x14, 0x2B, 0x2D, 0xB0, 0x7C, 0x2C, 0xB1, 0x00, 0x3C, 
0x2B, 0xB0, 0x3E, 0x2B, 0x2D, 0xB0, 0x7D, 0x2C, 0xB1, 0x00, 0x3C, 0x2B, 0xB0, 0x3F, 0x2B, 0x2D, 
0xB0, 0x7E, 0x2C, 0xB1, 0x00, 0x3C, 0x2B, 0xB0, 0x40, 0x2B, 0x2D, 0xB0, 0x7F, 0x2C, 0xB1, 0x01, 
0x3C, 0x2B, 0xB0, 0x3E, 0x2B, 0x2D, 0xB0, 0x80, 0x2C, 0xB1, 0x01, 0x3C, 0x2B, 0xB0, 0x3F, 0x2B, 
0x2D, 0xB0, 0x81, 0x2C, 0xB1, 0x01, 0x3C, 0x2B, 0xB0, 0x40, 0x2B, 0x2D, 0xB0, 0x82, 0x2C, 0xB1, 
0x00, 0x3D, 0x2B, 0x2E, 0xB1, 0x2E, 0x01, 0x14, 0x2B, 0x2D, 0xB0, 0x83, 0x2C, 0xB1, 0x00, 0x3D, 
0x2B, 0xB0, 0x3E, 0x2B, 0x2D, 0xB0, 0x84, 0x2C, 0xB1, 0x00, 0x3D, 0x2B, 0xB0, 0x3F, 0x2B, 0x2D, 
0xB0, 0x85, 0x2C, 0xB1, 0x00, 0x3D, 0x2B, 0xB0, 0x40, 0x2B, 0x2D, 0xB0, 0x86, 0x2C, 0xB1, 0x01, 
0x3D, 0x2B, 0xB0, 0x3E, 0x2B, 0x2D, 0xB0, 0x87, 0x2C, 0xB1, 0x01, 0x3D, 0x2B, 0xB0, 0x3F, 0x2B, 
0x2D, 0xB0, 0x88, 0x2C, 0xB1, 0x01, 0x3D, 0x2B, 0xB0, 0x40, 0x2B, 0x2D, 0xB0, 0x89, 0x2C, 0xB3, 
0x09, 0x04, 0x02, 0x03, 0x45, 0x58, 0x21, 0x1B, 0x23, 0x21, 0x59, 0x42, 0x2B, 0xB0, 0x08, 0x65, 
0xB0, 0x03, 0x24, 0x50, 0x78, 0xB1, 0x05, 0x01, 0x15, 0x45, 0x58, 0x30, 0x59, 0x2D, 0x00, 0x00, 
0x00, 0x4B, 0xB8, 0x00, 0xC8, 0x52, 0x58, 0xB1, 0x01, 0x01, 0x8E, 0x59, 0xB0, 0x01, 0xB9, 0x08, 
0x00, 0x08, 0x00, 0x63, 0x70, 0xB1, 0x00, 0x07, 0x42, 0xB5, 0x5C, 0x48, 0x34, 0x20, 0x04, 0x00, 
0x2A, 0xB1, 0x00, 0x07, 0x42, 0x40, 0x0A, 0x4F, 0x08, 0x3B, 0x08, 0x27, 0x08, 0x15, 0x07, 0x04, 
0x08, 0x2A, 0xB1, 0x00, 0x07, 0x42, 0x40, 0x0A, 0x59, 0x06, 0x45, 0x06, 0x31, 0x06, 0x1E, 0x05, 
0x04, 0x08, 0x2A, 0xB1, 0x00, 0x0B, 0x42, 0xBD, 0x14, 0x00, 0x0F, 0x00, 0x0A, 0x00, 0x05, 0x80, 
0x00, 0x04, 0x00, 0x09, 0x2A, 0xB1, 0x00, 0x0F, 0x42, 0xBD, 0x00, 0x40, 0x00, 0x40, 0x00, 0x40, 
0x00, 0x40, 0x00, 0x04, 0x00, 0x09, 0x2A, 0xB1, 0x03, 0x00, 0x44, 0xB1, 0x24, 0x01, 0x88, 0x51, 
0x58, 0xB0, 0x40, 0x88, 0x58, 0xB1, 0x03, 0x64, 0x44, 0xB1, 0x26, 0x01, 0x88, 0x51, 0x58, 0xBA, 
0x08, 0x80, 0x00, 0x01, 0x04, 0x40, 0x88, 0x63, 0x54, 0x58, 0xB1, 0x03, 0x00, 0x44, 0x59, 0x59, 
0x59, 0x59, 0x40, 0x0A, 0x51, 0x08, 0x3D, 0x08, 0x29, 0x08, 0x17, 0x07, 0x04, 0x0C, 0x2A, 0xB8, 
0x01, 0xFF, 0x85, 0xB0, 0x04, 0x8D, 0xB1, 0x02, 0x00, 0x44, 0xB3, 0x05, 0x64, 0x06, 0x00, 0x44, 
0x44, 0x00, 0x00, 0x00, 0x00, 0x00, 0x00, 0x01, 0x00, 0x00, 0x00, 0x00
};
