#pragma once
static unsigned char SerpentineRegular[34168] = {
0x00, 0x01, 0x00, 0x00, 0x00, 0x0E, 0x00, 0x80, 0x00, 0x03, 0x00, 0x60, 0x4F, 0x53, 0x2F, 0x32,
0x4A, 0xEF, 0x61, 0xDD, 0x00, 0x00, 0x00, 0xEC, 0x00, 0x00, 0x00, 0x4E, 0x63, 0x6D, 0x61, 0x70,
0x78, 0x34, 0x73, 0xB3, 0x00, 0x00, 0x01, 0x3C, 0x00, 0x00, 0x02, 0xB4, 0x63, 0x76, 0x74, 0x20,
0x25, 0xDA, 0x94, 0xF2, 0x00, 0x00, 0x03, 0xF0, 0x00, 0x00, 0x00, 0x92, 0x66, 0x70, 0x67, 0x6D,
0xA7, 0xD9, 0x5E, 0x93, 0x00, 0x00, 0x04, 0x84, 0x00, 0x00, 0x00, 0x64, 0x67, 0x6C, 0x79, 0x66,
0xF9, 0x6A, 0xDC, 0x25, 0x00, 0x00, 0x04, 0xE8, 0x00, 0x00, 0x6C, 0xE4, 0x68, 0x65, 0x61, 0x64,
0x3B, 0xBB, 0xFA, 0xF7, 0x00, 0x00, 0x71, 0xCC, 0x00, 0x00, 0x00, 0x36, 0x68, 0x68, 0x65, 0x61,
0x07, 0xEA, 0x05, 0x75, 0x00, 0x00, 0x72, 0x04, 0x00, 0x00, 0x00, 0x24, 0x68, 0x6D, 0x74, 0x78,
0x56, 0x29, 0x25, 0x41, 0x00, 0x00, 0x72, 0x28, 0x00, 0x00, 0x03, 0xA0, 0x6B, 0x65, 0x72, 0x6E,
0xD7, 0x16, 0x5A, 0xDF, 0x00, 0x00, 0x75, 0xC8, 0x00, 0x00, 0x06, 0xFC, 0x6C, 0x6F, 0x63, 0x61,
0x00, 0x33, 0xFB, 0xBE, 0x00, 0x00, 0x7C, 0xC4, 0x00, 0x00, 0x03, 0xA4, 0x6D, 0x61, 0x78, 0x70,
0x08, 0xEB, 0x01, 0xB3, 0x00, 0x00, 0x80, 0x68, 0x00, 0x00, 0x00, 0x20, 0x6E, 0x61, 0x6D, 0x65,
0x73, 0xBF, 0x05, 0xB7, 0x00, 0x00, 0x80, 0x88, 0x00, 0x00, 0x01, 0xE8, 0x70, 0x6F, 0x73, 0x74,
0x37, 0x5D, 0x45, 0xE3, 0x00, 0x00, 0x82, 0x70, 0x00, 0x00, 0x01, 0xF2, 0x70, 0x72, 0x65, 0x70,
0xE8, 0x4B, 0xCD, 0x0E, 0x00, 0x00, 0x84, 0x64, 0x00, 0x00, 0x01, 0x13, 0x00, 0x00, 0x01, 0xF4,
0x01, 0x90, 0x00, 0x05, 0x00, 0x01, 0x00, 0x00, 0x00, 0x00, 0x00, 0x00, 0x00, 0x00, 0x00, 0x00,
0x00, 0x00, 0x00, 0x00, 0x00, 0x00, 0x00, 0x33, 0x01, 0x09, 0x00, 0x00, 0x00, 0x00, 0x00, 0x00,
0x00, 0x00, 0x00, 0x00, 0x00, 0x00, 0x00, 0x00, 0x00, 0x00, 0x00, 0x00, 0x00, 0x00, 0x00, 0x00,
0x00, 0x00, 0x00, 0x00, 0x00, 0x00, 0x44, 0x54, 0x43, 0x20, 0x00, 0x40, 0x00, 0x20, 0x26, 0x6B,
0x03, 0x76, 0xFF, 0x3B, 0x00, 0xD8, 0x03, 0x76, 0x00, 0xC5, 0x00, 0x00, 0x00, 0x00, 0x00, 0x02,
0x00, 0x01, 0x00, 0x00, 0x00, 0x00, 0x00, 0x14, 0x00, 0x03, 0x00, 0x01, 0x00, 0x00, 0x01, 0x1A,
0x00, 0x00, 0x01, 0x06, 0x00, 0x00, 0x00, 0x00, 0x00, 0x00, 0x00, 0x00, 0x00, 0x00, 0x00, 0x00,
0x00, 0x00, 0x00, 0x00, 0x00, 0x00, 0x00, 0x00, 0x00, 0x00, 0x00, 0x00, 0x00, 0x00, 0x00, 0x00,
0x00, 0x00, 0x00, 0x00, 0x00, 0x00, 0x03, 0x04, 0x05, 0x06, 0x07, 0x08, 0x09, 0x0A, 0x0B, 0x0C,
0x0D, 0x0E, 0x0F, 0x10, 0x11, 0x12, 0x13, 0x14, 0x15, 0x16, 0x17, 0x18, 0x19, 0x1A, 0x1B, 0x1C,
0x1D, 0x1E, 0x1F, 0x20, 0x21, 0x22, 0x23, 0x24, 0x25, 0x26, 0x27, 0x28, 0x29, 0x2A, 0x2B, 0x2C,
0x2D, 0x2E, 0x2F, 0x30, 0x31, 0x32, 0x33, 0x34, 0x35, 0x36, 0x37, 0x38, 0x39, 0x3A, 0x3B, 0x3C,
0x3D, 0x3E, 0x3F, 0x40, 0x41, 0x42, 0x43, 0x44, 0x45, 0x46, 0x47, 0x48, 0x49, 0x4A, 0x4B, 0x4C,
0x4D, 0x4E, 0x4F, 0x50, 0x51, 0x52, 0x53, 0x54, 0x55, 0x56, 0x57, 0x58, 0x59, 0x5A, 0x5B, 0x5C,
0x5D, 0x5E, 0x5F, 0x60, 0x61, 0x00, 0x62, 0x63, 0x64, 0x65, 0x66, 0x67, 0x68, 0x69, 0x6A, 0x6B,
0x6C, 0x6D, 0x6E, 0x6F, 0x70, 0x71, 0x72, 0x73, 0x74, 0x75, 0x76, 0x77, 0x78, 0x79, 0x7A, 0x7B,
0x7C, 0x7D, 0x7E, 0x7F, 0x80, 0x81, 0x82, 0x83, 0x84, 0x85, 0x86, 0x87, 0x88, 0x89, 0x8A, 0x8B,
0x8C, 0x8D, 0x8E, 0x00, 0x8F, 0x90, 0x00, 0x91, 0x00, 0x00, 0x92, 0x93, 0x00, 0x00, 0x00, 0x00,
0x00, 0x94, 0x95, 0x00, 0x96, 0x97, 0x98, 0x99, 0x9A, 0x00, 0x9B, 0x00, 0x00, 0x9C, 0x9D, 0x9E,
0x9F, 0xA0, 0xA1, 0xA2, 0xA3, 0xA4, 0xA5, 0xA6, 0xA7, 0xA8, 0xA9, 0xAA, 0xAB, 0x00, 0xAC, 0xAD,
0xAE, 0xAF, 0xB0, 0xB1, 0xB2, 0xB3, 0xB4, 0xB5, 0xB6, 0xB7, 0xB8, 0xB9, 0xBA, 0xBB, 0xBC, 0xBD,
0xBE, 0xBF, 0xC0, 0xC1, 0xC2, 0xC3, 0x00, 0xC4, 0xC5, 0xC6, 0xC7, 0xC8, 0xC9, 0xCA, 0xCB, 0xCC,
0xCD, 0xCE, 0xCF, 0xD0, 0xD1, 0xD2, 0x00, 0x04, 0x02, 0xA0, 0x00, 0x00, 0x00, 0x24, 0x00, 0x20,
0x00, 0x04, 0x00, 0x04, 0x00, 0x7E, 0x00, 0xFF, 0x01, 0x53, 0x01, 0x61, 0x01, 0x78, 0x01, 0x92,
0x02, 0xC6, 0x02, 0xDC, 0x20, 0x14, 0x20, 0x1A, 0x20, 0x1E, 0x20, 0x22, 0x20, 0x26, 0x20, 0x30,
0x20, 0x3A, 0x21, 0x22, 0x22, 0x19, 0xFF, 0xFF, 0x00, 0x03, 0x00, 0x20, 0x00, 0xA0, 0x01, 0x52,
0x01, 0x60, 0x01, 0x78, 0x01, 0x92, 0x02, 0xC6, 0x02, 0xDC, 0x20, 0x13, 0x20, 0x18, 0x20, 0x1C,
0x20, 0x20, 0x20, 0x26, 0x20, 0x30, 0x20, 0x39, 0x21, 0x22, 0x22, 0x19, 0xFF, 0xFF, 0xFF, 0xE3,
0x00, 0x00, 0xFF, 0x51, 0xFF, 0x75, 0xFF, 0x35, 0xFF, 0x09, 0xFE, 0x03, 0xFD, 0x85, 0xE0, 0x92,
0x00, 0x00, 0x00, 0x00, 0x00, 0x00, 0xE0, 0x78, 0xE0, 0x88, 0xE0, 0x77, 0xDF, 0x6A, 0xDE, 0x9C,
0x00, 0x01, 0x00, 0x00, 0x00, 0x22, 0x00, 0x00, 0x00, 0x00, 0x00, 0x00, 0x00, 0x00, 0x00, 0x00,
0x00, 0x00, 0x00, 0x00, 0x00, 0xD2, 0x00, 0xD6, 0x00, 0xDA, 0x00, 0x00, 0x00, 0x00, 0x00, 0x00,
0x00, 0x00, 0x00, 0x00, 0x00, 0x00, 0x00, 0x9F, 0x00, 0x99, 0x00, 0x84, 0x00, 0x85, 0x00, 0xAF,
0x00, 0x92, 0x00, 0xD9, 0x00, 0x86, 0x00, 0x8E, 0x00, 0x8B, 0x00, 0x94, 0x00, 0x9C, 0x00, 0x9A,
0x00, 0x00, 0x00, 0x8A, 0x00, 0x00, 0x00, 0x83, 0x00, 0x91, 0x00, 0xE3, 0x00, 0xE4, 0x00, 0x8D,
0x00, 0x93, 0x00, 0x88, 0x00, 0xB5, 0x00, 0xCF, 0x00, 0xE2, 0x00, 0x95, 0x00, 0x9D, 0x00, 0xE6,
0x00, 0xE5, 0x00, 0xE7, 0x00, 0x98, 0x00, 0xA0, 0x00, 0xBB, 0x00, 0xB9, 0x00, 0xA1, 0x00, 0x62,
0x00, 0x63, 0x00, 0x8F, 0x00, 0x64, 0x00, 0xBD, 0x00, 0x65, 0x00, 0xBA, 0x00, 0xBC, 0x00, 0xC1,
0x00, 0xBE, 0x00, 0xBF, 0x00, 0xC0, 0x00, 0xDA, 0x00, 0x66, 0x00, 0xC4, 0x00, 0xC2, 0x00, 0xC3,
0x00, 0xA2, 0x00, 0x67, 0x00, 0xE1, 0x00, 0x90, 0x00, 0xC7, 0x00, 0xC5, 0x00, 0xC6, 0x00, 0x68,
0x00, 0xDC, 0x00, 0xDE, 0x00, 0x89, 0x00, 0x6A, 0x00, 0x69, 0x00, 0x6B, 0x00, 0x6D, 0x00, 0x6C,
0x00, 0x6E, 0x00, 0x96, 0x00, 0x6F, 0x00, 0x71, 0x00, 0x70, 0x00, 0x72, 0x00, 0x73, 0x00, 0x75,
0x00, 0x74, 0x00, 0x76, 0x00, 0x77, 0x00, 0xDB, 0x00, 0x78, 0x00, 0x7A, 0x00, 0x79, 0x00, 0x7B,
0x00, 0x7D, 0x00, 0x7C, 0x00, 0xAB, 0x00, 0x97, 0x00, 0x7F, 0x00, 0x7E, 0x00, 0x80, 0x00, 0x81,
0x00, 0xDD, 0x00, 0xDF, 0x00, 0xAC, 0x00, 0xA9, 0x00, 0xAA, 0x00, 0xB6, 0x00, 0xA7, 0x00, 0xA8,
0x00, 0xB7, 0x00, 0x82, 0x00, 0xB4, 0x00, 0x87, 0x6E, 0x00, 0x20, 0x00, 0x31, 0x00, 0x4F, 0x00,
0x70, 0x00, 0x74, 0x00, 0x69, 0x00, 0x6D, 0x00, 0x75, 0x00, 0x6D, 0x00, 0x2D, 0x00, 0x52, 0x00,
0x6F, 0x00, 0x6D, 0x00, 0x61, 0x00, 0x6E, 0x00, 0x49, 0x00, 0x74, 0x00, 0x61, 0x00, 0x6C, 0x00,
0x02, 0x9A, 0x01, 0xED, 0x02, 0xAE, 0x01, 0xC5, 0x00, 0x00, 0x00, 0xB2, 0x01, 0x4E, 0x01, 0xDA,
0x02, 0x74, 0xFF, 0xDB, 0x01, 0xA7, 0x02, 0x4C, 0x02, 0xDB, 0x02, 0x5D, 0x03, 0x07, 0x01, 0x7E,
0x02, 0xF4, 0x02, 0x34, 0x01, 0x2F, 0x01, 0x5E, 0x00, 0x00, 0x02, 0x0E, 0xFF, 0x92, 0x01, 0x5F,
0x01, 0x0B, 0xFF, 0x77, 0xFF, 0x52, 0xFF, 0x65, 0x00, 0xD3, 0xFF, 0xF2, 0xFF, 0x3F, 0xFF, 0xA8,
0x01, 0x8F, 0x00, 0xA1, 0x01, 0x49, 0xFF, 0xBA, 0x00, 0x77, 0x00, 0x90, 0x00, 0xBE, 0x00, 0xF7,
0x02, 0x4B, 0x02, 0x33, 0x02, 0x22, 0x00, 0x53, 0x00, 0x6E, 0x00, 0x14, 0x00, 0x4F, 0x00, 0x32,
0x00, 0x98, 0x00, 0xA2, 0x00, 0xB5, 0x00, 0xC8, 0x00, 0x61, 0x01, 0xF5, 0x01, 0x15, 0x01, 0xE0,
0x00, 0xA8, 0x00, 0x99, 0x00, 0x6A, 0x00, 0xBB, 0x00, 0x43, 0x00, 0x28, 0x00, 0x53, 0x00, 0x82,
0x00, 0x36, 0x00, 0x8E, 0x00, 0x77, 0x00, 0x5E, 0x00, 0xC7, 0x00, 0x11, 0x00, 0x6F, 0x00, 0x10,
0x01, 0x98, 0x00, 0x00, 0x40, 0x05, 0x05, 0x04, 0x03, 0x02, 0x00, 0x2C, 0x76, 0x45, 0x20, 0xB0,
0x03, 0x25, 0x45, 0x23, 0x61, 0x68, 0x18, 0x23, 0x68, 0x60, 0x44, 0x2D, 0x2C, 0x45, 0x20, 0xB0,
0x03, 0x25, 0x45, 0x23, 0x61, 0x68, 0x23, 0x68, 0x60, 0x44, 0x2D, 0x2C, 0x20, 0x20, 0xB8, 0xFF,
0xC0, 0x38, 0x12, 0xB1, 0x40, 0x01, 0x36, 0x38, 0x2D, 0x2C, 0x20, 0x20, 0xB0, 0x40, 0x38, 0x12,
0xB0, 0x01, 0x36, 0xB8, 0xFF, 0xC0, 0x38, 0x2D, 0x2C, 0x01, 0xB0, 0x46, 0x76, 0x20, 0x47, 0x68,
0x18, 0x23, 0x46, 0x61, 0x68, 0x20, 0x58, 0x20, 0xB0, 0x03, 0x25, 0x23, 0x38, 0xB0, 0x02, 0x25,
0x12, 0xB0, 0x01, 0x36, 0x65, 0x38, 0x59, 0x2D, 0x00, 0x02, 0x00, 0x30, 0x00, 0x00, 0x02, 0xDF,
0x03, 0x0F, 0x00, 0x03, 0x00, 0x07, 0x00, 0x3D, 0x40, 0x1B, 0x07, 0x04, 0x2C, 0x00, 0x06, 0x05,
0x2C, 0x01, 0x05, 0x04, 0x2B, 0x03, 0x02, 0x07, 0x06, 0x2B, 0x01, 0x00, 0x02, 0x01, 0x0E, 0x03,
0x00, 0x14, 0x01, 0x00, 0x46, 0x76, 0x2F, 0x37, 0x18, 0x00, 0x3F, 0x3C, 0x3F, 0x3C, 0x01, 0x2F,
0x3C, 0xFD, 0x3C, 0x2F, 0x3C, 0xFD, 0x3C, 0x00, 0x10, 0xFD, 0x3C, 0x10, 0xFD, 0x3C, 0x31, 0x30,
0xB2, 0x08, 0x00, 0x05, 0x2B, 0x33, 0x11, 0x21, 0x11, 0x27, 0x11, 0x21, 0x11, 0x30, 0x02, 0xAF,
0x30, 0xFD, 0xB1, 0x03, 0x0F, 0xFC, 0xF1, 0x30, 0x02, 0xAF, 0xFD, 0x51, 0x00, 0x02, 0x00, 0x64,
0x00, 0x00, 0x01, 0x60, 0x02, 0x9B, 0x00, 0x05, 0x00, 0x09, 0x00, 0x2F, 0x40, 0x17, 0x0A, 0x04,
0x05, 0x02, 0x03, 0x06, 0x00, 0x27, 0x09, 0x05, 0x03, 0x02, 0x06, 0x09, 0x06, 0x2C, 0x07, 0x05,
0x00, 0x00, 0x08, 0x07, 0x14, 0x00, 0x3F, 0x3C, 0x3F, 0x3C, 0x00, 0x10, 0xFD, 0x3C, 0x10, 0xD6,
0x3C, 0x01, 0x2F, 0x3C, 0xFD, 0x3C, 0x2E, 0x2E, 0x31, 0x30, 0x2B, 0x01, 0x11, 0x07, 0x23, 0x27,
0x11, 0x13, 0x15, 0x23, 0x35, 0x01, 0x60, 0x16, 0xCD, 0x19, 0xFB, 0xFA, 0x02, 0x9B, 0xFE, 0xFF,
0xC2, 0xBC, 0x01, 0x07, 0xFE, 0x17, 0xB2, 0xB2, 0x00, 0x02, 0x00, 0x29, 0x01, 0x8F, 0x01, 0x75,
0x02, 0x9B, 0x00, 0x03, 0x00, 0x07, 0x00, 0x39, 0x40, 0x1B, 0x04, 0x2B, 0x07, 0x03, 0x2B, 0x00,
0x05, 0x2B, 0x06, 0x02, 0x2B, 0x01, 0x06, 0x05, 0x02, 0x03, 0x01, 0x00, 0x07, 0x04, 0x03, 0x03,
0x00, 0x20, 0x01, 0x01, 0x46, 0x76, 0x2F, 0x37, 0x18, 0x00, 0x3F, 0x17, 0x3C, 0x3F, 0x17, 0x3C,
0x01, 0x2F, 0xFD, 0x2F, 0xFD, 0x2F, 0xFD, 0x2F, 0xFD, 0x00, 0x31, 0x30, 0xB2, 0x08, 0x01, 0x05,
0x2B, 0x13, 0x03, 0x33, 0x03, 0x33, 0x03, 0x33, 0x03, 0x41, 0x18, 0x90, 0x18, 0x5B, 0x18, 0x91,
0x19, 0x01, 0x8F, 0x01, 0x0C, 0xFE, 0xF4, 0x01, 0x0C, 0xFE, 0xF4, 0x00, 0x00, 0x02, 0x00, 0x43,
0x00, 0x05, 0x02, 0x7E, 0x02, 0x95, 0x00, 0x1B, 0x00, 0x1F, 0x00, 0x9A, 0x40, 0x59, 0x1E, 0x1C,
0x16, 0x08, 0x1D, 0x1C, 0x0F, 0x0E, 0x03, 0x05, 0x02, 0x2C, 0x0D, 0x0C, 0x09, 0x08, 0x05, 0x05,
0x04, 0x24, 0x1F, 0x1E, 0x11, 0x10, 0x01, 0x05, 0x00, 0x2C, 0x1B, 0x1A, 0x17, 0x16, 0x13, 0x05,
0x12, 0x2A, 0x0F, 0x2B, 0x0E, 0x0C, 0x2B, 0x0D, 0x13, 0x2B, 0x12, 0x05, 0x2B, 0x04, 0x10, 0x2B,
0x11, 0x02, 0x2B, 0x03, 0x01, 0x2B, 0x00, 0x1A, 0x2B, 0x1B, 0x15, 0x2B, 0x14, 0x18, 0x2B, 0x03,
0x19, 0x07, 0x2B, 0x06, 0x0A, 0x2B, 0x11, 0x0B, 0x19, 0x18, 0x15, 0x03, 0x14, 0x00, 0x0B, 0x0A,
0x07, 0x03, 0x06, 0x14, 0x01, 0x0D, 0x46, 0x76, 0x2F, 0x37, 0x18, 0x00, 0x3F, 0x17, 0x3C, 0x3F,
0x17, 0x3C, 0x01, 0x2F, 0x3C, 0xFD, 0x2F, 0xFD, 0x2F, 0x3C, 0xFD, 0x2F, 0xFD, 0x2F, 0xFD, 0x2F,
0xFD, 0x10, 0xFD, 0x10, 0xFD, 0x2F, 0xFD, 0x2F, 0xFD, 0x2F, 0xFD, 0x2F, 0xFD, 0x00, 0x3F, 0x17,
0x3C, 0xFD, 0x17, 0x3C, 0x3F, 0x17, 0x3C, 0xFD, 0x17, 0x3C, 0x01, 0x2E, 0x2E, 0x2E, 0x2E, 0x31,
0x30, 0xB2, 0x20, 0x0D, 0x05, 0x2B, 0x01, 0x23, 0x07, 0x33, 0x07, 0x23, 0x07, 0x23, 0x37, 0x23,
0x07, 0x23, 0x37, 0x23, 0x37, 0x33, 0x37, 0x23, 0x37, 0x33, 0x37, 0x33, 0x07, 0x33, 0x37, 0x33,
0x07, 0x33, 0x01, 0x33, 0x37, 0x23, 0x02, 0x66, 0x5B, 0x28, 0x5B, 0x18, 0x5B, 0x1A, 0x3F, 0x19,
0xAE, 0x1A, 0x3E, 0x1A, 0x5C, 0x18, 0x5C, 0x28, 0x5B, 0x18, 0x5B, 0x17, 0x41, 0x1A, 0xAF, 0x19,
0x40, 0x1A, 0x5B, 0xFE, 0x77, 0xAE, 0x29, 0xAF, 0x01, 0xAD, 0xBF, 0x72, 0x77, 0x77, 0x77, 0x77,
0x72, 0xBF, 0x70, 0x78, 0x78, 0x78, 0x78, 0xFE, 0xD1, 0xBF, 0x00, 0x01, 0x00, 0x4E, 0xFF, 0xB7,
0x02, 0xD2, 0x02, 0xE4, 0x00, 0x33, 0x00, 0x7B, 0x40, 0x3F, 0x23, 0x22, 0x08, 0x07, 0x00, 0x19,
0x25, 0x00, 0x15, 0x0C, 0x0B, 0x03, 0x27, 0x26, 0x1C, 0x1F, 0x1E, 0x1D, 0x03, 0x1C, 0x2C, 0x18,
0x17, 0x14, 0x03, 0x13, 0x14, 0x04, 0x03, 0x2C, 0x33, 0x32, 0x2F, 0x03, 0x2E, 0x00, 0x2B, 0x19,
0x2A, 0x16, 0x10, 0x0F, 0x14, 0x32, 0x31, 0x15, 0x03, 0x14, 0x2B, 0x30, 0x2F, 0x17, 0x03, 0x16,
0x31, 0x30, 0x0C, 0x16, 0x15, 0x23, 0x01, 0x2A, 0x46, 0x76, 0x2F, 0x37, 0x18, 0x00, 0x3F, 0x3C,
0x3F, 0x3C, 0x01, 0x2F, 0x17, 0x3C, 0xFD, 0x17, 0x3C, 0x10, 0xDD, 0x3C, 0x10, 0xDD, 0x3C, 0x3C,
0x31, 0x00, 0x3F, 0x17, 0x3C, 0xFD, 0x3C, 0x3F, 0x17, 0x3C, 0xFD, 0x17, 0x3C, 0x10, 0xD6, 0x3C,
0x10, 0xD6, 0x3C, 0x00, 0x3E, 0x3E, 0x01, 0x2E, 0x2E, 0x2E, 0x2E, 0x2E, 0x31, 0x30, 0xB2, 0x34,
0x2A, 0x05, 0x2B, 0x01, 0x2E, 0x01, 0x2B, 0x01, 0x22, 0x06, 0x1D, 0x01, 0x14, 0x16, 0x3B, 0x01,
0x32, 0x16, 0x1D, 0x01, 0x14, 0x06, 0x2B, 0x01, 0x15, 0x23, 0x35, 0x23, 0x27, 0x1E, 0x01, 0x3B,
0x03, 0x32, 0x36, 0x3D, 0x01, 0x34, 0x26, 0x2B, 0x01, 0x22, 0x26, 0x3D, 0x01, 0x34, 0x36, 0x3B,
0x01, 0x35, 0x33, 0x15, 0x33, 0x02, 0xC7, 0x17, 0x35, 0x20, 0xE6, 0x16, 0x17, 0x16, 0x1F, 0xA4,
0x58, 0x59, 0x5F, 0x52, 0x63, 0x5B, 0xFC, 0x17, 0x1A, 0x3D, 0x25, 0x14, 0xC2, 0x13, 0x15, 0x0F,
0x0A, 0x14, 0xBC, 0x5B, 0x56, 0x5F, 0x52, 0x64, 0x5B, 0xF1, 0x02, 0x13, 0x0F, 0x0B, 0x0E, 0x15,
0x17, 0x1B, 0x0D, 0x37, 0x53, 0xB6, 0x4D, 0x3E, 0x49, 0x49, 0x86, 0x0F, 0x09, 0x0F, 0x15, 0x15,
0x16, 0x12, 0x36, 0x55, 0xB7, 0x4F, 0x3B, 0x49, 0x49, 0x00, 0x00, 0x05, 0x00, 0x21, 0x00, 0x00,
0x03, 0x92, 0x02, 0x9B, 0x00, 0x0F, 0x00, 0x1F, 0x00, 0x23, 0x00, 0x33, 0x00, 0x43, 0x00, 0x75,
0x40, 0x3D, 0x1F, 0x10, 0x2C, 0x0C, 0x0B, 0x0F, 0x43, 0x34, 0x2C, 0x22, 0x3C, 0x3B, 0x2C, 0x28,
0x27, 0x12, 0x18, 0x17, 0x2C, 0x03, 0x20, 0x2B, 0x21, 0x22, 0x2B, 0x23, 0x33, 0x24, 0x2B, 0x40,
0x3F, 0x38, 0x37, 0x2B, 0x2C, 0x2B, 0x08, 0x07, 0x2B, 0x14, 0x13, 0x1C, 0x1B, 0x2B, 0x0F, 0x00,
0x30, 0x2F, 0x23, 0x03, 0x22, 0x00, 0x21, 0x20, 0x04, 0x03, 0x03, 0x14, 0x01, 0x2B, 0x46, 0x76,
0x2F, 0x37, 0x18, 0x00, 0x3F, 0x17, 0x3C, 0x3F, 0x17, 0x3C, 0x01, 0x2F, 0x3C, 0xFD, 0x3C, 0x2F,
0x3C, 0xFD, 0x3C, 0x2F, 0x3C, 0xFD, 0x3C, 0x2F, 0x3C, 0xFD, 0x3C, 0x2F, 0xFD, 0x2F, 0xFD, 0x00,
0x10, 0xFD, 0x3C, 0x3F, 0x3C, 0xFD, 0x3C, 0x10, 0xFD, 0x3C, 0x3F, 0x3C, 0xFD, 0x3C, 0x31, 0x30,
0xB2, 0x44, 0x2B, 0x05, 0x2B, 0x25, 0x14, 0x06, 0x2B, 0x01, 0x22, 0x26, 0x3D, 0x01, 0x34, 0x36,
0x3B, 0x01, 0x32, 0x16, 0x15, 0x27, 0x22, 0x06, 0x1D, 0x01, 0x14, 0x16, 0x3B, 0x01, 0x32, 0x36,
0x3D, 0x01, 0x34, 0x26, 0x23, 0x01, 0x23, 0x13, 0x33, 0x03, 0x14, 0x06, 0x2B, 0x01, 0x22, 0x26,
0x3D, 0x01, 0x34, 0x36, 0x3B, 0x01, 0x32, 0x16, 0x15, 0x27, 0x22, 0x06, 0x1D, 0x01, 0x14, 0x16,
0x3B, 0x01, 0x32, 0x36, 0x3D, 0x01, 0x34, 0x26, 0x23, 0x03, 0x92, 0x3B, 0x32, 0xB0, 0x31, 0x3C,
0x3C, 0x31, 0xB0, 0x31, 0x3C, 0xE0, 0x1F, 0x13, 0x13, 0x1F, 0x36, 0x20, 0x12, 0x12, 0x20, 0xFE,
0xCF, 0x33, 0x79, 0x31, 0x82, 0x3C, 0x32, 0xAF, 0x32, 0x3C, 0x3C, 0x32, 0xAF, 0x33, 0x3B, 0xE0,
0x1F, 0x13, 0x13, 0x1F, 0x35, 0x20, 0x12, 0x12, 0x20, 0x5E, 0x30, 0x2E, 0x2D, 0x31, 0xB8, 0x30,
0x2E, 0x2D, 0x31, 0x1E, 0x13, 0x21, 0x8D, 0x1F, 0x15, 0x14, 0x20, 0x8D, 0x20, 0x14, 0xFE, 0xCC,
0x02, 0x9B, 0xFE, 0xEA, 0x30, 0x2E, 0x2D, 0x31, 0xB8, 0x31, 0x2D, 0x2B, 0x33, 0x1E, 0x13, 0x21,
0x8D, 0x1F, 0x15, 0x14, 0x20, 0x8D, 0x20, 0x14, 0x00, 0x02, 0x00, 0x21, 0x00, 0x00, 0x03, 0x6C,
0x02, 0x9B, 0x00, 0x36, 0x00, 0x3E, 0x00, 0x6A, 0x40, 0x33, 0x3E, 0x3D, 0x37, 0x32, 0x2E, 0x2B,
0x2A, 0x1C, 0x16, 0x07, 0x3E, 0x12, 0x2E, 0x20, 0x00, 0x15, 0x00, 0x11, 0x0F, 0x1C, 0x2C, 0x3F,
0x21, 0x2C, 0x3F, 0x3B, 0x1A, 0x3A, 0x2C, 0x1D, 0x04, 0x03, 0x2C, 0x35, 0x10, 0x0F, 0x2B, 0x12,
0x11, 0x36, 0x35, 0x00, 0x25, 0x24, 0x1E, 0x03, 0x1D, 0x14, 0x01, 0x2A, 0x46, 0x76, 0x2F, 0x37,
0x18, 0x00, 0x3F, 0x17, 0x3C, 0x3F, 0x3C, 0x01, 0x2F, 0x3C, 0xFD, 0x3C, 0x00, 0x10, 0xFD, 0x3C,
0x10, 0xFD, 0x3C, 0x3C, 0x10, 0xFD, 0x10, 0xFD, 0x01, 0x11, 0x12, 0x39, 0x00, 0x3E, 0x3E, 0x3E,
0x01, 0x2E, 0x2E, 0x2E, 0x2E, 0x2E, 0x2E, 0x2E, 0x2E, 0x2E, 0x2E, 0x31, 0x30, 0xB2, 0x3F, 0x2A,
0x05, 0x2B, 0x01, 0x2E, 0x01, 0x2B, 0x01, 0x22, 0x06, 0x15, 0x14, 0x16, 0x1F, 0x01, 0x36, 0x37,
0x36, 0x35, 0x27, 0x33, 0x15, 0x14, 0x06, 0x0F, 0x01, 0x17, 0x1E, 0x01, 0x33, 0x32, 0x37, 0x07,
0x23, 0x22, 0x26, 0x27, 0x0E, 0x01, 0x2B, 0x01, 0x22, 0x2E, 0x02, 0x3D, 0x01, 0x34, 0x36, 0x33,
0x27, 0x2E, 0x01, 0x35, 0x34, 0x36, 0x33, 0x21, 0x01, 0x14, 0x16, 0x3B, 0x01, 0x32, 0x37, 0x27,
0x02, 0xB9, 0x13, 0x34, 0x1B, 0x74, 0x17, 0x20, 0x09, 0x0B, 0x97, 0x13, 0x13, 0x14, 0x01, 0x6C,
0x05, 0x0C, 0x4A, 0x47, 0x11, 0x20, 0x17, 0x1E, 0x1E, 0x14, 0xDB, 0x37, 0x3C, 0x19, 0x1E, 0x3B,
0x31, 0xA0, 0x24, 0x32, 0x2E, 0x22, 0x55, 0x57, 0x4C, 0x14, 0x14, 0x60, 0x44, 0x01, 0xA4, 0xFE,
0x78, 0x10, 0x1B, 0x33, 0x21, 0x14, 0x93, 0x02, 0x11, 0x0F, 0x0F, 0x09, 0x11, 0x0A, 0x0E, 0x0E,
0xB1, 0x14, 0x14, 0x19, 0x19, 0x1B, 0x38, 0x17, 0x18, 0x0E, 0x52, 0x55, 0x13, 0x12, 0x0F, 0x81,
0x12, 0x23, 0x20, 0x15, 0x08, 0x21, 0x39, 0x1F, 0x77, 0x56, 0x3A, 0x58, 0x18, 0x24, 0x18, 0x3C,
0x2B, 0xFE, 0x07, 0x1C, 0x16, 0x17, 0xA9, 0x00, 0x00, 0x01, 0x00, 0x29, 0x01, 0x8F, 0x00, 0xB9,
0x02, 0x9B, 0x00, 0x03, 0x00, 0x27, 0x40, 0x0F, 0x03, 0x2B, 0x00, 0x01, 0x2B, 0x02, 0x02, 0x01,
0x00, 0x03, 0x00, 0x20, 0x01, 0x01, 0x46, 0x76, 0x2F, 0x37, 0x18, 0x00, 0x3F, 0x3C, 0x3F, 0x3C,
0x01, 0x2F, 0xFD, 0x2F, 0xFD, 0x00, 0x31, 0x30, 0xB2, 0x04, 0x01, 0x05, 0x2B, 0x13, 0x03, 0x33,
0x03, 0x41, 0x18, 0x90, 0x18, 0x01, 0x8F, 0x01, 0x0C, 0xFE, 0xF4, 0x00, 0x00, 0x01, 0x00, 0x5E,
0xFF, 0x92, 0x01, 0x4D, 0x02, 0x9B, 0x00, 0x13, 0x00, 0x36, 0x40, 0x17, 0x13, 0x0A, 0x09, 0x00,
0x13, 0x12, 0x2C, 0x00, 0x0B, 0x0A, 0x2C, 0x08, 0x0F, 0x0E, 0x2B, 0x05, 0x04, 0x09, 0x08, 0x00,
0x01, 0x00, 0x16, 0x00, 0x3F, 0x3C, 0x3F, 0x3C, 0x01, 0x2F, 0x3C, 0xFD, 0x3C, 0x00, 0x10, 0xFD,
0x3C, 0x10, 0xFD, 0x3C, 0x01, 0x2E, 0x2E, 0x2E, 0x2E, 0x31, 0x30, 0xB2, 0x14, 0x04, 0x05, 0x2B,
0x05, 0x23, 0x22, 0x26, 0x35, 0x11, 0x34, 0x36, 0x3B, 0x01, 0x15, 0x23, 0x22, 0x06, 0x15, 0x11,
0x14, 0x16, 0x3B, 0x01, 0x01, 0x4D, 0x4D, 0x5B, 0x47, 0x47, 0x5B, 0x4D, 0x1E, 0x1F, 0x10, 0x10,
0x1F, 0x1E, 0x6E, 0x53, 0x5E, 0x01, 0xA7, 0x5D, 0x54, 0x4E, 0x19, 0x21, 0xFE, 0x07, 0x21, 0x19,
0x00, 0x01, 0x00, 0x0D, 0xFF, 0x92, 0x00, 0xFC, 0x02, 0x9B, 0x00, 0x13, 0x00, 0x36, 0x40, 0x17,
0x13, 0x12, 0x09, 0x08, 0x13, 0x00, 0x2C, 0x11, 0x08, 0x07, 0x2C, 0x09, 0x04, 0x03, 0x2B, 0x0E,
0x0D, 0x0A, 0x09, 0x00, 0x12, 0x11, 0x16, 0x00, 0x3F, 0x3C, 0x3F, 0x3C, 0x01, 0x2F, 0x3C, 0xFD,
0x3C, 0x00, 0x10, 0xFD, 0x3C, 0x10, 0xFD, 0x3C, 0x01, 0x2E, 0x2E, 0x2E, 0x2E, 0x31, 0x30, 0xB2,
0x14, 0x08, 0x05, 0x2B, 0x17, 0x32, 0x36, 0x35, 0x11, 0x34, 0x26, 0x2B, 0x01, 0x35, 0x33, 0x32,
0x16, 0x15, 0x11, 0x14, 0x06, 0x2B, 0x01, 0x35, 0x2B, 0x1F, 0x10, 0x11, 0x1E, 0x1E, 0x4D, 0x5A,
0x48, 0x46, 0x5C, 0x4D, 0x20, 0x19, 0x21, 0x01, 0xF9, 0x20, 0x1A, 0x4E, 0x54, 0x5D, 0xFE, 0x59,
0x5C, 0x55, 0x4E, 0x00, 0x00, 0x01, 0x00, 0x26, 0x01, 0x90, 0x01, 0x2A, 0x02, 0x9B, 0x00, 0x23,
0x00, 0x7F, 0x40, 0x3D, 0x1C, 0x01, 0x12, 0x11, 0x0A, 0x11, 0x00, 0x01, 0x05, 0x09, 0x01, 0x06,
0x09, 0x01, 0x04, 0x09, 0x01, 0x13, 0x16, 0x12, 0x01, 0x00, 0x04, 0x13, 0x09, 0x2C, 0x1B, 0x01,
0x05, 0x0B, 0x17, 0x1D, 0x00, 0x2B, 0x16, 0x12, 0x2B, 0x04, 0x1C, 0x2B, 0x16, 0x0A, 0x2B, 0x04,
0x18, 0x16, 0x11, 0x06, 0x04, 0x0B, 0x11, 0x2B, 0x23, 0x0B, 0x0E, 0x00, 0x20, 0x20, 0x01, 0x04,
0x46, 0x76, 0x2F, 0x37, 0x18, 0x00, 0x3F, 0x3F, 0x01, 0x2F, 0x3C, 0xFD, 0x10, 0xDD, 0x3C, 0x10,
0xDD, 0x3C, 0x31, 0x10, 0xFD, 0x10, 0xFD, 0x10, 0xFD, 0x10, 0xFD, 0x2F, 0xD6, 0x10, 0xD6, 0x00,
0x2F, 0x3C, 0xFD, 0x3C, 0x01, 0x11, 0x12, 0x39, 0x11, 0x12, 0x39, 0x00, 0x11, 0x12, 0x39, 0x11,
0x12, 0x39, 0x11, 0x12, 0x39, 0x00, 0x3E, 0x3E, 0x3E, 0x3E, 0x31, 0x30, 0xB2, 0x24, 0x04, 0x05,
0x2B, 0x13, 0x07, 0x2E, 0x01, 0x27, 0x37, 0x27, 0x3E, 0x01, 0x37, 0x17, 0x27, 0x3E, 0x01, 0x33,
0x32, 0x16, 0x33, 0x07, 0x37, 0x1E, 0x01, 0x17, 0x07, 0x17, 0x0E, 0x01, 0x07, 0x27, 0x17, 0x0E,
0x01, 0x23, 0x22, 0x26, 0x27, 0x8E, 0x49, 0x0C, 0x0F, 0x04, 0x4F, 0x4F, 0x04, 0x0F, 0x0C, 0x49,
0x07, 0x08, 0x0F, 0x0A, 0x0D, 0x10, 0x04, 0x07, 0x49, 0x0B, 0x0F, 0x05, 0x4F, 0x4F, 0x06, 0x0C,
0x0D, 0x49, 0x07, 0x08, 0x0F, 0x0A, 0x08, 0x14, 0x05, 0x01, 0xEE, 0x38, 0x0E, 0x20, 0x15, 0x1C,
0x1D, 0x13, 0x23, 0x0D, 0x39, 0x5B, 0x01, 0x03, 0x04, 0x5B, 0x39, 0x0C, 0x24, 0x13, 0x1D, 0x1C,
0x17, 0x1E, 0x0E, 0x38, 0x5A, 0x02, 0x02, 0x03, 0x01, 0x00, 0x00, 0x01, 0xFF, 0xFE, 0x00, 0x77,
0x01, 0xF5, 0x02, 0x75, 0x00, 0x0B, 0x00, 0x4D, 0x40, 0x26, 0x0B, 0x04, 0x03, 0x03, 0x00, 0x2C,
0x0A, 0x09, 0x06, 0x03, 0x05, 0x22, 0x05, 0x04, 0x02, 0x0B, 0x0A, 0x00, 0x07, 0x06, 0x03, 0x03,
0x02, 0x2B, 0x09, 0x08, 0x01, 0x03, 0x00, 0x02, 0x01, 0x08, 0x08, 0x07, 0x24, 0x01, 0x0A, 0x46,
0x76, 0x2F, 0x37, 0x18, 0x00, 0x3F, 0x3C, 0x3F, 0x3C, 0x01, 0x2F, 0x17, 0x3C, 0xFD, 0x17, 0x3C,
0x10, 0xDD, 0x3C, 0x10, 0xDD, 0x3C, 0x31, 0x00, 0x3F, 0x17, 0x3C, 0xFD, 0x17, 0x3C, 0x31, 0x30,
0xB2, 0x0C, 0x0A, 0x05, 0x2B, 0x13, 0x35, 0x33, 0x15, 0x33, 0x15, 0x23, 0x15, 0x23, 0x35, 0x23,
0x35, 0xC6, 0x66, 0xC9, 0xC9, 0x66, 0xC8, 0x01, 0xA7, 0xCE, 0xCE, 0x62, 0xCE, 0xCE, 0x62, 0x00,
0x00, 0x01, 0x00, 0x49, 0xFF, 0x77, 0x01, 0x42, 0x00, 0xB3, 0x00, 0x06, 0x00, 0x35, 0x40, 0x16,
0x01, 0x00, 0x05, 0x04, 0x2C, 0x00, 0x04, 0x2B, 0x06, 0x05, 0x02, 0x2B, 0x03, 0x06, 0x00, 0x05,
0x03, 0x02, 0x19, 0x01, 0x05, 0x46, 0x76, 0x2F, 0x37, 0x18, 0x00, 0x3F, 0x3C, 0x3F, 0x3C, 0x01,
0x2F, 0xFD, 0x2F, 0x3C, 0xFD, 0x00, 0x10, 0xFD, 0x3C, 0x01, 0x2E, 0x2E, 0x31, 0x30, 0xB2, 0x07,
0x05, 0x05, 0x2B, 0x25, 0x15, 0x07, 0x23, 0x37, 0x23, 0x35, 0x01, 0x42, 0x85, 0x53, 0x46, 0x67,
0xB3, 0xAA, 0x92, 0x89, 0xB3, 0x00, 0x00, 0x01, 0x00, 0x22, 0x00, 0xD1, 0x01, 0x85, 0x01, 0x4E,
0x00, 0x03, 0x00, 0x1E, 0x40, 0x0A, 0x03, 0x02, 0x01, 0x00, 0x03, 0x02, 0x06, 0x01, 0x00, 0x1C,
0x00, 0x3F, 0x3C, 0x3F, 0x3C, 0x00, 0x01, 0x2E, 0x2E, 0x2E, 0x2E, 0x31, 0x30, 0xB2, 0x04, 0x01,
0x05, 0x2B, 0x25, 0x21, 0x35, 0x21, 0x01, 0x85, 0xFE, 0x9D, 0x01, 0x63, 0xD1, 0x7D, 0x00, 0x01,
0x00, 0x49, 0x00, 0x00, 0x01, 0x44, 0x00, 0xB2, 0x00, 0x03, 0x00, 0x1E, 0x40, 0x0A, 0x03, 0x02,
0x01, 0x00, 0x03, 0x00, 0x05, 0x02, 0x01, 0x14, 0x00, 0x3F, 0x3C, 0x3F, 0x3C, 0x00, 0x01, 0x2E,
0x2E, 0x2E, 0x2E, 0x31, 0x30, 0xB2, 0x04, 0x02, 0x05, 0x2B, 0x25, 0x15, 0x23, 0x35, 0x01, 0x44,
0xFB, 0xB2, 0xB2, 0xB2, 0x00, 0x01, 0xFF, 0xF0, 0xFF, 0x92, 0x01, 0x15, 0x02, 0x9B, 0x00, 0x03,
0x00, 0x27, 0x40, 0x0F, 0x02, 0x2B, 0x03, 0x00, 0x2B, 0x01, 0x03, 0x02, 0x00, 0x01, 0x00, 0x16,
0x01, 0x01, 0x46, 0x76, 0x2F, 0x37, 0x18, 0x00, 0x3F, 0x3C, 0x3F, 0x3C, 0x01, 0x2F, 0xFD, 0x2F,
0xFD, 0x00, 0x31, 0x30, 0xB2, 0x04, 0x01, 0x05, 0x2B, 0x17, 0x23, 0x13, 0x33, 0x61, 0x71, 0xB3,
0x72, 0x6E, 0x03, 0x09, 0x00, 0x02, 0x00, 0x36, 0x00, 0x00, 0x03, 0x0E, 0x02, 0x9B, 0x00, 0x11,
0x00, 0x21, 0x00, 0x24, 0x40, 0x13, 0x22, 0x0C, 0x05, 0x17, 0x27, 0x03, 0x21, 0x27, 0x0D, 0x1D,
0x2C, 0x00, 0x15, 0x2C, 0x08, 0x00, 0x00, 0x08, 0x14, 0x00, 0x3F, 0x3F, 0x10, 0xFD, 0x10, 0xFD,
0x01, 0x2F, 0xFD, 0x2F, 0xFD, 0x31, 0x30, 0x2B, 0x01, 0x32, 0x16, 0x15, 0x11, 0x14, 0x0E, 0x01,
0x23, 0x21, 0x22, 0x26, 0x35, 0x11, 0x34, 0x3E, 0x01, 0x33, 0x13, 0x14, 0x16, 0x3B, 0x01, 0x32,
0x36, 0x35, 0x11, 0x34, 0x26, 0x2B, 0x01, 0x22, 0x06, 0x15, 0x02, 0x63, 0x58, 0x53, 0x0E, 0x4A,
0x53, 0xFE, 0x7E, 0x59, 0x52, 0x0E, 0x4A, 0x53, 0x52, 0x17, 0x2B, 0x5A, 0x2B, 0x17, 0x17, 0x2B,
0x5A, 0x2B, 0x17, 0x02, 0x9B, 0x66, 0x59, 0xFE, 0xE3, 0x2B, 0x45, 0x4F, 0x65, 0x5A, 0x01, 0x1D,
0x2C, 0x44, 0x4F, 0xFE, 0x21, 0x2C, 0x22, 0x22, 0x2C, 0x01, 0x23, 0x2C, 0x22, 0x22, 0x2C, 0x00,
0x00, 0x01, 0x00, 0xE7, 0x00, 0x00, 0x02, 0x67, 0x02, 0x9B, 0x00, 0x0B, 0x00, 0x2A, 0x40, 0x14,
0x0C, 0x0A, 0x05, 0x09, 0x2C, 0x0B, 0x00, 0x04, 0x02, 0x27, 0x0A, 0x05, 0x08, 0x00, 0x00, 0x04,
0x14, 0x01, 0x0A, 0x46, 0x76, 0x2F, 0x37, 0x18, 0x00, 0x3F, 0x3F, 0x01, 0x2F, 0xC4, 0xCD, 0xFD,
0xC4, 0x2E, 0x00, 0x2F, 0xFD, 0x31, 0x30, 0x2B, 0x01, 0x33, 0x11, 0x14, 0x17, 0x21, 0x3E, 0x01,
0x35, 0x11, 0x23, 0x35, 0x01, 0xFA, 0x4C, 0x21, 0xFE, 0xC3, 0x10, 0x12, 0x65, 0x02, 0x9B, 0xFD,
0xB9, 0x33, 0x21, 0x0F, 0x2E, 0x17, 0x01, 0x7B, 0x71, 0x00, 0x00, 0x01, 0x00, 0x49, 0x00, 0x00,
0x03, 0x07, 0x02, 0x9B, 0x00, 0x23, 0x00, 0x36, 0x40, 0x1C, 0x24, 0x12, 0x05, 0x22, 0x0B, 0x27,
0x12, 0x10, 0x1B, 0x27, 0x03, 0x07, 0x0C, 0x17, 0x18, 0x1E, 0x22, 0x1E, 0x2C, 0x00, 0x10, 0x0C,
0x2C, 0x11, 0x00, 0x00, 0x11, 0x14, 0x00, 0x3F, 0x3F, 0x10, 0xFD, 0xC4, 0x10, 0xFD, 0xC4, 0x10,
0xD6, 0x3C, 0x10, 0xD6, 0x01, 0x2F, 0xFD, 0x2E, 0x2F, 0xFD, 0x2E, 0x31, 0x30, 0x2B, 0x01, 0x32,
0x16, 0x1D, 0x01, 0x14, 0x06, 0x23, 0x07, 0x0E, 0x01, 0x1D, 0x01, 0x21, 0x32, 0x36, 0x37, 0x07,
0x21, 0x35, 0x34, 0x36, 0x3F, 0x02, 0x32, 0x36, 0x35, 0x34, 0x26, 0x23, 0x21, 0x22, 0x06, 0x07,
0x37, 0x02, 0x2F, 0x6A, 0x65, 0x53, 0x5E, 0xCF, 0x27, 0x10, 0x01, 0x2C, 0x31, 0x3C, 0x27, 0x17,
0xFD, 0x59, 0x2E, 0x6C, 0xE4, 0x15, 0x1B, 0x10, 0x15, 0x1B, 0xFE, 0xEA, 0x25, 0x35, 0x1E, 0x14,
0x02, 0x9B, 0x36, 0x62, 0x81, 0x5A, 0x3B, 0x0F, 0x04, 0x0B, 0x17, 0x4A, 0x0B, 0x14, 0x8D, 0xF4,
0x77, 0x43, 0x09, 0x11, 0x01, 0x16, 0x1C, 0x1B, 0x17, 0x0D, 0x12, 0x8D, 0x00, 0x01, 0x00, 0x43,
0x00, 0x00, 0x02, 0xD7, 0x02, 0x9B, 0x00, 0x32, 0x00, 0x3F, 0x40, 0x21, 0x33, 0x11, 0x05, 0x32,
0x23, 0x11, 0x2A, 0x0A, 0x27, 0x1D, 0x16, 0x00, 0x1A, 0x03, 0x2E, 0x11, 0x0D, 0x2C, 0x12, 0x23,
0x26, 0x2C, 0x21, 0x32, 0x2E, 0x2C, 0x00, 0x03, 0x0F, 0x12, 0x00, 0x21, 0x14, 0x00, 0x3F, 0x3F,
0x3F, 0xC0, 0xFD, 0xC0, 0x10, 0xFD, 0xC4, 0x10, 0xFD, 0xC4, 0x11, 0x12, 0x39, 0x01, 0x2E, 0x2F,
0x3C, 0xFD, 0x3C, 0x2E, 0x2E, 0x2E, 0x31, 0x30, 0x2B, 0x13, 0x1E, 0x01, 0x3B, 0x02, 0x32, 0x3E,
0x02, 0x3D, 0x01, 0x34, 0x2B, 0x01, 0x22, 0x06, 0x07, 0x37, 0x21, 0x32, 0x16, 0x1D, 0x01, 0x14,
0x06, 0x07, 0x32, 0x16, 0x1D, 0x01, 0x14, 0x06, 0x23, 0x21, 0x27, 0x1E, 0x01, 0x3B, 0x01, 0x32,
0x36, 0x3D, 0x01, 0x34, 0x26, 0x2B, 0x01, 0x22, 0x06, 0x07, 0xC5, 0x14, 0x1F, 0x1A, 0x92, 0x0C,
0x0E, 0x0F, 0x0B, 0x05, 0x37, 0xE1, 0x2A, 0x3E, 0x1A, 0x15, 0x01, 0xD7, 0x50, 0x58, 0x42, 0x57,
0x47, 0x52, 0x54, 0x54, 0xFE, 0x29, 0x15, 0x22, 0x4B, 0x2F, 0xB5, 0x2B, 0x1F, 0x12, 0x20, 0x95,
0x1C, 0x23, 0x13, 0x01, 0x8D, 0x05, 0x02, 0x03, 0x0B, 0x0C, 0x0C, 0x4A, 0x37, 0x0A, 0x10, 0x88,
0x3A, 0x4E, 0x57, 0x41, 0x1C, 0x0A, 0x2B, 0x40, 0x5E, 0x4F, 0x3D, 0x8B, 0x12, 0x0B, 0x13, 0x27,
0x40, 0x21, 0x10, 0x03, 0x06, 0x00, 0x00, 0x02, 0x00, 0x07, 0x00, 0x00, 0x03, 0x3A, 0x02, 0x9B,
0x00, 0x10, 0x00, 0x13, 0x00, 0x40, 0x40, 0x22, 0x14, 0x0C, 0x05, 0x0E, 0x12, 0x0D, 0x0C, 0x13,
0x12, 0x10, 0x03, 0x00, 0x2C, 0x0C, 0x0B, 0x02, 0x03, 0x01, 0x25, 0x11, 0x2C, 0x0E, 0x07, 0x0B,
0x13, 0x27, 0x00, 0x06, 0x02, 0x10, 0x0E, 0x00, 0x06, 0x14, 0x00, 0x3F, 0x3F, 0x01, 0x2F, 0x3C,
0xC4, 0xCC, 0xFD, 0x3C, 0xC4, 0x00, 0x10, 0xFD, 0x3F, 0x17, 0x3C, 0xFD, 0x17, 0x3C, 0x01, 0x2E,
0x2E, 0x2E, 0x2E, 0x31, 0x30, 0x2B, 0x01, 0x15, 0x23, 0x15, 0x14, 0x16, 0x17, 0x21, 0x3E, 0x01,
0x3D, 0x01, 0x21, 0x35, 0x01, 0x21, 0x11, 0x27, 0x05, 0x21, 0x03, 0x3A, 0x81, 0x0F, 0x12, 0xFE,
0xC3, 0x10, 0x12, 0xFE, 0x48, 0x01, 0x8E, 0x01, 0x24, 0xFA, 0xFE, 0xFB, 0x01, 0x05, 0x01, 0x40,
0xAF, 0x3D, 0x1A, 0x29, 0x11, 0x0F, 0x2E, 0x17, 0x3D, 0x9F, 0x01, 0x6B, 0xFE, 0xA5, 0xE2, 0xE2,
0x00, 0x01, 0x00, 0x44, 0x00, 0x00, 0x02, 0xFD, 0x02, 0x9B, 0x00, 0x1F, 0x00, 0x36, 0x40, 0x1D,
0x20, 0x0F, 0x05, 0x1E, 0x0F, 0x01, 0x1F, 0x1E, 0x27, 0x05, 0x17, 0x27, 0x0A, 0x1A, 0x2C, 0x06,
0x0A, 0x01, 0x04, 0x2C, 0x00, 0x0F, 0x12, 0x2C, 0x0D, 0x00, 0x00, 0x0D, 0x14, 0x00, 0x3F, 0x3F,
0x10, 0xFD, 0xC4, 0x10, 0xFD, 0xC4, 0x3F, 0xFD, 0x01, 0x2F, 0xFD, 0x2F, 0xFD, 0xC4, 0x2E, 0x2E,
0x2E, 0x31, 0x30, 0x2B, 0x01, 0x17, 0x2E, 0x01, 0x23, 0x21, 0x15, 0x21, 0x32, 0x16, 0x1D, 0x01,
0x14, 0x23, 0x21, 0x27, 0x1E, 0x01, 0x3B, 0x01, 0x32, 0x36, 0x3D, 0x01, 0x34, 0x26, 0x2B, 0x01,
0x22, 0x06, 0x07, 0x13, 0x02, 0xE9, 0x14, 0x15, 0x34, 0x24, 0xFE, 0xB6, 0x01, 0x06, 0x53, 0x54,
0x99, 0xFD, 0xFF, 0x15, 0x21, 0x38, 0x35, 0xE2, 0x22, 0x25, 0x1B, 0x26, 0xF7, 0x29, 0x34, 0x1A,
0x0D, 0x02, 0x9B, 0x89, 0x12, 0x09, 0x85, 0x3F, 0x50, 0x84, 0x95, 0x95, 0x1A, 0x0D, 0x10, 0x1D,
0x69, 0x24, 0x12, 0x0C, 0x15, 0x01, 0x82, 0x00, 0x00, 0x02, 0x00, 0x46, 0x00, 0x00, 0x02, 0xFB,
0x02, 0x9B, 0x00, 0x1D, 0x00, 0x2D, 0x00, 0x35, 0x40, 0x1C, 0x2E, 0x18, 0x05, 0x00, 0x09, 0x20,
0x00, 0x03, 0x2C, 0x1C, 0x29, 0x2C, 0x14, 0x21, 0x2C, 0x0C, 0x0A, 0x1E, 0x27, 0x10, 0x25, 0x08,
0x27, 0x19, 0x1C, 0x00, 0x14, 0x14, 0x00, 0x3F, 0x3F, 0x01, 0x2F, 0xFD, 0x3C, 0x2F, 0xFD, 0x00,
0x3F, 0xFD, 0x10, 0xFD, 0x10, 0xFD, 0xC4, 0x3E, 0x01, 0x2E, 0x31, 0x30, 0x2B, 0x01, 0x2E, 0x01,
0x2B, 0x02, 0x22, 0x06, 0x1D, 0x01, 0x3E, 0x01, 0x3B, 0x01, 0x32, 0x16, 0x1D, 0x01, 0x14, 0x06,
0x23, 0x21, 0x22, 0x26, 0x35, 0x11, 0x34, 0x36, 0x33, 0x21, 0x03, 0x34, 0x26, 0x2B, 0x01, 0x22,
0x06, 0x1D, 0x01, 0x14, 0x16, 0x3B, 0x01, 0x32, 0x36, 0x35, 0x02, 0xEB, 0x1A, 0x38, 0x2E, 0xE2,
0x10, 0x1F, 0x19, 0x07, 0x19, 0x19, 0xF5, 0x4D, 0x3F, 0x5E, 0x5F, 0xFE, 0xD2, 0x69, 0x61, 0x63,
0x69, 0x01, 0xC3, 0xD6, 0x13, 0x25, 0x4E, 0x24, 0x14, 0x13, 0x25, 0x4E, 0x24, 0x14, 0x02, 0x14,
0x11, 0x08, 0x20, 0x20, 0x5D, 0x15, 0x0C, 0x48, 0x4F, 0x73, 0x5B, 0x4C, 0x4E, 0x69, 0x01, 0x38,
0x68, 0x44, 0xFE, 0x69, 0x27, 0x1A, 0x1B, 0x26, 0x55, 0x27, 0x1A, 0x1B, 0x26, 0x00, 0x00, 0x01,
0x00, 0x50, 0x00, 0x00, 0x02, 0xF6, 0x02, 0x9B, 0x00, 0x0E, 0x00, 0x1F, 0x40, 0x0F, 0x0F, 0x0D,
0x05, 0x0D, 0x09, 0x05, 0x01, 0x0D, 0x09, 0x2C, 0x00, 0x00, 0x05, 0x04, 0x14, 0x00, 0x3F, 0x3C,
0x3F, 0xFD, 0xC4, 0x01, 0x2E, 0x2E, 0x2E, 0x2E, 0x31, 0x30, 0x2B, 0x01, 0x17, 0x06, 0x02, 0x07,
0x21, 0x3E, 0x02, 0x37, 0x21, 0x22, 0x06, 0x07, 0x37, 0x02, 0xED, 0x09, 0x78, 0xA7, 0x19, 0xFE,
0xE1, 0x1A, 0x6D, 0x89, 0x48, 0xFE, 0xDF, 0x32, 0x36, 0x1E, 0x15, 0x02, 0x9B, 0x6E, 0x80, 0xFE,
0xE5, 0x92, 0x5A, 0xC4, 0xBC, 0x53, 0x08, 0x13, 0x89, 0x00, 0x00, 0x03, 0x00, 0x47, 0x00, 0x00,
0x02, 0xFB, 0x02, 0x9B, 0x00, 0x1A, 0x00, 0x2A, 0x00, 0x3B, 0x00, 0x40, 0x40, 0x21, 0x3C, 0x07,
0x05, 0x18, 0x0A, 0x18, 0x0A, 0x22, 0x2B, 0x32, 0x2C, 0x03, 0x1B, 0x2C, 0x10, 0x2B, 0x2C, 0x22,
0x20, 0x37, 0x27, 0x27, 0x00, 0x14, 0x2E, 0x1E, 0x27, 0x07, 0x0D, 0x10, 0x00, 0x03, 0x14, 0x00,
0x3F, 0x3F, 0x01, 0x2F, 0x3C, 0xFD, 0x3C, 0x2F, 0x3C, 0xFD, 0x3C, 0x00, 0x3F, 0xFD, 0x10, 0xFD,
0x10, 0xFD, 0x11, 0x12, 0x39, 0x39, 0x01, 0x2E, 0x2E, 0x31, 0x30, 0x2B, 0x25, 0x14, 0x06, 0x23,
0x21, 0x22, 0x26, 0x35, 0x34, 0x36, 0x33, 0x22, 0x26, 0x35, 0x34, 0x36, 0x33, 0x21, 0x32, 0x16,
0x1D, 0x01, 0x14, 0x06, 0x23, 0x32, 0x16, 0x01, 0x22, 0x06, 0x1D, 0x01, 0x14, 0x16, 0x3B, 0x01,
0x32, 0x36, 0x3D, 0x01, 0x34, 0x26, 0x23, 0x03, 0x22, 0x06, 0x1D, 0x01, 0x14, 0x16, 0x3B, 0x01,
0x32, 0x36, 0x3D, 0x01, 0x34, 0x26, 0x2B, 0x01, 0x02, 0xFB, 0x61, 0x4E, 0xFE, 0xA9, 0x4F, 0x5F,
0x33, 0x7B, 0x7B, 0x33, 0x4B, 0x6E, 0x01, 0x41, 0x6F, 0x4B, 0x54, 0x5B, 0x7C, 0x33, 0xFE, 0x7D,
0x1D, 0x1A, 0x18, 0x22, 0x4B, 0x23, 0x18, 0x1B, 0x1D, 0x49, 0x29, 0x16, 0x13, 0x1C, 0x62, 0x1C,
0x13, 0x13, 0x21, 0x0C, 0x8E, 0x4B, 0x43, 0x41, 0x4D, 0x85, 0x45, 0x43, 0x84, 0x3C, 0x40, 0x3F,
0x3D, 0x4C, 0x4F, 0x2C, 0x45, 0x01, 0x1A, 0x14, 0x1C, 0x37, 0x22, 0x14, 0x14, 0x22, 0x37, 0x1B,
0x15, 0xFE, 0xF6, 0x14, 0x28, 0x40, 0x1D, 0x1C, 0x1C, 0x1D, 0x40, 0x20, 0x1C, 0x00, 0x00, 0x02,
0x00, 0x47, 0x00, 0x00, 0x02, 0xFB, 0x02, 0x9B, 0x00, 0x1E, 0x00, 0x2E, 0x00, 0x31, 0x40, 0x19,
0x2F, 0x10, 0x05, 0x00, 0x00, 0x03, 0x2C, 0x1D, 0x26, 0x2C, 0x14, 0x1F, 0x2C, 0x0C, 0x2A, 0x27,
0x11, 0x09, 0x23, 0x27, 0x18, 0x14, 0x00, 0x1D, 0x14, 0x00, 0x3F, 0x3F, 0x01, 0x2F, 0xFD, 0x3C,
0x2F, 0xFD, 0x00, 0x2F, 0xFD, 0x10, 0xFD, 0x10, 0xFD, 0xC4, 0x01, 0x2E, 0x31, 0x30, 0x2B, 0x37,
0x1E, 0x01, 0x3B, 0x02, 0x32, 0x36, 0x3D, 0x01, 0x0E, 0x01, 0x2B, 0x01, 0x22, 0x26, 0x3D, 0x01,
0x34, 0x36, 0x33, 0x21, 0x32, 0x16, 0x15, 0x11, 0x15, 0x14, 0x06, 0x23, 0x21, 0x01, 0x32, 0x36,
0x3D, 0x01, 0x34, 0x26, 0x2B, 0x01, 0x22, 0x06, 0x1D, 0x01, 0x14, 0x16, 0x33, 0x50, 0x19, 0x33,
0x27, 0x14, 0xD3, 0x2A, 0x2D, 0x0A, 0x27, 0x22, 0xCD, 0x55, 0x45, 0x45, 0x4C, 0x01, 0x5E, 0x64,
0x61, 0x57, 0x4C, 0xFE, 0x0B, 0x01, 0x66, 0x26, 0x12, 0x13, 0x25, 0x4F, 0x26, 0x12, 0x13, 0x25,
0x84, 0x0E, 0x08, 0x11, 0x23, 0x76, 0x1E, 0x15, 0x43, 0x55, 0x80, 0x4D, 0x51, 0x46, 0x62, 0xFE,
0xB2, 0x1B, 0x49, 0x41, 0x01, 0x51, 0x19, 0x29, 0x58, 0x28, 0x1A, 0x19, 0x29, 0x58, 0x28, 0x1A,
0x00, 0x02, 0x00, 0x49, 0x00, 0x00, 0x01, 0x44, 0x01, 0xD7, 0x00, 0x03, 0x00, 0x07, 0x00, 0x34,
0x40, 0x16, 0x07, 0x06, 0x05, 0x04, 0x03, 0x02, 0x01, 0x00, 0x07, 0x04, 0x2C, 0x05, 0x02, 0x01,
0x2C, 0x00, 0x03, 0x00, 0x07, 0x06, 0x05, 0x14, 0x00, 0x3F, 0x3C, 0x3F, 0x3C, 0x00, 0x10, 0xFD,
0x3C, 0x10, 0xFD, 0x3C, 0x01, 0x2E, 0x2E, 0x2E, 0x2E, 0x2E, 0x2E, 0x2E, 0x2E, 0x31, 0x30, 0xB2,
0x08, 0x02, 0x05, 0x2B, 0x01, 0x15, 0x23, 0x35, 0x13, 0x15, 0x23, 0x35, 0x01, 0x44, 0xFB, 0xFB,
0xFB, 0x01, 0xD7, 0xB2, 0xB2, 0xFE, 0xDB, 0xB2, 0xB2, 0x00, 0x00, 0x02, 0x00, 0x49, 0xFF, 0x77,
0x01, 0x44, 0x01, 0xD7, 0x00, 0x06, 0x00, 0x0A, 0x00, 0x47, 0x40, 0x21, 0x08, 0x07, 0x01, 0x00,
0x06, 0x00, 0x2C, 0x05, 0x04, 0x14, 0x09, 0x08, 0x2C, 0x07, 0x04, 0x2B, 0x0A, 0x09, 0x06, 0x03,
0x05, 0x02, 0x2B, 0x03, 0x0A, 0x07, 0x07, 0x03, 0x02, 0x19, 0x01, 0x09, 0x46, 0x76, 0x2F, 0x37,
0x18, 0x00, 0x3F, 0x3C, 0x3F, 0x3C, 0x01, 0x2F, 0xFD, 0x2F, 0x17, 0x3C, 0xFD, 0x00, 0x10, 0xFD,
0x3C, 0x3F, 0x3C, 0xFD, 0x3C, 0x01, 0x2E, 0x2E, 0x2E, 0x2E, 0x31, 0x30, 0xB2, 0x0B, 0x09, 0x05,
0x2B, 0x25, 0x15, 0x07, 0x23, 0x37, 0x23, 0x35, 0x13, 0x15, 0x23, 0x35, 0x01, 0x43, 0x85, 0x53,
0x45, 0x66, 0xFA, 0xFB, 0xB3, 0xAA, 0x92, 0x89, 0xB3, 0x01, 0x24, 0xB2, 0xB2, 0x00, 0x00, 0x01,
0x00, 0x21, 0xFF, 0xFF, 0x01, 0xD2, 0x02, 0xA7, 0x00, 0x06, 0x00, 0x23, 0x40, 0x0C, 0x06, 0x05,
0x04, 0x03, 0x01, 0x00, 0x06, 0x02, 0x5D, 0x03, 0x14, 0x78, 0x00, 0x76, 0x3F, 0x76, 0x3F, 0x18,
0x00, 0x01, 0x2E, 0x2E, 0x2E, 0x2E, 0x2E, 0x2E, 0x31, 0x30, 0xB2, 0x07, 0x04, 0x05, 0x2B, 0x01,
0x07, 0x1F, 0x01, 0x25, 0x35, 0x25, 0x01, 0xD2, 0xCA, 0xC9, 0x01, 0xFE, 0x4F, 0x01, 0xB1, 0x01,
0xCE, 0x7B, 0x7C, 0xD8, 0xFA, 0xB5, 0xF9, 0x00, 0x00, 0x02, 0xFF, 0xFE, 0x00, 0xF7, 0x01, 0xF6,
0x01, 0xF5, 0x00, 0x03, 0x00, 0x07, 0x00, 0x34, 0x40, 0x16, 0x07, 0x06, 0x05, 0x04, 0x03, 0x02,
0x01, 0x00, 0x02, 0x01, 0x2C, 0x00, 0x07, 0x04, 0x2C, 0x05, 0x03, 0x00, 0x01, 0x06, 0x05, 0x27,
0x00, 0x3F, 0x3C, 0x3F, 0x3C, 0x00, 0x10, 0xFD, 0x3C, 0x10, 0xFD, 0x3C, 0x01, 0x2E, 0x2E, 0x2E,
0x2E, 0x2E, 0x2E, 0x2E, 0x2E, 0x31, 0x30, 0xB2, 0x08, 0x02, 0x05, 0x2B, 0x01, 0x15, 0x21, 0x35,
0x05, 0x15, 0x21, 0x35, 0x01, 0xF6, 0xFE, 0x08, 0x01, 0xF8, 0xFE, 0x08, 0x01, 0xF5, 0x5F, 0x5F,
0x9F, 0x5F, 0x5F, 0x00, 0x00, 0x01, 0x00, 0x21, 0xFF, 0xFF, 0x01, 0xD2, 0x02, 0xA7, 0x00, 0x06,
0x00, 0x23, 0x40, 0x0C, 0x06, 0x05, 0x04, 0x03, 0x01, 0x00, 0x03, 0x02, 0x5D, 0x06, 0x14, 0x78,
0x00, 0x76, 0x3F, 0x76, 0x3F, 0x18, 0x00, 0x01, 0x2E, 0x2E, 0x2E, 0x2E, 0x2E, 0x2E, 0x31, 0x30,
0xB2, 0x07, 0x00, 0x05, 0x2B, 0x3F, 0x01, 0x2F, 0x01, 0x05, 0x15, 0x05, 0x21, 0xCB, 0xCA, 0x01,
0x01, 0xB1, 0xFE, 0x4F, 0xD8, 0x7C, 0x7C, 0xD7, 0xF9, 0xB6, 0xF9, 0x00, 0x00, 0x02, 0x00, 0x42,
0x00, 0x00, 0x02, 0xDD, 0x02, 0x9B, 0x00, 0x1D, 0x00, 0x21, 0x00, 0x3A, 0x40, 0x20, 0x22, 0x0F,
0x05, 0x0F, 0x00, 0x21, 0x27, 0x1D, 0x1E, 0x08, 0x27, 0x14, 0x1D, 0x1C, 0x19, 0x12, 0x18, 0x12,
0x00, 0x1C, 0x03, 0x0B, 0x1E, 0x2C, 0x1F, 0x0F, 0x0B, 0x2C, 0x10, 0x00, 0x1F, 0x14, 0x00, 0x3F,
0x3F, 0xFD, 0xC4, 0x10, 0xFD, 0x10, 0xD6, 0x3E, 0x3E, 0x3E, 0x3E, 0x01, 0x2F, 0xFD, 0x2F, 0x3C,
0xFD, 0x3C, 0x2E, 0x31, 0x30, 0x2B, 0x37, 0x27, 0x34, 0x3B, 0x01, 0x32, 0x36, 0x3D, 0x01, 0x34,
0x26, 0x2B, 0x01, 0x22, 0x06, 0x07, 0x37, 0x21, 0x32, 0x16, 0x1D, 0x01, 0x14, 0x06, 0x2B, 0x01,
0x22, 0x06, 0x1D, 0x01, 0x17, 0x15, 0x23, 0x35, 0xD9, 0x01, 0x79, 0x4F, 0x24, 0x1E, 0x15, 0x1E,
0xFE, 0x25, 0x31, 0x19, 0x13, 0x01, 0xD4, 0x55, 0x5F, 0x4A, 0x47, 0x3B, 0x2C, 0x14, 0x03, 0xFB,
0xD3, 0x5A, 0x79, 0x13, 0x22, 0x20, 0x1E, 0x15, 0x09, 0x11, 0x87, 0x38, 0x4F, 0x46, 0x46, 0x52,
0x16, 0x2C, 0x21, 0x21, 0xB2, 0xB2, 0x00, 0x02, 0x00, 0x1E, 0xFF, 0xF1, 0x02, 0xBF, 0x02, 0xAA,
0x00, 0x36, 0x00, 0x42, 0x00, 0x68, 0x40, 0x33, 0x04, 0x17, 0x13, 0x1A, 0x35, 0x0D, 0x29, 0x13,
0x36, 0x00, 0x0D, 0x16, 0x26, 0x37, 0x2C, 0x32, 0x3D, 0x2C, 0x2C, 0x25, 0x0D, 0x2C, 0x20, 0x13,
0x2C, 0x1A, 0x07, 0x2C, 0x26, 0x21, 0x40, 0x3A, 0x36, 0x2B, 0x00, 0x3A, 0x2B, 0x2F, 0x10, 0x2B,
0x1D, 0x0A, 0x2B, 0x23, 0x20, 0x02, 0x1A, 0x1D, 0x01, 0x1D, 0x46, 0x76, 0x2F, 0x37, 0x18, 0x00,
0x3F, 0x3F, 0x01, 0x2F, 0xFD, 0x2F, 0xFD, 0x2F, 0xFD, 0x2F, 0xFD, 0x10, 0xD6, 0x00, 0x3F, 0xFD,
0x10, 0xFD, 0x10, 0xFD, 0x3F, 0xFD, 0x2F, 0xFD, 0x10, 0xD6, 0x10, 0xD6, 0x3C, 0x10, 0xD6, 0x10,
0xD6, 0x00, 0x11, 0x12, 0x39, 0x01, 0x2E, 0x31, 0x30, 0xB2, 0x43, 0x1D, 0x05, 0x2B, 0x01, 0x07,
0x0E, 0x01, 0x15, 0x14, 0x16, 0x33, 0x32, 0x36, 0x35, 0x34, 0x26, 0x23, 0x22, 0x06, 0x15, 0x14,
0x16, 0x33, 0x32, 0x36, 0x37, 0x17, 0x0E, 0x01, 0x23, 0x22, 0x26, 0x35, 0x34, 0x36, 0x33, 0x32,
0x16, 0x15, 0x14, 0x06, 0x23, 0x22, 0x26, 0x27, 0x0E, 0x01, 0x23, 0x22, 0x26, 0x35, 0x34, 0x36,
0x33, 0x32, 0x16, 0x17, 0x37, 0x07, 0x22, 0x06, 0x15, 0x14, 0x16, 0x33, 0x32, 0x36, 0x35, 0x34,
0x26, 0x02, 0x33, 0x25, 0x04, 0x03, 0x0A, 0x0C, 0x24, 0x2F, 0x86, 0x6A, 0x6B, 0xA0, 0x8B, 0x74,
0x34, 0x63, 0x30, 0x15, 0x2F, 0x75, 0x38, 0x94, 0xC2, 0xD2, 0x8D, 0x8D, 0xB5, 0x5D, 0x48, 0x1A,
0x2E, 0x07, 0x14, 0x46, 0x24, 0x3A, 0x53, 0x63, 0x51, 0x1C, 0x33, 0x0F, 0x07, 0x5C, 0x25, 0x32,
0x25, 0x1D, 0x26, 0x2D, 0x23, 0x01, 0xED, 0xBF, 0x0F, 0x17, 0x06, 0x0F, 0x11, 0x71, 0x29, 0x68,
0x75, 0x9E, 0x6C, 0x76, 0x97, 0x0E, 0x10, 0x51, 0x0F, 0x0F, 0xC8, 0x96, 0x8D, 0xCE, 0xAA, 0x8C,
0x4B, 0x90, 0x1D, 0x19, 0x1D, 0x22, 0x59, 0x3A, 0x53, 0x82, 0x19, 0x17, 0x25, 0x55, 0x42, 0x26,
0x1E, 0x27, 0x45, 0x28, 0x1B, 0x25, 0x00, 0x02, 0xFF, 0xF3, 0x00, 0x00, 0x03, 0x57, 0x02, 0x9B,
0x00, 0x18, 0x00, 0x1B, 0x00, 0x4F, 0x40, 0x28, 0x1C, 0x12, 0x05, 0x18, 0x06, 0x04, 0x03, 0x16,
0x00, 0x19, 0x19, 0x2C, 0x00, 0x1B, 0x1A, 0x2C, 0x0A, 0x09, 0x05, 0x1B, 0x1A, 0x0B, 0x11, 0x2B,
0x12, 0x0E, 0x2B, 0x12, 0x18, 0x00, 0x00, 0x12, 0x11, 0x04, 0x03, 0x03, 0x14, 0x01, 0x12, 0x46,
0x76, 0x2F, 0x37, 0x18, 0x00, 0x3F, 0x17, 0x3C, 0x3F, 0x3C, 0x01, 0x2F, 0xFD, 0x10, 0xFD, 0x3C,
0x2F, 0xD6, 0x00, 0x3F, 0x3C, 0xFD, 0x3C, 0x10, 0xFD, 0x00, 0x11, 0x12, 0x39, 0x01, 0x2E, 0x2E,
0x2E, 0x2F, 0x31, 0x30, 0x2B, 0x01, 0x13, 0x16, 0x17, 0x21, 0x36, 0x35, 0x34, 0x26, 0x27, 0x21,
0x07, 0x0E, 0x01, 0x15, 0x14, 0x16, 0x17, 0x23, 0x3E, 0x01, 0x37, 0x13, 0x26, 0x27, 0x17, 0x07,
0x33, 0x02, 0x39, 0xEA, 0x11, 0x23, 0xFE, 0xB0, 0x11, 0x25, 0x0B, 0xFE, 0xEF, 0x2A, 0x05, 0x07,
0x07, 0x06, 0xBB, 0x16, 0x29, 0x11, 0xEB, 0x0B, 0x10, 0x53, 0x5D, 0xB2, 0x02, 0x9B, 0xFD, 0xB3,
0x28, 0x26, 0x14, 0x19, 0x20, 0x4E, 0x19, 0x5B, 0x0B, 0x15, 0x0B, 0x0A, 0x18, 0x0C, 0x1A, 0x40,
0x23, 0x01, 0xF6, 0x18, 0x10, 0xAC, 0xCF, 0x00, 0x00, 0x03, 0x00, 0x2F, 0x00, 0x00, 0x02, 0xFC,
0x02, 0x9B, 0x00, 0x16, 0x00, 0x20, 0x00, 0x2A, 0x00, 0x87, 0x41, 0x31, 0x00, 0x2B, 0x00, 0x05,
0x00, 0x05, 0x00, 0x14, 0x00, 0x14, 0x00, 0x17, 0x00, 0x28, 0x00, 0x28, 0x00, 0x2C, 0x00, 0x17,
0x00, 0x20, 0x00, 0x21, 0x00, 0x2C, 0x00, 0x04, 0x00, 0x1E, 0x00, 0x2C, 0x00, 0x0C, 0x00, 0x30,
0x00, 0x14, 0x00, 0x35, 0x00, 0x03, 0x00, 0xA0, 0x00, 0x0B, 0x00, 0xB7, 0x00, 0x0B, 0x00, 0x04,
0x00, 0x14, 0xFF, 0xC0, 0x00, 0x29, 0x00, 0x1F, 0x00, 0x27, 0x00, 0x09, 0x00, 0x05, 0x00, 0x0C,
0x00, 0x09, 0x00, 0x14, 0x00, 0x1B, 0x00, 0x10, 0x00, 0x25, 0x00, 0x1A, 0x00, 0x27, 0x00, 0x00,
0x00, 0x10, 0x00, 0x0D, 0x00, 0x0C, 0x00, 0x00, 0x00, 0x05, 0x00, 0x04, 0x00, 0x14, 0x00, 0x3F,
0x3C, 0x3F, 0x3C, 0x01, 0x2F, 0x3C, 0xFD, 0x3C, 0x11, 0x12, 0x39, 0x2F, 0xD6, 0x3C, 0x10, 0xFD,
0x3C, 0x38, 0x5D, 0x00, 0x10, 0xFD, 0x10, 0xFD, 0x3F, 0xFD, 0x11, 0x12, 0x39, 0x2F, 0x31, 0x30,
0x2B, 0x25, 0x15, 0x14, 0x06, 0x23, 0x21, 0x3E, 0x01, 0x35, 0x11, 0x34, 0x26, 0x27, 0x21, 0x32,
0x16, 0x1D, 0x01, 0x14, 0x06, 0x23, 0x32, 0x16, 0x25, 0x32, 0x36, 0x3D, 0x01, 0x34, 0x26, 0x2B,
0x01, 0x15, 0x13, 0x32, 0x36, 0x3D, 0x01, 0x34, 0x26, 0x2B, 0x01, 0x15, 0x02, 0xFC, 0x5C, 0x55,
0xFD, 0xE4, 0x0E, 0x0E, 0x0D, 0x0F, 0x02, 0x1C, 0x54, 0x5D, 0x4E, 0x51, 0x4F, 0x50, 0xFE, 0xD6,
0x21, 0x14, 0x15, 0x19, 0x91, 0x7D, 0x22, 0x20, 0x17, 0x25, 0x83, 0xE6, 0x5C, 0x50, 0x3A, 0x14,
0x35, 0x1A, 0x01, 0xD5, 0x1E, 0x2F, 0x16, 0x3A, 0x51, 0x42, 0x48, 0x2D, 0x2B, 0x5C, 0x1F, 0x22,
0x1A, 0x2D, 0x1B, 0xA3, 0xFE, 0xE4, 0x15, 0x1F, 0x42, 0x23, 0x15, 0xAE, 0x00, 0x01, 0x00, 0x28,
0x00, 0x00, 0x02, 0x80, 0x02, 0x9B, 0x00, 0x19, 0x00, 0x23, 0x40, 0x12, 0x1A, 0x14, 0x05, 0x0F,
0x00, 0x07, 0x27, 0x15, 0x00, 0x03, 0x2C, 0x18, 0x00, 0x0F, 0x0B, 0x2C, 0x10, 0x14, 0x00, 0x3F,
0xFD, 0xC6, 0x3F, 0xFD, 0xC6, 0x01, 0x2F, 0xFD, 0x2F, 0x2F, 0x31, 0x30, 0x2B, 0x01, 0x2E, 0x01,
0x2B, 0x01, 0x22, 0x06, 0x15, 0x11, 0x14, 0x16, 0x3B, 0x01, 0x32, 0x36, 0x37, 0x07, 0x21, 0x22,
0x26, 0x35, 0x11, 0x34, 0x36, 0x33, 0x21, 0x02, 0x78, 0x1A, 0x39, 0x2A, 0x8B, 0x33, 0x18, 0x26,
0x32, 0x84, 0x24, 0x3D, 0x1E, 0x14, 0xFE, 0x67, 0x56, 0x55, 0x54, 0x57, 0x01, 0x8D, 0x02, 0x11,
0x12, 0x0A, 0x1F, 0x36, 0xFE, 0xE6, 0x31, 0x1F, 0x09, 0x0C, 0x83, 0x68, 0x57, 0x01, 0x1D, 0x58,
0x67, 0x00, 0x00, 0x02, 0x00, 0x2E, 0x00, 0x00, 0x02, 0xFF, 0x02, 0x9B, 0x00, 0x0F, 0x00, 0x19,
0x00, 0x31, 0x40, 0x1B, 0x1A, 0x04, 0x05, 0x10, 0x2C, 0x0C, 0x17, 0x2C, 0x04, 0xA6, 0x04, 0xB7,
0x04, 0x02, 0x14, 0x27, 0x08, 0x18, 0x27, 0x01, 0x0D, 0x04, 0x01, 0x04, 0x00, 0x0C, 0x14, 0x00,
0x3F, 0x3F, 0x01, 0x2F, 0xD6, 0x3C, 0x10, 0xFD, 0x2F, 0xFD, 0x5D, 0x00, 0x10, 0xFD, 0x10, 0xFD,
0x31, 0x30, 0x2B, 0x37, 0x11, 0x34, 0x26, 0x27, 0x21, 0x32, 0x16, 0x15, 0x11, 0x14, 0x06, 0x23,
0x21, 0x3E, 0x01, 0x25, 0x32, 0x36, 0x35, 0x11, 0x34, 0x26, 0x2B, 0x01, 0x11, 0x4A, 0x0D, 0x0F,
0x02, 0x26, 0x58, 0x53, 0x51, 0x5A, 0xFD, 0xDA, 0x0E, 0x0E, 0x01, 0x76, 0x2A, 0x17, 0x16, 0x2B,
0x79, 0x63, 0x01, 0xD5, 0x1E, 0x2F, 0x16, 0x66, 0x59, 0xFE, 0xE3, 0x59, 0x66, 0x14, 0x35, 0x25,
0x22, 0x2C, 0x01, 0x23, 0x2D, 0x21, 0xFE, 0x41, 0x00, 0x01, 0x00, 0x3C, 0x00, 0x00, 0x02, 0xAB,
0x02, 0x9B, 0x00, 0x1D, 0x00, 0x40, 0x40, 0x24, 0x1E, 0x10, 0x05, 0xA7, 0x17, 0xB7, 0x17, 0x02,
0x19, 0x0E, 0x05, 0x04, 0x09, 0x00, 0x27, 0x14, 0x10, 0x17, 0x14, 0x05, 0x08, 0x2C, 0x04, 0x00,
0x20, 0x19, 0x47, 0x1C, 0x2C, 0x17, 0x00, 0x0E, 0x0A, 0x2C, 0x0F, 0x14, 0x00, 0x3F, 0xFD, 0xC4,
0x3F, 0xFD, 0xE4, 0x3F, 0xC6, 0xFD, 0xC6, 0x01, 0x2F, 0xD6, 0x3C, 0x10, 0xFD, 0x3C, 0x2F, 0x2F,
0x2F, 0x2F, 0x5D, 0x31, 0x30, 0x2B, 0x01, 0x33, 0x32, 0x36, 0x37, 0x15, 0x2E, 0x01, 0x2B, 0x01,
0x15, 0x33, 0x32, 0x36, 0x37, 0x07, 0x21, 0x3E, 0x01, 0x35, 0x11, 0x34, 0x26, 0x27, 0x21, 0x17,
0x2E, 0x01, 0x2B, 0x01, 0x01, 0x55, 0xCC, 0x20, 0x27, 0x18, 0x0F, 0x25, 0x18, 0xDF, 0xF7, 0x12,
0x20, 0x2D, 0x16, 0xFD, 0xA7, 0x0E, 0x0E, 0x0D, 0x0F, 0x02, 0x4B, 0x13, 0x19, 0x39, 0x23, 0xD0,
0x01, 0x8B, 0x05, 0x0A, 0x8D, 0x0B, 0x07, 0xB1, 0x07, 0x10, 0x85, 0x14, 0x35, 0x1A, 0x01, 0xD5,
0x1E, 0x2F, 0x16, 0x7E, 0x09, 0x07, 0x00, 0x01, 0x00, 0x2F, 0x00, 0x00, 0x02, 0x8B, 0x02, 0x9B,
0x00, 0x1B, 0x00, 0x3D, 0x40, 0x23, 0x1C, 0x0D, 0x05, 0xA8, 0x0C, 0xA7, 0x14, 0xB7, 0x14, 0x03,
0x16, 0x04, 0x03, 0x0C, 0x08, 0x00, 0x27, 0x11, 0x0D, 0x14, 0x11, 0x04, 0x07, 0x2C, 0x03, 0x00,
0x20, 0x16, 0x47, 0x1A, 0x2C, 0x14, 0x00, 0x0C, 0x14, 0x00, 0x3F, 0x3F, 0xFD, 0xE6, 0x3F, 0xC6,
0xFD, 0xC6, 0x01, 0x2F, 0xD6, 0x3C, 0x10, 0xFD, 0x3C, 0xC6, 0x2F, 0x2F, 0x2E, 0x5D, 0x31, 0x30,
0x2B, 0x01, 0x33, 0x32, 0x37, 0x15, 0x2E, 0x01, 0x2B, 0x01, 0x15, 0x14, 0x16, 0x17, 0x21, 0x3E,
0x01, 0x35, 0x11, 0x34, 0x26, 0x27, 0x21, 0x17, 0x2E, 0x01, 0x2B, 0x02, 0x01, 0x48, 0xDE, 0x2D,
0x28, 0x17, 0x36, 0x1E, 0xC8, 0x0D, 0x0F, 0xFE, 0xCB, 0x0E, 0x0E, 0x0D, 0x0F, 0x02, 0x48, 0x14,
0x18, 0x3F, 0x22, 0x12, 0xB8, 0x01, 0x8C, 0x11, 0x93, 0x0B, 0x09, 0xBB, 0x1E, 0x2F, 0x16, 0x14,
0x35, 0x1A, 0x01, 0xD5, 0x1E, 0x2F, 0x16, 0x7E, 0x09, 0x07, 0x00, 0x01, 0x00, 0x35, 0x00, 0x00,
0x03, 0x07, 0x02, 0x9B, 0x00, 0x2D, 0x00, 0x4C, 0x40, 0x28, 0x2E, 0x28, 0x05, 0xDF, 0x14, 0x01,
0x21, 0x00, 0x00, 0x03, 0x2C, 0x2C, 0x21, 0x0B, 0x2C, 0x1D, 0x14, 0x10, 0x2C, 0x15, 0x20, 0x14,
0x25, 0x10, 0x27, 0x19, 0x1D, 0x16, 0x19, 0x07, 0x27, 0x29, 0x2C, 0x00, 0x24, 0x1D, 0x14, 0x01,
0x28, 0x46, 0x76, 0x2F, 0x37, 0x18, 0x00, 0x3F, 0x3C, 0x3F, 0x01, 0x2F, 0xFD, 0x2F, 0xD6, 0x3C,
0x10, 0xFD, 0xFD, 0x00, 0x3F, 0xFD, 0xC5, 0x10, 0xFD, 0x39, 0x10, 0xFD, 0xC6, 0x01, 0x2F, 0x2E,
0x5D, 0x31, 0x30, 0x2B, 0x01, 0x2E, 0x01, 0x2B, 0x01, 0x22, 0x06, 0x15, 0x11, 0x14, 0x16, 0x3B,
0x01, 0x32, 0x36, 0x3D, 0x01, 0x23, 0x22, 0x06, 0x07, 0x35, 0x21, 0x0E, 0x01, 0x1D, 0x01, 0x14,
0x16, 0x17, 0x23, 0x2E, 0x01, 0x27, 0x14, 0x06, 0x2B, 0x01, 0x22, 0x26, 0x35, 0x11, 0x34, 0x36,
0x33, 0x21, 0x02, 0xDD, 0x17, 0x32, 0x23, 0xFD, 0x2B, 0x17, 0x17, 0x2B, 0x48, 0x22, 0x12, 0x3F,
0x18, 0x23, 0x15, 0x01, 0xA6, 0x0F, 0x0D, 0x0D, 0x0F, 0xDD, 0x04, 0x06, 0x02, 0x3D, 0x3A, 0xC1,
0x54, 0x5D, 0x5F, 0x52, 0x01, 0xE1, 0x02, 0x19, 0x0D, 0x07, 0x22, 0x2C, 0xFE, 0xDD, 0x2C, 0x22,
0x1E, 0x25, 0x73, 0x06, 0x09, 0x79, 0x15, 0x31, 0x1D, 0xC8, 0x1D, 0x31, 0x15, 0x10, 0x2B, 0x0E,
0x2F, 0x1A, 0x3B, 0x50, 0x01, 0x86, 0x4F, 0x3B, 0x00, 0x01, 0x00, 0x22, 0x00, 0x00, 0x03, 0x16,
0x02, 0x9B, 0x00, 0x23, 0x00, 0x58, 0x40, 0x35, 0x24, 0x05, 0x05, 0x00, 0x2C, 0x11, 0x20, 0x9F,
0x1F, 0x90, 0x0D, 0x90, 0x04, 0xA7, 0x0C, 0xA8, 0x04, 0xA7, 0x1F, 0xB7, 0x0C, 0xB8, 0x0D, 0xB7,
0x16, 0x09, 0x1F, 0x16, 0x23, 0x13, 0x27, 0x1A, 0x1E, 0x17, 0x1A, 0x04, 0x0D, 0x00, 0x10, 0x27,
0x09, 0x05, 0x0C, 0x09, 0x16, 0x0C, 0x00, 0x1F, 0x04, 0x14, 0x01, 0x05, 0x46, 0x76, 0x2F, 0x37,
0x18, 0x00, 0x3F, 0x3C, 0x3F, 0x3C, 0x01, 0x2F, 0xD6, 0x3C, 0x10, 0xFD, 0x3C, 0xD6, 0x3C, 0x2F,
0xD6, 0x3C, 0x10, 0xFD, 0x3C, 0xD6, 0x3C, 0x5D, 0x00, 0x3F, 0xFD, 0x31, 0x30, 0x2B, 0x01, 0x15,
0x14, 0x16, 0x17, 0x21, 0x3E, 0x01, 0x35, 0x11, 0x34, 0x26, 0x27, 0x21, 0x0E, 0x01, 0x1D, 0x01,
0x33, 0x35, 0x34, 0x26, 0x27, 0x21, 0x0E, 0x01, 0x15, 0x11, 0x14, 0x16, 0x17, 0x21, 0x3E, 0x01,
0x3D, 0x01, 0x01, 0x3B, 0x0D, 0x0F, 0xFE, 0xCB, 0x0E, 0x0E, 0x0D, 0x0F, 0x01, 0x35, 0x0E, 0x0E,
0xC2, 0x0D, 0x0F, 0x01, 0x35, 0x0E, 0x0E, 0x0D, 0x0F, 0xFE, 0xCB, 0x0E, 0x0E, 0x01, 0x1D, 0xBA,
0x1E, 0x2F, 0x16, 0x14, 0x35, 0x1A, 0x01, 0xD5, 0x1E, 0x2F, 0x16, 0x14, 0x35, 0x1A, 0xAC, 0xAC,
0x1E, 0x2F, 0x16, 0x14, 0x35, 0x1A, 0xFE, 0x2B, 0x1E, 0x2F, 0x16, 0x14, 0x35, 0x1A, 0xBA, 0x00,
0x00, 0x01, 0x00, 0x21, 0x00, 0x00, 0x01, 0x56, 0x02, 0x9B, 0x00, 0x0F, 0x00, 0x25, 0x40, 0x14,
0x10, 0x08, 0x05, 0xA4, 0x0E, 0xB4, 0x0E, 0x02, 0x07, 0x00, 0x03, 0x27, 0x0C, 0x08, 0x0F, 0x0C,
0x00, 0x00, 0x07, 0x14, 0x00, 0x3F, 0x3F, 0x01, 0x2F, 0xD6, 0x3C, 0x10, 0xFD, 0xD6, 0x3C, 0x5D,
0x31, 0x30, 0x2B, 0x01, 0x0E, 0x01, 0x15, 0x11, 0x14, 0x16, 0x17, 0x21, 0x3E, 0x01, 0x35, 0x11,
0x34, 0x26, 0x27, 0x01, 0x56, 0x0E, 0x0E, 0x0D, 0x0F, 0xFE, 0xCB, 0x0E, 0x0E, 0x0D, 0x0F, 0x02,
0x9B, 0x14, 0x35, 0x1A, 0xFE, 0x2B, 0x1E, 0x2F, 0x16, 0x14, 0x35, 0x1A, 0x01, 0xD5, 0x1E, 0x2F,
0x16, 0x00, 0x00, 0x01, 0xFF, 0xE5, 0x00, 0x00, 0x02, 0x3C, 0x02, 0x9B, 0x00, 0x15, 0x00, 0x20,
0x40, 0x10, 0x16, 0x00, 0x05, 0x00, 0x0B, 0x08, 0x27, 0x0C, 0x10, 0x0B, 0x00, 0x00, 0x03, 0x2C,
0x14, 0x14, 0x00, 0x3F, 0xFD, 0xC4, 0x3F, 0x01, 0x2F, 0xC6, 0xFD, 0xD6, 0x2F, 0x31, 0x30, 0x2B,
0x27, 0x1E, 0x01, 0x3B, 0x01, 0x32, 0x36, 0x35, 0x11, 0x34, 0x26, 0x27, 0x21, 0x0E, 0x01, 0x15,
0x11, 0x14, 0x0E, 0x01, 0x23, 0x21, 0x1B, 0x11, 0x2F, 0x2F, 0x8D, 0x2B, 0x17, 0x0D, 0x0F, 0x01,
0x35, 0x0E, 0x0E, 0x0E, 0x49, 0x53, 0xFE, 0x83, 0x84, 0x0B, 0x0B, 0x22, 0x2C, 0x01, 0x7C, 0x1D,
0x31, 0x15, 0x14, 0x35, 0x1A, 0xFE, 0x87, 0x2B, 0x45, 0x4F, 0x00, 0x01, 0x00, 0x2E, 0x00, 0x00,
0x03, 0x54, 0x02, 0x9B, 0x00, 0x21, 0x00, 0x3E, 0x40, 0x23, 0x22, 0x15, 0x05, 0xA7, 0x1C, 0xA8,
0x1D, 0xA8, 0x14, 0xB9, 0x07, 0xB7, 0x1C, 0x05, 0x0D, 0x0A, 0x06, 0x14, 0x1D, 0x10, 0x20, 0x27,
0x19, 0x15, 0x1C, 0x19, 0x1D, 0x05, 0x00, 0x14, 0x0D, 0x14, 0x01, 0x15, 0x46, 0x76, 0x2F, 0x37,
0x18, 0x00, 0x3F, 0x3C, 0x3F, 0x3C, 0x01, 0x2F, 0xD6, 0x3C, 0x10, 0xFD, 0x3C, 0xD6, 0x3C, 0x2E,
0x2E, 0x2E, 0x5D, 0x31, 0x30, 0x2B, 0x01, 0x3E, 0x01, 0x35, 0x34, 0x27, 0x33, 0x0E, 0x01, 0x0F,
0x01, 0x13, 0x16, 0x17, 0x21, 0x03, 0x07, 0x15, 0x14, 0x16, 0x17, 0x21, 0x3E, 0x01, 0x35, 0x11,
0x34, 0x26, 0x27, 0x21, 0x0E, 0x01, 0x1D, 0x01, 0x02, 0x00, 0x0E, 0x10, 0x04, 0xDD, 0x1D, 0x34,
0x1A, 0x5C, 0xC4, 0x2D, 0x33, 0xFE, 0xCC, 0x99, 0x40, 0x0D, 0x0F, 0xFE, 0xCB, 0x0E, 0x0E, 0x0D,
0x0F, 0x01, 0x35, 0x0F, 0x0D, 0x02, 0x41, 0x0F, 0x21, 0x11, 0x07, 0x12, 0x0F, 0x2F, 0x1E, 0x68,
0xFE, 0xB3, 0x4F, 0x3B, 0x01, 0x1A, 0x4A, 0x6D, 0x1D, 0x31, 0x15, 0x14, 0x35, 0x1A, 0x01, 0xD5,
0x1E, 0x2F, 0x16, 0x15, 0x31, 0x1D, 0xC9, 0x00, 0x00, 0x01, 0x00, 0x2F, 0x00, 0x00, 0x02, 0x8B,
0x02, 0x9B, 0x00, 0x11, 0x00, 0x2C, 0x40, 0x18, 0x12, 0x01, 0x05, 0xA7, 0x08, 0xB7, 0x08, 0x02,
0x11, 0x09, 0x0C, 0x27, 0x05, 0x01, 0x08, 0x05, 0x11, 0x0D, 0x2C, 0x00, 0x08, 0x00, 0x00, 0x14,
0x00, 0x3F, 0x3F, 0x10, 0xFD, 0xC6, 0x01, 0x2F, 0xD6, 0x3C, 0x10, 0xFD, 0xC6, 0x2E, 0x5D, 0x31,
0x30, 0x2B, 0x29, 0x01, 0x3E, 0x01, 0x35, 0x11, 0x34, 0x26, 0x27, 0x21, 0x0E, 0x01, 0x15, 0x11,
0x33, 0x32, 0x36, 0x37, 0x02, 0x76, 0xFD, 0xB9, 0x0E, 0x0E, 0x0D, 0x0F, 0x01, 0x36, 0x0F, 0x0D,
0xEE, 0x1A, 0x27, 0x13, 0x14, 0x35, 0x1A, 0x01, 0xD5, 0x1E, 0x2F, 0x16, 0x15, 0x31, 0x1D, 0xFE,
0x36, 0x0B, 0x0E, 0x00, 0x00, 0x01, 0x00, 0x2E, 0x00, 0x00, 0x03, 0xDC, 0x02, 0x9B, 0x00, 0x1E,
0x00, 0x53, 0x40, 0x32, 0x1F, 0x15, 0x05, 0x10, 0x0D, 0x2C, 0x00, 0xAD, 0x14, 0xA7, 0x1C, 0xA8,
0x01, 0xA8, 0x14, 0xA8, 0x08, 0xB7, 0x1C, 0xB8, 0x01, 0xB8, 0x14, 0xB8, 0x08, 0x09, 0x09, 0x0D,
0x27, 0x05, 0x08, 0x01, 0x05, 0x14, 0x10, 0x2C, 0x19, 0x15, 0x1C, 0x18, 0x1D, 0x00, 0x00, 0x14,
0x0E, 0x08, 0x14, 0x01, 0x15, 0x46, 0x76, 0x2F, 0x37, 0x18, 0x00, 0x3F, 0x3C, 0x3C, 0x3F, 0x3C,
0x01, 0x2F, 0xD6, 0x3C, 0x10, 0xFD, 0xD6, 0x2F, 0xD6, 0x3C, 0x10, 0xFD, 0xD6, 0x5D, 0x00, 0x10,
0xFD, 0x3C, 0x31, 0x30, 0x2B, 0x01, 0x21, 0x0E, 0x01, 0x15, 0x11, 0x14, 0x16, 0x17, 0x21, 0x3E,
0x01, 0x35, 0x11, 0x03, 0x23, 0x03, 0x11, 0x14, 0x16, 0x17, 0x23, 0x3E, 0x01, 0x35, 0x11, 0x34,
0x26, 0x27, 0x21, 0x13, 0x02, 0x86, 0x01, 0x56, 0x0F, 0x0D, 0x0D, 0x0F, 0xFE, 0xCB, 0x0E, 0x0E,
0xAD, 0xB4, 0xAA, 0x0D, 0x0F, 0xA6, 0x0E, 0x0E, 0x0D, 0x0F, 0x01, 0x56, 0x80, 0x02, 0x9B, 0x15,
0x31, 0x1D, 0xFE, 0x2B, 0x1D, 0x31, 0x15, 0x14, 0x35, 0x1A, 0x01, 0x98, 0xFE, 0x05, 0x01, 0xFB,
0xFE, 0x68, 0x1D, 0x31, 0x15, 0x14, 0x35, 0x1A, 0x01, 0xD5, 0x1E, 0x2F, 0x16, 0xFE, 0x83, 0x00,
0x00, 0x01, 0x00, 0x2F, 0x00, 0x00, 0x03, 0x24, 0x02, 0x9B, 0x00, 0x18, 0x00, 0x46, 0x40, 0x27,
0x19, 0x10, 0x05, 0x00, 0x2C, 0x09, 0x0B, 0x2C, 0x04, 0xA7, 0x17, 0xA8, 0x05, 0xB7, 0x17, 0xB8,
0x05, 0x04, 0x0F, 0x0B, 0x2C, 0x13, 0x10, 0x17, 0x13, 0x04, 0x00, 0x2C, 0x05, 0x08, 0x18, 0x04,
0x00, 0x0F, 0x09, 0x14, 0x01, 0x10, 0x46, 0x76, 0x2F, 0x37, 0x18, 0x00, 0x3F, 0x3C, 0x3F, 0x3C,
0x01, 0x2F, 0xC6, 0xFD, 0xD6, 0x2F, 0xD6, 0x3C, 0x10, 0xFD, 0xD6, 0x5D, 0x00, 0x10, 0xFD, 0x10,
0xFD, 0x31, 0x30, 0x2B, 0x25, 0x11, 0x34, 0x26, 0x27, 0x33, 0x0E, 0x01, 0x15, 0x11, 0x21, 0x01,
0x11, 0x14, 0x16, 0x17, 0x23, 0x3E, 0x01, 0x35, 0x11, 0x34, 0x26, 0x27, 0x21, 0x02, 0x9A, 0x0D,
0x0F, 0xA6, 0x0F, 0x0D, 0xFE, 0xBD, 0xFE, 0xF4, 0x0D, 0x0F, 0xA6, 0x0E, 0x0E, 0x0D, 0x0F, 0x01,
0x6A, 0x87, 0x01, 0xB1, 0x1E, 0x2F, 0x16, 0x15, 0x31, 0x1D, 0xFD, 0xC8, 0x02, 0x1E, 0xFE, 0x45,
0x1E, 0x2F, 0x16, 0x14, 0x35, 0x1A, 0x01, 0xD5, 0x1E, 0x2F, 0x16, 0x00, 0x00, 0x02, 0x00, 0x28,
0x00, 0x00, 0x03, 0x00, 0x02, 0x9B, 0x00, 0x11, 0x00, 0x21, 0x00, 0x20, 0x40, 0x11, 0x22, 0x0C,
0x05, 0x19, 0x27, 0x04, 0x12, 0x27, 0x0C, 0x1D, 0x2C, 0x00, 0x00, 0x15, 0x2C, 0x08, 0x14, 0x00,
0x3F, 0xFD, 0x3F, 0xFD, 0x01, 0x2F, 0xFD, 0x2F, 0xFD, 0x31, 0x30, 0x2B, 0x01, 0x32, 0x16, 0x15,
0x11, 0x14, 0x0E, 0x01, 0x23, 0x21, 0x22, 0x26, 0x35, 0x11, 0x34, 0x3E, 0x01, 0x33, 0x13, 0x14,
0x16, 0x3B, 0x01, 0x32, 0x36, 0x35, 0x11, 0x34, 0x26, 0x2B, 0x01, 0x22, 0x06, 0x15, 0x02, 0x55,
0x58, 0x53, 0x0E, 0x4A, 0x53, 0xFE, 0x7E, 0x59, 0x52, 0x0E, 0x4A, 0x53, 0x52, 0x17, 0x2B, 0x5A,
0x2B, 0x17, 0x17, 0x2B, 0x5A, 0x2B, 0x17, 0x02, 0x9B, 0x66, 0x59, 0xFE, 0xE3, 0x2B, 0x45, 0x4F,
0x65, 0x5A, 0x01, 0x1D, 0x2C, 0x44, 0x4F, 0xFE, 0x21, 0x2C, 0x22, 0x22, 0x2C, 0x01, 0x23, 0x2C,
0x22, 0x22, 0x2C, 0x00, 0x00, 0x02, 0x00, 0x2F, 0x00, 0x00, 0x03, 0x06, 0x02, 0x9B, 0x00, 0x14,
0x00, 0x1E, 0x00, 0x34, 0x40, 0x1D, 0x1F, 0x04, 0x05, 0x15, 0x2C, 0x13, 0x27, 0xA7, 0x0B, 0xB7,
0x0B, 0x02, 0x18, 0x27, 0x0F, 0x03, 0x14, 0x1D, 0x27, 0x08, 0x04, 0x0B, 0x08, 0x1C, 0x2C, 0x0B,
0x00, 0x03, 0x14, 0x00, 0x3F, 0x3F, 0xFD, 0x01, 0x2F, 0xD6, 0x3C, 0x10, 0xFD, 0x3C, 0xD6, 0x2F,
0xFD, 0x5D, 0x00, 0x3F, 0xFD, 0x31, 0x30, 0x2B, 0x25, 0x14, 0x16, 0x17, 0x21, 0x3E, 0x01, 0x35,
0x11, 0x34, 0x26, 0x27, 0x21, 0x32, 0x16, 0x1D, 0x01, 0x14, 0x06, 0x23, 0x21, 0x37, 0x32, 0x36,
0x3D, 0x01, 0x34, 0x26, 0x2B, 0x01, 0x15, 0x01, 0x48, 0x0D, 0x0F, 0xFE, 0xCB, 0x0E, 0x0E, 0x0D,
0x0F, 0x02, 0x26, 0x55, 0x5C, 0x5C, 0x55, 0xFE, 0xF3, 0x80, 0x2C, 0x15, 0x14, 0x20, 0x8D, 0x63,
0x1E, 0x2F, 0x16, 0x14, 0x35, 0x1A, 0x01, 0xD5, 0x1E, 0x2F, 0x16, 0x39, 0x52, 0x97, 0x50, 0x3A,
0x6E, 0x20, 0x2E, 0x46, 0x21, 0x1B, 0xD0, 0x00, 0x00, 0x02, 0x00, 0x28, 0xFF, 0xA8, 0x03, 0x01,
0x02, 0x9B, 0x00, 0x15, 0x00, 0x29, 0x00, 0x46, 0x40, 0x24, 0x2A, 0x07, 0x05, 0x28, 0x1C, 0x14,
0x15, 0x00, 0x16, 0x26, 0x2C, 0x14, 0x01, 0x14, 0x1E, 0x2C, 0x0C, 0x1A, 0x27, 0x11, 0x22, 0x27,
0x07, 0x00, 0x2B, 0x15, 0x29, 0x2B, 0x28, 0x0C, 0x00, 0x00, 0x1F, 0x01, 0x07, 0x46, 0x76, 0x2F,
0x37, 0x18, 0x00, 0x3F, 0x3F, 0x01, 0x2F, 0xFD, 0x2F, 0xFD, 0x2F, 0xFD, 0x2F, 0xFD, 0x00, 0x10,
0xFD, 0x3F, 0x3C, 0xFD, 0x3C, 0x01, 0x11, 0x12, 0x39, 0x00, 0x3E, 0x31, 0x30, 0x2B, 0x05, 0x27,
0x23, 0x22, 0x2E, 0x02, 0x35, 0x11, 0x34, 0x3E, 0x01, 0x33, 0x21, 0x32, 0x16, 0x15, 0x11, 0x14,
0x06, 0x23, 0x17, 0x27, 0x3E, 0x01, 0x3D, 0x01, 0x11, 0x34, 0x26, 0x2B, 0x01, 0x22, 0x06, 0x15,
0x11, 0x14, 0x16, 0x3B, 0x01, 0x27, 0x33, 0x01, 0xF4, 0x31, 0xF0, 0x26, 0x48, 0x2D, 0x10, 0x0E,
0x4A, 0x53, 0x01, 0x83, 0x58, 0x53, 0x67, 0x72, 0x30, 0x6F, 0x0C, 0x0F, 0x17, 0x2B, 0x5B, 0x2B,
0x17, 0x17, 0x2B, 0x1F, 0x33, 0x62, 0x58, 0x58, 0x1B, 0x33, 0x47, 0x2A, 0x01, 0x1D, 0x2B, 0x45,
0x4F, 0x66, 0x59, 0xFE, 0xE3, 0x6D, 0x52, 0x58, 0xC8, 0x07, 0x21, 0x21, 0x0B, 0x01, 0x1B, 0x2C,
0x22, 0x22, 0x2C, 0xFE, 0xDD, 0x2C, 0x22, 0x5E, 0x00, 0x02, 0x00, 0x2F, 0x00, 0x00, 0x03, 0x31,
0x02, 0x9B, 0x00, 0x1B, 0x00, 0x25, 0x00, 0x4B, 0x40, 0x29, 0x26, 0x05, 0x05, 0xA8, 0x04, 0xA7,
0x0C, 0xB7, 0x0C, 0x03, 0x19, 0x15, 0x15, 0x00, 0x2C, 0x1C, 0x20, 0x23, 0x2C, 0x0C, 0x1F, 0x27,
0x10, 0x1B, 0x2B, 0x04, 0x25, 0x00, 0x27, 0x09, 0x05, 0x0C, 0x09, 0x0C, 0x00, 0x1A, 0x04, 0x14,
0x01, 0x05, 0x46, 0x76, 0x2F, 0x37, 0x18, 0x00, 0x3F, 0x3C, 0x3F, 0x01, 0x2F, 0xD6, 0x3C, 0x10,
0xFD, 0x3C, 0xC6, 0xFD, 0x2F, 0xFD, 0x00, 0x10, 0xFD, 0x3F, 0xFD, 0x3C, 0x01, 0x2E, 0x2E, 0x5D,
0x31, 0x30, 0x2B, 0x01, 0x15, 0x14, 0x16, 0x17, 0x21, 0x3E, 0x01, 0x35, 0x11, 0x34, 0x26, 0x27,
0x21, 0x32, 0x16, 0x1D, 0x01, 0x14, 0x06, 0x23, 0x27, 0x17, 0x1E, 0x01, 0x17, 0x21, 0x03, 0x37,
0x32, 0x36, 0x3D, 0x01, 0x34, 0x26, 0x2B, 0x01, 0x15, 0x01, 0x48, 0x0D, 0x0F, 0xFE, 0xCB, 0x0E,
0x0E, 0x0D, 0x0F, 0x02, 0x25, 0x54, 0x5D, 0x26, 0x2D, 0x0F, 0x5B, 0x0D, 0x16, 0x10, 0xFE, 0xDB,
0x75, 0x3F, 0x21, 0x13, 0x13, 0x28, 0x87, 0x01, 0x1C, 0xB9, 0x1E, 0x2F, 0x16, 0x14, 0x35, 0x1A,
0x01, 0xD5, 0x1E, 0x2F, 0x16, 0x3A, 0x51, 0x8F, 0x33, 0x33, 0x01, 0xC1, 0x1C, 0x28, 0x17, 0x01,
0x1C, 0x6E, 0x17, 0x23, 0x2B, 0x26, 0x18, 0xA3, 0x00, 0x01, 0x00, 0x2E, 0x00, 0x00, 0x02, 0xB2,
0x02, 0x9B, 0x00, 0x2B, 0x00, 0x44, 0x40, 0x2A, 0x2C, 0x26, 0x05, 0x58, 0x00, 0x01, 0x15, 0x00,
0x1E, 0x27, 0x0F, 0x08, 0x27, 0x27, 0x36, 0x28, 0x35, 0x0E, 0x39, 0x11, 0x3D, 0x25, 0x50, 0x0B,
0x05, 0x23, 0x27, 0x0B, 0x03, 0x18, 0x00, 0x03, 0x2C, 0x2A, 0x15, 0x18, 0x2C, 0x13, 0x2A, 0x00,
0x13, 0x14, 0x00, 0x3F, 0x3F, 0x10, 0xFD, 0xC6, 0x10, 0xFD, 0xC6, 0x10, 0x3F, 0xFE, 0x5D, 0x01,
0x2F, 0xFD, 0x2F, 0xFD, 0x2E, 0x2E, 0x5D, 0x31, 0x30, 0x2B, 0x01, 0x2E, 0x01, 0x2B, 0x01, 0x22,
0x06, 0x1D, 0x01, 0x14, 0x16, 0x3B, 0x01, 0x32, 0x16, 0x1D, 0x01, 0x14, 0x06, 0x23, 0x21, 0x27,
0x1E, 0x01, 0x3B, 0x03, 0x32, 0x36, 0x3D, 0x01, 0x34, 0x26, 0x2B, 0x01, 0x22, 0x26, 0x3D, 0x01,
0x34, 0x36, 0x33, 0x21, 0x02, 0xA7, 0x16, 0x35, 0x21, 0xE6, 0x16, 0x17, 0x16, 0x1F, 0xA4, 0x59,
0x58, 0x5F, 0x52, 0xFE, 0x46, 0x17, 0x1A, 0x3D, 0x25, 0x14, 0xC2, 0x13, 0x15, 0x0F, 0x0B, 0x13,
0xBC, 0x5B, 0x56, 0x60, 0x51, 0x01, 0xB0, 0x02, 0x13, 0x0F, 0x0B, 0x0E, 0x15, 0x17, 0x1B, 0x0D,
0x37, 0x54, 0xB6, 0x4E, 0x3C, 0x86, 0x0F, 0x09, 0x0F, 0x14, 0x15, 0x16, 0x13, 0x35, 0x55, 0xB7,
0x4E, 0x3D, 0x00, 0x01, 0x00, 0x00, 0x00, 0x00, 0x02, 0x99, 0x02, 0x9B, 0x00, 0x13, 0x00, 0x28,
0x40, 0x14, 0x14, 0x08, 0x05, 0x0B, 0x08, 0x13, 0x10, 0x27, 0x00, 0x03, 0x0B, 0x08, 0x0F, 0x04,
0x2C, 0x09, 0x09, 0x00, 0x00, 0x14, 0x00, 0x3F, 0x3F, 0x10, 0xFD, 0x3C, 0xD6, 0x3C, 0x01, 0x2F,
0xC6, 0xFD, 0xC6, 0x2E, 0x2E, 0x31, 0x30, 0x2B, 0x33, 0x3E, 0x01, 0x35, 0x11, 0x23, 0x22, 0x06,
0x07, 0x37, 0x21, 0x17, 0x2E, 0x01, 0x2B, 0x01, 0x11, 0x14, 0x16, 0x17, 0xB2, 0x0F, 0x0D, 0x75,
0x1D, 0x28, 0x14, 0x14, 0x02, 0x71, 0x14, 0x14, 0x25, 0x20, 0x76, 0x0D, 0x0F, 0x15, 0x31, 0x1D,
0x01, 0xCA, 0x07, 0x0D, 0x82, 0x82, 0x0D, 0x07, 0xFE, 0x36, 0x1E, 0x2F, 0x16, 0x00, 0x00, 0x01,
0x00, 0x2F, 0x00, 0x00, 0x03, 0x23, 0x02, 0x9B, 0x00, 0x21, 0x00, 0x37, 0x40, 0x1D, 0x22, 0x21,
0x05, 0x07, 0x2C, 0x19, 0xA7, 0x21, 0xB7, 0x21, 0x02, 0x00, 0x03, 0x27, 0x21, 0x1D, 0x0F, 0x0B,
0x2C, 0x10, 0x13, 0x0F, 0x00, 0x00, 0x19, 0x14, 0x01, 0x21, 0x46, 0x76, 0x2F, 0x37, 0x18, 0x00,
0x3F, 0x3F, 0x3C, 0x01, 0x2F, 0xC6, 0xFD, 0xC6, 0x2F, 0xC6, 0xFD, 0xD6, 0x5D, 0x00, 0x10, 0xFD,
0x31, 0x30, 0x2B, 0x01, 0x0E, 0x01, 0x15, 0x11, 0x14, 0x16, 0x3B, 0x01, 0x32, 0x36, 0x35, 0x11,
0x34, 0x26, 0x27, 0x33, 0x0E, 0x01, 0x15, 0x11, 0x14, 0x0E, 0x02, 0x23, 0x21, 0x22, 0x26, 0x35,
0x11, 0x34, 0x26, 0x27, 0x01, 0x64, 0x0E, 0x0E, 0x17, 0x2B, 0xCE, 0x2A, 0x17, 0x0D, 0x0F, 0xA6,
0x0E, 0x0E, 0x0F, 0x31, 0x44, 0x26, 0xFE, 0x99, 0x56, 0x55, 0x0D, 0x0F, 0x02, 0x9B, 0x14, 0x35,
0x1A, 0xFE, 0x84, 0x2C, 0x22, 0x22, 0x2C, 0x01, 0x7C, 0x1D, 0x31, 0x15, 0x14, 0x35, 0x1A, 0xFE,
0x87, 0x2F, 0x3D, 0x38, 0x1B, 0x68, 0x57, 0x01, 0x79, 0x1E, 0x2F, 0x16, 0x00, 0x01, 0xFF, 0xF3,
0x00, 0x00, 0x03, 0x1A, 0x02, 0x9B, 0x00, 0x16, 0x00, 0x37, 0x40, 0x18, 0x12, 0x10, 0x0F, 0x16,
0x2C, 0x0A, 0x05, 0x2B, 0x06, 0x03, 0x2B, 0x06, 0x10, 0x0F, 0x06, 0x03, 0x05, 0x00, 0x0B, 0x0A,
0x14, 0x01, 0x0F, 0x46, 0x76, 0x2F, 0x37, 0x18, 0x00, 0x3F, 0x3C, 0x3F, 0x17, 0x3C, 0x01, 0x2F,
0xFD, 0x10, 0xFD, 0x00, 0x10, 0xFD, 0x01, 0x2E, 0x2E, 0x2E, 0x31, 0x30, 0xB2, 0x17, 0x0F, 0x05,
0x2B, 0x01, 0x3E, 0x01, 0x35, 0x34, 0x27, 0x33, 0x0E, 0x01, 0x07, 0x03, 0x21, 0x03, 0x2E, 0x01,
0x27, 0x21, 0x06, 0x15, 0x14, 0x16, 0x17, 0x13, 0x02, 0x68, 0x04, 0x0A, 0x05, 0xA9, 0x16, 0x1F,
0x0E, 0xD3, 0xFE, 0xE9, 0xC9, 0x0C, 0x14, 0x11, 0x01, 0x37, 0x07, 0x06, 0x09, 0x96, 0x02, 0x32,
0x0B, 0x25, 0x17, 0x0E, 0x14, 0x14, 0x3B, 0x26, 0xFD, 0xDA, 0x02, 0x36, 0x21, 0x2A, 0x1A, 0x15,
0x0F, 0x12, 0x1B, 0x1A, 0xFE, 0x59, 0x00, 0x01, 0xFF, 0xF9, 0x00, 0x00, 0x04, 0x56, 0x02, 0x9B,
0x00, 0x1C, 0x00, 0x3A, 0x40, 0x1B, 0x09, 0x06, 0x05, 0x10, 0x15, 0x2B, 0x16, 0x13, 0x2B, 0x16,
0x16, 0x15, 0x0E, 0x0D, 0x06, 0x05, 0x05, 0x00, 0x1B, 0x1A, 0x01, 0x03, 0x00, 0x14, 0x01, 0x05,
0x46, 0x76, 0x2F, 0x37, 0x18, 0x00, 0x3F, 0x17, 0x3C, 0x3F, 0x17, 0x3C, 0x01, 0x2F, 0xFD, 0x10,
0xFD, 0x3C, 0x00, 0x01, 0x2E, 0x2E, 0x2E, 0x31, 0x30, 0xB2, 0x1D, 0x05, 0x05, 0x2B, 0x21, 0x23,
0x03, 0x2E, 0x01, 0x27, 0x21, 0x0E, 0x01, 0x15, 0x14, 0x17, 0x1B, 0x01, 0x21, 0x1B, 0x01, 0x3E,
0x01, 0x35, 0x34, 0x27, 0x33, 0x0E, 0x01, 0x07, 0x03, 0x23, 0x03, 0x01, 0xB0, 0xF8, 0x96, 0x08,
0x12, 0x0F, 0x01, 0x31, 0x05, 0x05, 0x0A, 0x53, 0x70, 0x01, 0x05, 0x73, 0x52, 0x04, 0x04, 0x08,
0x9F, 0x12, 0x10, 0x0B, 0x93, 0xFE, 0x75, 0x02, 0x35, 0x1F, 0x30, 0x17, 0x0E, 0x12, 0x0B, 0x1C,
0x25, 0xFE, 0xBC, 0x01, 0xB0, 0xFE, 0x50, 0x01, 0x41, 0x0E, 0x25, 0x13, 0x14, 0x15, 0x14, 0x2B,
0x2A, 0xFD, 0xCE, 0x01, 0xB9, 0x00, 0x00, 0x01, 0xFF, 0xE6, 0x00, 0x00, 0x03, 0x30, 0x02, 0x9B,
0x00, 0x24, 0x00, 0x37, 0x40, 0x19, 0x24, 0x20, 0x17, 0x16, 0x12, 0x0F, 0x06, 0x04, 0x03, 0x1B,
0x07, 0x0A, 0x1C, 0x20, 0x1F, 0x17, 0x03, 0x16, 0x00, 0x0F, 0x0E, 0x04, 0x03, 0x03, 0x14, 0x00,
0x3F, 0x17, 0x3C, 0x3F, 0x17, 0x3C, 0x00, 0x00, 0x3E, 0x3E, 0x01, 0x2E, 0x2E, 0x2E, 0x2E, 0x2E,
0x2E, 0x2E, 0x2E, 0x2E, 0x31, 0x30, 0xB2, 0x25, 0x0F, 0x05, 0x2B, 0x25, 0x1E, 0x01, 0x17, 0x21,
0x36, 0x37, 0x34, 0x26, 0x2F, 0x01, 0x07, 0x0E, 0x01, 0x07, 0x23, 0x36, 0x3F, 0x01, 0x03, 0x2E,
0x01, 0x27, 0x21, 0x14, 0x16, 0x1F, 0x01, 0x37, 0x3E, 0x01, 0x37, 0x33, 0x0E, 0x01, 0x0F, 0x01,
0x02, 0xD9, 0x21, 0x1C, 0x1A, 0xFE, 0x9B, 0x01, 0x02, 0x11, 0x16, 0x52, 0x8A, 0x12, 0x13, 0x03,
0xBD, 0x31, 0x23, 0xD9, 0xC5, 0x1B, 0x24, 0x1C, 0x01, 0x6D, 0x15, 0x16, 0x40, 0x6D, 0x12, 0x18,
0x05, 0xC9, 0x18, 0x28, 0x18, 0xCC, 0x62, 0x2A, 0x22, 0x16, 0x09, 0x09, 0x17, 0x21, 0x1D, 0x6F,
0x91, 0x14, 0x1D, 0x14, 0x27, 0x26, 0xE6, 0x01, 0x05, 0x26, 0x27, 0x16, 0x1D, 0x30, 0x1D, 0x56,
0x6F, 0x12, 0x28, 0x17, 0x0F, 0x21, 0x19, 0xD3, 0x00, 0x01, 0xFF, 0xF2, 0x00, 0x00, 0x03, 0x07,
0x02, 0x9B, 0x00, 0x1B, 0x00, 0x32, 0x40, 0x18, 0x1C, 0x16, 0x05, 0x17, 0x16, 0x0D, 0x09, 0x27,
0x0E, 0x12, 0x1B, 0x20, 0x04, 0x03, 0x2B, 0x05, 0x17, 0x04, 0x00, 0x0D, 0x14, 0x01, 0x16, 0x46,
0x76, 0x2F, 0x37, 0x18, 0x00, 0x3F, 0x3F, 0x3C, 0x01, 0x2F, 0xFD, 0x3C, 0x00, 0x3E, 0x01, 0x2F,
0xC6, 0xFD, 0xC6, 0x2E, 0x2E, 0x31, 0x30, 0x2B, 0x01, 0x3E, 0x01, 0x35, 0x27, 0x33, 0x0E, 0x01,
0x07, 0x03, 0x15, 0x14, 0x16, 0x17, 0x21, 0x3E, 0x01, 0x3D, 0x01, 0x03, 0x2E, 0x01, 0x27, 0x21,
0x14, 0x16, 0x1F, 0x01, 0x02, 0x3C, 0x0B, 0x0D, 0x01, 0xB4, 0x15, 0x1C, 0x16, 0xC7, 0x0D, 0x0F,
0xFE, 0xCD, 0x0E, 0x0E, 0xC2, 0x1B, 0x1C, 0x13, 0x01, 0x4F, 0x15, 0x0E, 0x6A, 0x02, 0x3C, 0x11,
0x26, 0x13, 0x15, 0x0E, 0x27, 0x25, 0xFE, 0xBD, 0x9B, 0x1E, 0x2F, 0x16, 0x14, 0x35, 0x1A, 0x9B,
0x01, 0x33, 0x2D, 0x28, 0x15, 0x20, 0x2E, 0x17, 0xAB, 0x00, 0x00, 0x01, 0x00, 0x00, 0x00, 0x00,
0x02, 0xBE, 0x02, 0x9B, 0x00, 0x0D, 0x00, 0x3A, 0x40, 0x1A, 0x0D, 0x0B, 0x07, 0x06, 0x04, 0x00,
0x0B, 0x2C, 0x0C, 0x04, 0x2C, 0x05, 0x08, 0x07, 0x2C, 0x0C, 0x01, 0x00, 0x2C, 0x05, 0x0D, 0x0C,
0x00, 0x06, 0x05, 0x14, 0x00, 0x3F, 0x3C, 0x3F, 0x3C, 0x00, 0x10, 0xFD, 0x3C, 0x10, 0xFD, 0x3C,
0x10, 0xFD, 0x10, 0xFD, 0x01, 0x2E, 0x2E, 0x2E, 0x2E, 0x2E, 0x2E, 0x31, 0x30, 0xB2, 0x0E, 0x06,
0x05, 0x2B, 0x25, 0x33, 0x32, 0x36, 0x37, 0x07, 0x21, 0x01, 0x23, 0x22, 0x06, 0x07, 0x37, 0x21,
0x01, 0x65, 0xC8, 0x20, 0x31, 0x16, 0x12, 0xFD, 0x7E, 0x01, 0x55, 0xA9, 0x29, 0x39, 0x1A, 0x16,
0x02, 0x78, 0x6E, 0x07, 0x0B, 0x80, 0x02, 0x2D, 0x0A, 0x10, 0x88, 0x00, 0x00, 0x01, 0x00, 0x5E,
0xFF, 0x92, 0x01, 0x4D, 0x02, 0x9B, 0x00, 0x07, 0x00, 0x3D, 0x40, 0x1A, 0x07, 0x04, 0x03, 0x00,
0x07, 0x06, 0x2C, 0x00, 0x05, 0x04, 0x2C, 0x02, 0x06, 0x05, 0x2B, 0x02, 0x01, 0x03, 0x02, 0x00,
0x01, 0x00, 0x16, 0x01, 0x01, 0x46, 0x76, 0x2F, 0x37, 0x18, 0x00, 0x3F, 0x3C, 0x3F, 0x3C, 0x01,
0x2F, 0x3C, 0xFD, 0x3C, 0x00, 0x10, 0xFD, 0x3C, 0x10, 0xFD, 0x3C, 0x01, 0x2E, 0x2E, 0x2E, 0x2E,
0x31, 0x30, 0xB2, 0x08, 0x01, 0x05, 0x2B, 0x05, 0x23, 0x11, 0x33, 0x15, 0x23, 0x11, 0x33, 0x01,
0x4D, 0xEF, 0xEF, 0x4D, 0x4D, 0x6E, 0x03, 0x09, 0x4E, 0xFD, 0x93, 0x00, 0x00, 0x01, 0x00, 0x14,
0xFF, 0x92, 0x01, 0x39, 0x02, 0x9B, 0x00, 0x03, 0x00, 0x27, 0x40, 0x0F, 0x00, 0x2B, 0x03, 0x02,
0x2B, 0x01, 0x03, 0x00, 0x00, 0x02, 0x01, 0x16, 0x01, 0x03, 0x46, 0x76, 0x2F, 0x37, 0x18, 0x00,
0x3F, 0x3C, 0x3F, 0x3C, 0x01, 0x2F, 0xFD, 0x2F, 0xFD, 0x00, 0x31, 0x30, 0xB2, 0x04, 0x03, 0x05,
0x2B, 0x1B, 0x01, 0x23, 0x03, 0x86, 0xB3, 0x71, 0xB4, 0x02, 0x9B, 0xFC, 0xF7, 0x03, 0x09, 0x00,
0x00, 0x01, 0x00, 0x0D, 0xFF, 0x92, 0x00, 0xFC, 0x02, 0x9B, 0x00, 0x07, 0x00, 0x3D, 0x40, 0x1A,
0x07, 0x06, 0x03, 0x02, 0x07, 0x00, 0x2C, 0x05, 0x02, 0x01, 0x2C, 0x03, 0x01, 0x00, 0x2B, 0x05,
0x04, 0x04, 0x03, 0x00, 0x06, 0x05, 0x16, 0x01, 0x02, 0x46, 0x76, 0x2F, 0x37, 0x18, 0x00, 0x3F,
0x3C, 0x3F, 0x3C, 0x01, 0x2F, 0x3C, 0xFD, 0x3C, 0x00, 0x10, 0xFD, 0x3C, 0x10, 0xFD, 0x3C, 0x01,
0x2E, 0x2E, 0x2E, 0x2E, 0x31, 0x30, 0xB2, 0x08, 0x02, 0x05, 0x2B, 0x17, 0x11, 0x23, 0x35, 0x33,
0x11, 0x23, 0x35, 0x5A, 0x4D, 0xEF, 0xEF, 0x20, 0x02, 0x6D, 0x4E, 0xFC, 0xF7, 0x4E, 0x00, 0x01,
0xFF, 0xFF, 0x01, 0x48, 0x01, 0xF4, 0x02, 0xA1, 0x00, 0x06, 0x00, 0x23, 0x40, 0x0E, 0x03, 0x00,
0x05, 0x2C, 0x01, 0x02, 0x01, 0x00, 0x06, 0x04, 0x03, 0x03, 0x00, 0x22, 0x00, 0x3F, 0x17, 0x3C,
0x3F, 0x3C, 0x00, 0x10, 0xFD, 0x01, 0x2E, 0x2E, 0x31, 0x30, 0xB2, 0x07, 0x00, 0x05, 0x2B, 0x03,
0x13, 0x33, 0x13, 0x23, 0x27, 0x07, 0x01, 0x82, 0xF1, 0x82, 0xBD, 0x3D, 0x3E, 0x01, 0x48, 0x01,
0x59, 0xFE, 0xA7, 0xC6, 0xC6, 0x00, 0x00, 0x01, 0x00, 0x00, 0xFF, 0x58, 0x01, 0xF4, 0xFF, 0xD6,
0x00, 0x03, 0x00, 0x1E, 0x40, 0x0A, 0x03, 0x02, 0x01, 0x00, 0x03, 0x00, 0x09, 0x02, 0x01, 0x1A,
0x00, 0x3F, 0x3C, 0x3F, 0x3C, 0x00, 0x01, 0x2E, 0x2E, 0x2E, 0x2E, 0x31, 0x30, 0xB2, 0x04, 0x02,
0x05, 0x2B, 0x05, 0x15, 0x21, 0x35, 0x01, 0xF4, 0xFE, 0x0C, 0x2A, 0x7E, 0x7E, 0x00, 0x00, 0x01,
0x00, 0x89, 0x02, 0x0F, 0x01, 0x6C, 0x02, 0xB1, 0x00, 0x03, 0x00, 0x1E, 0x40, 0x0A, 0x03, 0x02,
0x2B, 0x01, 0x03, 0x00, 0x02, 0x02, 0x01, 0x15, 0x00, 0x3F, 0x3C, 0x3F, 0x3C, 0x01, 0x2F, 0xFD,
0x00, 0x01, 0x2E, 0x31, 0x30, 0xB2, 0x04, 0x03, 0x05, 0x2B, 0x01, 0x17, 0x23, 0x27, 0x01, 0x2A,
0x42, 0x85, 0x5E, 0x02, 0xB1, 0xA2, 0xA2, 0x00, 0x00, 0x02, 0x00, 0x21, 0x00, 0x00, 0x02, 0xC2,
0x01, 0xEE, 0x00, 0x24, 0x00, 0x31, 0x00, 0x45, 0x40, 0x25, 0x32, 0x13, 0x05, 0x23, 0x0C, 0x2F,
0x32, 0x2C, 0x2C, 0x08, 0x25, 0x2B, 0x18, 0x20, 0x23, 0x2C, 0x1F, 0x2C, 0x00, 0x94, 0x18, 0x01,
0x09, 0x0C, 0x1C, 0x30, 0x27, 0x08, 0x04, 0x28, 0x27, 0x14, 0x01, 0x01, 0x0F, 0x08, 0x14, 0x00,
0x3F, 0x3C, 0x3F, 0x01, 0x2F, 0xFD, 0x2F, 0xC4, 0xFD, 0x3C, 0xC4, 0x2E, 0x5D, 0x00, 0x10, 0xED,
0xE4, 0x10, 0xD4, 0xFD, 0x10, 0xFD, 0x10, 0xFD, 0x01, 0x2E, 0x31, 0x30, 0x2B, 0x01, 0x37, 0x32,
0x16, 0x1D, 0x01, 0x1E, 0x01, 0x17, 0x23, 0x2E, 0x01, 0x27, 0x0E, 0x01, 0x2B, 0x01, 0x22, 0x26,
0x3D, 0x01, 0x34, 0x36, 0x3B, 0x02, 0x32, 0x36, 0x35, 0x34, 0x26, 0x2B, 0x01, 0x22, 0x06, 0x07,
0x37, 0x05, 0x22, 0x06, 0x1D, 0x01, 0x14, 0x16, 0x3B, 0x01, 0x32, 0x36, 0x3D, 0x01, 0x02, 0x08,
0x18, 0x3E, 0x50, 0x02, 0x04, 0x0E, 0xED, 0x07, 0x06, 0x02, 0x08, 0x30, 0x21, 0xB4, 0x4D, 0x4B,
0x46, 0x37, 0xE6, 0x10, 0x15, 0x15, 0x1B, 0x1A, 0xEA, 0x21, 0x2D, 0x19, 0x10, 0x01, 0x03, 0x22,
0x17, 0x18, 0x21, 0x3B, 0x22, 0x17, 0x01, 0xED, 0x01, 0x4E, 0x3F, 0xE5, 0x2B, 0x37, 0x1A, 0x0C,
0x19, 0x0F, 0x1C, 0x18, 0x3C, 0x4C, 0x54, 0x37, 0x3A, 0x0E, 0x13, 0x16, 0x0C, 0x09, 0x0E, 0x74,
0xFC, 0x1C, 0x23, 0x16, 0x21, 0x1E, 0x1C, 0x23, 0x55, 0x00, 0x00, 0x02, 0x00, 0x28, 0x00, 0x00,
0x02, 0xC6, 0x02, 0x9B, 0x00, 0x1B, 0x00, 0x2B, 0x00, 0x39, 0x40, 0x1E, 0x2C, 0x11, 0x05, 0x00,
0x03, 0x0F, 0x2F, 0x2C, 0x27, 0x2C, 0x03, 0x01, 0x1F, 0x2C, 0x0B, 0x24, 0x27, 0x07, 0x00, 0x1C,
0x27, 0x15, 0x11, 0x1A, 0x15, 0x1A, 0x00, 0x10, 0x0B, 0x14, 0x00, 0x3F, 0x3C, 0x3F, 0x01, 0x2F,
0xD6, 0x3C, 0x10, 0xFD, 0x3C, 0x2F, 0xFD, 0x00, 0x10, 0xFD, 0x3F, 0xFD, 0x10, 0xFD, 0x3E, 0x01,
0x31, 0x30, 0x2B, 0x01, 0x3E, 0x01, 0x3B, 0x01, 0x32, 0x16, 0x1D, 0x01, 0x14, 0x06, 0x2B, 0x01,
0x22, 0x26, 0x27, 0x07, 0x23, 0x3E, 0x01, 0x35, 0x37, 0x11, 0x27, 0x34, 0x26, 0x27, 0x21, 0x11,
0x14, 0x16, 0x3B, 0x01, 0x32, 0x36, 0x3D, 0x01, 0x34, 0x26, 0x2B, 0x01, 0x22, 0x06, 0x15, 0x01,
0x2D, 0x0B, 0x27, 0x1A, 0xB0, 0x4B, 0x52, 0x51, 0x56, 0x9D, 0x24, 0x2E, 0x0D, 0x09, 0xF2, 0x0A,
0x09, 0x01, 0x01, 0x07, 0x0C, 0x01, 0x05, 0x1C, 0x1B, 0x3B, 0x1E, 0x18, 0x17, 0x1F, 0x3B, 0x1C,
0x1B, 0x01, 0xCB, 0x13, 0x0F, 0x45, 0x4B, 0xB9, 0x55, 0x4F, 0x12, 0x1C, 0x2E, 0x12, 0x2D, 0x19,
0x24, 0x01, 0xA3, 0x24, 0x1C, 0x27, 0x15, 0xFD, 0xF1, 0x1A, 0x15, 0x18, 0x1E, 0xC7, 0x1F, 0x17,
0x14, 0x1A, 0x00, 0x01, 0x00, 0x21, 0x00, 0x00, 0x02, 0x4B, 0x01, 0xED, 0x00, 0x1C, 0x00, 0x29,
0x40, 0x15, 0x1D, 0x17, 0x05, 0x10, 0x1C, 0x0F, 0x00, 0x07, 0x27, 0x18, 0x0F, 0x0B, 0x2C, 0x10,
0x00, 0x03, 0x2C, 0x1B, 0x01, 0x10, 0x14, 0x00, 0x3F, 0x3F, 0xFD, 0xC4, 0x10, 0xFD, 0xC4, 0x01,
0x2F, 0xFD, 0x2E, 0x2E, 0x2E, 0x2E, 0x31, 0x30, 0x2B, 0x01, 0x2E, 0x01, 0x2B, 0x01, 0x22, 0x06,
0x1D, 0x01, 0x14, 0x16, 0x3B, 0x01, 0x32, 0x36, 0x37, 0x07, 0x21, 0x22, 0x26, 0x27, 0x2E, 0x01,
0x3D, 0x01, 0x34, 0x36, 0x33, 0x21, 0x02, 0x4B, 0x15, 0x2F, 0x1E, 0x92, 0x24, 0x20, 0x24, 0x22,
0x8A, 0x1F, 0x2F, 0x1A, 0x14, 0xFE, 0x97, 0x0E, 0x26, 0x11, 0x2E, 0x3A, 0x5F, 0x47, 0x01, 0x70,
0x01, 0x77, 0x0E, 0x0B, 0x17, 0x22, 0xC6, 0x20, 0x14, 0x0C, 0x10, 0x79, 0x04, 0x02, 0x0A, 0x4A,
0x2F, 0xDF, 0x44, 0x41, 0x00, 0x02, 0x00, 0x21, 0x00, 0x00, 0x02, 0xBF, 0x02, 0x9B, 0x00, 0x1C,
0x00, 0x2C, 0x00, 0x3A, 0x40, 0x20, 0x2D, 0x0C, 0x05, 0x13, 0x03, 0x05, 0x2F, 0x2D, 0x1D, 0x2C,
0x03, 0x25, 0x2C, 0x10, 0x01, 0x17, 0x1B, 0x01, 0x29, 0x27, 0x0C, 0x13, 0x1B, 0x20, 0x27, 0x03,
0x00, 0x1B, 0x00, 0x08, 0x03, 0x14, 0x00, 0x3F, 0x3C, 0x3F, 0x01, 0x2F, 0xC6, 0xFD, 0xC6, 0x3C,
0x2F, 0xFD, 0x71, 0x00, 0x3F, 0xFD, 0x10, 0xFD, 0x10, 0xFD, 0x3E, 0x31, 0x30, 0x2B, 0x25, 0x14,
0x16, 0x17, 0x23, 0x27, 0x0E, 0x01, 0x2B, 0x01, 0x22, 0x26, 0x3D, 0x01, 0x34, 0x36, 0x3B, 0x01,
0x32, 0x17, 0x3D, 0x01, 0x34, 0x35, 0x2E, 0x02, 0x27, 0x21, 0x01, 0x32, 0x36, 0x3D, 0x02, 0x34,
0x26, 0x2B, 0x01, 0x22, 0x1D, 0x01, 0x14, 0x16, 0x33, 0x02, 0xAB, 0x06, 0x0E, 0xE4, 0x0B, 0x0F,
0x32, 0x25, 0xAB, 0x4C, 0x52, 0x47, 0x3B, 0xC5, 0x39, 0x19, 0x03, 0x03, 0x06, 0x08, 0x01, 0x05,
0xFE, 0xD9, 0x20, 0x16, 0x1B, 0x18, 0x42, 0x33, 0x1D, 0x1E, 0x7C, 0x2E, 0x33, 0x1B, 0x2D, 0x1B,
0x12, 0x43, 0x4C, 0xD6, 0x3B, 0x4D, 0x2D, 0x5F, 0x15, 0x12, 0x12, 0x10, 0x14, 0x10, 0x0F, 0xFD,
0xC2, 0x1F, 0x22, 0xB7, 0x0C, 0x18, 0x17, 0x38, 0xC6, 0x1E, 0x17, 0x00, 0x00, 0x02, 0x00, 0x22,
0x00, 0x00, 0x02, 0xA9, 0x01, 0xED, 0x00, 0x16, 0x00, 0x20, 0x00, 0x3A, 0x40, 0x20, 0x21, 0x0D,
0x05, 0xEF, 0x08, 0x01, 0x08, 0xE0, 0x08, 0x01, 0x1F, 0x2C, 0x00, 0x26, 0x08, 0x04, 0x2C, 0x09,
0x1A, 0x2C, 0x11, 0x17, 0x27, 0x15, 0x00, 0x1E, 0x27, 0x0E, 0x11, 0x01, 0x09, 0x14, 0x00, 0x3F,
0x3F, 0x01, 0x2F, 0xFD, 0x3C, 0x2F, 0xFD, 0x00, 0x10, 0xFD, 0x10, 0xFD, 0xC4, 0x3F, 0xFD, 0x5D,
0x01, 0x2E, 0x5D, 0x31, 0x30, 0x2B, 0x25, 0x15, 0x14, 0x16, 0x3B, 0x01, 0x32, 0x36, 0x37, 0x07,
0x21, 0x22, 0x26, 0x3D, 0x01, 0x34, 0x36, 0x33, 0x21, 0x32, 0x16, 0x1D, 0x01, 0x27, 0x34, 0x26,
0x2B, 0x01, 0x22, 0x06, 0x1D, 0x01, 0x33, 0x01, 0x12, 0x1F, 0x2B, 0xDB, 0x20, 0x33, 0x17, 0x12,
0xFE, 0x49, 0x5F, 0x57, 0x50, 0x58, 0x01, 0x2F, 0x5E, 0x52, 0xEE, 0x13, 0x14, 0x5F, 0x14, 0x0F,
0xA9, 0xC7, 0x29, 0x29, 0x18, 0x09, 0x0E, 0x74, 0x48, 0x5F, 0x9F, 0x59, 0x4E, 0x47, 0x5E, 0x81,
0x93, 0x23, 0x13, 0x17, 0x19, 0x3B, 0x00, 0x01, 0xFF, 0xF9, 0x00, 0x00, 0x02, 0x12, 0x02, 0x9B,
0x00, 0x1E, 0x00, 0x3A, 0x40, 0x1E, 0x1F, 0x0D, 0x05, 0x16, 0x16, 0x18, 0x2C, 0x13, 0x0C, 0x00,
0x2C, 0x1D, 0x0E, 0x01, 0x08, 0x06, 0x01, 0x1E, 0x06, 0x1D, 0x01, 0x27, 0x0F, 0x0E, 0x07, 0x0C,
0x13, 0x00, 0x06, 0x14, 0x00, 0x3F, 0x3F, 0x01, 0x2F, 0xC4, 0xCD, 0x3C, 0xFD, 0x3C, 0xC4, 0xDD,
0x71, 0x00, 0x3F, 0x3C, 0xFD, 0x3C, 0x10, 0xFD, 0xC4, 0x01, 0x2E, 0x31, 0x30, 0x2B, 0x01, 0x23,
0x11, 0x1C, 0x01, 0x16, 0x17, 0x21, 0x3E, 0x01, 0x3D, 0x01, 0x11, 0x23, 0x35, 0x33, 0x35, 0x34,
0x36, 0x3B, 0x01, 0x21, 0x17, 0x26, 0x2B, 0x01, 0x22, 0x06, 0x1D, 0x01, 0x33, 0x01, 0xD5, 0xA6,
0x07, 0x0D, 0xFE, 0xE6, 0x0D, 0x07, 0x44, 0x44, 0x4A, 0x3D, 0x2C, 0x01, 0x0F, 0x13, 0x23, 0x28,
0x68, 0x1B, 0x15, 0xA6, 0x01, 0x90, 0xFE, 0xEC, 0x14, 0x26, 0x2B, 0x17, 0x17, 0x35, 0x25, 0x0B,
0x01, 0x14, 0x5D, 0x26, 0x3C, 0x4C, 0x74, 0x15, 0x15, 0x1B, 0x1F, 0x00, 0x00, 0x02, 0x00, 0x21,
0xFF, 0x40, 0x02, 0xC4, 0x01, 0xED, 0x00, 0x23, 0x00, 0x36, 0x00, 0x46, 0x40, 0x27, 0x37, 0x1A,
0x05, 0xE2, 0x0A, 0x01, 0x0A, 0xE0, 0x0A, 0x01, 0x22, 0x03, 0x13, 0x2F, 0x37, 0x0A, 0x0D, 0x2C,
0x08, 0x2B, 0x2C, 0x00, 0x24, 0x2C, 0x16, 0x14, 0x13, 0x28, 0x27, 0x00, 0x04, 0x33, 0x27, 0x1B,
0x1F, 0x00, 0x01, 0x08, 0x1E, 0x00, 0x3F, 0x3F, 0x3C, 0x01, 0x2F, 0xFD, 0x2F, 0xC6, 0xFD, 0x3C,
0x00, 0x3F, 0xFD, 0x10, 0xFD, 0x10, 0xFD, 0xC4, 0x10, 0xFD, 0x3E, 0x5D, 0x01, 0x2E, 0x5D, 0x31,
0x30, 0x2B, 0x01, 0x0E, 0x01, 0x1D, 0x01, 0x11, 0x14, 0x06, 0x23, 0x21, 0x27, 0x1E, 0x01, 0x3B,
0x02, 0x32, 0x36, 0x3D, 0x01, 0x0E, 0x01, 0x2B, 0x01, 0x22, 0x26, 0x3D, 0x01, 0x34, 0x36, 0x3B,
0x01, 0x32, 0x16, 0x17, 0x37, 0x03, 0x32, 0x36, 0x3D, 0x01, 0x34, 0x26, 0x2B, 0x01, 0x22, 0x0E,
0x02, 0x1D, 0x02, 0x14, 0x16, 0x33, 0x02, 0xC4, 0x0D, 0x07, 0x60, 0x79, 0xFE, 0x75, 0x11, 0x15,
0x33, 0x25, 0x17, 0xB3, 0x23, 0x28, 0x0C, 0x2D, 0x24, 0x90, 0x53, 0x5C, 0x4F, 0x43, 0xC8, 0x20,
0x24, 0x10, 0x08, 0x4D, 0x20, 0x13, 0x12, 0x22, 0x4A, 0x0C, 0x0E, 0x0C, 0x04, 0x17, 0x1B, 0x01,
0xED, 0x15, 0x31, 0x22, 0x14, 0xFE, 0x8F, 0x73, 0x4D, 0x7B, 0x11, 0x0A, 0x14, 0x20, 0x50, 0x18,
0x0C, 0x3F, 0x50, 0xD0, 0x43, 0x4B, 0x0D, 0x18, 0x25, 0xFE, 0x70, 0x18, 0x22, 0xBE, 0x24, 0x17,
0x03, 0x0E, 0x17, 0x0B, 0x08, 0xBE, 0x1C, 0x1E, 0x00, 0x01, 0x00, 0x28, 0x00, 0x00, 0x02, 0xDD,
0x02, 0x9B, 0x00, 0x2C, 0x00, 0x3E, 0x40, 0x20, 0x2D, 0x1F, 0x05, 0x16, 0x2C, 0x00, 0x03, 0x01,
0x08, 0x0D, 0x01, 0x0E, 0x11, 0x27, 0x0D, 0x08, 0x1E, 0x19, 0x00, 0x27, 0x24, 0x1F, 0x2B, 0x24,
0x2B, 0x00, 0x1E, 0x0D, 0x14, 0x01, 0x1F, 0x46, 0x76, 0x2F, 0x37, 0x18, 0x00, 0x3F, 0x3C, 0x3F,
0x01, 0x2F, 0xD6, 0x3C, 0x10, 0xFD, 0x3C, 0xC6, 0x2F, 0xC6, 0xFD, 0xC6, 0x71, 0x00, 0x3F, 0xC4,
0xFD, 0x31, 0x30, 0x2B, 0x01, 0x3E, 0x01, 0x3B, 0x01, 0x32, 0x16, 0x1D, 0x01, 0x1C, 0x01, 0x1E,
0x01, 0x17, 0x21, 0x3E, 0x01, 0x3D, 0x02, 0x34, 0x26, 0x2B, 0x01, 0x22, 0x1D, 0x01, 0x14, 0x1E,
0x01, 0x17, 0x21, 0x3E, 0x01, 0x3D, 0x01, 0x11, 0x35, 0x34, 0x35, 0x2E, 0x02, 0x27, 0x21, 0x01,
0x2E, 0x0A, 0x1D, 0x15, 0xBD, 0x4D, 0x55, 0x05, 0x07, 0x08, 0xFE, 0xE7, 0x0D, 0x07, 0x13, 0x24,
0x42, 0x31, 0x01, 0x06, 0x0D, 0xFE, 0xE6, 0x0D, 0x07, 0x03, 0x03, 0x06, 0x08, 0x01, 0x06, 0x01,
0xD0, 0x11, 0x0C, 0x48, 0x4D, 0xDC, 0x14, 0x26, 0x22, 0x11, 0x0F, 0x17, 0x35, 0x25, 0x0B, 0xD9,
0x1A, 0x21, 0x36, 0xDE, 0x14, 0x26, 0x2A, 0x18, 0x17, 0x35, 0x25, 0x0B, 0x01, 0xA3, 0x15, 0x12,
0x12, 0x10, 0x14, 0x10, 0x0F, 0x00, 0x00, 0x02, 0x00, 0x28, 0x00, 0x00, 0x01, 0x42, 0x02, 0x9B,
0x00, 0x03, 0x00, 0x16, 0x00, 0x31, 0x40, 0x1D, 0x17, 0x0A, 0x05, 0x08, 0x09, 0x07, 0x15, 0x17,
0x15, 0x27, 0x15, 0x04, 0x09, 0x00, 0x04, 0x27, 0x0F, 0x0A, 0x15, 0x01, 0x0F, 0x15, 0x01, 0x00,
0x2C, 0x02, 0x00, 0x09, 0x14, 0x00, 0x3F, 0x3F, 0xFD, 0x3E, 0x01, 0x2F, 0x3C, 0xD6, 0x3C, 0x10,
0xFD, 0x3C, 0xD4, 0x71, 0x31, 0x30, 0x2B, 0x01, 0x23, 0x35, 0x33, 0x11, 0x1C, 0x01, 0x1E, 0x01,
0x17, 0x21, 0x3E, 0x01, 0x3D, 0x03, 0x34, 0x35, 0x2E, 0x01, 0x27, 0x21, 0x01, 0x2E, 0xF2, 0xF2,
0x05, 0x07, 0x08, 0xFE, 0xE6, 0x0D, 0x07, 0x03, 0x04, 0x0D, 0x01, 0x06, 0x02, 0x1E, 0x7D, 0xFD,
0xE1, 0x14, 0x26, 0x22, 0x11, 0x0F, 0x17, 0x35, 0x25, 0x0B, 0xF5, 0x15, 0x12, 0x13, 0x0F, 0x1E,
0x15, 0x00, 0x00, 0x02, 0xFF, 0x7B, 0xFF, 0x42, 0x01, 0x71, 0x02, 0x9A, 0x00, 0x14, 0x00, 0x18,
0x00, 0x30, 0x40, 0x1C, 0x19, 0x06, 0x05, 0x07, 0x13, 0x17, 0x13, 0x27, 0x13, 0x03, 0x15, 0x14,
0x27, 0x13, 0x16, 0x0E, 0x06, 0x13, 0x01, 0x15, 0x2C, 0x17, 0x00, 0x06, 0x09, 0x2C, 0x03, 0x1E,
0x00, 0x3F, 0xFD, 0xC4, 0x3F, 0xFD, 0x3F, 0x01, 0x2E, 0x2F, 0x3C, 0xC4, 0xFD, 0x3C, 0x71, 0x31,
0x30, 0x2B, 0x05, 0x14, 0x06, 0x2B, 0x01, 0x21, 0x27, 0x1E, 0x01, 0x3B, 0x01, 0x32, 0x36, 0x35,
0x11, 0x35, 0x34, 0x2E, 0x01, 0x27, 0x21, 0x35, 0x23, 0x35, 0x33, 0x01, 0x71, 0x47, 0x62, 0x14,
0xFE, 0xD9, 0x12, 0x19, 0x31, 0x29, 0x54, 0x29, 0x15, 0x04, 0x08, 0x08, 0x01, 0x05, 0xF2, 0xF2,
0x0F, 0x62, 0x4D, 0x80, 0x15, 0x0C, 0x20, 0x2D, 0x01, 0x83, 0x15, 0x1E, 0x29, 0x11, 0x0F, 0x31,
0x7C, 0x00, 0x00, 0x01, 0x00, 0x27, 0x00, 0x00, 0x02, 0xFE, 0x02, 0x9B, 0x00, 0x21, 0x00, 0x2C,
0x40, 0x15, 0x22, 0x06, 0x05, 0x1F, 0x1C, 0x19, 0x18, 0x01, 0x18, 0x14, 0x05, 0x00, 0x27, 0x06,
0x12, 0x0B, 0x12, 0x00, 0x20, 0x05, 0x14, 0x00, 0x3F, 0x3C, 0x3F, 0x01, 0x2F, 0xD4, 0x3C, 0xFD,
0xC4, 0x3C, 0xD6, 0x00, 0x3E, 0x01, 0x2E, 0x2E, 0x2E, 0x31, 0x30, 0x2B, 0x25, 0x15, 0x14, 0x1E,
0x01, 0x17, 0x21, 0x3E, 0x01, 0x3D, 0x01, 0x11, 0x35, 0x34, 0x35, 0x2E, 0x02, 0x27, 0x21, 0x11,
0x37, 0x3E, 0x01, 0x35, 0x33, 0x0E, 0x01, 0x07, 0x13, 0x16, 0x17, 0x21, 0x27, 0x01, 0x2C, 0x01,
0x06, 0x0D, 0xFE, 0xE7, 0x0D, 0x07, 0x03, 0x03, 0x06, 0x08, 0x01, 0x05, 0x7F, 0x12, 0x19, 0xDF,
0x2F, 0x49, 0x2D, 0xA5, 0x1D, 0x2C, 0xFE, 0xD5, 0x79, 0xC2, 0x46, 0x14, 0x26, 0x2A, 0x18, 0x17,
0x35, 0x25, 0x0B, 0x01, 0xA3, 0x15, 0x12, 0x12, 0x10, 0x14, 0x10, 0x0F, 0xFE, 0xA1, 0x69, 0x0F,
0x26, 0x13, 0x14, 0x33, 0x29, 0xFE, 0xE0, 0x34, 0x29, 0xE6, 0x00, 0x01, 0x00, 0x28, 0x00, 0x00,
0x01, 0x41, 0x02, 0x9B, 0x00, 0x12, 0x00, 0x1D, 0x40, 0x0E, 0x13, 0x05, 0x05, 0x04, 0x00, 0x27,
0x0A, 0x05, 0x11, 0x0A, 0x11, 0x00, 0x04, 0x14, 0x00, 0x3F, 0x3F, 0x01, 0x2F, 0xD4, 0x3C, 0x10,
0xFD, 0xC4, 0x31, 0x30, 0x2B, 0x25, 0x14, 0x1E, 0x01, 0x17, 0x21, 0x3E, 0x01, 0x3D, 0x01, 0x11,
0x35, 0x34, 0x35, 0x2E, 0x02, 0x27, 0x21, 0x01, 0x2D, 0x01, 0x06, 0x0D, 0xFE, 0xE7, 0x0D, 0x07,
0x03, 0x03, 0x06, 0x08, 0x01, 0x05, 0x7C, 0x14, 0x26, 0x2A, 0x18, 0x17, 0x35, 0x25, 0x0B, 0x01,
0xA3, 0x15, 0x12, 0x12, 0x10, 0x14, 0x10, 0x0F, 0x00, 0x01, 0x00, 0x28, 0x00, 0x00, 0x04, 0x75,
0x01, 0xED, 0x00, 0x43, 0x00, 0x73, 0x40, 0x46, 0x44, 0x37, 0x05, 0x07, 0x03, 0x00, 0x03, 0x2F,
0x2E, 0x1D, 0x03, 0x1C, 0x2C, 0x03, 0x08, 0x13, 0x08, 0x25, 0x07, 0x42, 0x07, 0x14, 0x08, 0x0C,
0x17, 0x42, 0x18, 0x13, 0x27, 0x42, 0x28, 0x13, 0x09, 0xED, 0x00, 0xE7, 0x07, 0x02, 0x13, 0x0E,
0x27, 0x14, 0x18, 0x07, 0x25, 0x23, 0x21, 0x27, 0x26, 0x2A, 0x43, 0x00, 0x36, 0x32, 0x27, 0x3C,
0x37, 0x42, 0x3C, 0x0A, 0x43, 0x03, 0x01, 0x36, 0x25, 0x13, 0x14, 0x01, 0x37, 0x46, 0x76, 0x2F,
0x37, 0x18, 0x00, 0x3F, 0x3C, 0x3C, 0x3F, 0x3C, 0x3C, 0x01, 0x2F, 0xD4, 0x3C, 0x10, 0xFD, 0xC4,
0xC0, 0x2E, 0x2F, 0xC4, 0xFD, 0x3C, 0xC4, 0xC0, 0x2F, 0xC4, 0xFD, 0xCC, 0x5D, 0x71, 0x00, 0x10,
0xFD, 0x17, 0x3C, 0x00, 0x3E, 0x3E, 0x31, 0x30, 0x2B, 0x01, 0x3E, 0x01, 0x3B, 0x01, 0x32, 0x16,
0x17, 0x3E, 0x01, 0x3B, 0x01, 0x32, 0x16, 0x1D, 0x02, 0x14, 0x16, 0x17, 0x21, 0x3E, 0x01, 0x3D,
0x02, 0x34, 0x26, 0x2B, 0x01, 0x22, 0x06, 0x1D, 0x01, 0x14, 0x1E, 0x01, 0x17, 0x21, 0x3E, 0x01,
0x3D, 0x02, 0x34, 0x26, 0x2B, 0x01, 0x22, 0x06, 0x1D, 0x01, 0x14, 0x16, 0x17, 0x21, 0x3E, 0x01,
0x3D, 0x03, 0x34, 0x35, 0x2E, 0x01, 0x27, 0x33, 0x01, 0x23, 0x07, 0x1C, 0x1F, 0xFB, 0x32, 0x24,
0x08, 0x07, 0x1E, 0x1F, 0xC5, 0x59, 0x44, 0x07, 0x0A, 0xFE, 0xE6, 0x0D, 0x07, 0x14, 0x20, 0x3D,
0x23, 0x14, 0x01, 0x06, 0x0D, 0xFE, 0xE5, 0x0D, 0x07, 0x12, 0x1C, 0x49, 0x1B, 0x13, 0x06, 0x0E,
0xFE, 0xE5, 0x0D, 0x07, 0x03, 0x04, 0x0D, 0xF4, 0x01, 0xBD, 0x1C, 0x14, 0x17, 0x19, 0x1C, 0x14,
0x57, 0x5B, 0xBF, 0x24, 0x27, 0x1F, 0x12, 0x15, 0x31, 0x22, 0x14, 0xD5, 0x22, 0x1D, 0x16, 0x24,
0xDA, 0x14, 0x26, 0x2A, 0x18, 0x17, 0x35, 0x25, 0x0B, 0xD6, 0x1E, 0x20, 0x1C, 0x1C, 0xDC, 0x2E,
0x33, 0x1B, 0x17, 0x35, 0x25, 0x0B, 0xF5, 0x15, 0x12, 0x13, 0x0F, 0x1E, 0x15, 0x00, 0x00, 0x01,
0x00, 0x28, 0x00, 0x00, 0x02, 0xDA, 0x01, 0xED, 0x00, 0x28, 0x00, 0x4A, 0x40, 0x29, 0x29, 0x1C,
0x05, 0x00, 0x03, 0x14, 0x2C, 0x03, 0x07, 0x27, 0x07, 0x0C, 0x27, 0x27, 0x03, 0xED, 0x00, 0x01,
0x0B, 0x07, 0x27, 0x0C, 0x10, 0x28, 0x00, 0x1B, 0x17, 0x27, 0x21, 0x1C, 0x27, 0x21, 0x28, 0x03,
0x01, 0x1B, 0x0B, 0x14, 0x01, 0x1C, 0x46, 0x76, 0x2F, 0x37, 0x18, 0x00, 0x3F, 0x3C, 0x3F, 0x3C,
0x01, 0x2F, 0xD4, 0x3C, 0x10, 0xFD, 0xC4, 0xC0, 0x2E, 0x2F, 0xC4, 0xFD, 0xD4, 0x5D, 0x71, 0x00,
0x10, 0xFD, 0x3E, 0x31, 0x30, 0x2B, 0x01, 0x3E, 0x01, 0x3B, 0x01, 0x32, 0x16, 0x1D, 0x01, 0x14,
0x16, 0x17, 0x21, 0x3E, 0x01, 0x3D, 0x02, 0x34, 0x26, 0x2B, 0x01, 0x22, 0x1D, 0x01, 0x14, 0x16,
0x17, 0x21, 0x3E, 0x01, 0x3D, 0x03, 0x34, 0x35, 0x2E, 0x01, 0x27, 0x33, 0x01, 0x1E, 0x0F, 0x27,
0x22, 0xB4, 0x4D, 0x4F, 0x06, 0x0E, 0xFE, 0xE6, 0x0D, 0x07, 0x13, 0x20, 0x49, 0x2B, 0x06, 0x0E,
0xFE, 0xE7, 0x0D, 0x07, 0x03, 0x04, 0x0D, 0xEC, 0x01, 0xBC, 0x1C, 0x15, 0x55, 0x4E, 0xCE, 0x2E,
0x33, 0x1B, 0x15, 0x31, 0x22, 0x14, 0xD7, 0x21, 0x1C, 0x30, 0xE4, 0x2E, 0x33, 0x1B, 0x17, 0x35,
0x25, 0x0B, 0xF5, 0x15, 0x12, 0x13, 0x0F, 0x1E, 0x15, 0x00, 0x00, 0x02, 0x00, 0x22, 0xFF, 0xFF,
0x02, 0xBE, 0x01, 0xEE, 0x00, 0x11, 0x00, 0x20, 0x00, 0x25, 0x40, 0x13, 0x21, 0x0C, 0x05, 0x1D,
0x2C, 0x00, 0x15, 0x2C, 0x08, 0x1A, 0x27, 0x03, 0x20, 0x27, 0x0D, 0x10, 0x01, 0x08, 0x14, 0x00,
0x3F, 0x3F, 0x01, 0x2F, 0xFD, 0x2F, 0xFD, 0x00, 0x10, 0xFD, 0x10, 0xFD, 0x31, 0x30, 0x2B, 0x01,
0x32, 0x16, 0x1D, 0x01, 0x14, 0x06, 0x23, 0x27, 0x21, 0x22, 0x26, 0x3D, 0x01, 0x34, 0x36, 0x33,
0x17, 0x13, 0x14, 0x16, 0x3B, 0x01, 0x32, 0x36, 0x3D, 0x01, 0x34, 0x26, 0x2B, 0x01, 0x22, 0x15,
0x02, 0x07, 0x5C, 0x5B, 0x48, 0x46, 0x18, 0xFE, 0xC7, 0x5D, 0x60, 0x50, 0x3C, 0x1B, 0x4C, 0x19,
0x21, 0x44, 0x20, 0x19, 0x1E, 0x25, 0x3A, 0x3A, 0x01, 0xED, 0x43, 0x59, 0xC4, 0x44, 0x4A, 0x01,
0x3B, 0x58, 0xD1, 0x3C, 0x4E, 0x01, 0xFE, 0xAA, 0x21, 0x19, 0x1D, 0x20, 0xB8, 0x22, 0x1C, 0x37,
0x00, 0x02, 0x00, 0x24, 0xFF, 0x53, 0x02, 0xC2, 0x01, 0xEE, 0x00, 0x1C, 0x00, 0x2B, 0x00, 0x40,
0x40, 0x24, 0x2C, 0x07, 0x05, 0x17, 0x2F, 0x2C, 0x09, 0x03, 0x24, 0x2C, 0x07, 0x1D, 0x2C, 0x14,
0x14, 0x07, 0x07, 0x0D, 0x09, 0x02, 0x21, 0x27, 0x10, 0x08, 0x09, 0x1B, 0x17, 0x27, 0x27, 0x07,
0x00, 0x0D, 0x07, 0x01, 0x1B, 0x1A, 0x00, 0x3F, 0x3F, 0x3C, 0x01, 0x2F, 0xC4, 0xFD, 0x3C, 0xC4,
0xC0, 0x2F, 0x2F, 0xFD, 0x71, 0x00, 0x3F, 0xFD, 0x10, 0xFD, 0x3E, 0x10, 0xFD, 0x31, 0x30, 0x2B,
0x13, 0x35, 0x34, 0x35, 0x2E, 0x02, 0x27, 0x33, 0x17, 0x3E, 0x01, 0x3B, 0x01, 0x32, 0x16, 0x1D,
0x01, 0x14, 0x06, 0x2B, 0x01, 0x22, 0x27, 0x15, 0x14, 0x16, 0x17, 0x21, 0x01, 0x32, 0x36, 0x3D,
0x02, 0x34, 0x2B, 0x01, 0x22, 0x1D, 0x01, 0x14, 0x16, 0x33, 0x38, 0x03, 0x03, 0x06, 0x08, 0xE7,
0x0B, 0x10, 0x30, 0x25, 0xAC, 0x4B, 0x50, 0x43, 0x3E, 0xC6, 0x39, 0x19, 0x06, 0x0E, 0xFE, 0xFB,
0x01, 0x63, 0x21, 0x15, 0x33, 0x42, 0x33, 0x1D, 0x1F, 0x01, 0x72, 0x15, 0x12, 0x12, 0x10, 0x14,
0x10, 0x0F, 0x2D, 0x1B, 0x12, 0x45, 0x4B, 0xD5, 0x3E, 0x4B, 0x2E, 0x5F, 0x2E, 0x33, 0x1B, 0x01,
0x0B, 0x1E, 0x23, 0xB7, 0x0D, 0x2D, 0x38, 0xC6, 0x1D, 0x17, 0x00, 0x02, 0x00, 0x21, 0xFF, 0x53,
0x02, 0xC0, 0x01, 0xEE, 0x00, 0x1B, 0x00, 0x2B, 0x00, 0x3C, 0x40, 0x20, 0x2C, 0x07, 0x05, 0x0F,
0x03, 0x00, 0x2F, 0x2C, 0x27, 0x2C, 0x03, 0x14, 0x1F, 0x2C, 0x0B, 0x23, 0x27, 0x08, 0x10, 0x0F,
0x00, 0x1C, 0x27, 0x15, 0x1A, 0x11, 0x15, 0x11, 0x0B, 0x01, 0x1A, 0x1A, 0x00, 0x3F, 0x3F, 0x3C,
0x01, 0x2F, 0xD4, 0x3C, 0x10, 0xFD, 0x3C, 0xC0, 0x2F, 0x2F, 0xFD, 0x00, 0x10, 0xFD, 0x3F, 0xFD,
0x10, 0xFD, 0x3E, 0x31, 0x30, 0x2B, 0x25, 0x0E, 0x01, 0x2B, 0x01, 0x22, 0x26, 0x3D, 0x01, 0x34,
0x36, 0x3B, 0x01, 0x32, 0x16, 0x17, 0x37, 0x33, 0x0E, 0x01, 0x1D, 0x01, 0x11, 0x14, 0x1E, 0x01,
0x17, 0x21, 0x11, 0x34, 0x26, 0x2B, 0x01, 0x22, 0x06, 0x1D, 0x01, 0x14, 0x16, 0x3B, 0x01, 0x32,
0x36, 0x35, 0x01, 0xBA, 0x0B, 0x26, 0x1A, 0xB1, 0x4A, 0x53, 0x52, 0x56, 0x9D, 0x22, 0x30, 0x0D,
0x08, 0xF3, 0x0D, 0x07, 0x01, 0x06, 0x0D, 0xFE, 0xFA, 0x1B, 0x1B, 0x3C, 0x1E, 0x17, 0x16, 0x1F,
0x3C, 0x1B, 0x1B, 0x23, 0x13, 0x10, 0x47, 0x4A, 0xB8, 0x55, 0x50, 0x15, 0x1A, 0x2F, 0x17, 0x35,
0x25, 0x0B, 0xFE, 0x5D, 0x14, 0x26, 0x2A, 0x18, 0x02, 0x0F, 0x19, 0x15, 0x17, 0x1F, 0xC6, 0x1E,
0x18, 0x14, 0x1A, 0x00, 0x00, 0x01, 0x00, 0x28, 0x00, 0x00, 0x02, 0x15, 0x01, 0xED, 0x00, 0x1D,
0x00, 0x3E, 0x40, 0x25, 0x1E, 0x11, 0x05, 0x07, 0x1C, 0x1F, 0x03, 0x17, 0x1C, 0x27, 0x1C, 0x2F,
0x03, 0x05, 0x04, 0x1D, 0x00, 0x10, 0x0C, 0x27, 0x16, 0x11, 0x1C, 0x16, 0x09, 0x00, 0x01, 0x05,
0x08, 0x00, 0x08, 0x2C, 0x1D, 0x03, 0x01, 0x10, 0x14, 0x00, 0x3F, 0x3F, 0x3C, 0xFD, 0x39, 0x10,
0xC4, 0x71, 0x01, 0x2F, 0xD4, 0x3C, 0x10, 0xFD, 0xC4, 0xC0, 0x2E, 0x2E, 0x71, 0x31, 0x30, 0x2B,
0x01, 0x3E, 0x01, 0x3B, 0x01, 0x15, 0x2E, 0x01, 0x2B, 0x01, 0x22, 0x06, 0x1D, 0x01, 0x14, 0x16,
0x17, 0x21, 0x3E, 0x01, 0x3D, 0x03, 0x34, 0x35, 0x2E, 0x01, 0x27, 0x33, 0x01, 0x1D, 0x10, 0x38,
0x37, 0x79, 0x12, 0x31, 0x22, 0x31, 0x26, 0x2C, 0x06, 0x0E, 0xFE, 0xE7, 0x0D, 0x07, 0x03, 0x04,
0x0D, 0xEF, 0x01, 0x9C, 0x31, 0x20, 0xA3, 0x12, 0x0B, 0x25, 0x25, 0xA1, 0x2E, 0x33, 0x1B, 0x17,
0x35, 0x25, 0x0B, 0xF5, 0x15, 0x12, 0x13, 0x0F, 0x1E, 0x15, 0x00, 0x01, 0x00, 0x21, 0x00, 0x00,
0x02, 0x90, 0x01, 0xED, 0x00, 0x28, 0x00, 0x30, 0x40, 0x19, 0x29, 0x16, 0x05, 0x16, 0x00, 0x1D,
0x27, 0x10, 0x08, 0x27, 0x24, 0x0C, 0x00, 0x03, 0x2B, 0x27, 0x21, 0x16, 0x19, 0x2B, 0x14, 0x27,
0x01, 0x14, 0x14, 0x00, 0x3F, 0x3F, 0x10, 0xFD, 0xC4, 0xCC, 0x10, 0xFD, 0xC4, 0xDC, 0x01, 0x2F,
0xFD, 0x2F, 0xFD, 0x2E, 0x2E, 0x31, 0x30, 0x2B, 0x01, 0x2E, 0x01, 0x2B, 0x02, 0x22, 0x06, 0x15,
0x14, 0x16, 0x33, 0x37, 0x33, 0x32, 0x16, 0x1D, 0x01, 0x14, 0x06, 0x23, 0x21, 0x27, 0x1E, 0x01,
0x3B, 0x01, 0x32, 0x36, 0x35, 0x34, 0x26, 0x2B, 0x01, 0x22, 0x3D, 0x01, 0x34, 0x36, 0x33, 0x21,
0x02, 0x88, 0x1C, 0x31, 0x2C, 0xCD, 0x0B, 0x0F, 0x12, 0x11, 0x0C, 0x0C, 0xBE, 0x4A, 0x49, 0x60,
0x53, 0xFE, 0x5A, 0x16, 0x29, 0x33, 0x2F, 0xD3, 0x14, 0x18, 0x16, 0x10, 0xD6, 0x80, 0x6E, 0x5A,
0x01, 0x7A, 0x01, 0x71, 0x15, 0x0A, 0x08, 0x0E, 0x0B, 0x0D, 0x01, 0x41, 0x49, 0x46, 0x4F, 0x44,
0x7E, 0x15, 0x0C, 0x0A, 0x12, 0x0F, 0x0B, 0x82, 0x4E, 0x52, 0x38, 0x00, 0x00, 0x01, 0x00, 0x00,
0x00, 0x00, 0x02, 0x26, 0x02, 0x5C, 0x00, 0x17, 0x00, 0x34, 0x40, 0x1A, 0x18, 0x11, 0x05, 0x17,
0x09, 0x00, 0x09, 0x05, 0x2C, 0x0A, 0x10, 0x00, 0x2C, 0x16, 0x12, 0x01, 0x16, 0x02, 0x27, 0x13,
0x0E, 0x11, 0x15, 0x0D, 0x0A, 0x14, 0x00, 0x3F, 0x3F, 0x01, 0x2F, 0x2F, 0x3C, 0xFD, 0x3C, 0x00,
0x3F, 0x3C, 0xFD, 0x3C, 0x10, 0xFD, 0xC4, 0x01, 0x2E, 0x2E, 0x2E, 0x31, 0x30, 0x2B, 0x01, 0x23,
0x15, 0x14, 0x16, 0x3B, 0x01, 0x32, 0x36, 0x37, 0x07, 0x23, 0x22, 0x26, 0x3D, 0x02, 0x23, 0x35,
0x33, 0x35, 0x37, 0x15, 0x33, 0x02, 0x08, 0xCC, 0x18, 0x30, 0x41, 0x1C, 0x31, 0x14, 0x13, 0xFF,
0x65, 0x64, 0x4B, 0x4B, 0xF1, 0xCC, 0x01, 0x90, 0xE5, 0x30, 0x1D, 0x0B, 0x0F, 0x78, 0x3B, 0x5E,
0x2C, 0xCB, 0x5D, 0x65, 0x0A, 0x6F, 0x00, 0x01, 0x00, 0x22, 0x00, 0x00, 0x02, 0xD6, 0x01, 0xED,
0x00, 0x24, 0x00, 0x44, 0x40, 0x26, 0x25, 0x15, 0x05, 0x07, 0x2F, 0x25, 0x1A, 0x2C, 0x05, 0x07,
0x15, 0x07, 0x23, 0x08, 0x05, 0x17, 0x15, 0x04, 0x06, 0x07, 0x23, 0x1F, 0x27, 0x05, 0x24, 0x16,
0x27, 0x15, 0x0F, 0x23, 0x15, 0x01, 0x0A, 0x05, 0x14, 0x01, 0x15, 0x46, 0x76, 0x2F, 0x37, 0x18,
0x00, 0x3F, 0x3C, 0x3F, 0x3C, 0x01, 0x2F, 0xC4, 0xFD, 0x2F, 0xC4, 0xFD, 0xC4, 0xC0, 0x2E, 0x71,
0x00, 0x10, 0xFD, 0x10, 0xFD, 0x31, 0x30, 0x2B, 0x25, 0x1C, 0x01, 0x1E, 0x01, 0x17, 0x23, 0x27,
0x0E, 0x01, 0x2B, 0x01, 0x22, 0x26, 0x3D, 0x02, 0x34, 0x35, 0x2E, 0x01, 0x27, 0x21, 0x11, 0x14,
0x16, 0x3B, 0x01, 0x32, 0x36, 0x3D, 0x01, 0x34, 0x2E, 0x01, 0x27, 0x21, 0x02, 0xC2, 0x05, 0x07,
0x08, 0xE4, 0x0A, 0x0C, 0x29, 0x25, 0xBA, 0x5C, 0x42, 0x03, 0x04, 0x0D, 0x01, 0x05, 0x15, 0x20,
0x3A, 0x23, 0x18, 0x05, 0x08, 0x07, 0x01, 0x05, 0x7C, 0x14, 0x26, 0x22, 0x11, 0x0F, 0x2E, 0x1D,
0x11, 0x4D, 0x5E, 0xC6, 0x15, 0x12, 0x13, 0x0F, 0x1E, 0x15, 0xFE, 0xB2, 0x22, 0x20, 0x18, 0x24,
0xD8, 0x2D, 0x2E, 0x14, 0x0D, 0x00, 0x00, 0x01, 0xFF, 0xF3, 0x00, 0x00, 0x02, 0xA9, 0x01, 0xED,
0x00, 0x16, 0x00, 0x37, 0x40, 0x18, 0x12, 0x11, 0x10, 0x16, 0x2C, 0x0B, 0x06, 0x2B, 0x07, 0x03,
0x2B, 0x07, 0x11, 0x10, 0x07, 0x03, 0x06, 0x01, 0x0C, 0x0B, 0x14, 0x01, 0x10, 0x46, 0x76, 0x2F,
0x37, 0x18, 0x00, 0x3F, 0x3C, 0x3F, 0x17, 0x3C, 0x01, 0x2F, 0xFD, 0x10, 0xFD, 0x00, 0x10, 0xFD,
0x01, 0x2E, 0x2E, 0x2E, 0x31, 0x30, 0xB2, 0x17, 0x10, 0x05, 0x2B, 0x01, 0x3E, 0x01, 0x35, 0x34,
0x26, 0x27, 0x33, 0x0E, 0x01, 0x07, 0x03, 0x21, 0x03, 0x2E, 0x01, 0x27, 0x21, 0x07, 0x14, 0x16,
0x17, 0x13, 0x02, 0x12, 0x0B, 0x09, 0x02, 0x01, 0x86, 0x0C, 0x18, 0x0C, 0xA2, 0xFE, 0xF7, 0xB7,
0x06, 0x14, 0x0A, 0x01, 0x27, 0x01, 0x06, 0x0A, 0x79, 0x01, 0x8F, 0x1A, 0x1D, 0x13, 0x05, 0x0A,
0x05, 0x12, 0x31, 0x1D, 0xFE, 0x73, 0x01, 0xAB, 0x0F, 0x23, 0x10, 0x13, 0x11, 0x14, 0x17, 0xFE,
0xE3, 0x00, 0x00, 0x01, 0xFF, 0xF9, 0x00, 0x00, 0x03, 0xD0, 0x01, 0xED, 0x00, 0x1D, 0x00, 0xB0,
0x40, 0x64, 0x1E, 0x14, 0x05, 0x50, 0x00, 0x50, 0x01, 0x57, 0x0D, 0x58, 0x0E, 0x9B, 0x1C, 0x05,
0x0F, 0x2C, 0x1D, 0x1C, 0x1D, 0x1C, 0x2C, 0x19, 0x1C, 0x10, 0x0F, 0x10, 0x01, 0x2C, 0x01, 0x00,
0x0D, 0x04, 0x2C, 0x0C, 0x0D, 0x0C, 0x01, 0x27, 0x0E, 0x00, 0x27, 0x0F, 0x0F, 0x0E, 0x1C, 0x27,
0x11, 0x19, 0x27, 0x12, 0x12, 0x11, 0x12, 0x0F, 0x0B, 0x03, 0x10, 0x15, 0x00, 0x15, 0x08, 0x03,
0x1D, 0x01, 0x11, 0x10, 0x0D, 0x03, 0x0E, 0x14, 0x10, 0x27, 0x11, 0x12, 0x11, 0x14, 0x11, 0x1D,
0x14, 0x0F, 0x0E, 0x1D, 0x0B, 0x0D, 0x09, 0x0D, 0x27, 0x0E, 0x0E, 0x09, 0x1D, 0x1D, 0x09, 0x14,
0x09, 0x1F, 0x1E, 0x01, 0x14, 0x46, 0x76, 0x2F, 0x37, 0x18, 0x10, 0xD4, 0xD4, 0x12, 0x11, 0x39,
0x2F, 0x11, 0x39, 0x3D, 0x2F, 0xFD, 0x18, 0x11, 0x12, 0x39, 0x11, 0x12, 0x39, 0x11, 0x12, 0x39,
0x11, 0x12, 0x39, 0x3D, 0x2F, 0xFD, 0x18, 0x00, 0x3F, 0x17, 0x3C, 0x3F, 0x17, 0x3C, 0x11, 0x12,
0x17, 0x39, 0x07, 0x05, 0x10, 0xFD, 0x10, 0xFD, 0x07, 0x10, 0xFD, 0x10, 0xFD, 0x07, 0x10, 0xFD,
0x10, 0x08, 0xFD, 0x07, 0x10, 0x08, 0xFD, 0x07, 0x05, 0x10, 0xFD, 0x01, 0x5D, 0x30, 0x31, 0x2B,
0x01, 0x13, 0x37, 0x3E, 0x01, 0x35, 0x34, 0x26, 0x27, 0x33, 0x0E, 0x01, 0x07, 0x03, 0x23, 0x0B,
0x01, 0x23, 0x03, 0x26, 0x27, 0x21, 0x0E, 0x01, 0x15, 0x14, 0x16, 0x1F, 0x01, 0x13, 0x02, 0xBF,
0x4E, 0x2C, 0x04, 0x06, 0x05, 0x05, 0x97, 0x14, 0x15, 0x09, 0x65, 0xF7, 0x63, 0x61, 0xF8, 0x68,
0x0C, 0x19, 0x01, 0x28, 0x05, 0x05, 0x03, 0x07, 0x2F, 0x4C, 0x01, 0xED, 0xFE, 0xD1, 0xB3, 0x0F,
0x25, 0x10, 0x0F, 0x1E, 0x0B, 0x14, 0x2D, 0x23, 0xFE, 0x77, 0x01, 0x7B, 0xFE, 0x85, 0x01, 0x9A,
0x2D, 0x26, 0x0E, 0x12, 0x0B, 0x15, 0x17, 0x1B, 0xBD, 0x01, 0x2F, 0x00, 0x00, 0x01, 0xFF, 0xF3,
0x00, 0x00, 0x02, 0xE2, 0x01, 0xED, 0x00, 0x20, 0x00, 0x2F, 0x40, 0x15, 0x20, 0x1C, 0x13, 0x10,
0x0C, 0x03, 0x07, 0x2C, 0x21, 0x1C, 0x1B, 0x14, 0x03, 0x13, 0x01, 0x0C, 0x0B, 0x04, 0x03, 0x03,
0x14, 0x00, 0x3F, 0x17, 0x3C, 0x3F, 0x17, 0x3C, 0x00, 0x10, 0xFD, 0x01, 0x2E, 0x2E, 0x2E, 0x2E,
0x2E, 0x2E, 0x31, 0x30, 0xB2, 0x21, 0x0C, 0x05, 0x2B, 0x25, 0x1E, 0x01, 0x17, 0x21, 0x2E, 0x01,
0x27, 0x07, 0x0E, 0x01, 0x07, 0x23, 0x3E, 0x01, 0x3F, 0x01, 0x27, 0x26, 0x27, 0x21, 0x16, 0x17,
0x16, 0x17, 0x3E, 0x01, 0x37, 0x33, 0x0E, 0x01, 0x0F, 0x01, 0x02, 0x87, 0x21, 0x20, 0x1A, 0xFE,
0xA5, 0x07, 0x40, 0x14, 0x6A, 0x0D, 0x0E, 0x05, 0xAF, 0x23, 0x35, 0x18, 0x8C, 0x8D, 0x31, 0x2E,
0x01, 0x51, 0x07, 0x1D, 0x23, 0x0E, 0x22, 0x51, 0x09, 0xA7, 0x16, 0x1F, 0x27, 0x8B, 0x5D, 0x28,
0x24, 0x11, 0x26, 0x49, 0x18, 0x5B, 0x0B, 0x13, 0x0E, 0x16, 0x2B, 0x15, 0x7A, 0xB1, 0x3E, 0x2E,
0x1C, 0x24, 0x28, 0x12, 0x1C, 0x45, 0x19, 0x0E, 0x1A, 0x23, 0x7B, 0x00, 0x00, 0x01, 0x00, 0x21,
0xFF, 0x43, 0x02, 0xC4, 0x01, 0xED, 0x00, 0x2C, 0x00, 0x3F, 0x40, 0x20, 0x2D, 0x2B, 0x05, 0x14,
0x1D, 0x2F, 0x2D, 0x14, 0x17, 0x2C, 0x12, 0x03, 0x2C, 0x20, 0x14, 0x0C, 0x1D, 0x0A, 0x27, 0x0D,
0x2C, 0x27, 0x2B, 0x25, 0x2C, 0x0C, 0x01, 0x12, 0x1E, 0x01, 0x2B, 0x46, 0x76, 0x2F, 0x37, 0x18,
0x00, 0x3F, 0x3F, 0x3C, 0x01, 0x2F, 0xC4, 0xFD, 0x2F, 0xFD, 0x3C, 0xC4, 0x00, 0x3F, 0xFD, 0x10,
0xFD, 0xC4, 0x10, 0xFD, 0x01, 0x2E, 0x31, 0x30, 0x2B, 0x25, 0x14, 0x16, 0x3B, 0x01, 0x32, 0x36,
0x3D, 0x02, 0x34, 0x26, 0x27, 0x21, 0x11, 0x17, 0x14, 0x06, 0x23, 0x21, 0x27, 0x1E, 0x01, 0x3B,
0x02, 0x32, 0x36, 0x3D, 0x01, 0x0E, 0x01, 0x2B, 0x01, 0x22, 0x26, 0x3D, 0x02, 0x34, 0x35, 0x2E,
0x01, 0x27, 0x21, 0x01, 0x27, 0x18, 0x29, 0x3E, 0x22, 0x0A, 0x07, 0x0D, 0x01, 0x05, 0x01, 0x68,
0x75, 0xFE, 0x6F, 0x13, 0x19, 0x35, 0x28, 0x0B, 0xD8, 0x23, 0x13, 0x0D, 0x2E, 0x21, 0x8C, 0x65,
0x50, 0x03, 0x04, 0x0D, 0x01, 0x06, 0xAA, 0x2C, 0x21, 0x33, 0x16, 0xCB, 0x0F, 0x25, 0x2F, 0x19,
0xFE, 0x13, 0x1E, 0x69, 0x36, 0x77, 0x0E, 0x08, 0x1D, 0x26, 0x39, 0x14, 0x0C, 0x5E, 0x68, 0xAB,
0x15, 0x12, 0x13, 0x0F, 0x1B, 0x18, 0x00, 0x01, 0x00, 0x00, 0x00, 0x00, 0x02, 0x9C, 0x01, 0xED,
0x00, 0x0D, 0x00, 0x2F, 0x40, 0x17, 0x0E, 0x06, 0x05, 0x0D, 0x0B, 0x07, 0x06, 0x04, 0x00, 0x0B,
0x07, 0x2C, 0x0C, 0x04, 0x00, 0x2C, 0x05, 0x0D, 0x0C, 0x01, 0x06, 0x05, 0x14, 0x00, 0x3F, 0x3C,
0x3F, 0x3C, 0x00, 0x10, 0xFD, 0xC4, 0x10, 0xFD, 0xC4, 0x01, 0x2E, 0x2E, 0x2E, 0x2E, 0x2E, 0x2E,
0x31, 0x30, 0x2B, 0x25, 0x33, 0x32, 0x36, 0x37, 0x07, 0x21, 0x01, 0x23, 0x22, 0x06, 0x07, 0x37,
0x21, 0x01, 0x74, 0xAD, 0x26, 0x39, 0x1C, 0x11, 0xFD, 0x75, 0x01, 0x27, 0x91, 0x3B, 0x36, 0x1E,
0x11, 0x02, 0x7B, 0x5D, 0x0B, 0x11, 0x79, 0x01, 0x90, 0x0C, 0x0E, 0x77, 0x00, 0x01, 0x00, 0x77,
0xFF, 0x3D, 0x01, 0x93, 0x02, 0xA2, 0x00, 0x25, 0x00, 0x55, 0x40, 0x2B, 0x18, 0x17, 0x06, 0x05,
0x0E, 0x2C, 0x0F, 0x12, 0x18, 0x2C, 0x17, 0x19, 0x2C, 0x17, 0x05, 0x04, 0x2C, 0x06, 0x1E, 0x20,
0x1F, 0x1E, 0x01, 0x04, 0x00, 0x2B, 0x13, 0x12, 0x0B, 0x03, 0x0A, 0x23, 0x2B, 0x0F, 0x0E, 0x17,
0x16, 0x00, 0x07, 0x1E, 0x01, 0x0E, 0x46, 0x76, 0x2F, 0x37, 0x18, 0x00, 0x3F, 0x3F, 0x3C, 0x01,
0x2F, 0x3C, 0xFD, 0x2F, 0x17, 0x3C, 0xFD, 0x17, 0x3C, 0x00, 0x3F, 0xFD, 0x3C, 0x10, 0xFD, 0x10,
0xFD, 0x3F, 0xFD, 0x01, 0x2E, 0x2E, 0x2E, 0x2E, 0x31, 0x30, 0xB2, 0x26, 0x0E, 0x05, 0x2B, 0x25,
0x15, 0x14, 0x16, 0x3B, 0x01, 0x15, 0x07, 0x22, 0x26, 0x3D, 0x01, 0x34, 0x26, 0x27, 0x35, 0x3E,
0x01, 0x3D, 0x01, 0x34, 0x36, 0x33, 0x17, 0x15, 0x27, 0x22, 0x0E, 0x02, 0x1D, 0x02, 0x14, 0x06,
0x07, 0x1E, 0x01, 0x01, 0x33, 0x1C, 0x29, 0x1B, 0x3F, 0x54, 0x52, 0x17, 0x20, 0x1E, 0x19, 0x51,
0x55, 0x3F, 0x0E, 0x0F, 0x1D, 0x1E, 0x08, 0x17, 0x26, 0x22, 0x1B, 0x71, 0x7B, 0x2B, 0x1A, 0x72,
0x02, 0x3D, 0x53, 0x9A, 0x25, 0x2B, 0x06, 0x6E, 0x07, 0x25, 0x20, 0x9B, 0x53, 0x3D, 0x02, 0x73,
0x01, 0x01, 0x0A, 0x1A, 0x14, 0x0C, 0x7B, 0x30, 0x34, 0x1B, 0x15, 0x3D, 0x00, 0x01, 0x00, 0x8C,
0xFF, 0x59, 0x01, 0x68, 0x02, 0x9A, 0x00, 0x03, 0x00, 0x1E, 0x40, 0x0A, 0x03, 0x02, 0x01, 0x00,
0x03, 0x00, 0x00, 0x02, 0x01, 0x1A, 0x00, 0x3F, 0x3C, 0x3F, 0x3C, 0x00, 0x01, 0x2E, 0x2E, 0x2E,
0x2E, 0x31, 0x30, 0xB2, 0x04, 0x02, 0x05, 0x2B, 0x01, 0x11, 0x23, 0x11, 0x01, 0x68, 0xDC, 0x02,
0x9A, 0xFC, 0xBF, 0x03, 0x41, 0x00, 0x00, 0x01, 0x00, 0x61, 0xFF, 0x3D, 0x01, 0x7D, 0x02, 0xA2,
0x00, 0x22, 0x00, 0x51, 0x40, 0x28, 0x18, 0x17, 0x06, 0x05, 0x0E, 0x2C, 0x0F, 0x05, 0x19, 0x18,
0x2C, 0x17, 0x05, 0x04, 0x2C, 0x06, 0x00, 0x1D, 0x1C, 0x01, 0x03, 0x00, 0x2B, 0x13, 0x12, 0x0B,
0x03, 0x0A, 0x20, 0x2B, 0x0F, 0x0E, 0x07, 0x00, 0x17, 0x16, 0x1E, 0x01, 0x05, 0x46, 0x76, 0x2F,
0x37, 0x18, 0x00, 0x3F, 0x3C, 0x3F, 0x01, 0x2F, 0x3C, 0xFD, 0x2F, 0x17, 0x3C, 0xFD, 0x17, 0x3C,
0x00, 0x3F, 0xFD, 0x3C, 0x10, 0xFD, 0x3C, 0x3F, 0xFD, 0x01, 0x2E, 0x2E, 0x2E, 0x2E, 0x31, 0x30,
0xB2, 0x23, 0x05, 0x05, 0x2B, 0x13, 0x35, 0x34, 0x26, 0x2B, 0x01, 0x35, 0x37, 0x32, 0x16, 0x1D,
0x01, 0x14, 0x16, 0x17, 0x15, 0x0E, 0x01, 0x1D, 0x01, 0x14, 0x06, 0x23, 0x27, 0x35, 0x33, 0x32,
0x36, 0x3D, 0x01, 0x34, 0x36, 0x37, 0x2E, 0x01, 0xC1, 0x1B, 0x28, 0x1D, 0x3F, 0x55, 0x51, 0x17,
0x20, 0x1E, 0x19, 0x51, 0x55, 0x3F, 0x1D, 0x29, 0x1A, 0x19, 0x24, 0x24, 0x19, 0x01, 0x6E, 0x7B,
0x2A, 0x1B, 0x72, 0x02, 0x3B, 0x54, 0x9B, 0x25, 0x2B, 0x06, 0x6E, 0x07, 0x25, 0x20, 0x9B, 0x52,
0x3E, 0x02, 0x73, 0x1C, 0x29, 0x7B, 0x2E, 0x36, 0x1A, 0x17, 0x39, 0x00, 0x00, 0x01, 0x00, 0x5B,
0x02, 0x0D, 0x02, 0x43, 0x03, 0x07, 0x00, 0x13, 0x00, 0x30, 0x40, 0x14, 0x00, 0x03, 0x10, 0x0A,
0x03, 0x10, 0x06, 0x2C, 0x0D, 0x10, 0x2C, 0x03, 0x0E, 0x09, 0x0E, 0x5D, 0x0D, 0x13, 0x15, 0x78,
0x00, 0x76, 0x3F, 0x3C, 0x76, 0x3F, 0x18, 0x00, 0x3F, 0xFD, 0x10, 0xFD, 0x00, 0x11, 0x12, 0x39,
0x11, 0x12, 0x39, 0x31, 0x30, 0xB2, 0x14, 0x00, 0x05, 0x2B, 0x13, 0x3E, 0x01, 0x33, 0x32, 0x16,
0x33, 0x32, 0x36, 0x37, 0x17, 0x0E, 0x01, 0x23, 0x22, 0x26, 0x23, 0x22, 0x06, 0x07, 0x5B, 0x23,
0x4E, 0x31, 0x1D, 0x79, 0x14, 0x13, 0x15, 0x0D, 0x67, 0x26, 0x4C, 0x30, 0x1E, 0x70, 0x20, 0x0D,
0x15, 0x0F, 0x02, 0x65, 0x5C, 0x43, 0x2F, 0x19, 0x19, 0x57, 0x5E, 0x44, 0x30, 0x14, 0x1D, 0x00,
0xFF, 0xFF, 0xFF, 0xF3, 0x00, 0x00, 0x03, 0x57, 0x03, 0x52, 0x00, 0x26, 0x00, 0x24, 0x00, 0x00,
0x00, 0x07, 0x00, 0x8E, 0x00, 0xAD, 0x00, 0xC4, 0xFF, 0xFF, 0xFF, 0xF3, 0x00, 0x00, 0x03, 0x57,
0x03, 0x5F, 0x00, 0x26, 0x00, 0x24, 0x00, 0x00, 0x00, 0x07, 0x00, 0xCE, 0x00, 0xA7, 0x00, 0xBD,
0x00, 0x02, 0x00, 0x28, 0xFF, 0x4A, 0x02, 0x80, 0x02, 0x9B, 0x00, 0x19, 0x00, 0x1D, 0x00, 0x47,
0x40, 0x21, 0x1C, 0x1A, 0x15, 0x14, 0x0F, 0x08, 0x07, 0x00, 0x00, 0x15, 0x1D, 0x1A, 0x2C, 0x1C,
0x0F, 0x2C, 0x10, 0x0C, 0x0B, 0x2C, 0x11, 0x10, 0x14, 0x04, 0x03, 0x2C, 0x18, 0x19, 0x18, 0x00,
0x1C, 0x1B, 0x1A, 0x00, 0x3F, 0x3C, 0x3F, 0x3C, 0x00, 0x10, 0xFD, 0x3C, 0x3F, 0x3C, 0xFD, 0x3C,
0x10, 0xFD, 0x10, 0xFD, 0x3C, 0x00, 0x3E, 0x01, 0x2E, 0x2E, 0x2E, 0x2E, 0x2E, 0x2E, 0x2E, 0x2E,
0x31, 0x30, 0xB2, 0x1E, 0x14, 0x05, 0x2B, 0x01, 0x2E, 0x01, 0x2B, 0x01, 0x22, 0x06, 0x15, 0x11,
0x14, 0x16, 0x3B, 0x01, 0x32, 0x36, 0x37, 0x07, 0x21, 0x22, 0x26, 0x35, 0x11, 0x34, 0x36, 0x33,
0x21, 0x03, 0x07, 0x27, 0x37, 0x02, 0x78, 0x1A, 0x39, 0x2A, 0x8B, 0x33, 0x18, 0x26, 0x32, 0x84,
0x24, 0x3D, 0x1E, 0x14, 0xFE, 0x67, 0x56, 0x55, 0x55, 0x56, 0x01, 0x8D, 0xA0, 0x54, 0x84, 0x3B,
0x02, 0x11, 0x12, 0x0A, 0x1F, 0x36, 0xFE, 0xE6, 0x31, 0x1F, 0x09, 0x0C, 0x83, 0x68, 0x57, 0x01,
0x1C, 0x58, 0x68, 0xFD, 0x43, 0x94, 0x01, 0x94, 0xFF, 0xFF, 0x00, 0x3C, 0x00, 0x00, 0x02, 0xAB,
0x03, 0x5E, 0x00, 0x26, 0x00, 0x28, 0x00, 0x00, 0x00, 0x07, 0x00, 0x8D, 0x00, 0x97, 0x00, 0xAD,
0xFF, 0xFF, 0x00, 0x2F, 0x00, 0x00, 0x03, 0x24, 0x03, 0x63, 0x00, 0x26, 0x00, 0x31, 0x00, 0x00,
0x00, 0x07, 0x00, 0xCA, 0x00, 0xBF, 0x00, 0xAE, 0xFF, 0xFF, 0x00, 0x28, 0x00, 0x00, 0x03, 0x00,
0x03, 0x52, 0x00, 0x26, 0x00, 0x32, 0x00, 0x00, 0x00, 0x07, 0x00, 0x8E, 0x00, 0x9F, 0x00, 0xC4,
0xFF, 0xFF, 0x00, 0x2F, 0x00, 0x00, 0x03, 0x23, 0x03, 0x52, 0x00, 0x26, 0x00, 0x38, 0x00, 0x00,
0x00, 0x07, 0x00, 0x8E, 0x00, 0xD9, 0x00, 0xBC, 0xFF, 0xFF, 0x00, 0x21, 0x00, 0x00, 0x02, 0xC2,
0x02, 0xB0, 0x00, 0x26, 0x00, 0x44, 0x00, 0x00, 0x00, 0x07, 0x00, 0x8D, 0x00, 0x98, 0x00, 0x0F,
0xFF, 0xFF, 0x00, 0x21, 0x00, 0x00, 0x02, 0xC2, 0x02, 0xB0, 0x00, 0x26, 0x00, 0x44, 0x00, 0x00,
0x00, 0x07, 0x00, 0x43, 0x00, 0x99, 0x00, 0x0F, 0xFF, 0xFF, 0x00, 0x21, 0x00, 0x00, 0x02, 0xC2,
0x02, 0xB0, 0x00, 0x26, 0x00, 0x44, 0x00, 0x00, 0x00, 0x07, 0x00, 0xC9, 0x00, 0x8F, 0x00, 0x08,
0xFF, 0xFF, 0x00, 0x21, 0x00, 0x00, 0x02, 0xC2, 0x02, 0xA6, 0x00, 0x26, 0x00, 0x44, 0x00, 0x00,
0x00, 0x07, 0x00, 0x8E, 0x00, 0x85, 0x00, 0x10, 0xFF, 0xFF, 0x00, 0x21, 0x00, 0x00, 0x02, 0xC2,
0x02, 0xB6, 0x00, 0x26, 0x00, 0x44, 0x00, 0x00, 0x00, 0x07, 0x00, 0xCA, 0x00, 0x97, 0x00, 0x11,
0xFF, 0xFF, 0x00, 0x21, 0x00, 0x00, 0x02, 0xC2, 0x02, 0xB2, 0x00, 0x26, 0x00, 0x44, 0x00, 0x00,
0x00, 0x07, 0x00, 0xCE, 0x00, 0x7F, 0x00, 0x10, 0x00, 0x02, 0x00, 0x21, 0xFF, 0x4A, 0x02, 0x4B,
0x01, 0xED, 0x00, 0x1C, 0x00, 0x20, 0x00, 0x47, 0x40, 0x21, 0x1F, 0x1D, 0x18, 0x17, 0x0F, 0x08,
0x07, 0x00, 0x00, 0x0F, 0x20, 0x1D, 0x2C, 0x1F, 0x0F, 0x2C, 0x10, 0x0C, 0x0B, 0x2C, 0x11, 0x10,
0x14, 0x04, 0x03, 0x2C, 0x1B, 0x1C, 0x1B, 0x01, 0x1F, 0x1E, 0x1A, 0x00, 0x3F, 0x3C, 0x3F, 0x3C,
0x00, 0x10, 0xFD, 0x3C, 0x3F, 0x3C, 0xFD, 0x3C, 0x10, 0xFD, 0x10, 0xFD, 0x3C, 0x00, 0x3E, 0x01,
0x2E, 0x2E, 0x2E, 0x2E, 0x2E, 0x2E, 0x2E, 0x2E, 0x31, 0x30, 0xB2, 0x21, 0x17, 0x05, 0x2B, 0x01,
0x2E, 0x01, 0x2B, 0x01, 0x22, 0x06, 0x1D, 0x01, 0x14, 0x16, 0x3B, 0x01, 0x32, 0x36, 0x37, 0x07,
0x21, 0x22, 0x26, 0x27, 0x2E, 0x01, 0x3D, 0x01, 0x34, 0x36, 0x33, 0x21, 0x03, 0x07, 0x27, 0x37,
0x02, 0x4B, 0x14, 0x35, 0x19, 0x92, 0x24, 0x20, 0x24, 0x22, 0x8A, 0x1F, 0x2F, 0x1A, 0x14, 0xFE,
0x97, 0x0E, 0x26, 0x11, 0x2E, 0x3A, 0x5F, 0x47, 0x01, 0x70, 0x95, 0x54, 0x84, 0x3B, 0x01, 0x77,
0x0D, 0x0C, 0x17, 0x23, 0xC5, 0x20, 0x14, 0x0C, 0x10, 0x79, 0x04, 0x02, 0x0A, 0x4A, 0x2F, 0xDF,
0x44, 0x41, 0xFD, 0xF1, 0x94, 0x01, 0x94, 0x00, 0xFF, 0xFF, 0x00, 0x22, 0x00, 0x00, 0x02, 0xA9,
0x02, 0xB0, 0x00, 0x26, 0x00, 0x48, 0x00, 0x00, 0x00, 0x07, 0x00, 0x8D, 0x00, 0x8D, 0x00, 0x0F,
0xFF, 0xFF, 0x00, 0x22, 0x00, 0x00, 0x02, 0xA9, 0x02, 0xB0, 0x00, 0x26, 0x00, 0x48, 0x00, 0x00,
0x00, 0x07, 0x00, 0x43, 0x00, 0x7E, 0x00, 0x0F, 0xFF, 0xFF, 0x00, 0x22, 0x00, 0x00, 0x02, 0xA9,
0x02, 0xB0, 0x00, 0x26, 0x00, 0x48, 0x00, 0x00, 0x00, 0x07, 0x00, 0xC9, 0x00, 0x74, 0x00, 0x10,
0xFF, 0xFF, 0x00, 0x22, 0x00, 0x00, 0x02, 0xA9, 0x02, 0xA6, 0x00, 0x26, 0x00, 0x48, 0x00, 0x00,
0x00, 0x07, 0x00, 0x8E, 0x00, 0x6F, 0x00, 0x18, 0xFF, 0xFF, 0x00, 0x28, 0x00, 0x00, 0x01, 0x4F,
0x02, 0xB0, 0x00, 0x26, 0x00, 0xC8, 0x00, 0x00, 0x00, 0x06, 0x00, 0x8D, 0xE3, 0x0F, 0xFF, 0xFF,
0x00, 0x28, 0x00, 0x00, 0x01, 0x4F, 0x02, 0xB0, 0x00, 0x26, 0x00, 0xC8, 0x00, 0x00, 0x00, 0x06,
0x00, 0x43, 0xD9, 0x0F, 0xFF, 0xFF, 0xFF, 0xE3, 0x00, 0x00, 0x01, 0x73, 0x02, 0xB0, 0x00, 0x26,
0x00, 0xC8, 0x00, 0x00, 0x00, 0x06, 0x00, 0xC9, 0xB6, 0x08, 0xFF, 0xFF, 0xFF, 0xEF, 0x00, 0x00,
0x01, 0x67, 0x02, 0xA6, 0x00, 0x26, 0x00, 0xC8, 0x00, 0x00, 0x00, 0x06, 0x00, 0x8E, 0xB6, 0x08,
0xFF, 0xFF, 0x00, 0x28, 0x00, 0x00, 0x02, 0xDA, 0x02, 0xB6, 0x00, 0x26, 0x00, 0x51, 0x00, 0x00,
0x00, 0x07, 0x00, 0xCA, 0x00, 0x97, 0x00, 0x11, 0xFF, 0xFF, 0x00, 0x22, 0xFF, 0xFF, 0x02, 0xBE,
0x02, 0xB0, 0x00, 0x26, 0x00, 0x52, 0x00, 0x00, 0x00, 0x07, 0x00, 0x8D, 0x00, 0x98, 0x00, 0x0F,
0xFF, 0xFF, 0x00, 0x22, 0xFF, 0xFF, 0x02, 0xBE, 0x02, 0xB0, 0x00, 0x26, 0x00, 0x52, 0x00, 0x00,
0x00, 0x07, 0x00, 0x43, 0x00, 0x98, 0x00, 0x0F, 0xFF, 0xFF, 0x00, 0x22, 0xFF, 0xFF, 0x02, 0xBE,
0x02, 0xB0, 0x00, 0x26, 0x00, 0x52, 0x00, 0x00, 0x00, 0x07, 0x00, 0xC9, 0x00, 0x70, 0x00, 0x10,
0xFF, 0xFF, 0x00, 0x22, 0xFF, 0xFF, 0x02, 0xBE, 0x02, 0xA6, 0x00, 0x26, 0x00, 0x52, 0x00, 0x00,
0x00, 0x07, 0x00, 0x8E, 0x00, 0x71, 0x00, 0x10, 0xFF, 0xFF, 0x00, 0x22, 0xFF, 0xFF, 0x02, 0xBE,
0x02, 0xB6, 0x00, 0x26, 0x00, 0x52, 0x00, 0x00, 0x00, 0x07, 0x00, 0xCA, 0x00, 0x6F, 0x00, 0x01,
0xFF, 0xFF, 0x00, 0x22, 0x00, 0x00, 0x02, 0xD6, 0x02, 0xB0, 0x00, 0x26, 0x00, 0x58, 0x00, 0x00,
0x00, 0x07, 0x00, 0x8D, 0x00, 0xA6, 0xFF, 0xFF, 0xFF, 0xFF, 0x00, 0x22, 0x00, 0x00, 0x02, 0xD6,
0x02, 0xB0, 0x00, 0x26, 0x00, 0x58, 0x00, 0x00, 0x00, 0x07, 0x00, 0x43, 0x00, 0x92, 0xFF, 0xFF,
0xFF, 0xFF, 0x00, 0x22, 0x00, 0x00, 0x02, 0xD6, 0x02, 0xB0, 0x00, 0x26, 0x00, 0x58, 0x00, 0x00,
0x00, 0x07, 0x00, 0xC9, 0x00, 0x83, 0x00, 0x00, 0xFF, 0xFF, 0x00, 0x22, 0x00, 0x00, 0x02, 0xD6,
0x02, 0xA6, 0x00, 0x26, 0x00, 0x58, 0x00, 0x00, 0x00, 0x07, 0x00, 0x8E, 0x00, 0x80, 0x00, 0x00,
0x00, 0x01, 0x00, 0x51, 0xFF, 0x65, 0x02, 0x59, 0x02, 0x9B, 0x00, 0x0B, 0x00, 0x4D, 0x40, 0x26,
0x05, 0x04, 0x01, 0x03, 0x00, 0x2C, 0x0B, 0x0A, 0x07, 0x03, 0x06, 0x01, 0x0B, 0x00, 0x01, 0x06,
0x05, 0x03, 0x0A, 0x09, 0x02, 0x03, 0x01, 0x2B, 0x08, 0x07, 0x04, 0x03, 0x03, 0x09, 0x08, 0x00,
0x03, 0x02, 0x1B, 0x01, 0x05, 0x46, 0x76, 0x2F, 0x37, 0x18, 0x00, 0x3F, 0x3C, 0x3F, 0x3C, 0x01,
0x2F, 0x17, 0x3C, 0xFD, 0x17, 0x3C, 0x10, 0xDD, 0x3C, 0x10, 0xDD, 0x3C, 0x31, 0x00, 0x3F, 0x17,
0x3C, 0xFD, 0x17, 0x3C, 0x31, 0x30, 0xB2, 0x0C, 0x05, 0x05, 0x2B, 0x01, 0x23, 0x11, 0x23, 0x11,
0x23, 0x35, 0x33, 0x35, 0x33, 0x15, 0x33, 0x02, 0x59, 0xA2, 0xC5, 0xA1, 0xA1, 0xC5, 0xA2, 0x01,
0x48, 0xFE, 0x1D, 0x01, 0xE3, 0xAB, 0xA8, 0xA8, 0x00, 0x02, 0x00, 0x4E, 0x01, 0x50, 0x01, 0xA5,
0x02, 0xA8, 0x00, 0x0B, 0x00, 0x17, 0x00, 0x2D, 0x40, 0x13, 0x0C, 0x2C, 0x06, 0x12, 0x2C, 0x00,
0x15, 0x2B, 0x09, 0x0F, 0x2B, 0x03, 0x06, 0x02, 0x00, 0x22, 0x01, 0x03, 0x46, 0x76, 0x2F, 0x37,
0x18, 0x00, 0x3F, 0x3F, 0x01, 0x2F, 0xFD, 0x2F, 0xFD, 0x00, 0x10, 0xFD, 0x10, 0xFD, 0x31, 0x30,
0xB2, 0x18, 0x03, 0x05, 0x2B, 0x13, 0x22, 0x26, 0x35, 0x34, 0x36, 0x33, 0x32, 0x16, 0x15, 0x14,
0x06, 0x03, 0x22, 0x06, 0x15, 0x14, 0x16, 0x33, 0x32, 0x36, 0x35, 0x34, 0x26, 0xF7, 0x42, 0x67,
0x5F, 0x4C, 0x48, 0x64, 0x67, 0x45, 0x24, 0x36, 0x33, 0x26, 0x25, 0x37, 0x35, 0x01, 0x50, 0x61,
0x43, 0x4C, 0x68, 0x66, 0x49, 0x46, 0x63, 0x01, 0x09, 0x38, 0x24, 0x26, 0x39, 0x37, 0x26, 0x25,
0x39, 0x00, 0x00, 0x01, 0x00, 0x28, 0x00, 0x00, 0x02, 0x14, 0x02, 0x9B, 0x00, 0x22, 0x00, 0x63,
0x40, 0x31, 0x14, 0x0C, 0x0B, 0x14, 0x2C, 0x15, 0x08, 0x07, 0x06, 0x2C, 0x21, 0x20, 0x02, 0x03,
0x01, 0x29, 0x11, 0x10, 0x0F, 0x2C, 0x19, 0x16, 0x15, 0x24, 0x03, 0x00, 0x1D, 0x1C, 0x18, 0x17,
0x16, 0x01, 0x03, 0x00, 0x2B, 0x22, 0x21, 0x19, 0x03, 0x18, 0x22, 0x00, 0x00, 0x18, 0x17, 0x14,
0x01, 0x1C, 0x46, 0x76, 0x2F, 0x37, 0x18, 0x00, 0x3F, 0x3C, 0x3F, 0x3C, 0x01, 0x2F, 0x17, 0x3C,
0xFD, 0x17, 0x3C, 0x10, 0xDD, 0x3C, 0x10, 0xDD, 0x31, 0x00, 0x3F, 0x3C, 0x3C, 0xFD, 0x3C, 0x3C,
0x3F, 0x17, 0x3C, 0xFD, 0x3C, 0x3C, 0x10, 0xFD, 0x01, 0x2E, 0x2E, 0x2E, 0x31, 0x30, 0xB2, 0x23,
0x1C, 0x05, 0x2B, 0x01, 0x15, 0x33, 0x17, 0x2E, 0x01, 0x2B, 0x02, 0x22, 0x06, 0x1D, 0x01, 0x14,
0x16, 0x3B, 0x02, 0x32, 0x36, 0x37, 0x07, 0x23, 0x15, 0x23, 0x35, 0x22, 0x26, 0x3D, 0x01, 0x34,
0x36, 0x3B, 0x01, 0x35, 0x01, 0x49, 0xB7, 0x14, 0x15, 0x2B, 0x24, 0x74, 0x15, 0x13, 0x13, 0x19,
0x17, 0x18, 0x69, 0x1F, 0x2C, 0x15, 0x14, 0xB5, 0x5B, 0x72, 0x54, 0x44, 0x3E, 0x44, 0x02, 0x9B,
0x6B, 0x7D, 0x17, 0x0E, 0x11, 0x23, 0xB6, 0x15, 0x13, 0x0D, 0x13, 0x75, 0x71, 0x71, 0x30, 0x68,
0xB0, 0x3D, 0x3A, 0x6B, 0x00, 0x01, 0x00, 0x2D, 0x00, 0x00, 0x02, 0xF3, 0x02, 0x9B, 0x00, 0x34,
0x00, 0x83, 0x40, 0x42, 0x2F, 0x29, 0x28, 0x27, 0x19, 0x12, 0x09, 0x06, 0x05, 0x00, 0x22, 0x15,
0x19, 0x34, 0x00, 0x2C, 0x03, 0x1A, 0x19, 0x2C, 0x15, 0x1F, 0x1E, 0x2C, 0x15, 0x30, 0x2F, 0x2C,
0x03, 0x29, 0x28, 0x0D, 0x03, 0x0C, 0x2C, 0x27, 0x26, 0x0F, 0x03, 0x0E, 0x0F, 0x22, 0x1A, 0x2C,
0x34, 0x33, 0x1B, 0x03, 0x1A, 0x0C, 0x2B, 0x0D, 0x0F, 0x2B, 0x0E, 0x0D, 0x16, 0x15, 0x00, 0x05,
0x04, 0x03, 0x14, 0x01, 0x05, 0x46, 0x76, 0x2F, 0x37, 0x18, 0x00, 0x3F, 0x3C, 0x3C, 0x3F, 0x3C,
0x01, 0x2F, 0x3C, 0xFD, 0x10, 0xFD, 0x2F, 0x17, 0x3C, 0xD6, 0x10, 0xD6, 0x00, 0x3F, 0x17, 0x3C,
0xFD, 0x17, 0x3C, 0x10, 0xFD, 0x3C, 0x10, 0xFD, 0x3C, 0x10, 0xFD, 0x3C, 0x10, 0xFD, 0x3C, 0x00,
0x11, 0x12, 0x39, 0x01, 0x2E, 0x2E, 0x2E, 0x2E, 0x2E, 0x2E, 0x2E, 0x2E, 0x2E, 0x2E, 0x31, 0x30,
0xB2, 0x35, 0x05, 0x05, 0x2B, 0x25, 0x14, 0x06, 0x2B, 0x01, 0x21, 0x35, 0x3E, 0x01, 0x35, 0x34,
0x26, 0x27, 0x23, 0x35, 0x33, 0x2E, 0x01, 0x35, 0x34, 0x36, 0x33, 0x21, 0x32, 0x16, 0x15, 0x23,
0x35, 0x34, 0x26, 0x2B, 0x01, 0x22, 0x06, 0x15, 0x14, 0x16, 0x1F, 0x01, 0x33, 0x15, 0x23, 0x1E,
0x01, 0x15, 0x14, 0x06, 0x07, 0x33, 0x32, 0x36, 0x3D, 0x01, 0x02, 0xF3, 0x39, 0x6D, 0x28, 0xFE,
0x08, 0x57, 0x71, 0x25, 0x1A, 0x82, 0x2D, 0x12, 0x0C, 0x5B, 0x5C, 0x01, 0x34, 0x6D, 0x58, 0xF9,
0x10, 0x1E, 0x4E, 0x22, 0x1D, 0x12, 0x14, 0x50, 0xF4, 0xC9, 0x06, 0x03, 0x50, 0x42, 0x67, 0x24,
0x18, 0xBE, 0x67, 0x57, 0x6E, 0x11, 0x33, 0x3D, 0x19, 0x27, 0x0C, 0x4A, 0x17, 0x37, 0x26, 0x5A,
0x48, 0x4D, 0x6D, 0x12, 0x20, 0x1A, 0x14, 0x11, 0x12, 0x18, 0x12, 0x47, 0x4A, 0x13, 0x10, 0x0F,
0x40, 0x4D, 0x0E, 0x11, 0x22, 0x1D, 0x00, 0x01, 0x00, 0x28, 0x00, 0x00, 0x01, 0x42, 0x01, 0xED,
0x00, 0x12, 0x00, 0x26, 0x40, 0x0E, 0x12, 0x11, 0x0C, 0x0B, 0x09, 0x06, 0x05, 0x00, 0x12, 0x11,
0x01, 0x06, 0x05, 0x14, 0x00, 0x3F, 0x3C, 0x3F, 0x3C, 0x00, 0x01, 0x2E, 0x2E, 0x2E, 0x2E, 0x2E,
0x2E, 0x2E, 0x2E, 0x31, 0x30, 0xB2, 0x13, 0x06, 0x05, 0x2B, 0x25, 0x1C, 0x01, 0x1E, 0x01, 0x17,
0x21, 0x3E, 0x01, 0x3D, 0x03, 0x34, 0x35, 0x2E, 0x01, 0x27, 0x21, 0x01, 0x2E, 0x05, 0x07, 0x08,
0xFE, 0xE6, 0x0D, 0x07, 0x03, 0x04, 0x0D, 0x01, 0x06, 0x7C, 0x14, 0x26, 0x22, 0x11, 0x0F, 0x17,
0x35, 0x25, 0x0B, 0xF5, 0x15, 0x12, 0x13, 0x0F, 0x1E, 0x15, 0x00, 0x01, 0x00, 0xC6, 0x00, 0xBE,
0x01, 0x88, 0x01, 0x7E, 0x00, 0x0B, 0x00, 0x17, 0x40, 0x07, 0x03, 0x2B, 0x09, 0x00, 0x0F, 0x06,
0x26, 0x00, 0x3F, 0x3F, 0x01, 0x2F, 0xFD, 0x00, 0x31, 0x30, 0xB2, 0x0C, 0x09, 0x05, 0x2B, 0x01,
0x32, 0x16, 0x15, 0x14, 0x06, 0x23, 0x22, 0x26, 0x35, 0x34, 0x36, 0x01, 0x26, 0x28, 0x3A, 0x38,
0x2A, 0x28, 0x38, 0x38, 0x01, 0x7E, 0x38, 0x28, 0x28, 0x38, 0x38, 0x28, 0x28, 0x38, 0x00, 0x01,
0x00, 0x4B, 0xFF, 0x8F, 0x02, 0x46, 0x02, 0x9B, 0x00, 0x0F, 0x00, 0x49, 0x40, 0x22, 0x08, 0x07,
0x03, 0x00, 0x22, 0x0D, 0x0C, 0x09, 0x03, 0x08, 0x2C, 0x06, 0x0E, 0x0D, 0x2B, 0x0F, 0x00, 0x0C,
0x0B, 0x2B, 0x0A, 0x09, 0x07, 0x06, 0x00, 0x0F, 0x0E, 0x0B, 0x03, 0x0A, 0x16, 0x01, 0x03, 0x46,
0x76, 0x2F, 0x37, 0x18, 0x00, 0x3F, 0x17, 0x3C, 0x3F, 0x3C, 0x01, 0x2F, 0x3C, 0xFD, 0x3C, 0x2F,
0x3C, 0xFD, 0x3C, 0x00, 0x10, 0xFD, 0x17, 0x3C, 0x00, 0x3E, 0x01, 0x2E, 0x2E, 0x2E, 0x31, 0x30,
0xB2, 0x10, 0x03, 0x05, 0x2B, 0x01, 0x22, 0x26, 0x35, 0x34, 0x36, 0x33, 0x21, 0x15, 0x23, 0x11,
0x23, 0x11, 0x23, 0x11, 0x23, 0x01, 0x08, 0x53, 0x6A, 0x81, 0x68, 0x01, 0x12, 0x2E, 0x64, 0x48,
0x64, 0x01, 0x45, 0x57, 0x52, 0x62, 0x4B, 0x4D, 0xFD, 0x41, 0x02, 0xBF, 0xFD, 0x41, 0x00, 0x01,
0x00, 0x00, 0x00, 0x00, 0x02, 0xD0, 0x02, 0x9B, 0x00, 0x38, 0x00, 0x82, 0x40, 0x42, 0x2A, 0x29,
0x13, 0x1B, 0x03, 0x1A, 0x03, 0x26, 0x00, 0x18, 0x09, 0x08, 0x2C, 0x1F, 0x30, 0x2F, 0x2C, 0x12,
0x38, 0x37, 0x19, 0x03, 0x18, 0x2C, 0x01, 0x00, 0x03, 0x34, 0x33, 0x0C, 0x0E, 0x0D, 0x0C, 0x00,
0x12, 0x2F, 0x2E, 0x1C, 0x1B, 0x18, 0x17, 0x04, 0x16, 0x2B, 0x1A, 0x19, 0x05, 0x04, 0x2B, 0x23,
0x38, 0x00, 0x2B, 0x26, 0x20, 0x1F, 0x00, 0x2E, 0x2D, 0x13, 0x03, 0x12, 0x14, 0x01, 0x19, 0x46,
0x76, 0x2F, 0x37, 0x18, 0x00, 0x3F, 0x17, 0x3C, 0x3F, 0x3C, 0x01, 0x2F, 0xFD, 0x3C, 0x2F, 0xFD,
0x3C, 0x2F, 0x3C, 0xFD, 0x17, 0x3C, 0x2F, 0x3C, 0xD6, 0x10, 0xD6, 0x3C, 0x3C, 0x10, 0xD6, 0x3C,
0x00, 0x3F, 0x3C, 0xFD, 0x17, 0x3C, 0x10, 0xFD, 0x3C, 0x10, 0xFD, 0x3C, 0x00, 0x11, 0x12, 0x39,
0x00, 0x3E, 0x3E, 0x01, 0x2E, 0x2E, 0x2E, 0x31, 0x30, 0xB2, 0x39, 0x19, 0x05, 0x2B, 0x01, 0x33,
0x32, 0x36, 0x3D, 0x01, 0x34, 0x26, 0x2B, 0x01, 0x22, 0x06, 0x1D, 0x01, 0x11, 0x14, 0x1E, 0x01,
0x17, 0x21, 0x3E, 0x01, 0x3D, 0x02, 0x23, 0x35, 0x33, 0x35, 0x34, 0x36, 0x33, 0x21, 0x32, 0x16,
0x15, 0x14, 0x06, 0x07, 0x1E, 0x01, 0x1D, 0x01, 0x14, 0x06, 0x2B, 0x01, 0x35, 0x33, 0x32, 0x36,
0x3D, 0x01, 0x34, 0x26, 0x2B, 0x01, 0x01, 0x86, 0x2E, 0x1D, 0x17, 0x18, 0x19, 0x41, 0x27, 0x13,
0x01, 0x06, 0x0D, 0xFE, 0xE5, 0x0D, 0x07, 0x49, 0x49, 0x41, 0x43, 0x01, 0x1B, 0x59, 0x6A, 0x39,
0x34, 0x4C, 0x46, 0x59, 0x53, 0xA2, 0x21, 0x26, 0x16, 0x11, 0x22, 0x26, 0x01, 0xC3, 0x10, 0x1B,
0x26, 0x18, 0x11, 0x13, 0x1F, 0x19, 0xFE, 0x8A, 0x14, 0x26, 0x2A, 0x18, 0x15, 0x31, 0x22, 0x14,
0xEF, 0x60, 0x3F, 0x44, 0x4D, 0x3C, 0x52, 0x31, 0x39, 0x09, 0x08, 0x42, 0x4B, 0x6D, 0x50, 0x48,
0x5D, 0x18, 0x26, 0x91, 0x24, 0x1B, 0x00, 0x04, 0x00, 0x20, 0xFF, 0xF1, 0x02, 0xD6, 0x02, 0xAB,
0x00, 0x0F, 0x00, 0x16, 0x00, 0x22, 0x00, 0x2E, 0x00, 0x65, 0x40, 0x33, 0x05, 0x10, 0x0C, 0x0E,
0x0D, 0x09, 0x03, 0x08, 0x26, 0x2C, 0x2C, 0x20, 0x26, 0x2C, 0x1A, 0x16, 0x2C, 0x0F, 0x00, 0x15,
0x10, 0x2C, 0x0C, 0x12, 0x05, 0x29, 0x09, 0x2B, 0x08, 0x16, 0x0D, 0x10, 0x2B, 0x0F, 0x0E, 0x13,
0x2B, 0x03, 0x23, 0x2B, 0x1D, 0x29, 0x2B, 0x17, 0x20, 0x02, 0x1A, 0x1D, 0x01, 0x1D, 0x46, 0x76,
0x2F, 0x37, 0x18, 0x00, 0x3F, 0x3F, 0x01, 0x2F, 0xFD, 0x2F, 0xFD, 0x2F, 0xFD, 0x2F, 0x3C, 0xFD,
0x3C, 0x3C, 0x2F, 0xFD, 0x10, 0xD6, 0x00, 0x3F, 0xFD, 0x3F, 0x3C, 0xFD, 0x10, 0xFD, 0x10, 0xFD,
0x10, 0xD6, 0x17, 0x3C, 0x00, 0x11, 0x12, 0x39, 0x31, 0x30, 0xB2, 0x2F, 0x1D, 0x05, 0x2B, 0x01,
0x32, 0x16, 0x15, 0x14, 0x07, 0x1E, 0x01, 0x17, 0x23, 0x2E, 0x01, 0x27, 0x07, 0x23, 0x11, 0x17,
0x32, 0x36, 0x35, 0x34, 0x26, 0x23, 0x05, 0x14, 0x06, 0x23, 0x22, 0x26, 0x35, 0x34, 0x36, 0x33,
0x32, 0x16, 0x05, 0x14, 0x16, 0x33, 0x32, 0x36, 0x35, 0x34, 0x26, 0x23, 0x22, 0x06, 0x01, 0x8B,
0x3B, 0x53, 0x39, 0x27, 0x10, 0x06, 0x77, 0x04, 0x0C, 0x2E, 0x01, 0x7D, 0x7D, 0x1F, 0x18, 0x1D,
0x1A, 0x01, 0x6F, 0xCA, 0x8E, 0x90, 0xCE, 0xCC, 0x92, 0x8E, 0xCA, 0xFD, 0xAA, 0x94, 0x69, 0x68,
0x91, 0x92, 0x67, 0x6A, 0x93, 0x02, 0x13, 0x32, 0x38, 0x42, 0x1C, 0x11, 0x6F, 0x32, 0x0C, 0x7E,
0x05, 0x8F, 0x01, 0x7A, 0xA5, 0x13, 0x1D, 0x19, 0x12, 0x7B, 0x8F, 0xCE, 0xCC, 0x91, 0x91, 0xCC,
0xCE, 0x8F, 0x69, 0x9C, 0x9D, 0x68, 0x68, 0x9C, 0x99, 0x00, 0x00, 0x03, 0x00, 0x20, 0xFF, 0xF1,
0x02, 0xD6, 0x02, 0xAB, 0x00, 0x19, 0x00, 0x25, 0x00, 0x31, 0x00, 0x56, 0x40, 0x2C, 0x17, 0x16,
0x2C, 0x00, 0x0A, 0x09, 0x2C, 0x06, 0x13, 0x2C, 0x00, 0x25, 0x0D, 0x2C, 0x06, 0x15, 0x2F, 0x2C,
0x23, 0x29, 0x2C, 0x1D, 0x16, 0x2B, 0x17, 0x0A, 0x2B, 0x09, 0x10, 0x2B, 0x03, 0x26, 0x2B, 0x20,
0x2C, 0x2B, 0x1A, 0x23, 0x02, 0x1D, 0x1D, 0x01, 0x20, 0x46, 0x76, 0x2F, 0x37, 0x18, 0x00, 0x3F,
0x3F, 0x01, 0x2F, 0xFD, 0x2F, 0xFD, 0x2F, 0xFD, 0x2F, 0xFD, 0x2F, 0xFD, 0x00, 0x10, 0xFD, 0x10,
0xFD, 0x3F, 0xFD, 0x3F, 0xFD, 0x10, 0xFD, 0x3C, 0x10, 0xFD, 0x3C, 0x31, 0x30, 0xB2, 0x32, 0x20,
0x05, 0x2B, 0x25, 0x22, 0x26, 0x35, 0x34, 0x36, 0x33, 0x32, 0x16, 0x15, 0x23, 0x2E, 0x01, 0x23,
0x22, 0x06, 0x15, 0x14, 0x16, 0x33, 0x32, 0x36, 0x37, 0x33, 0x14, 0x06, 0x25, 0x14, 0x06, 0x23,
0x22, 0x26, 0x35, 0x34, 0x36, 0x33, 0x32, 0x16, 0x05, 0x14, 0x16, 0x33, 0x32, 0x36, 0x35, 0x34,
0x26, 0x23, 0x22, 0x06, 0x01, 0x7C, 0x56, 0x67, 0x6A, 0x55, 0x43, 0x67, 0x5E, 0x06, 0x2D, 0x1B,
0x20, 0x1F, 0x1E, 0x21, 0x1F, 0x2A, 0x06, 0x60, 0x62, 0x01, 0x0D, 0xCA, 0x8E, 0x90, 0xCE, 0xCC,
0x92, 0x8E, 0xCA, 0xFD, 0xAA, 0x93, 0x6A, 0x68, 0x91, 0x92, 0x67, 0x6A, 0x93, 0x8B, 0x6F, 0x57,
0x55, 0x72, 0x53, 0x41, 0x16, 0x12, 0x37, 0x23, 0x24, 0x37, 0x16, 0x1C, 0x49, 0x55, 0xC3, 0x8F,
0xCE, 0xCC, 0x91, 0x91, 0xCC, 0xCE, 0x8F, 0x6A, 0x9B, 0x9D, 0x68, 0x68, 0x9C, 0x99, 0x00, 0x02,
0x00, 0x05, 0x01, 0x0B, 0x04, 0x26, 0x02, 0x9B, 0x00, 0x11, 0x00, 0x2A, 0x00, 0x97, 0x40, 0x4F,
0x19, 0x10, 0x08, 0x1F, 0x2A, 0x08, 0x28, 0x2A, 0x1D, 0x1E, 0x2A, 0x2C, 0x0F, 0x1C, 0x2C, 0x06,
0x05, 0x2C, 0x06, 0x0C, 0x0B, 0x02, 0x03, 0x01, 0x2C, 0x06, 0x23, 0x0F, 0x1E, 0x2B, 0x1D, 0x28,
0x25, 0x0F, 0x0C, 0x22, 0x1F, 0x18, 0x15, 0x1C, 0x1B, 0x2B, 0x16, 0x15, 0x0D, 0x0C, 0x2B, 0x01,
0x00, 0x13, 0x1F, 0x05, 0x25, 0x20, 0x1F, 0x2B, 0x26, 0x25, 0x29, 0x28, 0x13, 0x12, 0x07, 0x05,
0x06, 0x00, 0x23, 0x22, 0x1E, 0x1D, 0x19, 0x18, 0x10, 0x07, 0x0F, 0x18, 0x01, 0x05, 0x46, 0x76,
0x2F, 0x37, 0x18, 0x00, 0x3F, 0x17, 0x3C, 0x3F, 0x17, 0x3C, 0x01, 0x2F, 0x3C, 0xFD, 0x3C, 0x10,
0xDD, 0x10, 0xDD, 0x31, 0x2F, 0x3C, 0xFD, 0x3C, 0x2F, 0x3C, 0xFD, 0x3C, 0x10, 0xD6, 0x10, 0xD6,
0x10, 0xD6, 0x10, 0xD6, 0x2F, 0xFD, 0x10, 0xD6, 0x00, 0x10, 0xFD, 0x17, 0x3C, 0x10, 0xFD, 0x10,
0xFD, 0x10, 0xFD, 0x01, 0x11, 0x12, 0x39, 0x00, 0x3E, 0x3E, 0x01, 0x2E, 0x2E, 0x2E, 0x31, 0x30,
0xB2, 0x2B, 0x05, 0x05, 0x2B, 0x13, 0x11, 0x23, 0x22, 0x06, 0x07, 0x37, 0x21, 0x17, 0x2E, 0x01,
0x2B, 0x01, 0x11, 0x14, 0x17, 0x23, 0x36, 0x01, 0x33, 0x06, 0x15, 0x11, 0x14, 0x17, 0x23, 0x36,
0x3D, 0x01, 0x03, 0x23, 0x03, 0x15, 0x14, 0x17, 0x23, 0x36, 0x35, 0x11, 0x34, 0x27, 0x33, 0x17,
0x86, 0x45, 0x15, 0x17, 0x10, 0x0E, 0x01, 0x8B, 0x0E, 0x0E, 0x1C, 0x12, 0x46, 0x15, 0xCD, 0x14,
0x02, 0xC2, 0xDE, 0x14, 0x14, 0xCE, 0x15, 0x64, 0x76, 0x62, 0x14, 0x75, 0x15, 0x15, 0xDF, 0x4C,
0x01, 0x49, 0x01, 0x0A, 0x05, 0x0A, 0x57, 0x57, 0x08, 0x07, 0xFE, 0xF6, 0x23, 0x1B, 0x1A, 0x01,
0x76, 0x1A, 0x24, 0xFE, 0xEC, 0x24, 0x1A, 0x19, 0x25, 0xDA, 0xFE, 0xE8, 0x01, 0x18, 0xDA, 0x24,
0x1A, 0x1B, 0x23, 0x01, 0x14, 0x23, 0x1B, 0xD8, 0x00, 0x01, 0x00, 0x89, 0x02, 0x0F, 0x01, 0x6C,
0x02, 0xB1, 0x00, 0x03, 0x00, 0x1E, 0x40, 0x0A, 0x03, 0x00, 0x2B, 0x01, 0x03, 0x02, 0x02, 0x01,
0x00, 0x15, 0x00, 0x3F, 0x3C, 0x3F, 0x3C, 0x01, 0x2F, 0xFD, 0x00, 0x01, 0x2E, 0x31, 0x30, 0xB2,
0x04, 0x01, 0x05, 0x2B, 0x01, 0x23, 0x37, 0x33, 0x01, 0x0D, 0x84, 0x42, 0xA1, 0x02, 0x0F, 0xA2,
0x00, 0x02, 0x00, 0x3E, 0x02, 0x0F, 0x01, 0xB6, 0x02, 0xA6, 0x00, 0x03, 0x00, 0x07, 0x00, 0x37,
0x40, 0x19, 0x03, 0x00, 0x2B, 0x02, 0x01, 0x06, 0x05, 0x2B, 0x07, 0x04, 0x07, 0x06, 0x03, 0x03,
0x02, 0x02, 0x05, 0x04, 0x01, 0x03, 0x00, 0x15, 0x01, 0x01, 0x46, 0x76, 0x2F, 0x37, 0x18, 0x00,
0x3F, 0x17, 0x3C, 0x3F, 0x17, 0x3C, 0x01, 0x2F, 0x3C, 0xFD, 0x3C, 0x2F, 0x3C, 0xFD, 0x3C, 0x00,
0x31, 0x30, 0xB2, 0x08, 0x01, 0x05, 0x2B, 0x13, 0x23, 0x35, 0x33, 0x17, 0x23, 0x35, 0x33, 0xDA,
0x9C, 0x9C, 0xDC, 0x9B, 0x9B, 0x02, 0x0F, 0x97, 0x97, 0x97, 0x00, 0x02, 0xFF, 0xF3, 0x00, 0x00,
0x03, 0xE4, 0x02, 0x9B, 0x00, 0x27, 0x00, 0x2A, 0x00, 0x8C, 0x40, 0x48, 0x27, 0x23, 0x21, 0x0D,
0x0A, 0x09, 0x05, 0x04, 0x00, 0x23, 0x2A, 0x1E, 0x21, 0x28, 0x05, 0x2C, 0x04, 0x20, 0x0D, 0x2C,
0x0E, 0x1D, 0x0B, 0x0A, 0x2C, 0x0E, 0x27, 0x26, 0x2C, 0x21, 0x09, 0x08, 0x2C, 0x01, 0x00, 0x20,
0x2A, 0x29, 0x2C, 0x14, 0x13, 0x05, 0x28, 0x2C, 0x21, 0x0F, 0x1A, 0x2A, 0x28, 0x13, 0x03, 0x12,
0x2B, 0x29, 0x1A, 0x2B, 0x1B, 0x17, 0x2B, 0x1B, 0x22, 0x21, 0x00, 0x1B, 0x1A, 0x0F, 0x03, 0x0E,
0x14, 0x01, 0x1B, 0x46, 0x76, 0x2F, 0x37, 0x18, 0x00, 0x3F, 0x17, 0x3C, 0x3F, 0x3C, 0x01, 0x2F,
0xFD, 0x10, 0xFD, 0x2F, 0xFD, 0x17, 0x3C, 0x10, 0xD6, 0x00, 0x10, 0xFD, 0x3F, 0x3C, 0xFD, 0x3C,
0x3F, 0x3C, 0xFD, 0x3C, 0x10, 0xFD, 0x3C, 0x10, 0xFD, 0x3C, 0x3C, 0x10, 0xFD, 0x3F, 0xFD, 0x00,
0x11, 0x12, 0x39, 0x00, 0x3E, 0x01, 0x2E, 0x2E, 0x2E, 0x2E, 0x2E, 0x2E, 0x2E, 0x2E, 0x2E, 0x31,
0x30, 0xB2, 0x2B, 0x1B, 0x05, 0x2B, 0x01, 0x33, 0x32, 0x36, 0x37, 0x15, 0x2E, 0x01, 0x2B, 0x01,
0x15, 0x33, 0x32, 0x37, 0x07, 0x21, 0x3E, 0x01, 0x3D, 0x01, 0x23, 0x0E, 0x01, 0x15, 0x14, 0x16,
0x17, 0x23, 0x36, 0x37, 0x13, 0x2E, 0x01, 0x27, 0x21, 0x17, 0x2E, 0x01, 0x2B, 0x01, 0x27, 0x03,
0x33, 0x02, 0x92, 0xC0, 0x19, 0x33, 0x1F, 0x19, 0x32, 0x1F, 0xC1, 0xD5, 0x3E, 0x3F, 0x13, 0xFD,
0xA8, 0x0E, 0x0E, 0xB9, 0x16, 0x21, 0x05, 0x0C, 0xC3, 0x2D, 0x1F, 0xF7, 0x05, 0x0E, 0x0A, 0x02,
0xA8, 0x16, 0x1D, 0x44, 0x25, 0xBF, 0xFD, 0x8A, 0x8A, 0x01, 0x8C, 0x03, 0x0A, 0x89, 0x09, 0x07,
0xB2, 0x14, 0x82, 0x14, 0x35, 0x1A, 0x53, 0x2A, 0x47, 0x15, 0x0C, 0x12, 0x12, 0x2E, 0x40, 0x02,
0x07, 0x0A, 0x12, 0x0A, 0x7D, 0x08, 0x07, 0x13, 0xFE, 0xE0, 0x00, 0x03, 0x00, 0x29, 0xFF, 0xA8,
0x02, 0xFA, 0x02, 0xF4, 0x00, 0x16, 0x00, 0x1F, 0x00, 0x27, 0x00, 0x57, 0x40, 0x28, 0x26, 0x25,
0x24, 0x1D, 0x1C, 0x1B, 0x11, 0x10, 0x0B, 0x04, 0x03, 0x00, 0x25, 0x27, 0x1C, 0x20, 0x01, 0x14,
0x20, 0x0C, 0x17, 0x08, 0x21, 0x20, 0x2C, 0x15, 0x14, 0x00, 0x18, 0x17, 0x2C, 0x09, 0x08, 0x14,
0x16, 0x10, 0x5D, 0x0A, 0x1F, 0x78, 0x00, 0x76, 0x3F, 0x76, 0x3F, 0x18, 0x00, 0x3F, 0x3C, 0xFD,
0x3C, 0x3F, 0x3C, 0xFD, 0x3C, 0x00, 0x11, 0x12, 0x39, 0x11, 0x12, 0x39, 0x00, 0x3E, 0x3E, 0x01,
0x2E, 0x2E, 0x2E, 0x2E, 0x2E, 0x2E, 0x2E, 0x2E, 0x2E, 0x2E, 0x2E, 0x2E, 0x31, 0x30, 0xB2, 0x28,
0x10, 0x05, 0x2B, 0x01, 0x07, 0x16, 0x15, 0x11, 0x14, 0x0E, 0x01, 0x23, 0x21, 0x07, 0x27, 0x37,
0x27, 0x2E, 0x01, 0x35, 0x11, 0x34, 0x36, 0x33, 0x21, 0x37, 0x01, 0x33, 0x32, 0x36, 0x3D, 0x01,
0x03, 0x1E, 0x01, 0x13, 0x23, 0x22, 0x06, 0x1D, 0x01, 0x13, 0x26, 0x02, 0xC9, 0x22, 0x53, 0x0E,
0x49, 0x53, 0xFE, 0x98, 0x3E, 0x4B, 0x23, 0x2A, 0x16, 0x19, 0x51, 0x59, 0x01, 0x6F, 0x3C, 0xFE,
0xF5, 0x4B, 0x2B, 0x17, 0xC9, 0x0B, 0x23, 0x53, 0x53, 0x2B, 0x17, 0xD3, 0x1E, 0x02, 0xC1, 0x36,
0x37, 0x61, 0xFE, 0xCC, 0x2B, 0x45, 0x4F, 0x58, 0x35, 0x35, 0x1E, 0x11, 0x42, 0x41, 0x01, 0x17,
0x5B, 0x64, 0x5A, 0xFD, 0x7A, 0x22, 0x2C, 0xDA, 0xFE, 0xE0, 0x04, 0x04, 0x01, 0xBE, 0x20, 0x2E,
0xE6, 0x01, 0x2E, 0x06, 0x00, 0x02, 0xFF, 0xFE, 0xFF, 0xF8, 0x01, 0xF6, 0x02, 0x73, 0x00, 0x0B,
0x00, 0x0F, 0x00, 0x62, 0x40, 0x33, 0x08, 0x07, 0x0C, 0x0A, 0x09, 0x06, 0x03, 0x05, 0x2C, 0x0B,
0x04, 0x03, 0x03, 0x00, 0x0A, 0x0F, 0x0C, 0x2C, 0x0D, 0x0D, 0x0C, 0x05, 0x03, 0x04, 0x02, 0x0F,
0x0E, 0x0B, 0x03, 0x0A, 0x00, 0x07, 0x06, 0x03, 0x03, 0x02, 0x2B, 0x09, 0x08, 0x01, 0x03, 0x00,
0x02, 0x01, 0x08, 0x0E, 0x0D, 0x1D, 0x01, 0x0A, 0x46, 0x76, 0x2F, 0x37, 0x18, 0x00, 0x3F, 0x3C,
0x3F, 0x3C, 0x01, 0x2F, 0x17, 0x3C, 0xFD, 0x17, 0x3C, 0x10, 0xDD, 0x17, 0x3C, 0x10, 0xDD, 0x17,
0x3C, 0x31, 0x00, 0x10, 0xFD, 0x3C, 0x3F, 0x17, 0x3C, 0xFD, 0x17, 0x3C, 0x10, 0xD6, 0x3C, 0x31,
0x30, 0xB2, 0x10, 0x0A, 0x05, 0x2B, 0x13, 0x35, 0x33, 0x15, 0x33, 0x15, 0x23, 0x15, 0x23, 0x35,
0x23, 0x35, 0x01, 0x15, 0x21, 0x35, 0xC6, 0x66, 0xCA, 0xCA, 0x66, 0xC8, 0x01, 0xF8, 0xFE, 0x08,
0x01, 0xA5, 0xCE, 0xCE, 0x62, 0xC3, 0xC3, 0x62, 0xFE, 0xB5, 0x62, 0x62, 0x00, 0x01, 0xFF, 0xF7,
0x00, 0x00, 0x02, 0xB7, 0x02, 0x9B, 0x00, 0x16, 0x00, 0x79, 0x40, 0x3F, 0x16, 0x15, 0x14, 0x13,
0x12, 0x11, 0x0C, 0x08, 0x03, 0x02, 0x01, 0x00, 0x0A, 0x0A, 0x09, 0x00, 0x12, 0x11, 0x03, 0x03,
0x02, 0x2C, 0x14, 0x13, 0x01, 0x03, 0x00, 0x1C, 0x10, 0x0F, 0x05, 0x03, 0x04, 0x2C, 0x0E, 0x0D,
0x07, 0x03, 0x06, 0x03, 0x10, 0x2B, 0x0E, 0x04, 0x2B, 0x05, 0x0D, 0x2B, 0x0F, 0x0E, 0x07, 0x2B,
0x06, 0x05, 0x0C, 0x0B, 0x00, 0x16, 0x15, 0x14, 0x01, 0x08, 0x46, 0x76, 0x2F, 0x37, 0x18, 0x00,
0x3F, 0x3C, 0x3F, 0x3C, 0x01, 0x2F, 0x3C, 0xFD, 0x2F, 0x3C, 0xFD, 0x10, 0xFD, 0x10, 0xFD, 0x00,
0x3F, 0x17, 0x3C, 0xFD, 0x17, 0x3C, 0x3F, 0x17, 0x3C, 0xFD, 0x17, 0x3C, 0x00, 0x3E, 0x3E, 0x01,
0x2E, 0x2E, 0x2E, 0x2E, 0x2E, 0x2E, 0x2E, 0x2E, 0x2E, 0x2E, 0x2E, 0x2E, 0x31, 0x30, 0xB2, 0x17,
0x08, 0x05, 0x2B, 0x37, 0x23, 0x35, 0x33, 0x27, 0x23, 0x35, 0x33, 0x27, 0x37, 0x17, 0x37, 0x33,
0x07, 0x33, 0x15, 0x23, 0x07, 0x33, 0x15, 0x23, 0x15, 0x23, 0xE6, 0xD9, 0xBC, 0x2D, 0x88, 0x5D,
0x7A, 0xEF, 0x70, 0x6D, 0xF4, 0x7C, 0x5D, 0x88, 0x2F, 0xBC, 0xD7, 0xE0, 0xCD, 0x50, 0x53, 0x4E,
0xD8, 0x01, 0xF4, 0xF8, 0xDD, 0x4E, 0x53, 0x50, 0xCD, 0x00, 0x00, 0x01, 0x00, 0x35, 0xFF, 0x52,
0x02, 0x3E, 0x01, 0xE1, 0x00, 0x16, 0x00, 0x4D, 0x40, 0x27, 0x11, 0x14, 0x0E, 0x2C, 0x0D, 0x0C,
0x14, 0x05, 0x2C, 0x14, 0x15, 0x14, 0x02, 0x03, 0x01, 0x2B, 0x16, 0x00, 0x0E, 0x0D, 0x0A, 0x09,
0x04, 0x08, 0x2B, 0x0C, 0x0B, 0x0B, 0x0A, 0x01, 0x03, 0x00, 0x07, 0x16, 0x15, 0x1A, 0x01, 0x00,
0x46, 0x76, 0x2F, 0x37, 0x18, 0x00, 0x3F, 0x3C, 0x3F, 0x17, 0x3C, 0x01, 0x2F, 0x3C, 0xFD, 0x17,
0x3C, 0x2F, 0x3C, 0xFD, 0x17, 0x3C, 0x00, 0x2F, 0xFD, 0x3F, 0x3C, 0xFD, 0x00, 0x3E, 0x31, 0x30,
0xB2, 0x17, 0x00, 0x05, 0x2B, 0x13, 0x33, 0x15, 0x14, 0x16, 0x33, 0x32, 0x36, 0x35, 0x27, 0x35,
0x33, 0x11, 0x23, 0x35, 0x0E, 0x01, 0x23, 0x22, 0x26, 0x27, 0x15, 0x23, 0x35, 0xC8, 0x19, 0x28,
0x19, 0x20, 0x01, 0xC8, 0xC8, 0x09, 0x1A, 0x15, 0x16, 0x20, 0x0B, 0xC8, 0x01, 0xE1, 0xE8, 0x2E,
0x39, 0x20, 0x19, 0x2C, 0xEA, 0xFE, 0x1F, 0x2C, 0x17, 0x1C, 0x19, 0x16, 0xD6, 0x00, 0x00, 0x03,
0x00, 0x17, 0x00, 0xD7, 0x01, 0xB2, 0x02, 0x8E, 0x00, 0x03, 0x00, 0x26, 0x00, 0x30, 0x00, 0x83,
0x40, 0x42, 0x03, 0x00, 0x05, 0x0C, 0x0D, 0x0F, 0x08, 0x2F, 0x25, 0x29, 0x16, 0x0F, 0x27, 0x03,
0x02, 0x2C, 0x00, 0x25, 0x2C, 0x04, 0x23, 0x22, 0x2C, 0x04, 0x2D, 0x2C, 0x2C, 0x13, 0x12, 0x0D,
0x03, 0x0C, 0x17, 0x30, 0x27, 0x2C, 0x1C, 0x1B, 0x1A, 0x29, 0x0D, 0x2B, 0x0C, 0x29, 0x2B, 0x17,
0x02, 0x01, 0x03, 0x16, 0x30, 0x1F, 0x2F, 0x2B, 0x09, 0x08, 0x26, 0x04, 0x05, 0x00, 0x01, 0x00,
0x1C, 0x01, 0x01, 0x46, 0x76, 0x2F, 0x37, 0x18, 0x00, 0x3F, 0x3C, 0x3F, 0x3C, 0x3C, 0x01, 0x2F,
0x3C, 0xFD, 0x3C, 0x3C, 0x2F, 0x17, 0x3C, 0xFD, 0x2F, 0xFD, 0x00, 0x3F, 0x3C, 0x3C, 0xFD, 0x3C,
0x3F, 0x17, 0x3C, 0xFD, 0x3C, 0x10, 0xFD, 0x3C, 0x10, 0xFD, 0x10, 0xFD, 0x3C, 0x10, 0xD6, 0x01,
0x11, 0x12, 0x39, 0x11, 0x12, 0x39, 0x11, 0x12, 0x39, 0x01, 0x2E, 0x2E, 0x31, 0x30, 0xB2, 0x31,
0x01, 0x05, 0x2B, 0x25, 0x21, 0x35, 0x21, 0x03, 0x37, 0x32, 0x16, 0x1D, 0x01, 0x1E, 0x01, 0x17,
0x23, 0x26, 0x27, 0x0E, 0x01, 0x2B, 0x01, 0x22, 0x26, 0x3D, 0x01, 0x34, 0x36, 0x3B, 0x02, 0x32,
0x36, 0x35, 0x34, 0x26, 0x2B, 0x01, 0x22, 0x07, 0x37, 0x17, 0x22, 0x15, 0x14, 0x16, 0x3B, 0x01,
0x32, 0x3D, 0x01, 0x01, 0xB2, 0xFE, 0x65, 0x01, 0x9B, 0x74, 0x0E, 0x26, 0x2F, 0x01, 0x03, 0x08,
0x8E, 0x07, 0x02, 0x05, 0x1D, 0x13, 0x6C, 0x2F, 0x2D, 0x29, 0x22, 0x8A, 0x0A, 0x0C, 0x0D, 0x11,
0x0F, 0x8C, 0x26, 0x18, 0x0A, 0x9B, 0x22, 0x0D, 0x15, 0x24, 0x22, 0xD7, 0x58, 0x01, 0x5E, 0x01,
0x2F, 0x26, 0x89, 0x1A, 0x21, 0x10, 0x0F, 0x10, 0x10, 0x0F, 0x24, 0x2E, 0x32, 0x21, 0x23, 0x09,
0x0B, 0x0D, 0x07, 0x0E, 0x46, 0x97, 0x26, 0x20, 0x13, 0x26, 0x33, 0x00, 0x00, 0x03, 0x00, 0x18,
0x00, 0xD7, 0x01, 0xB3, 0x02, 0x8F, 0x00, 0x03, 0x00, 0x14, 0x00, 0x21, 0x00, 0x52, 0x40, 0x26,
0x03, 0x02, 0x01, 0x00, 0x03, 0x02, 0x2C, 0x00, 0x1F, 0x1E, 0x2C, 0x04, 0x18, 0x17, 0x2C, 0x0C,
0x0B, 0x17, 0x1B, 0x1A, 0x2B, 0x08, 0x07, 0x21, 0x15, 0x2B, 0x10, 0x0F, 0x14, 0x04, 0x13, 0x00,
0x01, 0x00, 0x1C, 0x01, 0x0F, 0x46, 0x76, 0x2F, 0x37, 0x18, 0x00, 0x3F, 0x3C, 0x3F, 0x3C, 0x3C,
0x01, 0x2F, 0x3C, 0xFD, 0x3C, 0x2F, 0x3C, 0xFD, 0x3C, 0x00, 0x3F, 0x3C, 0xFD, 0x3C, 0x10, 0xFD,
0x3C, 0x10, 0xFD, 0x3C, 0x01, 0x2E, 0x2E, 0x2E, 0x2E, 0x31, 0x30, 0xB2, 0x22, 0x0F, 0x05, 0x2B,
0x25, 0x21, 0x35, 0x21, 0x03, 0x32, 0x16, 0x1D, 0x01, 0x14, 0x06, 0x2B, 0x01, 0x22, 0x26, 0x3D,
0x01, 0x34, 0x36, 0x33, 0x1F, 0x01, 0x14, 0x3B, 0x01, 0x32, 0x3D, 0x01, 0x34, 0x26, 0x2B, 0x01,
0x22, 0x15, 0x01, 0xB3, 0xFE, 0x69, 0x01, 0x97, 0x78, 0x37, 0x36, 0x31, 0x32, 0xBC, 0x36, 0x3B,
0x30, 0x24, 0x10, 0x2D, 0x23, 0x29, 0x22, 0x12, 0x16, 0x23, 0x23, 0xD7, 0x58, 0x01, 0x5F, 0x27,
0x36, 0x76, 0x2E, 0x27, 0x25, 0x34, 0x7D, 0x25, 0x2E, 0x01, 0xCD, 0x23, 0x25, 0x6E, 0x15, 0x10,
0x21, 0x00, 0x00, 0x03, 0x00, 0x21, 0x00, 0x00, 0x04, 0x43, 0x01, 0xEE, 0x00, 0x2C, 0x00, 0x38,
0x00, 0x42, 0x00, 0x85, 0x40, 0x45, 0x2B, 0x1C, 0x1B, 0x0E, 0x05, 0x04, 0x18, 0x14, 0x13, 0x2C,
0x43, 0x0E, 0x2C, 0x0F, 0x2B, 0x2C, 0x00, 0x38, 0x2D, 0x2C, 0x21, 0x20, 0x1F, 0x06, 0x42, 0x41,
0x2C, 0x06, 0x05, 0x26, 0x34, 0x33, 0x0B, 0x03, 0x0A, 0x2C, 0x0F, 0x3D, 0x3C, 0x28, 0x03, 0x27,
0x2C, 0x00, 0x38, 0x37, 0x24, 0x31, 0x30, 0x41, 0x40, 0x07, 0x03, 0x06, 0x42, 0x39, 0x2C, 0x00,
0x01, 0x01, 0x17, 0x16, 0x10, 0x03, 0x0F, 0x14, 0x01, 0x1B, 0x46, 0x76, 0x2F, 0x37, 0x18, 0x00,
0x3F, 0x17, 0x3C, 0x3F, 0x3C, 0x3C, 0x01, 0x2F, 0x3C, 0xD6, 0x17, 0x3C, 0x2F, 0x3C, 0xD6, 0x3C,
0x3C, 0x00, 0x10, 0xFD, 0x17, 0x3C, 0x10, 0xFD, 0x17, 0x3C, 0x3F, 0x3C, 0xFD, 0x3C, 0x3F, 0x3C,
0x3C, 0xFD, 0x3C, 0x10, 0xFD, 0x10, 0xFD, 0x10, 0xFD, 0x00, 0x3E, 0x01, 0x2E, 0x2E, 0x2E, 0x2E,
0x2E, 0x2E, 0x31, 0x30, 0xB2, 0x43, 0x1B, 0x05, 0x2B, 0x01, 0x37, 0x32, 0x16, 0x1D, 0x01, 0x21,
0x15, 0x14, 0x16, 0x3B, 0x01, 0x32, 0x36, 0x37, 0x07, 0x21, 0x22, 0x26, 0x27, 0x0E, 0x01, 0x2B,
0x01, 0x27, 0x22, 0x26, 0x3D, 0x01, 0x34, 0x36, 0x3B, 0x02, 0x32, 0x36, 0x35, 0x34, 0x26, 0x2B,
0x01, 0x22, 0x06, 0x07, 0x37, 0x17, 0x22, 0x06, 0x1D, 0x01, 0x14, 0x3B, 0x01, 0x32, 0x36, 0x3D,
0x01, 0x25, 0x34, 0x26, 0x2B, 0x01, 0x22, 0x06, 0x1D, 0x01, 0x33, 0x03, 0x7F, 0x24, 0x55, 0x4B,
0xFE, 0x68, 0x25, 0x22, 0xB5, 0x2F, 0x44, 0x21, 0x12, 0xFE, 0x45, 0x36, 0x43, 0x18, 0x12, 0x22,
0x1F, 0xC5, 0x41, 0x2C, 0x37, 0x44, 0x3A, 0xDA, 0x14, 0x18, 0x18, 0x1B, 0x19, 0xE3, 0x2F, 0x29,
0x18, 0x13, 0xFB, 0x1A, 0x18, 0x3A, 0x2B, 0x28, 0x1E, 0x01, 0x98, 0x15, 0x20, 0x42, 0x1F, 0x14,
0xAA, 0x01, 0xED, 0x01, 0x4B, 0x56, 0x86, 0x36, 0x1F, 0x15, 0x0A, 0x0F, 0x76, 0x10, 0x1F, 0x1A,
0x15, 0x03, 0x45, 0x2E, 0x65, 0x3A, 0x38, 0x0C, 0x16, 0x15, 0x0C, 0x0A, 0x0E, 0x75, 0xFD, 0x11,
0x18, 0x33, 0x37, 0x1A, 0x26, 0x53, 0x6E, 0x1F, 0x13, 0x11, 0x1F, 0x3C, 0x00, 0x03, 0x00, 0x22,
0xFF, 0xBD, 0x02, 0xBD, 0x02, 0x34, 0x00, 0x15, 0x00, 0x1E, 0x00, 0x27, 0x00, 0x5F, 0x40, 0x2C,
0x10, 0x0F, 0x0C, 0x0B, 0x05, 0x04, 0x01, 0x00, 0x01, 0x01, 0x25, 0x13, 0x1B, 0x1C, 0x24, 0x08,
0x24, 0x2C, 0x08, 0x1B, 0x2C, 0x13, 0x20, 0x1F, 0x2C, 0x14, 0x13, 0x01, 0x17, 0x16, 0x2C, 0x09,
0x08, 0x14, 0x24, 0x23, 0x1B, 0x1A, 0x15, 0x11, 0x5D, 0x0A, 0x23, 0x78, 0x00, 0x76, 0x3F, 0x76,
0x3F, 0x18, 0x01, 0x2F, 0x3C, 0xD6, 0x3C, 0x00, 0x3F, 0x3C, 0xFD, 0x3C, 0x3F, 0x3C, 0xFD, 0x3C,
0x10, 0xFD, 0x10, 0xFD, 0x00, 0x11, 0x12, 0x39, 0x11, 0x12, 0x39, 0x00, 0x3E, 0x01, 0x2E, 0x2E,
0x2E, 0x2E, 0x2E, 0x2E, 0x2E, 0x2E, 0x31, 0x30, 0xB2, 0x28, 0x0F, 0x05, 0x2B, 0x01, 0x07, 0x32,
0x16, 0x1D, 0x01, 0x14, 0x06, 0x23, 0x21, 0x07, 0x27, 0x37, 0x2E, 0x01, 0x3D, 0x01, 0x34, 0x36,
0x33, 0x21, 0x37, 0x03, 0x33, 0x32, 0x36, 0x3D, 0x01, 0x07, 0x1E, 0x01, 0x13, 0x23, 0x22, 0x06,
0x1D, 0x01, 0x37, 0x2E, 0x01, 0x02, 0x54, 0x19, 0x40, 0x42, 0x53, 0x48, 0xFE, 0xBE, 0x2F, 0x32,
0x16, 0x3E, 0x35, 0x62, 0x4F, 0x01, 0x21, 0x30, 0xD7, 0x3F, 0x25, 0x1B, 0xA6, 0x09, 0x1C, 0x3B,
0x35, 0x1E, 0x20, 0x9B, 0x07, 0x19, 0x02, 0x11, 0x26, 0x51, 0x41, 0xD7, 0x45, 0x3D, 0x43, 0x24,
0x1F, 0x07, 0x4E, 0x42, 0xCF, 0x4C, 0x3C, 0x46, 0xFE, 0x2A, 0x19, 0x23, 0xB3, 0xEA, 0x03, 0x02,
0x01, 0x32, 0x18, 0x1E, 0xA4, 0xD6, 0x02, 0x02, 0x00, 0x02, 0x00, 0x56, 0x00, 0x00, 0x02, 0xF1,
0x02, 0x9B, 0x00, 0x1E, 0x00, 0x22, 0x00, 0x56, 0x40, 0x29, 0x22, 0x21, 0x20, 0x1F, 0x1E, 0x1D,
0x16, 0x15, 0x10, 0x09, 0x08, 0x01, 0x00, 0x1E, 0x03, 0x1A, 0x17, 0x19, 0x17, 0x00, 0x03, 0x05,
0x04, 0x0C, 0x21, 0x20, 0x2C, 0x1F, 0x10, 0x2C, 0x11, 0x0D, 0x0C, 0x2C, 0x11, 0x22, 0x1F, 0x00,
0x12, 0x11, 0x14, 0x00, 0x3F, 0x3C, 0x3F, 0x3C, 0x00, 0x10, 0xFD, 0x3C, 0x10, 0xFD, 0x10, 0xFD,
0x3C, 0x10, 0xD6, 0x3C, 0x00, 0x3E, 0x3E, 0x3E, 0x3E, 0x01, 0x2E, 0x2E, 0x2E, 0x2E, 0x2E, 0x2E,
0x2E, 0x2E, 0x2E, 0x2E, 0x2E, 0x2E, 0x2E, 0x31, 0x30, 0xB2, 0x23, 0x15, 0x05, 0x2B, 0x01, 0x15,
0x14, 0x06, 0x2B, 0x01, 0x22, 0x06, 0x1D, 0x01, 0x14, 0x16, 0x3B, 0x01, 0x32, 0x36, 0x37, 0x07,
0x21, 0x22, 0x26, 0x3D, 0x01, 0x34, 0x36, 0x3B, 0x01, 0x32, 0x36, 0x3D, 0x01, 0x37, 0x15, 0x23,
0x35, 0x02, 0x5B, 0x35, 0x44, 0x4F, 0x25, 0x1D, 0x15, 0x1E, 0xFE, 0x25, 0x31, 0x19, 0x13, 0xFE,
0x2C, 0x55, 0x5F, 0x4B, 0x46, 0x3B, 0x2C, 0x14, 0xFB, 0xFB, 0x01, 0xC7, 0x59, 0x3E, 0x3B, 0x13,
0x23, 0x20, 0x1D, 0x15, 0x09, 0x11, 0x87, 0x38, 0x4F, 0x45, 0x47, 0x51, 0x16, 0x2D, 0x20, 0xD4,
0xB2, 0xB2, 0x00, 0x02, 0x00, 0x64, 0x00, 0x00, 0x01, 0x60, 0x02, 0x9B, 0x00, 0x05, 0x00, 0x09,
0x00, 0x33, 0x40, 0x15, 0x09, 0x08, 0x07, 0x06, 0x05, 0x04, 0x03, 0x00, 0x02, 0x01, 0x07, 0x08,
0x07, 0x2C, 0x06, 0x09, 0x06, 0x00, 0x05, 0x04, 0x14, 0x00, 0x3F, 0x3C, 0x3F, 0x3C, 0x00, 0x10,
0xFD, 0x3C, 0x10, 0xD6, 0x3C, 0x01, 0x2E, 0x2E, 0x2E, 0x2E, 0x2E, 0x2E, 0x2E, 0x2E, 0x31, 0x30,
0xB2, 0x0A, 0x00, 0x05, 0x2B, 0x13, 0x37, 0x33, 0x17, 0x11, 0x23, 0x13, 0x15, 0x23, 0x35, 0x64,
0x19, 0xCD, 0x16, 0xFC, 0xFB, 0xFA, 0x01, 0x06, 0xBD, 0xC2, 0xFE, 0xFF, 0x02, 0x9B, 0xB2, 0xB2,
0x00, 0x01, 0x00, 0x21, 0x00, 0x00, 0x01, 0xD2, 0x01, 0x2F, 0x00, 0x05, 0x00, 0x29, 0x40, 0x10,
0x05, 0x04, 0x03, 0x02, 0x01, 0x00, 0x01, 0x00, 0x2C, 0x02, 0x03, 0x02, 0x12, 0x05, 0x04, 0x14,
0x00, 0x3F, 0x3C, 0x3F, 0x3C, 0x00, 0x10, 0xFD, 0x3C, 0x01, 0x2E, 0x2E, 0x2E, 0x2E, 0x2E, 0x2E,
0x31, 0x30, 0xB2, 0x06, 0x01, 0x05, 0x2B, 0x37, 0x23, 0x35, 0x21, 0x11, 0x23, 0xFD, 0xDC, 0x01,
0xB1, 0xD5, 0x70, 0xBF, 0xFE, 0xD1, 0x00, 0x01, 0x00, 0x50, 0xFF, 0x65, 0x02, 0x57, 0x02, 0xD4,
0x00, 0x1A, 0x00, 0x54, 0x40, 0x2A, 0x13, 0x06, 0x15, 0x14, 0x2C, 0x13, 0x07, 0x2C, 0x06, 0x0C,
0x0B, 0x01, 0x03, 0x00, 0x2C, 0x1A, 0x19, 0x0E, 0x03, 0x0D, 0x0A, 0x01, 0x2B, 0x00, 0x0E, 0x2B,
0x0D, 0x0B, 0x2B, 0x0C, 0x19, 0x2B, 0x1A, 0x13, 0x12, 0x0C, 0x06, 0x05, 0x1B, 0x01, 0x06, 0x46,
0x76, 0x2F, 0x37, 0x18, 0x00, 0x3F, 0x3C, 0x3F, 0x3C, 0x01, 0x2F, 0xFD, 0x2F, 0xFD, 0x2F, 0xFD,
0x2F, 0xFD, 0x00, 0x3F, 0x17, 0x3C, 0xFD, 0x17, 0x3C, 0x10, 0xFD, 0x10, 0xFD, 0x3C, 0x01, 0x2E,
0x2E, 0x31, 0x30, 0xB2, 0x1B, 0x06, 0x05, 0x2B, 0x01, 0x23, 0x03, 0x0E, 0x01, 0x23, 0x27, 0x37,
0x32, 0x36, 0x3F, 0x01, 0x23, 0x37, 0x33, 0x37, 0x3E, 0x01, 0x33, 0x17, 0x07, 0x23, 0x22, 0x06,
0x0F, 0x01, 0x33, 0x02, 0x15, 0x57, 0x31, 0x13, 0x67, 0x73, 0x50, 0x17, 0x3D, 0x10, 0x11, 0x29,
0x54, 0x14, 0x56, 0x13, 0x13, 0x6C, 0x70, 0x51, 0x18, 0x25, 0x1A, 0x14, 0x04, 0x12, 0x53, 0x01,
0x34, 0xFE, 0xEC, 0x6F, 0x4C, 0x02, 0x8B, 0x16, 0x45, 0xE7, 0x79, 0x6D, 0x6C, 0x4E, 0x02, 0x8C,
0x14, 0x1A, 0x6B, 0x00, 0x00, 0x02, 0x00, 0x22, 0x00, 0x00, 0x01, 0x94, 0x01, 0xC5, 0x00, 0x05,
0x00, 0x0B, 0x00, 0x41, 0x40, 0x1F, 0x0B, 0x07, 0x2B, 0x08, 0x02, 0x2B, 0x01, 0x04, 0x2B, 0x05,
0x03, 0x2B, 0x00, 0x06, 0x2B, 0x09, 0x0B, 0x0A, 0x05, 0x03, 0x04, 0x03, 0x08, 0x07, 0x02, 0x03,
0x01, 0x14, 0x01, 0x09, 0x46, 0x76, 0x2F, 0x37, 0x18, 0x00, 0x3F, 0x17, 0x3C, 0x3F, 0x17, 0x3C,
0x01, 0x2F, 0xFD, 0x2F, 0xFD, 0x2F, 0xFD, 0x2F, 0xFD, 0x2F, 0xFD, 0x00, 0x01, 0x2E, 0x31, 0x30,
0xB2, 0x0C, 0x09, 0x05, 0x2B, 0x25, 0x17, 0x23, 0x27, 0x37, 0x33, 0x07, 0x17, 0x23, 0x27, 0x37,
0x33, 0x01, 0x4B, 0x49, 0x75, 0x4B, 0x42, 0x71, 0xEF, 0x4A, 0x75, 0x4B, 0x41, 0x71, 0xE2, 0xE2,
0xE2, 0xE3, 0xE3, 0xE2, 0xE2, 0xE3, 0x00, 0x02, 0x00, 0x22, 0x00, 0x00, 0x01, 0x94, 0x01, 0xC5,
0x00, 0x05, 0x00, 0x0B, 0x00, 0x41, 0x40, 0x1F, 0x0B, 0x09, 0x2B, 0x08, 0x02, 0x2B, 0x03, 0x00,
0x2B, 0x05, 0x01, 0x2B, 0x04, 0x0A, 0x2B, 0x07, 0x0B, 0x06, 0x05, 0x03, 0x00, 0x03, 0x09, 0x08,
0x03, 0x03, 0x02, 0x14, 0x01, 0x03, 0x46, 0x76, 0x2F, 0x37, 0x18, 0x00, 0x3F, 0x17, 0x3C, 0x3F,
0x17, 0x3C, 0x01, 0x2F, 0xFD, 0x2F, 0xFD, 0x2F, 0xFD, 0x2F, 0xFD, 0x2F, 0xFD, 0x00, 0x01, 0x2E,
0x31, 0x30, 0xB2, 0x0C, 0x03, 0x05, 0x2B, 0x13, 0x17, 0x07, 0x23, 0x37, 0x27, 0x21, 0x17, 0x07,
0x23, 0x37, 0x27, 0xA0, 0x42, 0x4B, 0x75, 0x49, 0x3C, 0x01, 0x24, 0x41, 0x4B, 0x75, 0x4A, 0x3C,
0x01, 0xC5, 0xE3, 0xE2, 0xE2, 0xE3, 0xE3, 0xE2, 0xE2, 0xE3, 0x00, 0x03, 0x00, 0x49, 0x00, 0x00,
0x04, 0x5F, 0x00, 0xB2, 0x00, 0x03, 0x00, 0x07, 0x00, 0x0B, 0x00, 0x42, 0x40, 0x1F, 0x09, 0x08,
0x03, 0x02, 0x05, 0x04, 0x0B, 0x0A, 0x07, 0x06, 0x01, 0x00, 0x0B, 0x08, 0x07, 0x04, 0x03, 0x05,
0x00, 0x05, 0x0A, 0x09, 0x06, 0x05, 0x02, 0x05, 0x01, 0x14, 0x01, 0x02, 0x46, 0x76, 0x2F, 0x37,
0x18, 0x00, 0x3F, 0x17, 0x3C, 0x3F, 0x17, 0x3C, 0x01, 0x2F, 0x3C, 0xD6, 0x3C, 0x2F, 0x3C, 0xD6,
0x3C, 0x00, 0x01, 0x2E, 0x2E, 0x2E, 0x2E, 0x31, 0x30, 0xB2, 0x0C, 0x02, 0x05, 0x2B, 0x25, 0x15,
0x23, 0x35, 0x21, 0x15, 0x23, 0x35, 0x21, 0x15, 0x23, 0x35, 0x01, 0x44, 0xFB, 0x02, 0x88, 0xFB,
0x02, 0x89, 0xFB, 0xB2, 0xB2, 0xB2, 0xB2, 0xB2, 0xB2, 0xB2, 0xFF, 0xFF, 0xFF, 0xF3, 0x00, 0x00,
0x03, 0x57, 0x03, 0x5E, 0x00, 0x26, 0x00, 0x24, 0x00, 0x00, 0x00, 0x07, 0x00, 0x43, 0x00, 0x9E,
0x00, 0xBD, 0xFF, 0xFF, 0xFF, 0xF3, 0x00, 0x00, 0x03, 0x57, 0x03, 0x63, 0x00, 0x26, 0x00, 0x24,
0x00, 0x00, 0x00, 0x07, 0x00, 0xCA, 0x00, 0x9D, 0x00, 0xBE, 0xFF, 0xFF, 0x00, 0x28, 0x00, 0x00,
0x03, 0x00, 0x03, 0x63, 0x00, 0x26, 0x00, 0x32, 0x00, 0x00, 0x00, 0x07, 0x00, 0xCA, 0x00, 0x9E,
0x00, 0xBE, 0x00, 0x02, 0x00, 0x28, 0x00, 0x00, 0x04, 0x52, 0x02, 0x9B, 0x00, 0x1C, 0x00, 0x2C,
0x00, 0x61, 0x40, 0x31, 0x2C, 0x25, 0x24, 0x1D, 0x1C, 0x18, 0x13, 0x12, 0x0D, 0x09, 0x08, 0x04,
0x03, 0x00, 0x18, 0x2A, 0x04, 0x2C, 0x03, 0x0A, 0x0D, 0x2C, 0x0E, 0x21, 0x20, 0x0A, 0x03, 0x09,
0x2C, 0x0E, 0x29, 0x28, 0x1C, 0x03, 0x1B, 0x2C, 0x16, 0x08, 0x07, 0x2C, 0x01, 0x00, 0x20, 0x17,
0x16, 0x00, 0x0F, 0x0E, 0x14, 0x00, 0x3F, 0x3C, 0x3F, 0x3C, 0x00, 0x3F, 0x3C, 0xFD, 0x3C, 0x10,
0xFD, 0x17, 0x3C, 0x10, 0xFD, 0x17, 0x3C, 0x10, 0xFD, 0x3F, 0xFD, 0x00, 0x3E, 0x01, 0x2E, 0x2E,
0x2E, 0x2E, 0x2E, 0x2E, 0x2E, 0x2E, 0x2E, 0x2E, 0x2E, 0x2E, 0x2E, 0x2E, 0x31, 0x30, 0xB2, 0x2D,
0x12, 0x05, 0x2B, 0x01, 0x33, 0x32, 0x37, 0x15, 0x2E, 0x01, 0x2B, 0x01, 0x15, 0x33, 0x32, 0x36,
0x37, 0x07, 0x21, 0x22, 0x26, 0x35, 0x11, 0x34, 0x36, 0x33, 0x21, 0x17, 0x2E, 0x01, 0x2B, 0x01,
0x01, 0x14, 0x16, 0x3B, 0x01, 0x32, 0x36, 0x35, 0x11, 0x34, 0x26, 0x2B, 0x01, 0x22, 0x06, 0x15,
0x02, 0xFF, 0xD1, 0x31, 0x2A, 0x17, 0x3B, 0x20, 0xBA, 0xDC, 0x20, 0x3B, 0x1C, 0x16, 0xFC, 0x97,
0x56, 0x55, 0x54, 0x57, 0x03, 0x58, 0x18, 0x1A, 0x34, 0x25, 0xD1, 0xFE, 0x26, 0x17, 0x2B, 0x58,
0x2B, 0x17, 0x17, 0x2B, 0x58, 0x2B, 0x17, 0x01, 0x8D, 0x10, 0x8B, 0x09, 0x07, 0xB4, 0x0A, 0x0C,
0x84, 0x68, 0x57, 0x01, 0x1D, 0x58, 0x67, 0x7C, 0x09, 0x05, 0xFE, 0x8F, 0x2C, 0x22, 0x22, 0x2C,
0x01, 0x23, 0x2C, 0x22, 0x22, 0x2C, 0x00, 0x03, 0x00, 0x22, 0x00, 0x00, 0x04, 0x56, 0x01, 0xEE,
0x00, 0x17, 0x00, 0x21, 0x00, 0x31, 0x00, 0x63, 0x40, 0x31, 0x17, 0x16, 0x0E, 0x0D, 0x08, 0x08,
0x2C, 0x09, 0x17, 0x00, 0x2C, 0x21, 0x18, 0x12, 0x26, 0x25, 0x05, 0x03, 0x04, 0x2C, 0x09, 0x2E,
0x2D, 0x1D, 0x03, 0x1C, 0x2C, 0x12, 0x2A, 0x29, 0x31, 0x22, 0x21, 0x20, 0x01, 0x03, 0x00, 0x19,
0x18, 0x13, 0x12, 0x11, 0x01, 0x0A, 0x09, 0x14, 0x01, 0x0D, 0x46, 0x76, 0x2F, 0x37, 0x18, 0x00,
0x3F, 0x3C, 0x3F, 0x3C, 0x3C, 0x01, 0x2F, 0x3C, 0xD6, 0x17, 0x3C, 0x2F, 0x3C, 0xD6, 0x3C, 0x00,
0x10, 0xFD, 0x17, 0x3C, 0x10, 0xFD, 0x17, 0x3C, 0x3F, 0x3C, 0xFD, 0x3C, 0x10, 0xFD, 0x01, 0x2E,
0x2E, 0x2E, 0x2E, 0x2E, 0x31, 0x30, 0xB2, 0x32, 0x0D, 0x05, 0x2B, 0x25, 0x15, 0x14, 0x16, 0x3B,
0x01, 0x32, 0x36, 0x37, 0x07, 0x21, 0x22, 0x26, 0x3D, 0x01, 0x34, 0x36, 0x33, 0x17, 0x21, 0x32,
0x16, 0x1D, 0x01, 0x27, 0x35, 0x34, 0x26, 0x2B, 0x01, 0x22, 0x06, 0x1D, 0x01, 0x05, 0x14, 0x16,
0x3B, 0x01, 0x32, 0x36, 0x3D, 0x01, 0x34, 0x26, 0x2B, 0x01, 0x22, 0x06, 0x15, 0x02, 0xBE, 0x20,
0x1D, 0xCB, 0x37, 0x38, 0x1A, 0x14, 0xFC, 0xB5, 0x71, 0x5D, 0x4A, 0x4F, 0x26, 0x02, 0xBC, 0x64,
0x55, 0xEF, 0x13, 0x1B, 0x4E, 0x1A, 0x13, 0xFE, 0x56, 0x17, 0x27, 0x3C, 0x26, 0x18, 0x17, 0x27,
0x3C, 0x26, 0x18, 0xC9, 0x35, 0x1D, 0x1A, 0x0C, 0x0D, 0x76, 0x3C, 0x6C, 0xA4, 0x50, 0x52, 0x01,
0x48, 0x63, 0x79, 0x5D, 0x41, 0x1A, 0x0F, 0x0F, 0x1A, 0x41, 0x7E, 0x29, 0x22, 0x23, 0x28, 0x9E,
0x29, 0x21, 0x23, 0x27, 0x00, 0x01, 0x00, 0x22, 0x00, 0xD1, 0x02, 0xAA, 0x01, 0x4E, 0x00, 0x03,
0x00, 0x1E, 0x40, 0x0A, 0x03, 0x02, 0x01, 0x00, 0x03, 0x02, 0x06, 0x01, 0x00, 0x1C, 0x00, 0x3F,
0x3C, 0x3F, 0x3C, 0x00, 0x01, 0x2E, 0x2E, 0x2E, 0x2E, 0x31, 0x30, 0xB2, 0x04, 0x01, 0x05, 0x2B,
0x25, 0x21, 0x35, 0x21, 0x02, 0xAA, 0xFD, 0x78, 0x02, 0x88, 0xD1, 0x7D, 0x00, 0x01, 0x00, 0x21,
0x00, 0xD1, 0x04, 0x47, 0x01, 0x4E, 0x00, 0x03, 0x00, 0x1E, 0x40, 0x0A, 0x03, 0x02, 0x01, 0x00,
0x03, 0x02, 0x06, 0x01, 0x00, 0x1C, 0x00, 0x3F, 0x3C, 0x3F, 0x3C, 0x00, 0x01, 0x2E, 0x2E, 0x2E,
0x2E, 0x31, 0x30, 0xB2, 0x04, 0x01, 0x05, 0x2B, 0x25, 0x21, 0x35, 0x21, 0x04, 0x47, 0xFB, 0xDA,
0x04, 0x26, 0xD1, 0x7D, 0x00, 0x02, 0x00, 0x4A, 0x01, 0x5F, 0x02, 0x65, 0x02, 0x9B, 0x00, 0x06,
0x00, 0x0D, 0x00, 0x53, 0x40, 0x29, 0x01, 0x00, 0x0C, 0x0B, 0x05, 0x03, 0x04, 0x2C, 0x00, 0x08,
0x07, 0x05, 0x0B, 0x2B, 0x0D, 0x0C, 0x06, 0x05, 0x2B, 0x04, 0x03, 0x2B, 0x02, 0x09, 0x2B, 0x0A,
0x0A, 0x09, 0x03, 0x03, 0x02, 0x00, 0x0D, 0x07, 0x06, 0x03, 0x00, 0x17, 0x01, 0x00, 0x46, 0x76,
0x2F, 0x37, 0x18, 0x00, 0x3F, 0x17, 0x3C, 0x3F, 0x17, 0x3C, 0x01, 0x2F, 0xFD, 0x2F, 0xFD, 0x2F,
0xFD, 0x3C, 0x2F, 0x3C, 0xFD, 0x10, 0xD6, 0x3C, 0x00, 0x10, 0xFD, 0x17, 0x3C, 0x01, 0x2E, 0x2E,
0x31, 0x30, 0xB2, 0x0E, 0x00, 0x05, 0x2B, 0x13, 0x35, 0x37, 0x33, 0x07, 0x33, 0x15, 0x33, 0x35,
0x37, 0x33, 0x07, 0x33, 0x15, 0x4A, 0x85, 0x53, 0x45, 0x66, 0x28, 0x86, 0x53, 0x46, 0x67, 0x01,
0x5F, 0xAA, 0x92, 0x89, 0xB3, 0xAA, 0x92, 0x89, 0xB3, 0x00, 0x00, 0x02, 0x00, 0x4A, 0x01, 0x5F,
0x02, 0x65, 0x02, 0x9B, 0x00, 0x06, 0x00, 0x0D, 0x00, 0x53, 0x40, 0x29, 0x08, 0x07, 0x0C, 0x0B,
0x05, 0x03, 0x04, 0x2C, 0x00, 0x01, 0x00, 0x0C, 0x0D, 0x0C, 0x2B, 0x0B, 0x04, 0x2B, 0x06, 0x05,
0x02, 0x2B, 0x03, 0x0A, 0x2B, 0x09, 0x0D, 0x07, 0x06, 0x03, 0x00, 0x00, 0x0A, 0x09, 0x03, 0x03,
0x02, 0x17, 0x01, 0x05, 0x46, 0x76, 0x2F, 0x37, 0x18, 0x00, 0x3F, 0x17, 0x3C, 0x3F, 0x17, 0x3C,
0x01, 0x2F, 0xFD, 0x2F, 0xFD, 0x2F, 0x3C, 0xFD, 0x2F, 0xFD, 0x3C, 0x10, 0xD6, 0x3C, 0x00, 0x10,
0xFD, 0x17, 0x3C, 0x01, 0x2E, 0x2E, 0x31, 0x30, 0xB2, 0x0E, 0x05, 0x05, 0x2B, 0x01, 0x15, 0x07,
0x23, 0x37, 0x23, 0x35, 0x21, 0x15, 0x07, 0x23, 0x37, 0x23, 0x35, 0x01, 0x43, 0x85, 0x53, 0x46,
0x67, 0x02, 0x1B, 0x86, 0x52, 0x45, 0x67, 0x02, 0x9B, 0xAA, 0x92, 0x89, 0xB3, 0xAA, 0x92, 0x89,
0xB3, 0x00, 0x00, 0x01, 0x00, 0x49, 0x01, 0x5F, 0x01, 0x42, 0x02, 0x9B, 0x00, 0x06, 0x00, 0x35,
0x40, 0x16, 0x01, 0x00, 0x05, 0x04, 0x2C, 0x00, 0x04, 0x2B, 0x06, 0x05, 0x02, 0x2B, 0x03, 0x03,
0x02, 0x00, 0x06, 0x00, 0x17, 0x01, 0x00, 0x46, 0x76, 0x2F, 0x37, 0x18, 0x00, 0x3F, 0x3C, 0x3F,
0x3C, 0x01, 0x2F, 0xFD, 0x2F, 0x3C, 0xFD, 0x00, 0x10, 0xFD, 0x3C, 0x01, 0x2E, 0x2E, 0x31, 0x30,
0xB2, 0x07, 0x00, 0x05, 0x2B, 0x13, 0x35, 0x37, 0x33, 0x07, 0x33, 0x15, 0x49, 0x85, 0x53, 0x45,
0x66, 0x01, 0x5F, 0xAA, 0x92, 0x89, 0xB3, 0x00, 0x00, 0x01, 0x00, 0x49, 0x01, 0x5F, 0x01, 0x42,
0x02, 0x9B, 0x00, 0x06, 0x00, 0x35, 0x40, 0x16, 0x01, 0x00, 0x05, 0x04, 0x2C, 0x00, 0x04, 0x2B,
0x06, 0x05, 0x02, 0x2B, 0x03, 0x06, 0x00, 0x00, 0x03, 0x02, 0x17, 0x01, 0x05, 0x46, 0x76, 0x2F,
0x37, 0x18, 0x00, 0x3F, 0x3C, 0x3F, 0x3C, 0x01, 0x2F, 0xFD, 0x2F, 0x3C, 0xFD, 0x00, 0x10, 0xFD,
0x3C, 0x01, 0x2E, 0x2E, 0x31, 0x30, 0xB2, 0x07, 0x05, 0x05, 0x2B, 0x01, 0x15, 0x07, 0x23, 0x37,
0x23, 0x35, 0x01, 0x42, 0x85, 0x53, 0x46, 0x67, 0x02, 0x9B, 0xAA, 0x92, 0x89, 0xB3, 0x00, 0x03,
0xFF, 0xFE, 0x00, 0x8C, 0x01, 0xF6, 0x02, 0x5F, 0x00, 0x03, 0x00, 0x0F, 0x00, 0x1B, 0x00, 0x43,
0x40, 0x1E, 0x07, 0x2C, 0x0D, 0x19, 0x2C, 0x13, 0x02, 0x01, 0x2C, 0x03, 0x00, 0x0A, 0x01, 0x00,
0x04, 0x03, 0x02, 0x0A, 0x10, 0x04, 0x2B, 0x16, 0x0A, 0x0D, 0x0D, 0x13, 0x25, 0x01, 0x02, 0x46,
0x76, 0x2F, 0x37, 0x18, 0x00, 0x3F, 0x3F, 0x01, 0x2F, 0x3C, 0xFD, 0x3C, 0x10, 0xDD, 0x3C, 0x10,
0xDD, 0x3C, 0x31, 0x00, 0x3F, 0x3C, 0xFD, 0x3C, 0x10, 0xFD, 0x10, 0xFD, 0x31, 0x30, 0xB2, 0x1C,
0x02, 0x05, 0x2B, 0x01, 0x15, 0x21, 0x35, 0x25, 0x14, 0x06, 0x23, 0x22, 0x26, 0x35, 0x34, 0x36,
0x33, 0x32, 0x16, 0x03, 0x14, 0x06, 0x23, 0x22, 0x26, 0x35, 0x34, 0x36, 0x33, 0x32, 0x16, 0x01,
0xF6, 0xFE, 0x08, 0x01, 0x43, 0x2A, 0x1D, 0x1D, 0x2A, 0x2A, 0x1D, 0x1D, 0x2A, 0x01, 0x28, 0x1E,
0x1D, 0x2A, 0x2A, 0x1D, 0x1D, 0x29, 0x01, 0xA7, 0x62, 0x62, 0x71, 0x1D, 0x2A, 0x2A, 0x1D, 0x1D,
0x2A, 0x2A, 0xFE, 0x9E, 0x1D, 0x2A, 0x2A, 0x1D, 0x1C, 0x2A, 0x29, 0x00, 0xFF, 0xFF, 0x00, 0x21,
0xFF, 0x43, 0x02, 0xC4, 0x02, 0xA6, 0x00, 0x26, 0x00, 0x5C, 0x00, 0x00, 0x00, 0x07, 0x00, 0x8E,
0x00, 0x74, 0x00, 0x10, 0xFF, 0xFF, 0xFF, 0xF2, 0x00, 0x00, 0x03, 0x07, 0x03, 0x52, 0x00, 0x26,
0x00, 0x3C, 0x00, 0x00, 0x00, 0x07, 0x00, 0x8E, 0x00, 0x88, 0x00, 0xBC, 0x00, 0x01, 0xFF, 0xD3,
0x00, 0x00, 0x00, 0x7D, 0x02, 0x9B, 0x00, 0x03, 0x00, 0x27, 0x40, 0x0F, 0x00, 0x2B, 0x01, 0x02,
0x2B, 0x03, 0x03, 0x02, 0x00, 0x01, 0x00, 0x14, 0x01, 0x01, 0x46, 0x76, 0x2F, 0x37, 0x18, 0x00,
0x3F, 0x3C, 0x3F, 0x3C, 0x01, 0x2F, 0xFD, 0x2F, 0xFD, 0x00, 0x31, 0x30, 0xB2, 0x04, 0x01, 0x05,
0x2B, 0x33, 0x23, 0x13, 0x33, 0x06, 0x33, 0x79, 0x31, 0x02, 0x9B, 0x00, 0x00, 0x02, 0x00, 0x16,
0xFF, 0xFD, 0x02, 0xCF, 0x02, 0xAF, 0x00, 0x1C, 0x00, 0x28, 0x00, 0x9F, 0x40, 0x4B, 0x13, 0x0E,
0x08, 0x11, 0x05, 0x0A, 0x26, 0x06, 0x0A, 0x26, 0x0F, 0x0A, 0x26, 0x00, 0x20, 0x18, 0x14, 0x20,
0x18, 0x1C, 0x20, 0x18, 0x0C, 0x11, 0x23, 0x16, 0x11, 0x23, 0x0D, 0x11, 0x23, 0x15, 0x11, 0x23,
0x08, 0x1D, 0x02, 0x1A, 0x1D, 0x02, 0x05, 0x07, 0x07, 0x1D, 0x02, 0x1B, 0x1D, 0x02, 0x16, 0x2C,
0x29, 0x20, 0x2C, 0x18, 0x26, 0x2C, 0x0A, 0x0D, 0x1D, 0x2B, 0x02, 0x23, 0x2B, 0x11, 0x0D, 0x07,
0x02, 0x5D, 0x1B, 0x15, 0x14, 0x78, 0x01, 0x1C, 0x46, 0x76, 0x2F, 0x37, 0x18, 0x00, 0x76, 0x3F,
0x3C, 0x76, 0x3F, 0x3C, 0x18, 0x01, 0x2F, 0xFD, 0x2F, 0xFD, 0x00, 0x3F, 0xFD, 0x2F, 0xFD, 0x10,
0xFD, 0x01, 0x11, 0x12, 0x39, 0x11, 0x12, 0x39, 0x10, 0x3C, 0x11, 0x12, 0x39, 0x11, 0x12, 0x39,
0x11, 0x12, 0x39, 0x11, 0x12, 0x39, 0x11, 0x12, 0x39, 0x11, 0x12, 0x39, 0x00, 0x11, 0x12, 0x39,
0x11, 0x12, 0x39, 0x11, 0x12, 0x39, 0x11, 0x12, 0x39, 0x11, 0x12, 0x39, 0x11, 0x12, 0x39, 0x00,
0x3E, 0x01, 0x2E, 0x2E, 0x31, 0x30, 0xB2, 0x29, 0x1C, 0x05, 0x2B, 0x37, 0x26, 0x35, 0x34, 0x36,
0x37, 0x27, 0x37, 0x17, 0x36, 0x33, 0x32, 0x17, 0x37, 0x17, 0x07, 0x16, 0x15, 0x14, 0x07, 0x17,
0x07, 0x27, 0x06, 0x23, 0x22, 0x27, 0x07, 0x27, 0x25, 0x14, 0x16, 0x33, 0x32, 0x36, 0x35, 0x34,
0x26, 0x23, 0x22, 0x06, 0x82, 0x1C, 0x12, 0x0E, 0x6E, 0x6F, 0x71, 0x3E, 0x44, 0x39, 0x38, 0x70,
0x6E, 0x6B, 0x22, 0x1C, 0x6B, 0x6E, 0x6A, 0x3F, 0x48, 0x40, 0x41, 0x6B, 0x6E, 0x01, 0x0E, 0x2F,
0x20, 0x22, 0x2E, 0x2F, 0x21, 0x21, 0x2E, 0xD7, 0x3D, 0x40, 0x1E, 0x43, 0x1D, 0x6E, 0x6F, 0x71,
0x1C, 0x1B, 0x6F, 0x6F, 0x6C, 0x3C, 0x44, 0x43, 0x39, 0x6B, 0x6F, 0x6A, 0x22, 0x22, 0x69, 0x6D,
0xE9, 0x21, 0x31, 0x30, 0x22, 0x20, 0x2F, 0x2E, 0x00, 0x01, 0x00, 0x21, 0x00, 0x00, 0x00, 0xE1,
0x01, 0xC5, 0x00, 0x05, 0x00, 0x2C, 0x40, 0x12, 0x02, 0x2B, 0x01, 0x04, 0x2B, 0x05, 0x00, 0x2B,
0x03, 0x05, 0x04, 0x03, 0x02, 0x01, 0x14, 0x01, 0x03, 0x46, 0x76, 0x2F, 0x37, 0x18, 0x00, 0x3F,
0x3C, 0x3F, 0x3C, 0x01, 0x2F, 0xFD, 0x2F, 0xFD, 0x2F, 0xFD, 0x00, 0x31, 0x30, 0xB2, 0x06, 0x03,
0x05, 0x2B, 0x37, 0x17, 0x23, 0x27, 0x37, 0x33, 0x97, 0x4A, 0x75, 0x4B, 0x41, 0x71, 0xE2, 0xE2,
0xE2, 0xE3, 0x00, 0x01, 0x00, 0x21, 0x00, 0x00, 0x00, 0xE1, 0x01, 0xC5, 0x00, 0x05, 0x00, 0x2C,
0x40, 0x12, 0x02, 0x2B, 0x03, 0x00, 0x2B, 0x05, 0x04, 0x2B, 0x01, 0x05, 0x00, 0x03, 0x03, 0x02,
0x14, 0x01, 0x03, 0x46, 0x76, 0x2F, 0x37, 0x18, 0x00, 0x3F, 0x3C, 0x3F, 0x3C, 0x01, 0x2F, 0xFD,
0x2F, 0xFD, 0x2F, 0xFD, 0x00, 0x31, 0x30, 0xB2, 0x06, 0x03, 0x05, 0x2B, 0x13, 0x17, 0x07, 0x23,
0x37, 0x27, 0x9F, 0x42, 0x4B, 0x75, 0x49, 0x3C, 0x01, 0xC5, 0xE3, 0xE2, 0xE2, 0xE3, 0x00, 0x03,
0xFF, 0xF9, 0x00, 0x00, 0x03, 0x1E, 0x02, 0x9B, 0x00, 0x1E, 0x00, 0x22, 0x00, 0x32, 0x00, 0x8A,
0x40, 0x49, 0x32, 0x31, 0x2D, 0x2B, 0x27, 0x23, 0x22, 0x21, 0x20, 0x1F, 0x1D, 0x1C, 0x16, 0x07,
0x02, 0x01, 0x16, 0x2A, 0x20, 0x1F, 0x2C, 0x13, 0x1B, 0x2C, 0x13, 0x19, 0x18, 0x2C, 0x13, 0x0D,
0x0C, 0x01, 0x03, 0x00, 0x2C, 0x32, 0x31, 0x1E, 0x1D, 0x0F, 0x05, 0x0E, 0x01, 0x06, 0x28, 0x1E,
0x00, 0x28, 0x10, 0x0F, 0x0C, 0x0B, 0x04, 0x0A, 0x2B, 0x0E, 0x0D, 0x22, 0x21, 0x15, 0x14, 0x04,
0x13, 0x00, 0x28, 0x27, 0x07, 0x03, 0x06, 0x14, 0x01, 0x0D, 0x46, 0x76, 0x2F, 0x37, 0x18, 0x00,
0x3F, 0x17, 0x3C, 0x3F, 0x17, 0x3C, 0x01, 0x2F, 0x3C, 0xFD, 0x17, 0x3C, 0x2F, 0xD6, 0x3C, 0x10,
0xD6, 0x00, 0x3F, 0x17, 0x3C, 0xFD, 0x17, 0x3C, 0x10, 0xFD, 0x3C, 0x10, 0xFD, 0x10, 0xFD, 0x3C,
0x00, 0x3E, 0x01, 0x2E, 0x2E, 0x2E, 0x2E, 0x2E, 0x2E, 0x2E, 0x2E, 0x2E, 0x2E, 0x2E, 0x2E, 0x2E,
0x2E, 0x2E, 0x2E, 0x31, 0x30, 0xB2, 0x33, 0x0D, 0x05, 0x2B, 0x01, 0x23, 0x11, 0x1C, 0x01, 0x16,
0x17, 0x21, 0x3E, 0x01, 0x3D, 0x01, 0x11, 0x23, 0x35, 0x33, 0x35, 0x34, 0x36, 0x3B, 0x01, 0x21,
0x17, 0x26, 0x2B, 0x01, 0x22, 0x06, 0x1D, 0x01, 0x33, 0x25, 0x23, 0x35, 0x33, 0x11, 0x14, 0x1E,
0x01, 0x17, 0x21, 0x3E, 0x01, 0x3D, 0x02, 0x34, 0x2E, 0x01, 0x27, 0x21, 0x01, 0xD5, 0xA6, 0x07,
0x0D, 0xFE, 0xE6, 0x0D, 0x07, 0x44, 0x44, 0x4A, 0x3D, 0x2C, 0x01, 0x0F, 0x13, 0x23, 0x28, 0x68,
0x1B, 0x15, 0xA6, 0x01, 0x35, 0xF1, 0xF1, 0x01, 0x06, 0x0D, 0xFE, 0xE7, 0x0D, 0x07, 0x05, 0x08,
0x07, 0x01, 0x05, 0x01, 0x90, 0xFE, 0xEC, 0x14, 0x26, 0x2B, 0x17, 0x17, 0x35, 0x25, 0x0B, 0x01,
0x14, 0x5D, 0x26, 0x3C, 0x4C, 0x74, 0x15, 0x15, 0x1B, 0x1F, 0x31, 0x7D, 0xFD, 0xE1, 0x14, 0x26,
0x2A, 0x18, 0x17, 0x35, 0x25, 0x0B, 0xF5, 0x2D, 0x2E, 0x14, 0x0D, 0x00, 0x00, 0x02, 0xFF, 0xF9,
0x00, 0x00, 0x03, 0x1E, 0x02, 0x9B, 0x00, 0x1E, 0x00, 0x2F, 0x00, 0x7B, 0x40, 0x41, 0x2F, 0x2E,
0x24, 0x1F, 0x1D, 0x1C, 0x16, 0x07, 0x02, 0x01, 0x16, 0x2A, 0x1B, 0x2C, 0x13, 0x19, 0x18, 0x2C,
0x13, 0x0D, 0x0C, 0x01, 0x03, 0x00, 0x2C, 0x1E, 0x1D, 0x0F, 0x03, 0x0E, 0x01, 0x06, 0x25, 0x1E,
0x00, 0x2B, 0x2A, 0x29, 0x03, 0x28, 0x10, 0x0F, 0x0C, 0x0B, 0x04, 0x0A, 0x2B, 0x0E, 0x0D, 0x2F,
0x2E, 0x15, 0x14, 0x04, 0x13, 0x00, 0x25, 0x24, 0x07, 0x03, 0x06, 0x14, 0x01, 0x0D, 0x46, 0x76,
0x2F, 0x37, 0x18, 0x00, 0x3F, 0x17, 0x3C, 0x3F, 0x17, 0x3C, 0x01, 0x2F, 0x3C, 0xFD, 0x17, 0x3C,
0x2F, 0x17, 0x3C, 0xD6, 0x3C, 0x2F, 0xD6, 0x00, 0x3F, 0x17, 0x3C, 0xFD, 0x17, 0x3C, 0x10, 0xFD,
0x3C, 0x10, 0xFD, 0x00, 0x3E, 0x01, 0x2E, 0x2E, 0x2E, 0x2E, 0x2E, 0x2E, 0x2E, 0x2E, 0x2E, 0x2E,
0x31, 0x30, 0xB2, 0x30, 0x0D, 0x05, 0x2B, 0x01, 0x23, 0x11, 0x1C, 0x01, 0x16, 0x17, 0x21, 0x3E,
0x01, 0x3D, 0x01, 0x11, 0x23, 0x35, 0x33, 0x35, 0x34, 0x36, 0x3B, 0x01, 0x21, 0x17, 0x26, 0x2B,
0x01, 0x22, 0x06, 0x1D, 0x01, 0x33, 0x01, 0x1C, 0x01, 0x1E, 0x01, 0x17, 0x21, 0x3E, 0x01, 0x3D,
0x01, 0x11, 0x35, 0x34, 0x26, 0x27, 0x21, 0x01, 0xD5, 0xA6, 0x07, 0x0D, 0xFE, 0xE6, 0x0D, 0x07,
0x44, 0x44, 0x4A, 0x3D, 0x2C, 0x01, 0x0F, 0x13, 0x23, 0x28, 0x68, 0x1B, 0x15, 0xA6, 0x01, 0x35,
0x05, 0x07, 0x08, 0xFE, 0xE7, 0x0D, 0x07, 0x07, 0x0D, 0x01, 0x05, 0x01, 0x90, 0xFE, 0xEC, 0x14,
0x26, 0x2B, 0x17, 0x17, 0x35, 0x25, 0x0B, 0x01, 0x14, 0x5D, 0x26, 0x3C, 0x4C, 0x74, 0x15, 0x15,
0x1B, 0x1F, 0xFE, 0x8F, 0x14, 0x26, 0x22, 0x11, 0x0F, 0x17, 0x35, 0x25, 0x0B, 0x01, 0xA3, 0x0F,
0x25, 0x2F, 0x19, 0x00, 0x00, 0x01, 0x00, 0x51, 0xFF, 0x65, 0x02, 0x59, 0x02, 0x9B, 0x00, 0x13,
0x00, 0x6A, 0x40, 0x3B, 0x0D, 0x0C, 0x01, 0x03, 0x00, 0x2C, 0x13, 0x12, 0x0F, 0x03, 0x0E, 0x01,
0x0B, 0x0A, 0x03, 0x03, 0x02, 0x2C, 0x09, 0x08, 0x05, 0x03, 0x04, 0x13, 0x04, 0x03, 0x03, 0x00,
0x01, 0x0E, 0x0D, 0x0A, 0x03, 0x09, 0x07, 0x12, 0x11, 0x06, 0x05, 0x02, 0x05, 0x01, 0x2B, 0x10,
0x0F, 0x0C, 0x0B, 0x08, 0x05, 0x07, 0x11, 0x10, 0x00, 0x07, 0x06, 0x1B, 0x01, 0x09, 0x46, 0x76,
0x2F, 0x37, 0x18, 0x00, 0x3F, 0x3C, 0x3F, 0x3C, 0x01, 0x2F, 0x17, 0x3C, 0xFD, 0x17, 0x3C, 0x10,
0xDD, 0x17, 0x3C, 0x10, 0xDD, 0x17, 0x3C, 0x31, 0x00, 0x2F, 0x17, 0x3C, 0xFD, 0x17, 0x3C, 0x3F,
0x17, 0x3C, 0xFD, 0x17, 0x3C, 0x31, 0x30, 0xB2, 0x14, 0x09, 0x05, 0x2B, 0x01, 0x23, 0x15, 0x33,
0x15, 0x23, 0x15, 0x23, 0x35, 0x23, 0x35, 0x33, 0x35, 0x23, 0x35, 0x33, 0x35, 0x33, 0x15, 0x33,
0x02, 0x59, 0xA2, 0xA2, 0xA2, 0xC4, 0xA2, 0xA2, 0xA2, 0xA2, 0xC4, 0xA2, 0x01, 0x51, 0xA1, 0xA5,
0xA6, 0xA6, 0xA5, 0xA1, 0xA6, 0xA4, 0xA4, 0x00, 0x00, 0x01, 0x00, 0x2B, 0x00, 0x94, 0x00, 0xFA,
0x01, 0x5E, 0x00, 0x03, 0x00, 0x1E, 0x40, 0x0A, 0x03, 0x02, 0x01, 0x00, 0x03, 0x02, 0x13, 0x01,
0x00, 0x25, 0x00, 0x3F, 0x3C, 0x3F, 0x3C, 0x00, 0x01, 0x2E, 0x2E, 0x2E, 0x2E, 0x31, 0x30, 0xB2,
0x04, 0x01, 0x05, 0x2B, 0x37, 0x23, 0x35, 0x33, 0xFA, 0xCF, 0xCF, 0x94, 0xCA, 0x00, 0x00, 0x01,
0x00, 0x49, 0xFF, 0x77, 0x01, 0x42, 0x00, 0xB3, 0x00, 0x06, 0x00, 0x35, 0x40, 0x16, 0x01, 0x00,
0x05, 0x04, 0x2C, 0x00, 0x04, 0x2B, 0x06, 0x05, 0x02, 0x2B, 0x03, 0x06, 0x00, 0x05, 0x03, 0x02,
0x19, 0x01, 0x05, 0x46, 0x76, 0x2F, 0x37, 0x18, 0x00, 0x3F, 0x3C, 0x3F, 0x3C, 0x01, 0x2F, 0xFD,
0x2F, 0x3C, 0xFD, 0x00, 0x10, 0xFD, 0x3C, 0x01, 0x2E, 0x2E, 0x31, 0x30, 0xB2, 0x07, 0x05, 0x05,
0x2B, 0x25, 0x15, 0x07, 0x23, 0x37, 0x23, 0x35, 0x01, 0x42, 0x85, 0x53, 0x46, 0x67, 0xB3, 0xAA,
0x92, 0x89, 0xB3, 0x00, 0x00, 0x02, 0x00, 0x4A, 0xFF, 0x77, 0x02, 0x65, 0x00, 0xB3, 0x00, 0x06,
0x00, 0x0D, 0x00, 0x53, 0x40, 0x29, 0x08, 0x07, 0x0C, 0x0B, 0x05, 0x03, 0x04, 0x2C, 0x00, 0x01,
0x00, 0x0C, 0x0D, 0x0C, 0x2B, 0x0B, 0x04, 0x2B, 0x06, 0x05, 0x02, 0x2B, 0x03, 0x0A, 0x2B, 0x09,
0x0D, 0x07, 0x06, 0x03, 0x00, 0x05, 0x0A, 0x09, 0x03, 0x03, 0x02, 0x19, 0x01, 0x05, 0x46, 0x76,
0x2F, 0x37, 0x18, 0x00, 0x3F, 0x17, 0x3C, 0x3F, 0x17, 0x3C, 0x01, 0x2F, 0xFD, 0x2F, 0xFD, 0x2F,
0x3C, 0xFD, 0x2F, 0xFD, 0x3C, 0x10, 0xD6, 0x3C, 0x00, 0x10, 0xFD, 0x17, 0x3C, 0x01, 0x2E, 0x2E,
0x31, 0x30, 0xB2, 0x0E, 0x05, 0x05, 0x2B, 0x25, 0x15, 0x07, 0x23, 0x37, 0x23, 0x35, 0x21, 0x15,
0x07, 0x23, 0x37, 0x23, 0x35, 0x01, 0x43, 0x85, 0x53, 0x46, 0x67, 0x02, 0x1B, 0x86, 0x52, 0x45,
0x67, 0xB3, 0xAA, 0x92, 0x89, 0xB3, 0xAA, 0x92, 0x89, 0xB3, 0x00, 0x07, 0x00, 0x0C, 0xFF, 0xFE,
0x05, 0x5D, 0x02, 0xB0, 0x00, 0x0F, 0x00, 0x1F, 0x00, 0x2F, 0x00, 0x3F, 0x00, 0x4F, 0x00, 0x5F,
0x00, 0x63, 0x00, 0x98, 0x40, 0x53, 0x63, 0x00, 0x62, 0x00, 0x4C, 0x4B, 0x2C, 0x03, 0x2B, 0x2C,
0x5F, 0x50, 0x3F, 0x03, 0x30, 0x12, 0x1F, 0x10, 0x2C, 0x0B, 0x04, 0x03, 0x2C, 0x18, 0x17, 0x0F,
0x58, 0x57, 0x38, 0x03, 0x37, 0x2C, 0x23, 0x60, 0x2B, 0x61, 0x63, 0x2B, 0x62, 0x34, 0x33, 0x2B,
0x28, 0x27, 0x3C, 0x3B, 0x2B, 0x2F, 0x20, 0x0F, 0x00, 0x2B, 0x1C, 0x1B, 0x48, 0x47, 0x2B, 0x54,
0x53, 0x5C, 0x5B, 0x2B, 0x4F, 0x40, 0x14, 0x13, 0x2B, 0x08, 0x07, 0x0C, 0x0B, 0x02, 0x61, 0x60,
0x44, 0x43, 0x24, 0x05, 0x23, 0x14, 0x01, 0x07, 0x46, 0x76, 0x2F, 0x37, 0x18, 0x00, 0x3F, 0x17,
0x3C, 0x3F, 0x3C, 0x01, 0x2F, 0x3C, 0xFD, 0x3C, 0x2F, 0x3C, 0xFD, 0x3C, 0x2F, 0x3C, 0xFD, 0x3C,
0x2F, 0x3C, 0xFD, 0x3C, 0x2F, 0x3C, 0xFD, 0x3C, 0x2F, 0x3C, 0xFD, 0x3C, 0x2F, 0xFD, 0x2F, 0xFD,
0x00, 0x10, 0xFD, 0x17, 0x3C, 0x3F, 0x3C, 0xFD, 0x3C, 0x10, 0xFD, 0x3C, 0x3F, 0x17, 0x3C, 0xFD,
0x17, 0x3C, 0x00, 0x3E, 0x3E, 0x31, 0x30, 0xB2, 0x64, 0x07, 0x05, 0x2B, 0x01, 0x14, 0x06, 0x2B,
0x01, 0x22, 0x26, 0x3D, 0x01, 0x34, 0x36, 0x3B, 0x01, 0x32, 0x16, 0x15, 0x27, 0x22, 0x06, 0x1D,
0x01, 0x14, 0x16, 0x3B, 0x01, 0x32, 0x36, 0x3D, 0x01, 0x34, 0x26, 0x23, 0x01, 0x14, 0x06, 0x2B,
0x01, 0x22, 0x26, 0x3D, 0x01, 0x34, 0x36, 0x3B, 0x01, 0x32, 0x16, 0x15, 0x27, 0x22, 0x06, 0x1D,
0x01, 0x14, 0x16, 0x3B, 0x01, 0x32, 0x36, 0x3D, 0x01, 0x34, 0x26, 0x23, 0x05, 0x14, 0x06, 0x2B,
0x01, 0x22, 0x26, 0x3D, 0x01, 0x34, 0x36, 0x3B, 0x01, 0x32, 0x16, 0x15, 0x27, 0x22, 0x06, 0x1D,
0x01, 0x14, 0x16, 0x3B, 0x01, 0x32, 0x36, 0x3D, 0x01, 0x34, 0x26, 0x23, 0x01, 0x23, 0x13, 0x33,
0x01, 0x97, 0x3C, 0x32, 0xAF, 0x31, 0x3D, 0x3C, 0x32, 0xAF, 0x33, 0x3B, 0xE0, 0x1F, 0x13, 0x13,
0x1F, 0x35, 0x20, 0x12, 0x12, 0x20, 0x02, 0xC1, 0x3C, 0x32, 0xAF, 0x32, 0x3C, 0x3C, 0x32, 0xAF,
0x33, 0x3B, 0xE0, 0x1F, 0x13, 0x13, 0x1F, 0x35, 0x20, 0x12, 0x12, 0x20, 0x02, 0x5B, 0x3C, 0x32,
0xAF, 0x32, 0x3C, 0x3C, 0x32, 0xAF, 0x33, 0x3B, 0xE0, 0x1F, 0x13, 0x13, 0x1F, 0x35, 0x1E, 0x14,
0x15, 0x1D, 0xFD, 0x05, 0x33, 0x79, 0x31, 0x01, 0x9A, 0x30, 0x2E, 0x30, 0x31, 0xB5, 0x31, 0x2D,
0x2B, 0x33, 0x1E, 0x13, 0x21, 0x8D, 0x1F, 0x15, 0x14, 0x20, 0x8D, 0x20, 0x14, 0xFD, 0xEC, 0x30,
0x2E, 0x2D, 0x31, 0xB8, 0x31, 0x2D, 0x2B, 0x33, 0x1E, 0x13, 0x21, 0x8D, 0x1F, 0x15, 0x14, 0x20,
0x8D, 0x20, 0x14, 0xD6, 0x30, 0x2E, 0x2D, 0x31, 0xB8, 0x31, 0x2D, 0x2B, 0x33, 0x1E, 0x13, 0x21,
0x8D, 0x1F, 0x15, 0x18, 0x1C, 0x8D, 0x18, 0x1C, 0xFE, 0xCE, 0x02, 0x9B, 0xFF, 0xFF, 0xFF, 0xF3,
0x00, 0x00, 0x03, 0x57, 0x03, 0x5D, 0x00, 0x26, 0x00, 0x24, 0x00, 0x00, 0x00, 0x07, 0x00, 0xC9,
0x00, 0x9E, 0x00, 0xBD, 0xFF, 0xFF, 0x00, 0x3C, 0x00, 0x00, 0x02, 0xAB, 0x03, 0x5D, 0x00, 0x26,
0x00, 0x28, 0x00, 0x00, 0x00, 0x07, 0x00, 0xC9, 0x00, 0x79, 0x00, 0xAD, 0xFF, 0xFF, 0xFF, 0xF3,
0x00, 0x00, 0x03, 0x57, 0x03, 0x5E, 0x00, 0x26, 0x00, 0x24, 0x00, 0x00, 0x00, 0x07, 0x00, 0x8D,
0x00, 0x9E, 0x00, 0xBD, 0xFF, 0xFF, 0x00, 0x3C, 0x00, 0x00, 0x02, 0xAB, 0x03, 0x52, 0x00, 0x26,
0x00, 0x28, 0x00, 0x00, 0x00, 0x07, 0x00, 0x8E, 0x00, 0x79, 0x00, 0xB4, 0xFF, 0xFF, 0x00, 0x3C,
0x00, 0x00, 0x02, 0xAB, 0x03, 0x5E, 0x00, 0x26, 0x00, 0x28, 0x00, 0x00, 0x00, 0x07, 0x00, 0x43,
0x00, 0x74, 0x00, 0xB5, 0xFF, 0xFF, 0x00, 0x21, 0x00, 0x00, 0x01, 0x56, 0x03, 0x5E, 0x00, 0x26,
0x00, 0x2C, 0x00, 0x00, 0x00, 0x07, 0x00, 0x8D, 0xFF, 0xE2, 0x00, 0xBD, 0xFF, 0xFF, 0xFF, 0xF2,
0x00, 0x00, 0x01, 0x82, 0x03, 0x5D, 0x00, 0x26, 0x00, 0x2C, 0x00, 0x00, 0x00, 0x07, 0x00, 0xC9,
0xFF, 0xC0, 0x00, 0xBD, 0xFF, 0xFF, 0xFF, 0xFE, 0x00, 0x00, 0x01, 0x76, 0x03, 0x52, 0x00, 0x26,
0x00, 0x2C, 0x00, 0x00, 0x00, 0x07, 0x00, 0x8E, 0xFF, 0xC0, 0x00, 0xC4, 0xFF, 0xFF, 0x00, 0x21,
0x00, 0x00, 0x01, 0x56, 0x03, 0x5E, 0x00, 0x26, 0x00, 0x2C, 0x00, 0x00, 0x00, 0x07, 0x00, 0x43,
0xFF, 0xCE, 0x00, 0xC5, 0xFF, 0xFF, 0x00, 0x28, 0x00, 0x00, 0x03, 0x00, 0x03, 0x5E, 0x00, 0x26,
0x00, 0x32, 0x00, 0x00, 0x00, 0x07, 0x00, 0x8D, 0x00, 0xC2, 0x00, 0xBD, 0xFF, 0xFF, 0x00, 0x28,
0x00, 0x00, 0x03, 0x00, 0x03, 0x5D, 0x00, 0x26, 0x00, 0x32, 0x00, 0x00, 0x00, 0x07, 0x00, 0xC9,
0x00, 0x9A, 0x00, 0xBD, 0xFF, 0xFF, 0x00, 0x28, 0x00, 0x00, 0x03, 0x00, 0x03, 0x5E, 0x00, 0x26,
0x00, 0x32, 0x00, 0x00, 0x00, 0x07, 0x00, 0x43, 0x00, 0xAE, 0x00, 0xB5, 0xFF, 0xFF, 0x00, 0x2F,
0x00, 0x00, 0x03, 0x23, 0x03, 0x5E, 0x00, 0x26, 0x00, 0x38, 0x00, 0x00, 0x00, 0x07, 0x00, 0x8D,
0x00, 0xF7, 0x00, 0xBD, 0xFF, 0xFF, 0x00, 0x2F, 0x00, 0x00, 0x03, 0x23, 0x03, 0x5D, 0x00, 0x26,
0x00, 0x38, 0x00, 0x00, 0x00, 0x07, 0x00, 0xC9, 0x00, 0xDE, 0x00, 0xBD, 0xFF, 0xFF, 0x00, 0x2F,
0x00, 0x00, 0x03, 0x23, 0x03, 0x5E, 0x00, 0x26, 0x00, 0x38, 0x00, 0x00, 0x00, 0x07, 0x00, 0x43,
0x00, 0xDE, 0x00, 0xBD, 0x00, 0x01, 0x00, 0x28, 0x00, 0x00, 0x01, 0x42, 0x01, 0xED, 0x00, 0x12,
0x00, 0x26, 0x40, 0x0E, 0x12, 0x11, 0x0C, 0x0B, 0x09, 0x06, 0x05, 0x00, 0x12, 0x11, 0x01, 0x06,
0x05, 0x14, 0x00, 0x3F, 0x3C, 0x3F, 0x3C, 0x00, 0x01, 0x2E, 0x2E, 0x2E, 0x2E, 0x2E, 0x2E, 0x2E,
0x2E, 0x31, 0x30, 0xB2, 0x13, 0x06, 0x05, 0x2B, 0x25, 0x1C, 0x01, 0x1E, 0x01, 0x17, 0x21, 0x3E,
0x01, 0x3D, 0x03, 0x34, 0x35, 0x2E, 0x01, 0x27, 0x21, 0x01, 0x2E, 0x05, 0x07, 0x08, 0xFE, 0xE6,
0x0D, 0x07, 0x03, 0x04, 0x0D, 0x01, 0x06, 0x7C, 0x14, 0x26, 0x22, 0x11, 0x0F, 0x17, 0x35, 0x25,
0x0B, 0xF5, 0x15, 0x12, 0x13, 0x0F, 0x1E, 0x15, 0x00, 0x01, 0x00, 0x32, 0x02, 0x0F, 0x01, 0xC2,
0x02, 0xB0, 0x00, 0x06, 0x00, 0x30, 0x40, 0x15, 0x03, 0x2C, 0x00, 0x04, 0x2B, 0x05, 0x02, 0x2B,
0x01, 0x06, 0x00, 0x02, 0x05, 0x04, 0x02, 0x03, 0x01, 0x15, 0x01, 0x05, 0x46, 0x76, 0x2F, 0x37,
0x18, 0x00, 0x3F, 0x17, 0x3C, 0x3F, 0x3C, 0x01, 0x2F, 0xFD, 0x2F, 0xFD, 0x00, 0x10, 0xFD, 0x31,
0x30, 0xB2, 0x07, 0x05, 0x05, 0x2B, 0x01, 0x17, 0x23, 0x27, 0x07, 0x23, 0x37, 0x01, 0x83, 0x3F,
0x86, 0x42, 0x3D, 0x8B, 0x3D, 0x02, 0xB0, 0xA1, 0x71, 0x71, 0xA1, 0x00, 0x00, 0x01, 0x00, 0x1B,
0x02, 0x0E, 0x01, 0xDB, 0x02, 0xB5, 0x00, 0x15, 0x00, 0x40, 0x40, 0x1B, 0x0C, 0x12, 0x07, 0x04,
0x00, 0x15, 0x12, 0x2C, 0x07, 0x15, 0x2B, 0x01, 0x00, 0x0A, 0x2B, 0x0B, 0x15, 0x00, 0x0F, 0x02,
0x0B, 0x0A, 0x04, 0x15, 0x01, 0x0C, 0x46, 0x76, 0x2F, 0x37, 0x18, 0x00, 0x3F, 0x3C, 0x3C, 0x3F,
0x3C, 0x3C, 0x01, 0x2F, 0xFD, 0x2F, 0x3C, 0xFD, 0x00, 0x2F, 0xFD, 0x01, 0x11, 0x12, 0x39, 0x00,
0x11, 0x12, 0x39, 0x31, 0x30, 0xB2, 0x16, 0x0C, 0x05, 0x2B, 0x01, 0x15, 0x14, 0x06, 0x23, 0x22,
0x26, 0x23, 0x22, 0x06, 0x15, 0x23, 0x27, 0x34, 0x36, 0x33, 0x32, 0x16, 0x33, 0x32, 0x36, 0x35,
0x01, 0xDB, 0x26, 0x20, 0x21, 0x9D, 0x22, 0x12, 0x0F, 0x78, 0x01, 0x22, 0x28, 0x1A, 0xA3, 0x22,
0x0E, 0x0F, 0x02, 0xB4, 0x52, 0x30, 0x24, 0x32, 0x1C, 0x14, 0x4D, 0x29, 0x2F, 0x32, 0x15, 0x1C,
0x00, 0x01, 0x00, 0x56, 0x02, 0x4B, 0x01, 0x9D, 0x02, 0xA1, 0x00, 0x03, 0x00, 0x1E, 0x40, 0x0A,
0x03, 0x02, 0x01, 0x00, 0x03, 0x02, 0x00, 0x01, 0x00, 0x28, 0x00, 0x3F, 0x3C, 0x3F, 0x3C, 0x00,
0x01, 0x2E, 0x2E, 0x2E, 0x2E, 0x31, 0x30, 0xB2, 0x04, 0x01, 0x05, 0x2B, 0x01, 0x21, 0x35, 0x21,
0x01, 0x9D, 0xFE, 0xB9, 0x01, 0x47, 0x02, 0x4B, 0x56, 0x00, 0x00, 0x01, 0x00, 0x0D, 0x02, 0x0F,
0x01, 0xE9, 0x02, 0xB1, 0x00, 0x13, 0x00, 0x36, 0x40, 0x18, 0x0E, 0x0D, 0x2C, 0x04, 0x13, 0x2B,
0x01, 0x00, 0x0A, 0x2B, 0x09, 0x08, 0x13, 0x0A, 0x09, 0x03, 0x00, 0x02, 0x05, 0x04, 0x15, 0x01,
0x08, 0x46, 0x76, 0x2F, 0x37, 0x18, 0x00, 0x3F, 0x3C, 0x3F, 0x17, 0x3C, 0x01, 0x2F, 0x3C, 0xFD,
0x2F, 0x3C, 0xFD, 0x00, 0x10, 0xFD, 0x3C, 0x31, 0x30, 0xB2, 0x14, 0x08, 0x05, 0x2B, 0x01, 0x15,
0x14, 0x06, 0x23, 0x21, 0x22, 0x26, 0x3D, 0x01, 0x33, 0x14, 0x16, 0x3B, 0x01, 0x32, 0x3E, 0x02,
0x37, 0x01, 0xE9, 0x2F, 0x35, 0xFE, 0xEC, 0x31, 0x33, 0x7E, 0x09, 0x1D, 0x94, 0x0F, 0x12, 0x03,
0x01, 0x01, 0x02, 0xB1, 0x36, 0x34, 0x38, 0x39, 0x32, 0x37, 0x2E, 0x13, 0x09, 0x14, 0x19, 0x0B,
0x00, 0x01, 0x00, 0xA5, 0x02, 0x33, 0x01, 0x4F, 0x02, 0xB7, 0x00, 0x03, 0x00, 0x1F, 0x40, 0x0B,
0x02, 0x01, 0x2B, 0x03, 0x00, 0x03, 0x02, 0x02, 0x01, 0x00, 0x29, 0x00, 0x3F, 0x3C, 0x3F, 0x3C,
0x01, 0x2F, 0x3C, 0xFD, 0x3C, 0x00, 0x31, 0x30, 0xB2, 0x04, 0x01, 0x05, 0x2B, 0x01, 0x23, 0x35,
0x33, 0x01, 0x4F, 0xAA, 0xAA, 0x02, 0x33, 0x84, 0x00, 0x02, 0x00, 0x4B, 0x02, 0x0F, 0x01, 0xAA,
0x02, 0xB2, 0x00, 0x0F, 0x00, 0x1C, 0x00, 0x39, 0x40, 0x19, 0x1C, 0x10, 0x2C, 0x0B, 0x16, 0x15,
0x2C, 0x03, 0x13, 0x2B, 0x08, 0x07, 0x19, 0x2B, 0x0F, 0x00, 0x0C, 0x0B, 0x02, 0x04, 0x03, 0x15,
0x01, 0x07, 0x46, 0x76, 0x2F, 0x37, 0x18, 0x00, 0x3F, 0x3C, 0x3F, 0x3C, 0x01, 0x2F, 0x3C, 0xFD,
0x2F, 0x3C, 0xFD, 0x00, 0x10, 0xFD, 0x3C, 0x10, 0xFD, 0x3C, 0x31, 0x30, 0xB2, 0x1D, 0x07, 0x05,
0x2B, 0x01, 0x14, 0x06, 0x2B, 0x01, 0x22, 0x26, 0x3D, 0x01, 0x34, 0x36, 0x3B, 0x01, 0x32, 0x16,
0x15, 0x05, 0x22, 0x06, 0x15, 0x14, 0x3B, 0x01, 0x32, 0x36, 0x35, 0x34, 0x26, 0x23, 0x01, 0xAA,
0x18, 0x23, 0xE9, 0x23, 0x18, 0x18, 0x23, 0xE9, 0x23, 0x18, 0xFE, 0xFC, 0x0F, 0x0C, 0x1B, 0xAD,
0x10, 0x0B, 0x0B, 0x10, 0x02, 0x45, 0x22, 0x14, 0x14, 0x22, 0x37, 0x22, 0x14, 0x13, 0x23, 0x04,
0x09, 0x0E, 0x18, 0x09, 0x0F, 0x0E, 0x09, 0x00, 0x00, 0x01, 0x00, 0x8E, 0xFF, 0x4A, 0x01, 0x66,
0xFF, 0xDF, 0x00, 0x03, 0x00, 0x2C, 0x40, 0x10, 0x00, 0x03, 0x01, 0x02, 0x01, 0x2B, 0x02, 0x00,
0x03, 0x09, 0x02, 0x01, 0x1A, 0x01, 0x02, 0x46, 0x76, 0x2F, 0x37, 0x18, 0x00, 0x3F, 0x3C, 0x3F,
0x3C, 0x01, 0x2F, 0xFD, 0x00, 0x01, 0x11, 0x12, 0x39, 0x01, 0x2E, 0x31, 0x30, 0xB2, 0x04, 0x02,
0x05, 0x2B, 0x05, 0x07, 0x23, 0x37, 0x01, 0x66, 0x53, 0x85, 0x3C, 0x22, 0x94, 0x95, 0x00, 0x02,
0x00, 0x7D, 0x02, 0x22, 0x01, 0xFF, 0x02, 0xB1, 0x00, 0x03, 0x00, 0x07, 0x00, 0x34, 0x40, 0x17,
0x07, 0x03, 0x05, 0x2B, 0x04, 0x00, 0x2B, 0x01, 0x07, 0x06, 0x03, 0x03, 0x02, 0x02, 0x05, 0x04,
0x01, 0x03, 0x00, 0x2A, 0x01, 0x01, 0x46, 0x76, 0x2F, 0x37, 0x18, 0x00, 0x3F, 0x17, 0x3C, 0x3F,
0x17, 0x3C, 0x01, 0x2F, 0xFD, 0x2F, 0xFD, 0x00, 0x01, 0x2E, 0x2E, 0x31, 0x30, 0xB2, 0x08, 0x01,
0x05, 0x2B, 0x13, 0x23, 0x37, 0x33, 0x17, 0x23, 0x37, 0x33, 0xE0, 0x63, 0x26, 0xA2, 0x56, 0x64,
0x26, 0xA2, 0x02, 0x22, 0x8F, 0x8F, 0x8F, 0x00, 0x00, 0x01, 0x01, 0x67, 0xFF, 0x3B, 0x02, 0x19,
0x00, 0x00, 0x00, 0x12, 0x00, 0x37, 0x40, 0x19, 0x08, 0x2C, 0x09, 0x1E, 0x06, 0x2C, 0x0C, 0x12,
0x2B, 0x00, 0x09, 0x08, 0x2B, 0x0F, 0x03, 0x2B, 0x0F, 0x12, 0x00, 0x04, 0x0C, 0x1E, 0x01, 0x0F,
0x46, 0x76, 0x2F, 0x37, 0x18, 0x00, 0x3F, 0x3F, 0x3C, 0x01, 0x2F, 0xFD, 0x10, 0xFD, 0x3C, 0x2F,
0xFD, 0x00, 0x10, 0xFD, 0x3F, 0xFD, 0x31, 0x30, 0xB2, 0x13, 0x0F, 0x05, 0x2B, 0x21, 0x0E, 0x01,
0x15, 0x14, 0x16, 0x33, 0x32, 0x37, 0x15, 0x0E, 0x01, 0x23, 0x22, 0x26, 0x35, 0x34, 0x36, 0x37,
0x01, 0xFB, 0x18, 0x1E, 0x22, 0x16, 0x0A, 0x12, 0x0F, 0x23, 0x10, 0x2E, 0x42, 0x21, 0x1E, 0x12,
0x25, 0x18, 0x14, 0x16, 0x04, 0x46, 0x04, 0x06, 0x31, 0x2C, 0x1E, 0x31, 0x19, 0x00, 0x00, 0x01,
0x00, 0x32, 0x02, 0x0F, 0x01, 0xC2, 0x02, 0xB0, 0x00, 0x06, 0x00, 0x21, 0x40, 0x0C, 0x05, 0x01,
0x03, 0x2C, 0x00, 0x05, 0x04, 0x02, 0x02, 0x06, 0x00, 0x15, 0x00, 0x3F, 0x3C, 0x3F, 0x3C, 0x3C,
0x00, 0x10, 0xFD, 0x01, 0x2E, 0x2E, 0x31, 0x30, 0xB2, 0x07, 0x01, 0x05, 0x2B, 0x13, 0x27, 0x37,
0x17, 0x37, 0x17, 0x07, 0x71, 0x3F, 0x86, 0x41, 0x3E, 0x8B, 0x3D, 0x02, 0x0F, 0xA0, 0x01, 0x71,
0x71, 0x01, 0xA0, 0x00, 0x00, 0x01, 0x00, 0x00, 0x00, 0x00, 0x02, 0x8B, 0x02, 0x9B, 0x00, 0x19,
0x00, 0x55, 0x40, 0x29, 0x19, 0x15, 0x14, 0x13, 0x12, 0x11, 0x10, 0x0D, 0x0C, 0x09, 0x08, 0x07,
0x06, 0x05, 0x04, 0x01, 0x11, 0x03, 0x05, 0x27, 0x13, 0x2C, 0x12, 0x01, 0x07, 0x2C, 0x06, 0x1C,
0x19, 0x2C, 0x00, 0x16, 0x15, 0x2C, 0x00, 0x0D, 0x0C, 0x00, 0x01, 0x00, 0x14, 0x00, 0x3F, 0x3C,
0x3F, 0x3C, 0x00, 0x10, 0xFD, 0x3C, 0x10, 0xFD, 0x3F, 0xFD, 0x3F, 0xFD, 0x00, 0x3E, 0x3E, 0x01,
0x2E, 0x2E, 0x2E, 0x2E, 0x2E, 0x2E, 0x2E, 0x2E, 0x2E, 0x2E, 0x2E, 0x2E, 0x2E, 0x2E, 0x2E, 0x2E,
0x31, 0x30, 0xB2, 0x1A, 0x06, 0x05, 0x2B, 0x29, 0x01, 0x3E, 0x01, 0x3D, 0x01, 0x07, 0x35, 0x37,
0x35, 0x34, 0x26, 0x27, 0x21, 0x0E, 0x01, 0x1D, 0x01, 0x37, 0x15, 0x07, 0x15, 0x33, 0x32, 0x36,
0x37, 0x02, 0x76, 0xFD, 0xB9, 0x0E, 0x0E, 0x4B, 0x4B, 0x0D, 0x0F, 0x01, 0x36, 0x0F, 0x0D, 0x4D,
0x4D, 0xEE, 0x1A, 0x27, 0x13, 0x14, 0x35, 0x1A, 0x8D, 0x1F, 0x6A, 0x20, 0xDD, 0x1E, 0x2F, 0x16,
0x15, 0x31, 0x1D, 0x74, 0x21, 0x6B, 0x21, 0xEB, 0x0B, 0x0E, 0x00, 0x01, 0xFF, 0xFF, 0x00, 0x00,
0x01, 0x69, 0x02, 0x9B, 0x00, 0x1A, 0x00, 0x46, 0x40, 0x20, 0x1A, 0x19, 0x18, 0x17, 0x16, 0x15,
0x0F, 0x0E, 0x0D, 0x0C, 0x0A, 0x08, 0x05, 0x04, 0x00, 0x0A, 0x27, 0x19, 0x2C, 0x18, 0x03, 0x1A,
0x0C, 0x2C, 0x0B, 0x1C, 0x16, 0x15, 0x00, 0x05, 0x04, 0x14, 0x00, 0x3F, 0x3C, 0x3F, 0x3C, 0x00,
0x3F, 0xFD, 0x3C, 0x3F, 0xFD, 0x00, 0x3E, 0x01, 0x2E, 0x2E, 0x2E, 0x2E, 0x2E, 0x2E, 0x2E, 0x2E,
0x2E, 0x2E, 0x2E, 0x2E, 0x2E, 0x2E, 0x2E, 0x31, 0x30, 0xB2, 0x1B, 0x0C, 0x05, 0x2B, 0x25, 0x14,
0x1E, 0x01, 0x17, 0x21, 0x3E, 0x01, 0x3D, 0x02, 0x07, 0x27, 0x37, 0x3D, 0x01, 0x34, 0x35, 0x2E,
0x02, 0x27, 0x21, 0x15, 0x37, 0x15, 0x07, 0x01, 0x2D, 0x01, 0x06, 0x0D, 0xFE, 0xE7, 0x0D, 0x07,
0x3C, 0x01, 0x3D, 0x03, 0x03, 0x06, 0x08, 0x01, 0x05, 0x3C, 0x3C, 0x7C, 0x14, 0x26, 0x2A, 0x18,
0x17, 0x35, 0x25, 0x0B, 0x77, 0x16, 0x6B, 0x16, 0xC1, 0x15, 0x12, 0x12, 0x10, 0x14, 0x10, 0x0F,
0xE6, 0x16, 0x6C, 0x15, 0xFF, 0xFF, 0x00, 0x2E, 0x00, 0x00, 0x02, 0xB2, 0x03, 0x5D, 0x00, 0x26,
0x00, 0x36, 0x00, 0x00, 0x00, 0x07, 0x00, 0xD2, 0x00, 0x9A, 0x00, 0xBD, 0xFF, 0xFF, 0x00, 0x21,
0x00, 0x00, 0x02, 0x90, 0x02, 0xB0, 0x00, 0x26, 0x00, 0x56, 0x00, 0x00, 0x00, 0x06, 0x00, 0xD2,
0x7F, 0x10, 0xFF, 0xFF, 0x00, 0x00, 0x00, 0x00, 0x02, 0xBE, 0x03, 0x5D, 0x00, 0x26, 0x00, 0x3D,
0x00, 0x00, 0x00, 0x07, 0x00, 0xD2, 0x00, 0x79, 0x00, 0xBD, 0xFF, 0xFF, 0x00, 0x00, 0x00, 0x00,
0x02, 0x9C, 0x02, 0xB0, 0x00, 0x26, 0x00, 0x5D, 0x00, 0x00, 0x00, 0x06, 0x00, 0xD2, 0x68, 0x10,
0x00, 0x02, 0x00, 0x8C, 0xFF, 0x59, 0x01, 0x68, 0x02, 0x9A, 0x00, 0x03, 0x00, 0x07, 0x00, 0x35,
0x40, 0x17, 0x07, 0x06, 0x05, 0x04, 0x03, 0x02, 0x01, 0x00, 0x07, 0x21, 0x02, 0x12, 0x01, 0x12,
0x04, 0x2C, 0x08, 0x03, 0x00, 0x00, 0x06, 0x05, 0x1A, 0x00, 0x3F, 0x3C, 0x3F, 0x3C, 0x00, 0x10,
0xFD, 0x00, 0x3E, 0x3E, 0x3E, 0x01, 0x2E, 0x2E, 0x2E, 0x2E, 0x2E, 0x2E, 0x2E, 0x2E, 0x31, 0x30,
0xB2, 0x08, 0x02, 0x05, 0x2B, 0x01, 0x11, 0x23, 0x11, 0x13, 0x11, 0x23, 0x11, 0x01, 0x68, 0xDC,
0xDC, 0xDC, 0x02, 0x9A, 0xFE, 0x90, 0x01, 0x70, 0xFD, 0xFF, 0xFE, 0xC0, 0x01, 0x40, 0x00, 0x02,
0x00, 0x00, 0x00, 0x00, 0x02, 0xFF, 0x02, 0x9B, 0x00, 0x13, 0x00, 0x21, 0x00, 0x66, 0x40, 0x34,
0x11, 0x0D, 0x0C, 0x08, 0x21, 0x14, 0x2C, 0x10, 0x1C, 0x1B, 0x2C, 0x08, 0x20, 0x1F, 0x02, 0x03,
0x01, 0x2C, 0x1E, 0x1D, 0x04, 0x03, 0x03, 0x20, 0x18, 0x17, 0x1E, 0x05, 0x04, 0x01, 0x03, 0x00,
0x2B, 0x03, 0x02, 0x1F, 0x1E, 0x2B, 0x21, 0x20, 0x1D, 0x03, 0x1C, 0x09, 0x08, 0x00, 0x11, 0x10,
0x14, 0x01, 0x02, 0x46, 0x76, 0x2F, 0x37, 0x18, 0x00, 0x3F, 0x3C, 0x3F, 0x3C, 0x01, 0x2F, 0x17,
0x3C, 0xFD, 0x3C, 0x2F, 0x3C, 0xFD, 0x17, 0x3C, 0x10, 0xD6, 0x3C, 0x00, 0x3F, 0x17, 0x3C, 0xFD,
0x17, 0x3C, 0x10, 0xFD, 0x3C, 0x10, 0xFD, 0x3C, 0x01, 0x2E, 0x2E, 0x2E, 0x2E, 0x31, 0x30, 0xB2,
0x22, 0x02, 0x05, 0x2B, 0x37, 0x35, 0x23, 0x35, 0x33, 0x35, 0x34, 0x26, 0x27, 0x21, 0x32, 0x16,
0x15, 0x11, 0x14, 0x06, 0x23, 0x21, 0x3E, 0x01, 0x25, 0x32, 0x36, 0x35, 0x11, 0x34, 0x26, 0x2B,
0x01, 0x15, 0x33, 0x15, 0x23, 0x15, 0x4A, 0x4A, 0x4A, 0x0D, 0x0F, 0x02, 0x26, 0x58, 0x53, 0x51,
0x5A, 0xFD, 0xDA, 0x0E, 0x0E, 0x01, 0x76, 0x2A, 0x17, 0x16, 0x2B, 0x79, 0x49, 0x49, 0x63, 0xBD,
0x6C, 0xAC, 0x1E, 0x2F, 0x16, 0x66, 0x59, 0xFE, 0xE3, 0x59, 0x66, 0x14, 0x35, 0x25, 0x22, 0x2C,
0x01, 0x23, 0x2D, 0x21, 0xA1, 0x6C, 0xB2, 0x00, 0x00, 0x02, 0x00, 0x15, 0xFF, 0xEF, 0x02, 0x3F,
0x02, 0xDB, 0x00, 0x1D, 0x00, 0x29, 0x00, 0x67, 0x40, 0x2F, 0x19, 0x14, 0x0F, 0x05, 0x27, 0x0F,
0x18, 0x07, 0x00, 0x02, 0x1A, 0x03, 0x17, 0x06, 0x03, 0x17, 0x1D, 0x03, 0x17, 0x03, 0x06, 0x1A,
0x17, 0x06, 0x1A, 0x21, 0x2C, 0x0C, 0x17, 0x2C, 0x03, 0x1E, 0x24, 0x24, 0x2B, 0x09, 0x06, 0x2B,
0x1A, 0x04, 0x0C, 0x5D, 0x0C, 0x1D, 0x01, 0x1D, 0x46, 0x76, 0x2F, 0x37, 0x18, 0x00, 0x3F, 0x76,
0x3F, 0x18, 0x01, 0x2F, 0xFD, 0x2F, 0xFD, 0x10, 0xD6, 0x00, 0x2F, 0xFD, 0x10, 0xFD, 0x01, 0x11,
0x12, 0x39, 0x11, 0x12, 0x39, 0x00, 0x11, 0x12, 0x39, 0x11, 0x12, 0x39, 0x11, 0x12, 0x39, 0x00,
0x3E, 0x3E, 0x3E, 0x01, 0x2E, 0x2E, 0x2E, 0x2E, 0x31, 0x30, 0xB2, 0x2A, 0x1D, 0x05, 0x2B, 0x13,
0x1E, 0x01, 0x17, 0x37, 0x17, 0x07, 0x1E, 0x01, 0x15, 0x14, 0x06, 0x23, 0x22, 0x26, 0x35, 0x34,
0x3E, 0x02, 0x37, 0x2E, 0x01, 0x27, 0x07, 0x27, 0x37, 0x2E, 0x01, 0x27, 0x13, 0x14, 0x16, 0x33,
0x32, 0x36, 0x35, 0x34, 0x26, 0x23, 0x22, 0x06, 0x2E, 0x31, 0x5B, 0x2B, 0x84, 0x25, 0x5B, 0x7C,
0x90, 0x98, 0x7D, 0x73, 0x98, 0x2F, 0x51, 0x44, 0x23, 0x0A, 0x1E, 0x13, 0x77, 0x25, 0x5B, 0x16,
0x3F, 0x20, 0xD3, 0x1A, 0x2C, 0x37, 0x12, 0x1B, 0x1B, 0x30, 0x29, 0x02, 0xAB, 0x06, 0x12, 0x0D,
0x55, 0x3B, 0x38, 0x3C, 0xB0, 0x7D, 0x7C, 0x94, 0x9A, 0x72, 0x37, 0x64, 0x42, 0x17, 0x0C, 0x0A,
0x15, 0x0C, 0x4C, 0x3A, 0x37, 0x0A, 0x11, 0x06, 0xFE, 0x8C, 0x36, 0x4A, 0x56, 0x27, 0x44, 0x3B,
0x48, 0x00, 0xFF, 0xFF, 0xFF, 0xF2, 0x00, 0x00, 0x03, 0x07, 0x03, 0x5E, 0x00, 0x26, 0x00, 0x3C,
0x00, 0x00, 0x00, 0x07, 0x00, 0x8D, 0x00, 0x92, 0x00, 0xBD, 0xFF, 0xFF, 0x00, 0x21, 0xFF, 0x43,
0x02, 0xC4, 0x02, 0xB0, 0x00, 0x26, 0x00, 0x5C, 0x00, 0x00, 0x00, 0x07, 0x00, 0x8D, 0x00, 0x9C,
0x00, 0x07, 0x00, 0x02, 0x00, 0x24, 0x00, 0x00, 0x03, 0x06, 0x02, 0x9B, 0x00, 0x17, 0x00, 0x21,
0x00, 0x46, 0x40, 0x21, 0x11, 0x10, 0x08, 0x05, 0x04, 0x01, 0x00, 0x21, 0x18, 0x2C, 0x15, 0x14,
0x24, 0x20, 0x1F, 0x2C, 0x0D, 0x0C, 0x2A, 0x21, 0x20, 0x15, 0x0C, 0x04, 0x0B, 0x1C, 0x1B, 0x0B,
0x0A, 0x00, 0x01, 0x00, 0x14, 0x00, 0x3F, 0x3C, 0x3F, 0x3C, 0x01, 0x2F, 0x3C, 0xD6, 0x17, 0x3C,
0x00, 0x3F, 0x3C, 0xFD, 0x3C, 0x3F, 0x3C, 0xFD, 0x3C, 0x01, 0x2E, 0x2E, 0x2E, 0x2E, 0x2E, 0x2E,
0x2E, 0x31, 0x30, 0xB2, 0x22, 0x08, 0x05, 0x2B, 0x29, 0x01, 0x3E, 0x01, 0x35, 0x11, 0x34, 0x26,
0x35, 0x34, 0x33, 0x21, 0x15, 0x21, 0x32, 0x16, 0x1D, 0x01, 0x14, 0x06, 0x23, 0x21, 0x14, 0x16,
0x37, 0x32, 0x36, 0x3D, 0x01, 0x34, 0x26, 0x2B, 0x01, 0x15, 0x01, 0x64, 0xFE, 0xCB, 0x0E, 0x0E,
0x27, 0x0B, 0x01, 0x19, 0x01, 0x0D, 0x55, 0x5C, 0x5C, 0x55, 0xFE, 0xF3, 0x0A, 0x76, 0x2C, 0x15,
0x14, 0x20, 0x8D, 0x14, 0x35, 0x1A, 0x01, 0xD5, 0x0F, 0x46, 0x06, 0x08, 0x72, 0x39, 0x52, 0x97,
0x50, 0x3A, 0x2A, 0x38, 0xD0, 0x20, 0x2E, 0x46, 0x21, 0x1B, 0xD0, 0x00, 0x00, 0x02, 0x00, 0x2C,
0xFF, 0x53, 0x02, 0xC2, 0x02, 0x9B, 0x00, 0x18, 0x00, 0x27, 0x00, 0x4D, 0x40, 0x24, 0x16, 0x15,
0x14, 0x0A, 0x09, 0x02, 0x01, 0x00, 0x02, 0x03, 0x21, 0x20, 0x2C, 0x06, 0x05, 0x01, 0x27, 0x19,
0x2C, 0x0E, 0x0D, 0x14, 0x24, 0x23, 0x11, 0x03, 0x10, 0x1E, 0x1D, 0x1C, 0x01, 0x00, 0x00, 0x15,
0x14, 0x1A, 0x00, 0x3F, 0x3C, 0x3F, 0x3C, 0x01, 0x2F, 0x3C, 0x3C, 0xD6, 0x17, 0x3C, 0x00, 0x3F,
0x3C, 0xFD, 0x3C, 0x3F, 0x3C, 0xFD, 0x3C, 0x00, 0x3E, 0x01, 0x2E, 0x2E, 0x2E, 0x2E, 0x2E, 0x2E,
0x2E, 0x2E, 0x31, 0x30, 0xB2, 0x28, 0x00, 0x05, 0x2B, 0x13, 0x33, 0x15, 0x3E, 0x01, 0x3B, 0x01,
0x32, 0x16, 0x1D, 0x01, 0x14, 0x06, 0x2B, 0x01, 0x22, 0x27, 0x15, 0x14, 0x16, 0x17, 0x21, 0x11,
0x34, 0x26, 0x01, 0x32, 0x36, 0x3D, 0x02, 0x34, 0x2B, 0x01, 0x22, 0x1D, 0x01, 0x14, 0x16, 0x33,
0x2C, 0xEA, 0x10, 0x30, 0x25, 0xAC, 0x4B, 0x50, 0x43, 0x3E, 0xC6, 0x39, 0x19, 0x06, 0x0E, 0xFE,
0xFB, 0x04, 0x01, 0x67, 0x21, 0x15, 0x33, 0x42, 0x33, 0x1D, 0x1F, 0x02, 0x9B, 0xDA, 0x1B, 0x12,
0x45, 0x4B, 0xD5, 0x3E, 0x4B, 0x2E, 0x5F, 0x2E, 0x33, 0x1B, 0x03, 0x01, 0x16, 0x1F, 0xFD, 0xD5,
0x1E, 0x23, 0xB7, 0x0D, 0x2D, 0x38, 0xC6, 0x1D, 0x17, 0x00, 0x00, 0x01, 0xFF, 0xFE, 0x01, 0x45,
0x01, 0xF6, 0x01, 0xA7, 0x00, 0x03, 0x00, 0x1E, 0x40, 0x0A, 0x03, 0x02, 0x01, 0x00, 0x03, 0x00,
0x0A, 0x02, 0x01, 0x22, 0x00, 0x3F, 0x3C, 0x3F, 0x3C, 0x00, 0x01, 0x2E, 0x2E, 0x2E, 0x2E, 0x31,
0x30, 0xB2, 0x04, 0x02, 0x05, 0x2B, 0x01, 0x15, 0x21, 0x35, 0x01, 0xF6, 0xFE, 0x08, 0x01, 0xA7,
0x62, 0x62, 0x00, 0x01, 0x00, 0x25, 0x00, 0xA1, 0x01, 0xD0, 0x02, 0x4C, 0x00, 0x0B, 0x00, 0x2F,
0x40, 0x13, 0x0A, 0x09, 0x08, 0x04, 0x03, 0x02, 0x0B, 0x28, 0x06, 0x12, 0x00, 0x03, 0x01, 0x0B,
0x5D, 0x05, 0x07, 0x21, 0x78, 0x00, 0x76, 0x3F, 0x3C, 0x76, 0x3F, 0x18, 0x00, 0x00, 0x3E, 0x3E,
0x3E, 0x01, 0x2E, 0x2E, 0x2E, 0x2E, 0x2E, 0x2E, 0x31, 0x30, 0xB2, 0x0C, 0x08, 0x05, 0x2B, 0x13,
0x37, 0x17, 0x07, 0x17, 0x07, 0x27, 0x07, 0x27, 0x37, 0x27, 0x37, 0xF9, 0x8E, 0x49, 0x90, 0x8E,
0x45, 0x8D, 0x8F, 0x48, 0x90, 0x8D, 0x46, 0x01, 0xBC, 0x90, 0x49, 0x8E, 0x8D, 0x45, 0x8E, 0x90,
0x48, 0x8F, 0x8B, 0x46, 0x00, 0x01, 0x00, 0x5F, 0x01, 0x0B, 0x01, 0x46, 0x02, 0x9B, 0x00, 0x0A,
0x00, 0x3E, 0x40, 0x1B, 0x0A, 0x09, 0x05, 0x09, 0x08, 0x2C, 0x0A, 0x0D, 0x00, 0x2B, 0x01, 0x04,
0x01, 0x08, 0x07, 0x2B, 0x02, 0x01, 0x01, 0x00, 0x00, 0x05, 0x04, 0x18, 0x01, 0x09, 0x46, 0x76,
0x2F, 0x37, 0x18, 0x00, 0x3F, 0x3C, 0x3F, 0x3C, 0x01, 0x2F, 0x3C, 0xFD, 0x3C, 0x10, 0xD6, 0x10,
0xFD, 0x00, 0x3F, 0xFD, 0x3C, 0x01, 0x2E, 0x2E, 0x2E, 0x31, 0x30, 0xB2, 0x0B, 0x09, 0x05, 0x2B,
0x01, 0x33, 0x11, 0x14, 0x17, 0x23, 0x36, 0x3D, 0x01, 0x23, 0x35, 0x01, 0x04, 0x2E, 0x14, 0xBF,
0x14, 0x3C, 0x02, 0x9B, 0xFE, 0xA3, 0x20, 0x13, 0x13, 0x20, 0xE3, 0x44, 0x00, 0x01, 0x00, 0x30,
0x01, 0x0B, 0x01, 0xD5, 0x02, 0x9B, 0x00, 0x22, 0x00, 0x5C, 0x40, 0x2B, 0x21, 0x11, 0x07, 0x08,
0x0D, 0x09, 0x0D, 0x18, 0x19, 0x1D, 0x11, 0x2C, 0x12, 0x21, 0x2C, 0x01, 0x0E, 0x0D, 0x2C, 0x12,
0x1E, 0x1D, 0x2C, 0x01, 0x0D, 0x0C, 0x2B, 0x14, 0x13, 0x1B, 0x2B, 0x05, 0x04, 0x22, 0x01, 0x00,
0x00, 0x13, 0x12, 0x18, 0x01, 0x13, 0x46, 0x76, 0x2F, 0x37, 0x18, 0x00, 0x3F, 0x3C, 0x3F, 0x3C,
0x3C, 0x01, 0x2F, 0x3C, 0xFD, 0x2F, 0x3C, 0xFD, 0x3C, 0x00, 0x10, 0xFD, 0x3C, 0x10, 0xFD, 0x3C,
0x10, 0xFD, 0x10, 0xFD, 0x10, 0xD6, 0x3C, 0x10, 0xD6, 0x10, 0xD6, 0x3C, 0x01, 0x2E, 0x2E, 0x31,
0x30, 0xB2, 0x23, 0x13, 0x05, 0x2B, 0x01, 0x33, 0x32, 0x16, 0x1D, 0x01, 0x14, 0x23, 0x0F, 0x01,
0x22, 0x06, 0x1D, 0x01, 0x33, 0x32, 0x36, 0x37, 0x07, 0x21, 0x35, 0x34, 0x36, 0x3F, 0x02, 0x32,
0x35, 0x34, 0x2B, 0x01, 0x22, 0x06, 0x07, 0x37, 0x01, 0x54, 0x1A, 0x33, 0x2F, 0x53, 0x17, 0x7D,
0x10, 0x10, 0xB3, 0x1D, 0x25, 0x17, 0x0E, 0xFE, 0x69, 0x1C, 0x41, 0x88, 0x0D, 0x1A, 0x1D, 0xA7,
0x18, 0x1D, 0x13, 0x0C, 0x02, 0x9B, 0x29, 0x32, 0x4E, 0x58, 0x01, 0x09, 0x08, 0x0F, 0x2C, 0x07,
0x0C, 0x55, 0x92, 0x48, 0x24, 0x0A, 0x09, 0x01, 0x1E, 0x1E, 0x07, 0x0B, 0x54, 0x00, 0x00, 0x01,
0x00, 0x30, 0x01, 0x0B, 0x01, 0xBC, 0x02, 0x9B, 0x00, 0x31, 0x00, 0x67, 0x40, 0x33, 0x31, 0x23,
0x0E, 0x00, 0x23, 0x13, 0x19, 0x07, 0x19, 0x15, 0x2A, 0x0E, 0x2C, 0x0F, 0x31, 0x2C, 0x00, 0x2F,
0x2E, 0x2C, 0x04, 0x03, 0x01, 0x0B, 0x0A, 0x2C, 0x0F, 0x27, 0x26, 0x2C, 0x21, 0x2B, 0x08, 0x07,
0x03, 0x2A, 0x2B, 0x1E, 0x1D, 0x16, 0x03, 0x15, 0x10, 0x0F, 0x00, 0x22, 0x21, 0x18, 0x01, 0x0E,
0x46, 0x76, 0x2F, 0x37, 0x18, 0x00, 0x3F, 0x3C, 0x3F, 0x3C, 0x01, 0x2F, 0x17, 0x3C, 0xFD, 0x17,
0x3C, 0x00, 0x10, 0xFD, 0x3C, 0x10, 0xFD, 0x3C, 0x3F, 0x3C, 0xFD, 0x3C, 0x2F, 0xFD, 0x10, 0xFD,
0x01, 0x11, 0x12, 0x39, 0x00, 0x3E, 0x3E, 0x01, 0x2E, 0x2E, 0x2E, 0x2E, 0x31, 0x30, 0xB2, 0x32,
0x0E, 0x05, 0x2B, 0x13, 0x1E, 0x01, 0x3B, 0x01, 0x32, 0x36, 0x3D, 0x01, 0x34, 0x2B, 0x01, 0x22,
0x06, 0x07, 0x37, 0x21, 0x32, 0x1E, 0x02, 0x1D, 0x01, 0x14, 0x06, 0x23, 0x16, 0x17, 0x16, 0x1D,
0x01, 0x14, 0x06, 0x23, 0x21, 0x27, 0x1E, 0x01, 0x3B, 0x01, 0x32, 0x36, 0x3D, 0x01, 0x34, 0x26,
0x2B, 0x01, 0x22, 0x07, 0x7E, 0x07, 0x0E, 0x0B, 0x66, 0x15, 0x0D, 0x21, 0x87, 0x1B, 0x23, 0x10,
0x0D, 0x01, 0x1A, 0x1D, 0x22, 0x1A, 0x0C, 0x32, 0x2A, 0x1F, 0x1F, 0x1E, 0x31, 0x34, 0xFE, 0xE6,
0x0D, 0x15, 0x2C, 0x1D, 0x6C, 0x1D, 0x10, 0x0C, 0x13, 0x66, 0x18, 0x0C, 0x01, 0xF9, 0x02, 0x02,
0x0A, 0x13, 0x26, 0x21, 0x05, 0x0A, 0x51, 0x06, 0x17, 0x23, 0x11, 0x34, 0x25, 0x19, 0x05, 0x04,
0x0B, 0x2D, 0x38, 0x30, 0x24, 0x53, 0x0A, 0x07, 0x0C, 0x17, 0x26, 0x13, 0x0A, 0x05, 0x00, 0x03,
0x00, 0x60, 0x00, 0x00, 0x04, 0x04, 0x02, 0x9B, 0x00, 0x0A, 0x00, 0x0E, 0x00, 0x31, 0x00, 0x93,
0x40, 0x4C, 0x30, 0x1F, 0x0A, 0x09, 0x05, 0x05, 0x18, 0x04, 0x18, 0x15, 0x16, 0x1B, 0x17, 0x1B,
0x27, 0x28, 0x2C, 0x09, 0x08, 0x2C, 0x0A, 0x0D, 0x1F, 0x2C, 0x0B, 0x30, 0x2C, 0x0F, 0x2D, 0x2C,
0x2C, 0x31, 0x0F, 0x20, 0x1C, 0x1B, 0x2C, 0x0B, 0x0B, 0x2B, 0x0C, 0x0D, 0x2B, 0x0E, 0x04, 0x01,
0x23, 0x22, 0x21, 0x2B, 0x1B, 0x1A, 0x02, 0x01, 0x2B, 0x08, 0x07, 0x2A, 0x2B, 0x13, 0x12, 0x0E,
0x0D, 0x01, 0x03, 0x00, 0x00, 0x21, 0x20, 0x0C, 0x03, 0x0B, 0x14, 0x01, 0x09, 0x46, 0x76, 0x2F,
0x37, 0x18, 0x00, 0x3F, 0x17, 0x3C, 0x3F, 0x17, 0x3C, 0x01, 0x2F, 0x3C, 0xFD, 0x2F, 0x3C, 0xFD,
0x3C, 0x2F, 0x3C, 0xFD, 0x3C, 0x3C, 0x10, 0xD6, 0x2F, 0xFD, 0x2F, 0xFD, 0x00, 0x10, 0xFD, 0x3C,
0x3F, 0x3C, 0xFD, 0x3C, 0x10, 0xFD, 0x10, 0xFD, 0x3F, 0xFD, 0x3C, 0x10, 0xD6, 0x3C, 0x10, 0xD6,
0x10, 0xD6, 0x3C, 0x00, 0x3E, 0x3E, 0x01, 0x2E, 0x2E, 0x2E, 0x2E, 0x2E, 0x31, 0x30, 0xB2, 0x32,
0x09, 0x05, 0x2B, 0x01, 0x33, 0x11, 0x14, 0x17, 0x23, 0x36, 0x3D, 0x01, 0x23, 0x35, 0x01, 0x23,
0x13, 0x33, 0x01, 0x32, 0x16, 0x1D, 0x01, 0x14, 0x23, 0x0F, 0x01, 0x22, 0x06, 0x1D, 0x01, 0x33,
0x32, 0x36, 0x37, 0x07, 0x21, 0x3D, 0x01, 0x34, 0x36, 0x3F, 0x02, 0x32, 0x35, 0x34, 0x2B, 0x01,
0x22, 0x06, 0x07, 0x37, 0x01, 0x05, 0x2E, 0x14, 0xBF, 0x14, 0x3C, 0x01, 0x84, 0x33, 0x79, 0x31,
0x01, 0x28, 0x3F, 0x3D, 0x53, 0x18, 0x7C, 0x10, 0x10, 0xB3, 0x1D, 0x25, 0x17, 0x0E, 0xFE, 0x69,
0x18, 0x45, 0x88, 0x0D, 0x1A, 0x1D, 0xA7, 0x18, 0x1D, 0x13, 0x0C, 0x02, 0x9B, 0xFE, 0xA2, 0x1F,
0x13, 0x13, 0x1F, 0xE4, 0x43, 0xFD, 0x9C, 0x02, 0x9B, 0xFE, 0xF5, 0x21, 0x3A, 0x4E, 0x58, 0x01,
0x09, 0x08, 0x0F, 0x2C, 0x07, 0x0C, 0x55, 0x92, 0x20, 0x2D, 0x20, 0x09, 0x09, 0x01, 0x1E, 0x1E,
0x07, 0x0B, 0x54, 0x00, 0x00, 0x04, 0x00, 0x60, 0x00, 0x00, 0x04, 0x27, 0x02, 0x9B, 0x00, 0x0A,
0x00, 0x0E, 0x00, 0x1D, 0x00, 0x20, 0x00, 0x91, 0x40, 0x4E, 0x1F, 0x1A, 0x19, 0x15, 0x10, 0x0F,
0x0A, 0x09, 0x05, 0x05, 0x18, 0x04, 0x18, 0x1A, 0x2C, 0x10, 0x09, 0x08, 0x2C, 0x0A, 0x0D, 0x20,
0x1F, 0x1D, 0x03, 0x0F, 0x2C, 0x19, 0x18, 0x11, 0x03, 0x10, 0x1E, 0x2C, 0x1C, 0x1B, 0x20, 0x0B,
0x2B, 0x0C, 0x0E, 0x2B, 0x0D, 0x04, 0x01, 0x14, 0x11, 0x02, 0x01, 0x2B, 0x08, 0x07, 0x20, 0x1E,
0x18, 0x03, 0x17, 0x2B, 0x1D, 0x1C, 0x12, 0x03, 0x11, 0x0E, 0x0D, 0x01, 0x03, 0x00, 0x00, 0x15,
0x14, 0x0C, 0x03, 0x0B, 0x14, 0x01, 0x09, 0x46, 0x76, 0x2F, 0x37, 0x18, 0x00, 0x3F, 0x17, 0x3C,
0x3F, 0x17, 0x3C, 0x01, 0x2F, 0x17, 0x3C, 0xFD, 0x17, 0x3C, 0x2F, 0x3C, 0xFD, 0x3C, 0x10, 0xD6,
0x10, 0xD6, 0x2F, 0xFD, 0x2F, 0xFD, 0x00, 0x3F, 0x3C, 0xFD, 0x2F, 0x17, 0x3C, 0xFD, 0x17, 0x3C,
0x3F, 0xFD, 0x3C, 0x10, 0xFD, 0x00, 0x3E, 0x3E, 0x01, 0x2E, 0x2E, 0x2E, 0x2E, 0x2E, 0x2E, 0x2E,
0x2E, 0x2E, 0x31, 0x30, 0xB2, 0x21, 0x09, 0x05, 0x2B, 0x01, 0x33, 0x11, 0x14, 0x17, 0x23, 0x36,
0x3D, 0x01, 0x23, 0x35, 0x01, 0x23, 0x13, 0x33, 0x01, 0x15, 0x23, 0x15, 0x14, 0x17, 0x23, 0x36,
0x3D, 0x01, 0x21, 0x35, 0x37, 0x33, 0x15, 0x27, 0x07, 0x33, 0x01, 0x05, 0x2E, 0x14, 0xBF, 0x14,
0x3C, 0x01, 0x84, 0x33, 0x79, 0x31, 0x01, 0xCC, 0x4D, 0x14, 0xBE, 0x14, 0xFE, 0xF8, 0xEF, 0xAF,
0x96, 0x9D, 0x9D, 0x02, 0x9B, 0xFE, 0xA2, 0x1F, 0x13, 0x13, 0x1F, 0xE4, 0x43, 0xFD, 0x9C, 0x02,
0x9B, 0xFE, 0x25, 0x69, 0x24, 0x20, 0x13, 0x14, 0x1F, 0x24, 0x60, 0xD9, 0xD0, 0x87, 0x87, 0x00,
0x00, 0x04, 0x00, 0x30, 0x00, 0x00, 0x04, 0x4D, 0x02, 0x9B, 0x00, 0x2E, 0x00, 0x32, 0x00, 0x41,
0x00, 0x44, 0x00, 0xBB, 0x40, 0x66, 0x43, 0x3E, 0x3D, 0x39, 0x34, 0x33, 0x2E, 0x1F, 0x0E, 0x00,
0x1F, 0x13, 0x16, 0x07, 0x16, 0x13, 0x26, 0x3E, 0x2C, 0x34, 0x44, 0x43, 0x41, 0x03, 0x33, 0x2C,
0x3D, 0x3C, 0x35, 0x03, 0x34, 0x0E, 0x2C, 0x0F, 0x2E, 0x2C, 0x00, 0x42, 0x2C, 0x40, 0x3F, 0x20,
0x24, 0x23, 0x22, 0x2C, 0x1E, 0x1D, 0x18, 0x2B, 0x2A, 0x2C, 0x04, 0x03, 0x01, 0x0B, 0x0A, 0x2C,
0x0F, 0x2F, 0x2B, 0x30, 0x31, 0x2B, 0x32, 0x38, 0x35, 0x44, 0x42, 0x3C, 0x03, 0x3B, 0x2B, 0x41,
0x40, 0x36, 0x03, 0x35, 0x1A, 0x19, 0x13, 0x2B, 0x27, 0x08, 0x07, 0x03, 0x26, 0x32, 0x31, 0x10,
0x03, 0x0F, 0x00, 0x39, 0x38, 0x30, 0x03, 0x2F, 0x14, 0x01, 0x0E, 0x46, 0x76, 0x2F, 0x37, 0x18,
0x00, 0x3F, 0x17, 0x3C, 0x3F, 0x17, 0x3C, 0x01, 0x2F, 0x17, 0x3C, 0xFD, 0x3C, 0x3C, 0x2F, 0x17,
0x3C, 0xFD, 0x17, 0x3C, 0x10, 0xD6, 0x2F, 0xFD, 0x2F, 0xFD, 0x00, 0x10, 0xFD, 0x3C, 0x3F, 0x3C,
0xFD, 0x3C, 0x3F, 0x3C, 0xFD, 0x3C, 0x3C, 0x3F, 0x3C, 0xFD, 0x2F, 0xFD, 0x10, 0xFD, 0x2F, 0x17,
0x3C, 0xFD, 0x17, 0x3C, 0x10, 0xFD, 0x01, 0x11, 0x12, 0x39, 0x00, 0x3E, 0x3E, 0x01, 0x2E, 0x2E,
0x2E, 0x2E, 0x2E, 0x2E, 0x2E, 0x2E, 0x2E, 0x2E, 0x31, 0x30, 0xB2, 0x45, 0x0E, 0x05, 0x2B, 0x13,
0x1E, 0x01, 0x3B, 0x01, 0x32, 0x36, 0x3D, 0x01, 0x34, 0x2B, 0x01, 0x22, 0x06, 0x07, 0x37, 0x21,
0x32, 0x16, 0x15, 0x14, 0x06, 0x07, 0x32, 0x16, 0x1D, 0x01, 0x14, 0x06, 0x23, 0x21, 0x27, 0x1E,
0x01, 0x3B, 0x02, 0x32, 0x3D, 0x01, 0x34, 0x26, 0x2B, 0x01, 0x22, 0x06, 0x07, 0x01, 0x23, 0x13,
0x33, 0x01, 0x15, 0x23, 0x15, 0x14, 0x17, 0x23, 0x36, 0x3D, 0x01, 0x21, 0x35, 0x37, 0x33, 0x15,
0x27, 0x07, 0x33, 0x7E, 0x07, 0x0E, 0x0B, 0x66, 0x15, 0x0D, 0x21, 0x87, 0x1B, 0x22, 0x11, 0x0D,
0x01, 0x1A, 0x46, 0x1F, 0x19, 0x43, 0x2E, 0x2E, 0x32, 0x33, 0xFE, 0xE6, 0x0D, 0x15, 0x2C, 0x1D,
0x6C, 0x10, 0x1D, 0x0C, 0x13, 0x59, 0x0D, 0x16, 0x0E, 0x01, 0x8C, 0x33, 0x79, 0x31, 0x01, 0xCC,
0x4D, 0x14, 0xBE, 0x14, 0xFE, 0xF8, 0xEE, 0xB0, 0x96, 0x9D, 0x9D, 0x01, 0xF9, 0x02, 0x02, 0x0A,
0x13, 0x26, 0x21, 0x05, 0x0B, 0x52, 0x37, 0x4F, 0x1F, 0x14, 0x0B, 0x17, 0x29, 0x39, 0x2F, 0x24,
0x53, 0x0A, 0x07, 0x22, 0x27, 0x13, 0x0A, 0x01, 0x04, 0xFE, 0x52, 0x02, 0x9B, 0xFE, 0x25, 0x69,
0x24, 0x20, 0x13, 0x14, 0x1F, 0x24, 0x60, 0xD9, 0xD0, 0x87, 0x87, 0x00, 0x00, 0x01, 0x00, 0x00,
0x00, 0x00, 0x80, 0x00, 0x84, 0x66, 0xD3, 0xF7, 0x5F, 0x0F, 0x3C, 0xF5, 0x00, 0x00, 0x03, 0xE8,
0x00, 0x00, 0x00, 0x00, 0xA5, 0xB6, 0xC1, 0xDD, 0x00, 0x00, 0x00, 0x00, 0xAD, 0xB2, 0xA1, 0x7E,
0xFF, 0x7B, 0xFF, 0x3B, 0x05, 0x5D, 0x03, 0x63, 0x00, 0x00, 0x00, 0x03, 0x00, 0x02, 0x00, 0x01,
0x00, 0x00, 0x00, 0x00, 0x00, 0x01, 0x00, 0x00, 0x03, 0x0F, 0xFF, 0x27, 0x00, 0x00, 0x05, 0xA0,
0xFF, 0x7B, 0xFF, 0xC5, 0x05, 0x5D, 0x00, 0x01, 0x00, 0x00, 0x00, 0x00, 0x00, 0x00, 0x00, 0x00,
0x00, 0x00, 0x00, 0x00, 0x00, 0x00, 0x00, 0xE8, 0x03, 0x0F, 0x00, 0x30, 0x00, 0x00, 0x00, 0x00,
0x01, 0x16, 0x00, 0x00, 0x01, 0x16, 0x00, 0x00, 0x01, 0xC4, 0x00, 0x64, 0x01, 0x9D, 0x00, 0x29,
0x02, 0xC1, 0x00, 0x43, 0x03, 0x20, 0x00, 0x4E, 0x03, 0xB4, 0x00, 0x21, 0x03, 0x8D, 0x00, 0x21,
0x00, 0xE2, 0x00, 0x29, 0x01, 0x5A, 0x00, 0x5E, 0x01, 0x5A, 0x00, 0x0D, 0x01, 0x64, 0x00, 0x26,
0x01, 0xF4, 0xFF, 0xFE, 0x01, 0x8C, 0x00, 0x49, 0x01, 0xA6, 0x00, 0x22, 0x01, 0x8D, 0x00, 0x49,
0x01, 0x29, 0xFF, 0xF0, 0x03, 0x41, 0x00, 0x36, 0x03, 0x41, 0x00, 0xE7, 0x03, 0x41, 0x00, 0x49,
0x03, 0x41, 0x00, 0x43, 0x03, 0x41, 0x00, 0x07, 0x03, 0x41, 0x00, 0x44, 0x03, 0x41, 0x00, 0x46,
0x03, 0x41, 0x00, 0x50, 0x03, 0x41, 0x00, 0x47, 0x03, 0x41, 0x00, 0x47, 0x01, 0x8D, 0x00, 0x49,
0x01, 0x8D, 0x00, 0x49, 0x01, 0xF4, 0x00, 0x21, 0x01, 0xF4, 0xFF, 0xFE, 0x01, 0xF4, 0x00, 0x21,
0x03, 0x34, 0x00, 0x42, 0x02, 0xDD, 0x00, 0x1E, 0x03, 0x49, 0xFF, 0xF3, 0x03, 0x24, 0x00, 0x2F,
0x02, 0x8D, 0x00, 0x28, 0x03, 0x27, 0x00, 0x2E, 0x02, 0xAB, 0x00, 0x3C, 0x02, 0x8A, 0x00, 0x2F,
0x03, 0x07, 0x00, 0x35, 0x03, 0x37, 0x00, 0x22, 0x01, 0x78, 0x00, 0x21, 0x02, 0x6B, 0xFF, 0xE5,
0x03, 0x54, 0x00, 0x2E, 0x02, 0x8B, 0x00, 0x2F, 0x04, 0x0B, 0x00, 0x2E, 0x03, 0x52, 0x00, 0x2F,
0x03, 0x28, 0x00, 0x28, 0x03, 0x0D, 0x00, 0x2F, 0x03, 0x29, 0x00, 0x28, 0x03, 0x31, 0x00, 0x2F,
0x02, 0xE1, 0x00, 0x2E, 0x02, 0x99, 0x00, 0x00, 0x03, 0x52, 0x00, 0x2F, 0x03, 0x0C, 0xFF, 0xF3,
0x04, 0x49, 0xFF, 0xF9, 0x03, 0x23, 0xFF, 0xE6, 0x02, 0xFA, 0xFF, 0xF2, 0x02, 0xBE, 0x00, 0x00,
0x01, 0x5A, 0x00, 0x5E, 0x01, 0x29, 0x00, 0x14, 0x01, 0x5A, 0x00, 0x0D, 0x01, 0xF4, 0xFF, 0xFF,
0x01, 0xF4, 0x00, 0x00, 0x01, 0xF4, 0x00, 0x89, 0x02, 0xE4, 0x00, 0x21, 0x02, 0xE8, 0x00, 0x28,
0x02, 0x58, 0x00, 0x21, 0x02, 0xE8, 0x00, 0x21, 0x02, 0xCA, 0x00, 0x22, 0x01, 0xDD, 0xFF, 0xF9,
0x02, 0xEC, 0x00, 0x21, 0x02, 0xFE, 0x00, 0x28, 0x01, 0x6A, 0x00, 0x28, 0x01, 0x99, 0xFF, 0x7B,
0x02, 0xFF, 0x00, 0x27, 0x01, 0x69, 0x00, 0x28, 0x04, 0x99, 0x00, 0x28, 0x02, 0xFC, 0x00, 0x28,
0x02, 0xDF, 0x00, 0x22, 0x02, 0xE3, 0x00, 0x24, 0x02, 0xE8, 0x00, 0x21, 0x02, 0x15, 0x00, 0x28,
0x02, 0xB1, 0x00, 0x21, 0x02, 0x26, 0x00, 0x00, 0x02, 0xFE, 0x00, 0x22, 0x02, 0x9C, 0xFF, 0xF3,
0x03, 0xCA, 0xFF, 0xF9, 0x02, 0xD4, 0xFF, 0xF3, 0x02, 0xEB, 0x00, 0x21, 0x02, 0x9C, 0x00, 0x00,
0x01, 0xF4, 0x00, 0x77, 0x01, 0xF4, 0x00, 0x8C, 0x01, 0xF4, 0x00, 0x61, 0x02, 0x9B, 0x00, 0x5B,
0x03, 0x49, 0xFF, 0xF3, 0x03, 0x49, 0xFF, 0xF3, 0x02, 0x8D, 0x00, 0x28, 0x02, 0xAB, 0x00, 0x3C,
0x03, 0x52, 0x00, 0x2F, 0x03, 0x28, 0x00, 0x28, 0x03, 0x52, 0x00, 0x2F, 0x02, 0xE4, 0x00, 0x21,
0x02, 0xE4, 0x00, 0x21, 0x02, 0xE4, 0x00, 0x21, 0x02, 0xE4, 0x00, 0x21, 0x02, 0xE4, 0x00, 0x21,
0x02, 0xE4, 0x00, 0x21, 0x02, 0x58, 0x00, 0x21, 0x02, 0xCA, 0x00, 0x22, 0x02, 0xCA, 0x00, 0x22,
0x02, 0xCA, 0x00, 0x22, 0x02, 0xCA, 0x00, 0x22, 0x01, 0x6A, 0x00, 0x28, 0x01, 0x6A, 0x00, 0x28,
0x01, 0x6A, 0x00, 0x15, 0x01, 0x6A, 0x00, 0x21, 0x02, 0xFC, 0x00, 0x28, 0x02, 0xDF, 0x00, 0x22,
0x02, 0xDF, 0x00, 0x22, 0x02, 0xDF, 0x00, 0x22, 0x02, 0xE2, 0x00, 0x22, 0x02, 0xDF, 0x00, 0x22,
0x02, 0xFE, 0x00, 0x22, 0x02, 0xFE, 0x00, 0x22, 0x02, 0xFE, 0x00, 0x22, 0x02, 0xFE, 0x00, 0x22,
0x02, 0xAA, 0x00, 0x51, 0x01, 0xF4, 0x00, 0x4E, 0x02, 0x3C, 0x00, 0x28, 0x03, 0x20, 0x00, 0x2D,
0x01, 0x6A, 0x00, 0x28, 0x02, 0x58, 0x00, 0xC6, 0x02, 0xAA, 0x00, 0x4B, 0x02, 0xF2, 0x00, 0x00,
0x02, 0xF5, 0x00, 0x20, 0x02, 0xF5, 0x00, 0x20, 0x04, 0x46, 0x00, 0x05, 0x01, 0xF4, 0x00, 0x89,
0x01, 0xF4, 0x00, 0x3E, 0x03, 0xF1, 0xFF, 0xF3, 0x03, 0x21, 0x00, 0x29, 0x01, 0xF4, 0xFF, 0xFE,
0x02, 0xAF, 0xFF, 0xF7, 0x02, 0x73, 0x00, 0x35, 0x01, 0xD0, 0x00, 0x17, 0x01, 0xD0, 0x00, 0x18,
0x04, 0x65, 0x00, 0x21, 0x02, 0xDE, 0x00, 0x22, 0x03, 0x34, 0x00, 0x56, 0x01, 0xC4, 0x00, 0x64,
0x01, 0xF4, 0x00, 0x21, 0x02, 0xA6, 0x00, 0x50, 0x01, 0xB5, 0x00, 0x22, 0x01, 0xB5, 0x00, 0x22,
0x04, 0xA8, 0x00, 0x49, 0x00, 0xFA, 0x00, 0x00, 0x03, 0x49, 0xFF, 0xF3, 0x03, 0x49, 0xFF, 0xF3,
0x03, 0x28, 0x00, 0x28, 0x04, 0x5F, 0x00, 0x28, 0x04, 0x77, 0x00, 0x22, 0x02, 0xCB, 0x00, 0x22,
0x04, 0x68, 0x00, 0x21, 0x02, 0xAE, 0x00, 0x4A, 0x02, 0xAE, 0x00, 0x4A, 0x01, 0x8C, 0x00, 0x49,
0x01, 0x8C, 0x00, 0x49, 0x01, 0xF4, 0xFF, 0xFE, 0x02, 0xEB, 0x00, 0x21, 0x02, 0xFA, 0xFF, 0xF2,
0x00, 0x51, 0xFF, 0xD3, 0x02, 0xE4, 0x00, 0x16, 0x01, 0x02, 0x00, 0x21, 0x01, 0x02, 0x00, 0x21,
0x03, 0x46, 0xFF, 0xF9, 0x03, 0x46, 0xFF, 0xF9, 0x02, 0xAA, 0x00, 0x51, 0x01, 0x25, 0x00, 0x2B,
0x01, 0x8C, 0x00, 0x49, 0x02, 0xAE, 0x00, 0x4A, 0x05, 0xA0, 0x00, 0x0C, 0x03, 0x49, 0xFF, 0xF3,
0x02, 0xAB, 0x00, 0x3C, 0x03, 0x49, 0xFF, 0xF3, 0x02, 0xAB, 0x00, 0x3C, 0x02, 0xAB, 0x00, 0x3C,
0x01, 0x78, 0x00, 0x21, 0x01, 0x78, 0x00, 0x15, 0x01, 0x78, 0x00, 0x21, 0x01, 0x78, 0x00, 0x21,
0x03, 0x28, 0x00, 0x28, 0x03, 0x28, 0x00, 0x28, 0x03, 0x28, 0x00, 0x28, 0x03, 0x52, 0x00, 0x2F,
0x03, 0x52, 0x00, 0x2F, 0x03, 0x52, 0x00, 0x2F, 0x01, 0x6A, 0x00, 0x28, 0x01, 0xF4, 0x00, 0x32,
0x01, 0xF4, 0x00, 0x1B, 0x01, 0xF4, 0x00, 0x56, 0x01, 0xF4, 0x00, 0x0D, 0x01, 0xF4, 0x00, 0xA5,
0x01, 0xF4, 0x00, 0x4B, 0x01, 0xF4, 0x00, 0x8E, 0x01, 0xF4, 0x00, 0x7D, 0x01, 0xF4, 0x01, 0x67,
0x01, 0xF4, 0x00, 0x32, 0x02, 0x8B, 0x00, 0x00, 0x01, 0x69, 0xFF, 0xFF, 0x02, 0xE1, 0x00, 0x2E,
0x02, 0xB1, 0x00, 0x21, 0x02, 0xBE, 0x00, 0x00, 0x02, 0x9C, 0x00, 0x00, 0x01, 0xF4, 0x00, 0x8C,
0x03, 0x27, 0x00, 0x00, 0x02, 0x54, 0x00, 0x15, 0x02, 0xFA, 0xFF, 0xF2, 0x02, 0xEB, 0x00, 0x21,
0x03, 0x0D, 0x00, 0x24, 0x02, 0xE3, 0x00, 0x2C, 0x01, 0xF4, 0xFF, 0xFE, 0x01, 0xF4, 0x00, 0x25,
0x01, 0xDE, 0x00, 0x5F, 0x02, 0x04, 0x00, 0x30, 0x02, 0x04, 0x00, 0x30, 0x04, 0x33, 0x00, 0x60,
0x04, 0x33, 0x00, 0x60, 0x04, 0x5A, 0x00, 0x30, 0x00, 0x00, 0x00, 0x01, 0x00, 0x00, 0x06, 0xF8,
0x80, 0x00, 0x01, 0x27, 0x00, 0x30, 0x00, 0x08, 0x06, 0xBA, 0x00, 0x49, 0x00, 0x04, 0x00, 0x0D,
0x00, 0x33, 0x00, 0x0F, 0xFF, 0xD5, 0x00, 0x37, 0x00, 0x0F, 0xFF, 0xAA, 0x00, 0x39, 0x00, 0x0F,
0xFF, 0xA7, 0x00, 0x3A, 0x00, 0x0F, 0xFF, 0xC4, 0x00, 0x3C, 0x00, 0x0F, 0xFF, 0x91, 0x00, 0x29,
0x00, 0x0F, 0xFF, 0xE5, 0x00, 0x55, 0x00, 0x0F, 0xFF, 0x96, 0x00, 0x59, 0x00, 0x0F, 0xFF, 0xC8,
0x00, 0x5A, 0x00, 0x0F, 0xFF, 0xD1, 0x00, 0x5C, 0x00, 0x0F, 0xFF, 0xF3, 0x00, 0x55, 0x00, 0x10,
0x00, 0x46, 0x00, 0x3C, 0x00, 0x11, 0xFF, 0x91, 0x00, 0x37, 0x00, 0x11, 0xFF, 0xAA, 0x00, 0x24,
0x00, 0x11, 0x00, 0x0A, 0x00, 0x39, 0x00, 0x11, 0xFF, 0xA5, 0x00, 0x55, 0x00, 0x11, 0xFF, 0x96,
0x00, 0x33, 0x00, 0x11, 0xFF, 0xD1, 0x00, 0x59, 0x00, 0x11, 0xFF, 0xC6, 0x00, 0x3A, 0x00, 0x11,
0xFF, 0xC3, 0x00, 0x5A, 0x00, 0x11, 0xFF, 0xD0, 0x00, 0x29, 0x00, 0x11, 0xFF, 0xE2, 0x00, 0x5C,
0x00, 0x11, 0xFF, 0xF3, 0x00, 0x3C, 0x00, 0x1D, 0xFF, 0xC5, 0x00, 0x37, 0x00, 0x1D, 0xFF, 0xE5,
0x00, 0x3A, 0x00, 0x1D, 0xFF, 0xF1, 0x00, 0x39, 0x00, 0x1D, 0xFF, 0xD9, 0x00, 0x29, 0x00, 0x1D,
0x00, 0x07, 0x00, 0x57, 0x00, 0x1D, 0x00, 0x0D, 0x00, 0x39, 0x00, 0x1E, 0xFF, 0xD9, 0x00, 0x3C,
0x00, 0x1E, 0xFF, 0xC5, 0x00, 0x37, 0x00, 0x1E, 0xFF, 0xE5, 0x00, 0x57, 0x00, 0x1E, 0x00, 0x0D,
0x00, 0x29, 0x00, 0x1E, 0x00, 0x07, 0x00, 0x49, 0x00, 0x22, 0x00, 0x1D, 0x00, 0x29, 0x00, 0x24,
0xFF, 0xE0, 0x00, 0x2A, 0x00, 0x24, 0x00, 0x2F, 0x00, 0x3C, 0x00, 0x24, 0xFF, 0xBC, 0x00, 0x2D,
0x00, 0x24, 0xFF, 0xE7, 0x00, 0x37, 0x00, 0x24, 0xFF, 0xD5, 0x00, 0x2E, 0x00, 0x24, 0x00, 0x5A,
0x00, 0x2F, 0x00, 0x24, 0x00, 0x24, 0x00, 0x32, 0x00, 0x24, 0xFF, 0xF9, 0x00, 0x26, 0x00, 0x24,
0x00, 0x1E, 0x00, 0x39, 0x00, 0x24, 0xFF, 0xAB, 0x00, 0x28, 0x00, 0x24, 0x00, 0x5A, 0x00, 0x33,
0x00, 0x24, 0xFF, 0xD4, 0x00, 0x35, 0x00, 0x24, 0x00, 0x2F, 0x00, 0x3A, 0x00, 0x24, 0xFF, 0xD5,
0x00, 0x36, 0x00, 0x24, 0xFF, 0xF9, 0x00, 0x24, 0x00, 0x24, 0x00, 0x53, 0x00, 0xA7, 0x00, 0x24,
0xFF, 0xB3, 0x00, 0x30, 0x00, 0x25, 0xFF, 0xF9, 0x00, 0x3C, 0x00, 0x26, 0xFF, 0xF5, 0x00, 0x2F,
0x00, 0x26, 0x00, 0x12, 0x00, 0x37, 0x00, 0x26, 0x00, 0x13, 0x00, 0x2A, 0x00, 0x28, 0x00, 0x0A,
0x00, 0x2B, 0x00, 0x28, 0xFF, 0xF9, 0x00, 0x37, 0x00, 0x2A, 0x00, 0x0D, 0x00, 0x24, 0x00, 0x2A,
0xFF, 0xF7, 0x00, 0x24, 0x00, 0x2B, 0x00, 0x32, 0x00, 0x3A, 0x00, 0x2B, 0x00, 0x32, 0x00, 0x2E,
0x00, 0x2C, 0x00, 0x32, 0x00, 0x27, 0x00, 0x2C, 0xFF, 0xF6, 0x00, 0x32, 0x00, 0x2C, 0xFF, 0xF6,
0x00, 0x24, 0x00, 0x2C, 0x00, 0x28, 0x00, 0x39, 0x00, 0x2C, 0x00, 0x50, 0x00, 0x24, 0x00, 0x2D,
0x00, 0x5A, 0x00, 0x2E, 0x00, 0x2D, 0x00, 0x38, 0x00, 0x32, 0x00, 0x2F, 0xFF, 0xEF, 0x00, 0x32,
0x00, 0x30, 0xFF, 0xEF, 0x00, 0x32, 0x00, 0x31, 0xFF, 0xEF, 0x00, 0x2F, 0x00, 0x32, 0x00, 0x12,
0x00, 0x2C, 0x00, 0x32, 0xFF, 0xF6, 0x00, 0x30, 0x00, 0x32, 0xFF, 0xEF, 0x00, 0x31, 0x00, 0x32,
0xFF, 0xEF, 0x00, 0x29, 0x00, 0x32, 0x00, 0x13, 0x00, 0x3C, 0x00, 0x32, 0xFF, 0xF6, 0x00, 0x37,
0x00, 0x32, 0x00, 0x13, 0x00, 0x2E, 0x00, 0x32, 0xFF, 0xF2, 0x00, 0x2D, 0x00, 0x32, 0xFF, 0xEF,
0x00, 0x26, 0x00, 0x32, 0x00, 0x0C, 0x00, 0x37, 0x00, 0x34, 0x00, 0x13, 0x00, 0x2F, 0x00, 0x36,
0x00, 0x10, 0x00, 0x37, 0x00, 0x36, 0x00, 0x11, 0x00, 0x24, 0x00, 0x37, 0xFF, 0xD5, 0x00, 0x35,
0x00, 0x37, 0x00, 0x12, 0x00, 0x2F, 0x00, 0x37, 0xFF, 0xC4, 0x00, 0x3C, 0x00, 0x37, 0x00, 0x26,
0x00, 0x3A, 0x00, 0x37, 0x00, 0x26, 0x00, 0x37, 0x00, 0x37, 0x00, 0x3C, 0x00, 0x39, 0x00, 0x37,
0x00, 0x26, 0x00, 0x32, 0x00, 0x37, 0x00, 0x13, 0x00, 0x33, 0x00, 0x37, 0x00, 0x50, 0x00, 0x37,
0x00, 0x39, 0x00, 0x25, 0x00, 0x29, 0x00, 0x39, 0x00, 0x5A, 0x00, 0x3A, 0x00, 0x39, 0x00, 0x50,
0x00, 0x3C, 0x00, 0x39, 0x00, 0x50, 0x00, 0x39, 0x00, 0x39, 0x00, 0x5A, 0x00, 0x2B, 0x00, 0x39,
0x00, 0x46, 0x00, 0x2F, 0x00, 0x39, 0xFF, 0xCA, 0x00, 0x24, 0x00, 0x39, 0xFF, 0xB9, 0x00, 0x28,
0x00, 0x39, 0x00, 0x1D, 0x00, 0x39, 0x00, 0x3A, 0x00, 0x50, 0x00, 0x3A, 0x00, 0x3A, 0x00, 0x50,
0x00, 0x28, 0x00, 0x3A, 0x00, 0x1A, 0x00, 0x3C, 0x00, 0x3A, 0x00, 0x50, 0x00, 0x24, 0x00, 0x3A,
0xFF, 0xD3, 0x00, 0x29, 0x00, 0x3A, 0x00, 0x50, 0x00, 0x37, 0x00, 0x3A, 0x00, 0x22, 0x00, 0x13,
0x00, 0x3A, 0x00, 0x0A, 0x00, 0x2F, 0x00, 0x3A, 0xFF, 0xDE, 0x00, 0xA7, 0x00, 0x3A, 0xFF, 0xF9,
0x00, 0x3B, 0x00, 0x3B, 0x00, 0x5A, 0x00, 0x2F, 0x00, 0x3B, 0x00, 0x3C, 0x00, 0x24, 0x00, 0x3B,
0x00, 0x78, 0x00, 0x37, 0x00, 0x3B, 0x00, 0x64, 0x00, 0x39, 0x00, 0x3B, 0x00, 0x50, 0x00, 0x3C,
0x00, 0x3B, 0x00, 0x5A, 0x00, 0x3A, 0x00, 0x3B, 0x00, 0x5A, 0x00, 0x32, 0x00, 0x3C, 0xFF, 0xF8,
0x00, 0x2B, 0x00, 0x3C, 0x00, 0x32, 0x00, 0x29, 0x00, 0x3C, 0x00, 0x46, 0x00, 0x26, 0x00, 0x3C,
0x00, 0x19, 0x00, 0x24, 0x00, 0x3C, 0xFF, 0xBE, 0x00, 0x2F, 0x00, 0x3C, 0xFF, 0xAC, 0x00, 0x37,
0x00, 0x3C, 0x00, 0x25, 0x00, 0x27, 0x00, 0x3C, 0xFF, 0xF8, 0x00, 0x3A, 0x00, 0x3C, 0x00, 0x64,
0x00, 0x39, 0x00, 0x3C, 0x00, 0x64, 0x00, 0x3C, 0x00, 0x3C, 0x00, 0x64, 0x00, 0x3B, 0x00, 0x3C,
0x00, 0x5A, 0x00, 0x28, 0x00, 0x3C, 0x00, 0x1D, 0x00, 0x24, 0x00, 0x3D, 0x00, 0x5A, 0x00, 0x57,
0x00, 0x44, 0x00, 0x10, 0x00, 0x2F, 0x00, 0x44, 0x00, 0x14, 0x00, 0x4A, 0x00, 0x44, 0xFF, 0xF3,
0x00, 0x4E, 0x00, 0x44, 0xFF, 0xF6, 0x00, 0x39, 0x00, 0x44, 0xFF, 0xDC, 0x00, 0x37, 0x00, 0x44,
0xFF, 0xEE, 0x00, 0x29, 0x00, 0x44, 0x00, 0x0A, 0x00, 0x3C, 0x00, 0x44, 0xFF, 0xCA, 0x00, 0x3A,
0x00, 0x44, 0xFF, 0xE8, 0x00, 0xA7, 0x00, 0x44, 0xFF, 0xE4, 0x00, 0x4E, 0x00, 0x46, 0xFF, 0xEE,
0x00, 0x37, 0x00, 0x46, 0xFF, 0xE0, 0x00, 0x55, 0x00, 0x46, 0x00, 0x11, 0x00, 0xA7, 0x00, 0x46,
0xFF, 0xEF, 0x00, 0x55, 0x00, 0x47, 0x00, 0x11, 0x00, 0xA7, 0x00, 0x47, 0xFF, 0xF0, 0x00, 0x4A,
0x00, 0x48, 0xFF, 0xF3, 0x00, 0x57, 0x00, 0x48, 0x00, 0x0F, 0x00, 0x2F, 0x00, 0x48, 0x00, 0x13,
0x00, 0x29, 0x00, 0x48, 0x00, 0x0C, 0x00, 0x4E, 0x00, 0x48, 0xFF, 0xEF, 0x00, 0x3A, 0x00, 0x48,
0xFF, 0xEC, 0x00, 0x5A, 0x00, 0x48, 0xFF, 0xF9, 0x00, 0x5B, 0x00, 0x48, 0xFF, 0xF3, 0x00, 0x39,
0x00, 0x48, 0xFF, 0xDA, 0x00, 0x3C, 0x00, 0x48, 0xFF, 0xC2, 0x00, 0x2E, 0x00, 0x48, 0xFF, 0xF5,
0x00, 0x33, 0x00, 0x48, 0x00, 0x10, 0x00, 0x55, 0x00, 0x48, 0x00, 0x11, 0x00, 0x49, 0x00, 0x48,
0x00, 0x0A, 0x00, 0x37, 0x00, 0x48, 0xFF, 0xE0, 0x00, 0xA7, 0x00, 0x48, 0xFF, 0xEF, 0x00, 0x59,
0x00, 0x49, 0x00, 0x46, 0x00, 0x5C, 0x00, 0x49, 0x00, 0x32, 0x00, 0x24, 0x00, 0x49, 0x00, 0x32,
0x00, 0x55, 0x00, 0x49, 0x00, 0x4A, 0x00, 0x57, 0x00, 0x49, 0x00, 0x2B, 0x00, 0x5A, 0x00, 0x49,
0x00, 0x50, 0x00, 0x49, 0x00, 0x49, 0x00, 0x21, 0x00, 0x48, 0x00, 0x49, 0x00, 0x2E, 0x00, 0x4E,
0x00, 0x4A, 0xFF, 0xF2, 0x00, 0x55, 0x00, 0x4A, 0x00, 0x11, 0x00, 0x49, 0x00, 0x4B, 0x00, 0x1F,
0x00, 0x39, 0x00, 0x4C, 0x00, 0x0D, 0x00, 0x3A, 0x00, 0x4C, 0x00, 0x0D, 0x00, 0x29, 0x00, 0x4C,
0x00, 0x07, 0x00, 0x3C, 0x00, 0x4C, 0x00, 0x0D, 0x00, 0x55, 0x00, 0x4C, 0x00, 0x0D, 0x00, 0x49,
0x00, 0x4C, 0x00, 0x59, 0x00, 0x37, 0x00, 0x4C, 0x00, 0x07, 0x00, 0x24, 0x00, 0x4C, 0x00, 0x28,
0x00, 0x4A, 0x00, 0x4C, 0xFF, 0xF9, 0x00, 0x52, 0x00, 0x4D, 0xFF, 0xC7, 0x00, 0x49, 0x00, 0x4E,
0x00, 0x1F, 0x00, 0x49, 0x00, 0x4F, 0x00, 0x64, 0x00, 0x24, 0x00, 0x4F, 0x00, 0x1E, 0x00, 0x24,
0x00, 0x50, 0x00, 0x14, 0x00, 0x55, 0x00, 0x50, 0x00, 0x0D, 0x00, 0x38, 0x00, 0x51, 0xFF, 0xEB,
0x00, 0x55, 0x00, 0x51, 0x00, 0x0D, 0x00, 0x4E, 0x00, 0x52, 0xFF, 0xF1, 0x00, 0x37, 0x00, 0x52,
0xFF, 0xE1, 0x00, 0x55, 0x00, 0x52, 0x00, 0x11, 0x00, 0x49, 0x00, 0x52, 0x00, 0x0B, 0x00, 0x39,
0x00, 0x52, 0xFF, 0xDC, 0x00, 0x2F, 0x00, 0x52, 0x00, 0x14, 0x00, 0x3A, 0x00, 0x52, 0xFF, 0xED,
0x00, 0x4A, 0x00, 0x52, 0xFF, 0xF3, 0x00, 0x57, 0x00, 0x52, 0x00, 0x10, 0x00, 0x33, 0x00, 0x52,
0x00, 0x11, 0x00, 0x2E, 0x00, 0x52, 0xFF, 0xF7, 0x00, 0x29, 0x00, 0x52, 0x00, 0x0C, 0x00, 0x3C,
0x00, 0x52, 0xFF, 0xC3, 0x00, 0xA7, 0x00, 0x52, 0xFF, 0xEF, 0x00, 0xAA, 0x00, 0x52, 0xFF, 0xE4,
0x00, 0x3C, 0x00, 0x53, 0xFF, 0xDC, 0x00, 0xAA, 0x00, 0x53, 0xFF, 0xEE, 0x00, 0x3C, 0x00, 0x54,
0xFF, 0xC1, 0x00, 0xA7, 0x00, 0x54, 0xFF, 0xEF, 0x00, 0xAA, 0x00, 0x54, 0xFF, 0xE3, 0x00, 0x3A,
0x00, 0x55, 0xFF, 0xF7, 0x00, 0x55, 0x00, 0x55, 0x00, 0x0D, 0x00, 0x39, 0x00, 0x55, 0xFF, 0xEB,
0x00, 0x37, 0x00, 0x56, 0xFF, 0xD9, 0x00, 0xAA, 0x00, 0x56, 0xFF, 0xDD, 0x00, 0x49, 0x00, 0x57,
0x00, 0x3D, 0x00, 0x5B, 0x00, 0x57, 0x00, 0x51, 0x00, 0x24, 0x00, 0x57, 0xFF, 0xE8, 0x00, 0x46,
0x00, 0x57, 0x00, 0x39, 0x00, 0x36, 0x00, 0x57, 0x00, 0x07, 0x00, 0x5C, 0x00, 0x57, 0x00, 0x14,
0x00, 0x55, 0x00, 0x57, 0x00, 0x49, 0x00, 0x56, 0x00, 0x57, 0x00, 0x0B, 0x00, 0x57, 0x00, 0x57,
0x00, 0x3C, 0x00, 0x39, 0x00, 0x58, 0xFF, 0xEE, 0x00, 0x50, 0x00, 0x58, 0xFF, 0xEC, 0x00, 0x55,
0x00, 0x58, 0x00, 0x10, 0x00, 0x51, 0x00, 0x58, 0xFF, 0xEC, 0x00, 0x4B, 0x00, 0x58, 0xFF, 0xEC,
0x00, 0x2E, 0x00, 0x58, 0xFF, 0xEF, 0x00, 0x2F, 0x00, 0x58, 0x00, 0x09, 0x00, 0x24, 0x00, 0x58,
0xFF, 0xF5, 0x00, 0x3C, 0x00, 0x58, 0xFF, 0xDC, 0x00, 0x24, 0x00, 0x59, 0xFF, 0xC6, 0x00, 0x59,
0x00, 0x59, 0x00, 0x50, 0x00, 0x55, 0x00, 0x59, 0x00, 0x46, 0x00, 0x3C, 0x00, 0x59, 0xFF, 0xF4,
0x00, 0x4F, 0x00, 0x59, 0x00, 0x0A, 0x00, 0x5C, 0x00, 0x59, 0x00, 0x32, 0x00, 0x44, 0x00, 0x59,
0xFF, 0xF5, 0x00, 0x5A, 0x00, 0x59, 0x00, 0x46, 0x00, 0x49, 0x00, 0x59, 0x00, 0x46, 0x00, 0x37,
0x00, 0x5A, 0x00, 0x15, 0x00, 0x57, 0x00, 0x5A, 0x00, 0x28, 0x00, 0x44, 0x00, 0x5A, 0xFF, 0xF5,
0x00, 0x55, 0x00, 0x5A, 0x00, 0x43, 0x00, 0x24, 0x00, 0x5A, 0xFF, 0xE9, 0x00, 0x5C, 0x00, 0x5A,
0x00, 0x3C, 0x00, 0x5A, 0x00, 0x5A, 0x00, 0x3C, 0x00, 0x49, 0x00, 0x5A, 0x00, 0x50, 0x00, 0x59,
0x00, 0x5A, 0x00, 0x5A, 0x00, 0x24, 0x00, 0x5B, 0x00, 0x5A, 0x00, 0x52, 0x00, 0x5B, 0xFF, 0xF4,
0x00, 0x49, 0x00, 0x5B, 0x00, 0x46, 0x00, 0x59, 0x00, 0x5B, 0x00, 0x50, 0x00, 0x55, 0x00, 0x5B,
0x00, 0x5C, 0x00, 0x35, 0x00, 0x5B, 0x00, 0x3C, 0x00, 0x4F, 0x00, 0x5C, 0xFF, 0xF3, 0x00, 0x55,
0x00, 0x5C, 0x00, 0x11, 0x00, 0x45, 0x00, 0x5C, 0xFF, 0xF6, 0x00, 0x59, 0x00, 0x5C, 0x00, 0x3C,
0x00, 0x50, 0x00, 0x5C, 0xFF, 0xEC, 0x00, 0x2F, 0x00, 0x5C, 0x00, 0x09, 0x00, 0x51, 0x00, 0x5C,
0xFF, 0xEC, 0x00, 0x47, 0x00, 0x5C, 0xFF, 0xF3, 0x00, 0x24, 0x00, 0x5C, 0xFF, 0xF1, 0x00, 0x52,
0x00, 0x5C, 0xFF, 0xF6, 0x00, 0x53, 0x00, 0x5C, 0xFF, 0xF6, 0x00, 0x49, 0x00, 0x5C, 0x00, 0x28,
0x00, 0x48, 0x00, 0x5C, 0xFF, 0xF6, 0x00, 0x39, 0x00, 0x5C, 0xFF, 0xEE, 0x00, 0x44, 0x00, 0x5C,
0xFF, 0xEC, 0x00, 0x5D, 0x00, 0x5D, 0x00, 0x2C, 0x00, 0x2F, 0x00, 0x8F, 0x00, 0x24, 0x00, 0x24,
0x00, 0x8F, 0x00, 0x53, 0x00, 0x49, 0x00, 0xA7, 0x00, 0x18, 0x00, 0x11, 0x00, 0xA8, 0xFF, 0xC6,
0x00, 0x50, 0x00, 0xA8, 0xFF, 0xDA, 0x00, 0x24, 0x00, 0xA8, 0xFF, 0xB2, 0x00, 0x53, 0x00, 0xA8,
0xFF, 0xE4, 0x00, 0x49, 0x00, 0xA8, 0x00, 0x1B, 0x00, 0x44, 0x00, 0xA8, 0xFF, 0xDB, 0x00, 0x56,
0x00, 0xAA, 0xFF, 0xE2, 0x00, 0x57, 0x00, 0xAA, 0xFF, 0xF1, 0x00, 0x39, 0x00, 0xAA, 0x00, 0x0A,
0x00, 0x45, 0x00, 0xAA, 0xFF, 0xE5, 0x00, 0x49, 0x00, 0xAA, 0x00, 0x1B, 0x00, 0x3A, 0x00, 0xAA,
0x00, 0x0A, 0x00, 0x24, 0x00, 0xAA, 0xFF, 0xB2, 0x00, 0x52, 0x00, 0xAA, 0xFF, 0xE5, 0x00, 0x2F,
0x00, 0xAA, 0xFF, 0xA4, 0x00, 0x00, 0x00, 0x00, 0x00, 0x00, 0x00, 0x64, 0x00, 0x00, 0x00, 0x64,
0x00, 0x00, 0x00, 0x64, 0x00, 0x00, 0x00, 0x64, 0x00, 0x00, 0x00, 0xC0, 0x00, 0x00, 0x01, 0x24,
0x00, 0x00, 0x02, 0x22, 0x00, 0x00, 0x03, 0x22, 0x00, 0x00, 0x04, 0x50, 0x00, 0x00, 0x05, 0x70,
0x00, 0x00, 0x05, 0xB4, 0x00, 0x00, 0x06, 0x28, 0x00, 0x00, 0x06, 0x9C, 0x00, 0x00, 0x07, 0x92,
0x00, 0x00, 0x08, 0x08, 0x00, 0x00, 0x08, 0x5E, 0x00, 0x00, 0x08, 0x96, 0x00, 0x00, 0x08, 0xCC,
0x00, 0x00, 0x09, 0x0C, 0x00, 0x00, 0x09, 0x98, 0x00, 0x00, 0x09, 0xF2, 0x00, 0x00, 0x0A, 0x94,
0x00, 0x00, 0x0B, 0x5E, 0x00, 0x00, 0x0B, 0xE8, 0x00, 0x00, 0x0C, 0x80, 0x00, 0x00, 0x0D, 0x36,
0x00, 0x00, 0x0D, 0x92, 0x00, 0x00, 0x0E, 0x76, 0x00, 0x00, 0x0F, 0x28, 0x00, 0x00, 0x0F, 0x82,
0x00, 0x00, 0x0F, 0xF6, 0x00, 0x00, 0x10, 0x40, 0x00, 0x00, 0x10, 0x9C, 0x00, 0x00, 0x10, 0xE4,
0x00, 0x00, 0x11, 0x7E, 0x00, 0x00, 0x12, 0x9E, 0x00, 0x00, 0x13, 0x50, 0x00, 0x00, 0x14, 0x54,
0x00, 0x00, 0x14, 0xCA, 0x00, 0x00, 0x15, 0x50, 0x00, 0x00, 0x15, 0xEE, 0x00, 0x00, 0x16, 0x82,
0x00, 0x00, 0x17, 0x50, 0x00, 0x00, 0x18, 0x18, 0x00, 0x00, 0x18, 0x7A, 0x00, 0x00, 0x18, 0xE2,
0x00, 0x00, 0x19, 0x90, 0x00, 0x00, 0x19, 0xFC, 0x00, 0x00, 0x1A, 0xB8, 0x00, 0x00, 0x1B, 0x54,
0x00, 0x00, 0x1B, 0xDC, 0x00, 0x00, 0x1C, 0x70, 0x00, 0x00, 0x1D, 0x30, 0x00, 0x00, 0x1D, 0xF0,
0x00, 0x00, 0x1E, 0xAA, 0x00, 0x00, 0x1F, 0x16, 0x00, 0x00, 0x1F, 0xB4, 0x00, 0x00, 0x20, 0x3E,
0x00, 0x00, 0x20, 0xDE, 0x00, 0x00, 0x21, 0x90, 0x00, 0x00, 0x22, 0x22, 0x00, 0x00, 0x22, 0x94,
0x00, 0x00, 0x22, 0xF4, 0x00, 0x00, 0x23, 0x38, 0x00, 0x00, 0x23, 0x96, 0x00, 0x00, 0x23, 0xDE,
0x00, 0x00, 0x24, 0x16, 0x00, 0x00, 0x24, 0x50, 0x00, 0x00, 0x25, 0x22, 0x00, 0x00, 0x25, 0xDA,
0x00, 0x00, 0x26, 0x5C, 0x00, 0x00, 0x27, 0x14, 0x00, 0x00, 0x27, 0xAE, 0x00, 0x00, 0x28, 0x44,
0x00, 0x00, 0x29, 0x20, 0x00, 0x00, 0x29, 0xDE, 0x00, 0x00, 0x2A, 0x5A, 0x00, 0x00, 0x2A, 0xDA,
0x00, 0x00, 0x2B, 0x72, 0x00, 0x00, 0x2B, 0xD0, 0x00, 0x00, 0x2C, 0xF6, 0x00, 0x00, 0x2D, 0xB2,
0x00, 0x00, 0x2E, 0x38, 0x00, 0x00, 0x2E, 0xF2, 0x00, 0x00, 0x2F, 0xAC, 0x00, 0x00, 0x30, 0x42,
0x00, 0x00, 0x30, 0xE4, 0x00, 0x00, 0x31, 0x5E, 0x00, 0x00, 0x32, 0x0E, 0x00, 0x00, 0x32, 0x9A,
0x00, 0x00, 0x33, 0xB4, 0x00, 0x00, 0x34, 0x54, 0x00, 0x00, 0x35, 0x0E, 0x00, 0x00, 0x35, 0x74,
0x00, 0x00, 0x36, 0x34, 0x00, 0x00, 0x36, 0x6E, 0x00, 0x00, 0x37, 0x24, 0x00, 0x00, 0x37, 0x98,
0x00, 0x00, 0x37, 0xB0, 0x00, 0x00, 0x37, 0xC8, 0x00, 0x00, 0x38, 0x70, 0x00, 0x00, 0x38, 0x88,
0x00, 0x00, 0x38, 0xA0, 0x00, 0x00, 0x38, 0xB8, 0x00, 0x00, 0x38, 0xD0, 0x00, 0x00, 0x38, 0xE8,
0x00, 0x00, 0x39, 0x00, 0x00, 0x00, 0x39, 0x18, 0x00, 0x00, 0x39, 0x30, 0x00, 0x00, 0x39, 0x48,
0x00, 0x00, 0x39, 0x60, 0x00, 0x00, 0x3A, 0x10, 0x00, 0x00, 0x3A, 0x28, 0x00, 0x00, 0x3A, 0x40,
0x00, 0x00, 0x3A, 0x58, 0x00, 0x00, 0x3A, 0x70, 0x00, 0x00, 0x3A, 0x86, 0x00, 0x00, 0x3A, 0x9C,
0x00, 0x00, 0x3A, 0xB2, 0x00, 0x00, 0x3A, 0xC8, 0x00, 0x00, 0x3A, 0xE0, 0x00, 0x00, 0x3A, 0xF8,
0x00, 0x00, 0x3B, 0x10, 0x00, 0x00, 0x3B, 0x28, 0x00, 0x00, 0x3B, 0x40, 0x00, 0x00, 0x3B, 0x58,
0x00, 0x00, 0x3B, 0x70, 0x00, 0x00, 0x3B, 0x88, 0x00, 0x00, 0x3B, 0xA0, 0x00, 0x00, 0x3B, 0xB8,
0x00, 0x00, 0x3C, 0x30, 0x00, 0x00, 0x3C, 0xAA, 0x00, 0x00, 0x3D, 0x6C, 0x00, 0x00, 0x3E, 0x7E,
0x00, 0x00, 0x3E, 0xE2, 0x00, 0x00, 0x3F, 0x26, 0x00, 0x00, 0x3F, 0xA6, 0x00, 0x00, 0x40, 0xBE,
0x00, 0x00, 0x41, 0xB2, 0x00, 0x00, 0x42, 0x96, 0x00, 0x00, 0x43, 0xB0, 0x00, 0x00, 0x43, 0xE8,
0x00, 0x00, 0x44, 0x42, 0x00, 0x00, 0x45, 0x52, 0x00, 0x00, 0x46, 0x2C, 0x00, 0x00, 0x46, 0xC4,
0x00, 0x00, 0x47, 0x82, 0x00, 0x00, 0x48, 0x16, 0x00, 0x00, 0x49, 0x24, 0x00, 0x00, 0x49, 0xDA,
0x00, 0x00, 0x4B, 0x14, 0x00, 0x00, 0x4B, 0xF0, 0x00, 0x00, 0x4C, 0xAA, 0x00, 0x00, 0x4D, 0x08,
0x00, 0x00, 0x4D, 0x4E, 0x00, 0x00, 0x4D, 0xFC, 0x00, 0x00, 0x4E, 0x6E, 0x00, 0x00, 0x4E, 0xE2,
0x00, 0x00, 0x4F, 0x52, 0x00, 0x00, 0x4F, 0x52, 0x00, 0x00, 0x4F, 0x6A, 0x00, 0x00, 0x4F, 0x82,
0x00, 0x00, 0x4F, 0x9A, 0x00, 0x00, 0x50, 0x7E, 0x00, 0x00, 0x51, 0x6C, 0x00, 0x00, 0x51, 0xA4,
0x00, 0x00, 0x51, 0xDC, 0x00, 0x00, 0x52, 0x62, 0x00, 0x00, 0x52, 0xEA, 0x00, 0x00, 0x53, 0x40,
0x00, 0x00, 0x53, 0x96, 0x00, 0x00, 0x54, 0x34, 0x00, 0x00, 0x54, 0x4C, 0x00, 0x00, 0x54, 0x64,
0x00, 0x00, 0x54, 0xA4, 0x00, 0x00, 0x55, 0xC0, 0x00, 0x00, 0x56, 0x0A, 0x00, 0x00, 0x56, 0x56,
0x00, 0x00, 0x57, 0x74, 0x00, 0x00, 0x58, 0x7C, 0x00, 0x00, 0x59, 0x20, 0x00, 0x00, 0x59, 0x56,
0x00, 0x00, 0x59, 0xAC, 0x00, 0x00, 0x5A, 0x32, 0x00, 0x00, 0x5B, 0xD4, 0x00, 0x00, 0x5B, 0xEC,
0x00, 0x00, 0x5C, 0x04, 0x00, 0x00, 0x5C, 0x1C, 0x00, 0x00, 0x5C, 0x34, 0x00, 0x00, 0x5C, 0x4C,
0x00, 0x00, 0x5C, 0x64, 0x00, 0x00, 0x5C, 0x7C, 0x00, 0x00, 0x5C, 0x94, 0x00, 0x00, 0x5C, 0xAC,
0x00, 0x00, 0x5C, 0xC4, 0x00, 0x00, 0x5C, 0xDC, 0x00, 0x00, 0x5C, 0xF4, 0x00, 0x00, 0x5D, 0x0C,
0x00, 0x00, 0x5D, 0x24, 0x00, 0x00, 0x5D, 0x3C, 0x00, 0x00, 0x5D, 0xA0, 0x00, 0x00, 0x5D, 0xF4,
0x00, 0x00, 0x5E, 0x78, 0x00, 0x00, 0x5E, 0xB2, 0x00, 0x00, 0x5F, 0x28, 0x00, 0x00, 0x5F, 0x60,
0x00, 0x00, 0x5F, 0xF0, 0x00, 0x00, 0x60, 0x36, 0x00, 0x00, 0x60, 0x90, 0x00, 0x00, 0x61, 0x06,
0x00, 0x00, 0x61, 0x4C, 0x00, 0x00, 0x61, 0xF2, 0x00, 0x00, 0x62, 0x8C, 0x00, 0x00, 0x62, 0xA4,
0x00, 0x00, 0x62, 0xBA, 0x00, 0x00, 0x62, 0xD2, 0x00, 0x00, 0x62, 0xE8, 0x00, 0x00, 0x63, 0x46,
0x00, 0x00, 0x64, 0x10, 0x00, 0x00, 0x64, 0xFA, 0x00, 0x00, 0x65, 0x12, 0x00, 0x00, 0x65, 0x2A,
0x00, 0x00, 0x65, 0xD4, 0x00, 0x00, 0x66, 0x92, 0x00, 0x00, 0x66, 0xCA, 0x00, 0x00, 0x67, 0x2C,
0x00, 0x00, 0x67, 0x94, 0x00, 0x00, 0x68, 0x56, 0x00, 0x00, 0x69, 0x46, 0x00, 0x00, 0x6A, 0x6C,
0x00, 0x00, 0x6B, 0x68, 0x00, 0x00, 0x6C, 0xE4, 0x00, 0x01, 0x00, 0x00, 0x00, 0xE8, 0x00, 0x64,
0x00, 0x07, 0x00, 0x4F, 0x00, 0x04, 0x00, 0x02, 0x00, 0x08, 0x00, 0x40, 0x00, 0x06, 0x00, 0x00,
0x07, 0xE8, 0x00, 0xBB, 0x00, 0x01, 0x00, 0x03, 0x00, 0x00, 0x00, 0x0E, 0x00, 0xAE, 0x00, 0x01,
0x00, 0x00, 0x00, 0x00, 0x00, 0x00, 0x00, 0x29, 0x00, 0x00, 0x00, 0x01, 0x00, 0x00, 0x00, 0x00,
0x00, 0x01, 0x00, 0x0A, 0x00, 0x29, 0x00, 0x01, 0x00, 0x00, 0x00, 0x00, 0x00, 0x02, 0x00, 0x07,
0x00, 0x33, 0x00, 0x01, 0x00, 0x00, 0x00, 0x00, 0x00, 0x03, 0x00, 0x07, 0x00, 0x3A, 0x00, 0x01,
0x00, 0x00, 0x00, 0x00, 0x00, 0x04, 0x00, 0x0F, 0x00, 0x41, 0x00, 0x01, 0x00, 0x00, 0x00, 0x00,
0x00, 0x05, 0x00, 0x09, 0x00, 0x50, 0x00, 0x01, 0x00, 0x00, 0x00, 0x00, 0x00, 0x06, 0x00, 0x0F,
0x00, 0x59, 0x00, 0x03, 0x00, 0x01, 0x04, 0x09, 0x00, 0x00, 0x00, 0x52, 0x00, 0x68, 0x00, 0x03,
0x00, 0x01, 0x04, 0x09, 0x00, 0x01, 0x00, 0x14, 0x00, 0xBA, 0x00, 0x03, 0x00, 0x01, 0x04, 0x09,
0x00, 0x02, 0x00, 0x0E, 0x00, 0xCE, 0x00, 0x03, 0x00, 0x01, 0x04, 0x09, 0x00, 0x03, 0x00, 0x0E,
0x00, 0xDC, 0x00, 0x03, 0x00, 0x01, 0x04, 0x09, 0x00, 0x04, 0x00, 0x1E, 0x00, 0xEA, 0x00, 0x03,
0x00, 0x01, 0x04, 0x09, 0x00, 0x05, 0x00, 0x12, 0x01, 0x08, 0x00, 0x03, 0x00, 0x01, 0x04, 0x09,
0x00, 0x06, 0x00, 0x1E, 0x01, 0x1A, 0x43, 0x6F, 0x70, 0x79, 0x72, 0x69, 0x67, 0x68, 0x74, 0x20,
0x28, 0x63, 0x29, 0x20, 0x31, 0x39, 0x39, 0x31, 0x20, 0x44, 0x69, 0x67, 0x69, 0x74, 0x61, 0x6C,
0x20, 0x54, 0x79, 0x70, 0x65, 0x66, 0x61, 0x63, 0x65, 0x20, 0x43, 0x6F, 0x72, 0x70, 0x2E, 0x53,
0x65, 0x72, 0x70, 0x65, 0x6E, 0x74, 0x69, 0x6E, 0x65, 0x52, 0x65, 0x67, 0x75, 0x6C, 0x61, 0x72,
0x35, 0x30, 0x31, 0x36, 0x31, 0x30, 0x36, 0x53, 0x65, 0x72, 0x70, 0x65, 0x6E, 0x74, 0x69, 0x6E,
0x65, 0x20, 0x42, 0x6F, 0x6C, 0x64, 0x56, 0x65, 0x72, 0x73, 0x69, 0x6F, 0x6E, 0x20, 0x31, 0x53,
0x65, 0x72, 0x70, 0x65, 0x6E, 0x74, 0x69, 0x6E, 0x65, 0x2D, 0x42, 0x6F, 0x6C, 0x64, 0x00, 0x43,
0x00, 0x6F, 0x00, 0x70, 0x00, 0x79, 0x00, 0x72, 0x00, 0x69, 0x00, 0x67, 0x00, 0x68, 0x00, 0x74,
0x00, 0x20, 0x00, 0x28, 0x00, 0x63, 0x00, 0x29, 0x00, 0x20, 0x00, 0x31, 0x00, 0x39, 0x00, 0x39,
0x00, 0x31, 0x00, 0x20, 0x00, 0x44, 0x00, 0x69, 0x00, 0x67, 0x00, 0x69, 0x00, 0x74, 0x00, 0x61,
0x00, 0x6C, 0x00, 0x20, 0x00, 0x54, 0x00, 0x79, 0x00, 0x70, 0x00, 0x65, 0x00, 0x66, 0x00, 0x61,
0x00, 0x63, 0x00, 0x65, 0x00, 0x20, 0x00, 0x43, 0x00, 0x6F, 0x00, 0x72, 0x00, 0x70, 0x00, 0x2E,
0x00, 0x53, 0x00, 0x65, 0x00, 0x72, 0x00, 0x70, 0x00, 0x65, 0x00, 0x6E, 0x00, 0x74, 0x00, 0x69,
0x00, 0x6E, 0x00, 0x65, 0x00, 0x52, 0x00, 0x65, 0x00, 0x67, 0x00, 0x75, 0x00, 0x6C, 0x00, 0x61,
0x00, 0x72, 0x00, 0x35, 0x00, 0x30, 0x00, 0x31, 0x00, 0x36, 0x00, 0x31, 0x00, 0x30, 0x00, 0x36,
0x00, 0x53, 0x00, 0x65, 0x00, 0x72, 0x00, 0x70, 0x00, 0x65, 0x00, 0x6E, 0x00, 0x74, 0x00, 0x69,
0x00, 0x6E, 0x00, 0x65, 0x00, 0x20, 0x00, 0x42, 0x00, 0x6F, 0x00, 0x6C, 0x00, 0x64, 0x00, 0x56,
0x00, 0x65, 0x00, 0x72, 0x00, 0x73, 0x00, 0x69, 0x00, 0x6F, 0x00, 0x6E, 0x00, 0x20, 0x00, 0x31,
0x00, 0x53, 0x00, 0x65, 0x00, 0x72, 0x00, 0x70, 0x00, 0x65, 0x00, 0x6E, 0x00, 0x74, 0x00, 0x69,
0x00, 0x6E, 0x00, 0x65, 0x00, 0x2D, 0x00, 0x42, 0x00, 0x6F, 0x00, 0x6C, 0x00, 0x64, 0x00, 0x69,
0x00, 0x02, 0x00, 0x00, 0x00, 0x00, 0x00, 0x00, 0xFF, 0x97, 0x00, 0x7E, 0x00, 0x00, 0x00, 0x00,
0x00, 0x00, 0x00, 0x00, 0x00, 0x00, 0x00, 0x00, 0x00, 0x00, 0x00, 0x00, 0x00, 0x00, 0x00, 0x00,
0x00, 0xE8, 0x00, 0x00, 0x00, 0x00, 0x00, 0x00, 0x00, 0x03, 0x00, 0x04, 0x00, 0x05, 0x00, 0x06,
0x00, 0x07, 0x00, 0x08, 0x00, 0x09, 0x00, 0x0A, 0x00, 0x0B, 0x00, 0x0C, 0x00, 0x0D, 0x00, 0x0E,
0x00, 0x0F, 0x00, 0x10, 0x00, 0x11, 0x00, 0x12, 0x00, 0x13, 0x00, 0x14, 0x00, 0x15, 0x00, 0x16,
0x00, 0x17, 0x00, 0x18, 0x00, 0x19, 0x00, 0x1A, 0x00, 0x1B, 0x00, 0x1C, 0x00, 0x1D, 0x00, 0x1E,
0x00, 0x1F, 0x00, 0x20, 0x00, 0x21, 0x00, 0x22, 0x00, 0x23, 0x00, 0x24, 0x00, 0x25, 0x00, 0x26,
0x00, 0x27, 0x00, 0x28, 0x00, 0x29, 0x00, 0x2A, 0x00, 0x2B, 0x00, 0x2C, 0x00, 0x2D, 0x00, 0x2E,
0x00, 0x2F, 0x00, 0x30, 0x00, 0x31, 0x00, 0x32, 0x00, 0x33, 0x00, 0x34, 0x00, 0x35, 0x00, 0x36,
0x00, 0x37, 0x00, 0x38, 0x00, 0x39, 0x00, 0x3A, 0x00, 0x3B, 0x00, 0x3C, 0x00, 0x3D, 0x00, 0x3E,
0x00, 0x3F, 0x00, 0x40, 0x00, 0x41, 0x00, 0x42, 0x00, 0x43, 0x00, 0x44, 0x00, 0x45, 0x00, 0x46,
0x00, 0x47, 0x00, 0x48, 0x00, 0x49, 0x00, 0x4A, 0x00, 0x4B, 0x00, 0x4C, 0x00, 0x4D, 0x00, 0x4E,
0x00, 0x4F, 0x00, 0x50, 0x00, 0x51, 0x00, 0x52, 0x00, 0x53, 0x00, 0x54, 0x00, 0x55, 0x00, 0x56,
0x00, 0x57, 0x00, 0x58, 0x00, 0x59, 0x00, 0x5A, 0x00, 0x5B, 0x00, 0x5C, 0x00, 0x5D, 0x00, 0x5E,
0x00, 0x5F, 0x00, 0x60, 0x00, 0x61, 0x00, 0x62, 0x00, 0x63, 0x00, 0x64, 0x00, 0x65, 0x00, 0x66,
0x00, 0x67, 0x00, 0x68, 0x00, 0x69, 0x00, 0x6A, 0x00, 0x6B, 0x00, 0x6C, 0x00, 0x6D, 0x00, 0x6E,
0x00, 0x6F, 0x00, 0x70, 0x00, 0x71, 0x00, 0x72, 0x00, 0x73, 0x00, 0x74, 0x00, 0x75, 0x00, 0x76,
0x00, 0x77, 0x00, 0x78, 0x00, 0x79, 0x00, 0x7A, 0x00, 0x7B, 0x00, 0x7C, 0x00, 0x7D, 0x00, 0x7E,
0x00, 0x7F, 0x00, 0x80, 0x00, 0x81, 0x00, 0x82, 0x00, 0x83, 0x00, 0x84, 0x00, 0x85, 0x00, 0x86,
0x00, 0x87, 0x00, 0x88, 0x00, 0x89, 0x00, 0x8A, 0x00, 0x8B, 0x00, 0x8C, 0x00, 0x8D, 0x00, 0x8E,
0x00, 0x90, 0x00, 0x91, 0x00, 0x93, 0x00, 0x96, 0x00, 0x97, 0x00, 0x9D, 0x00, 0x9E, 0x00, 0xA0,
0x00, 0xA1, 0x00, 0xA2, 0x00, 0xA3, 0x00, 0xA4, 0x00, 0xA6, 0x00, 0xA9, 0x00, 0xAA, 0x00, 0xAB,
0x00, 0xAC, 0x00, 0xAD, 0x00, 0xAE, 0x00, 0xAF, 0x00, 0xB0, 0x00, 0xB1, 0x00, 0xB2, 0x00, 0xB3,
0x00, 0xB4, 0x00, 0xB5, 0x00, 0xB6, 0x00, 0xB7, 0x00, 0xB8, 0x00, 0xBA, 0x00, 0xBB, 0x00, 0xBC,
0x00, 0xBD, 0x00, 0xBE, 0x00, 0xBF, 0x00, 0xC0, 0x00, 0xC1, 0x00, 0xC2, 0x00, 0xC3, 0x00, 0xC4,
0x00, 0xC5, 0x00, 0xC6, 0x00, 0xC7, 0x00, 0xC8, 0x00, 0xC9, 0x00, 0xCA, 0x00, 0xCB, 0x00, 0xCC,
0x00, 0xCD, 0x00, 0xCE, 0x00, 0xCF, 0x00, 0xD0, 0x00, 0xD1, 0x00, 0xD3, 0x00, 0xD4, 0x00, 0xD5,
0x00, 0xD6, 0x00, 0xD7, 0x00, 0xD8, 0x00, 0xD9, 0x00, 0xDA, 0x00, 0xDB, 0x00, 0xDC, 0x00, 0xDD,
0x00, 0xDE, 0x00, 0xDF, 0x00, 0xE0, 0x00, 0xE1, 0x00, 0xE2, 0x00, 0xE3, 0x00, 0xE4, 0x00, 0xE5,
0x00, 0xE6, 0x00, 0xE7, 0x00, 0xE8, 0x00, 0xE9, 0x00, 0xEA, 0x00, 0xEB, 0x00, 0xEC, 0x00, 0xED,
0x00, 0xEE, 0x00, 0xEF, 0x00, 0xF0, 0x00, 0xF1, 0x00, 0xF2, 0x00, 0xF3, 0x00, 0xF4, 0x00, 0xF5,
0x00, 0xF6, 0x00, 0x00, 0x40, 0x0E, 0x2C, 0x2C, 0x2B, 0x2B, 0x14, 0x14, 0x01, 0x01, 0x00, 0x00,
0x16, 0x16, 0x45, 0x01, 0x8D, 0xB8, 0x01, 0xFF, 0x85, 0x76, 0x45, 0x68, 0x44, 0x18, 0xB3, 0x02,
0x00, 0x46, 0x00, 0x2B, 0xB3, 0x03, 0x01, 0x46, 0x00, 0x2B, 0xB3, 0x04, 0x14, 0x46, 0x00, 0x2B,
0xB3, 0x05, 0x14, 0x46, 0x00, 0x2B, 0xB3, 0x06, 0x01, 0x46, 0x00, 0x2B, 0xB3, 0x07, 0x01, 0x46,
0x00, 0x2B, 0xB3, 0x08, 0x00, 0x46, 0x00, 0x2B, 0xB3, 0x09, 0x14, 0x46, 0x00, 0x2B, 0xB3, 0x0A,
0x01, 0x46, 0x00, 0x2B, 0xB3, 0x0B, 0x00, 0x46, 0x00, 0x2B, 0xB3, 0x0C, 0x00, 0x46, 0x00, 0x2B,
0xB3, 0x0D, 0x00, 0x46, 0x00, 0x2B, 0xB3, 0x0E, 0x00, 0x46, 0x00, 0x2B, 0xB3, 0x0F, 0x01, 0x46,
0x00, 0x2B, 0xB3, 0x10, 0x00, 0x46, 0x00, 0x2B, 0xB3, 0x11, 0x01, 0x46, 0x00, 0x2B, 0xB3, 0x12,
0x01, 0x46, 0x00, 0x2B, 0xB3, 0x13, 0x01, 0x46, 0x00, 0x2B, 0xB3, 0x15, 0x01, 0x46, 0x00, 0x2B,
0xB3, 0x17, 0x01, 0x46, 0x00, 0x2B, 0xB3, 0x18, 0x01, 0x46, 0x00, 0x2B, 0xB3, 0x19, 0x16, 0x46,
0x00, 0x2B, 0xB3, 0x1A, 0x16, 0x46, 0x00, 0x2B, 0xB3, 0x1B, 0x16, 0x46, 0x00, 0x2B, 0xB3, 0x1C,
0x14, 0x46, 0x00, 0x2B, 0xB3, 0x1D, 0x14, 0x46, 0x00, 0x2B, 0xB3, 0x1E, 0x16, 0x46, 0x00, 0x2B,
0xB3, 0x1F, 0x16, 0x46, 0x00, 0x2B, 0xB3, 0x20, 0x01, 0x46, 0x00, 0x2B, 0xB3, 0x21, 0x14, 0x46,
0x00, 0x2B, 0xB3, 0x22, 0x01, 0x46, 0x00, 0x2B, 0xB3, 0x23, 0x16, 0x46, 0x00, 0x2B, 0xB3, 0x24,
0x14, 0x46, 0x00, 0x2B, 0xB3, 0x25, 0x14, 0x46, 0x00, 0x2B, 0xB3, 0x26, 0x14, 0x46, 0x00, 0x2B,
0xB3, 0x27, 0x01, 0x46, 0x00, 0x2B, 0xB3, 0x28, 0x00, 0x46, 0x00, 0x2B, 0xB3, 0x29, 0x01, 0x46,
0x00, 0x2B, 0xB3, 0x2A, 0x01, 0x46, 0x00, 0x2B, 0x45, 0x68, 0x44, 0x45, 0x68, 0x44, 0x45, 0x68,
0x44, 0x45, 0x68, 0x44, 0x45, 0x68, 0x44, 0x00
};
